,id,deviceName,eventName,startTime,endTime,duration,totalProduction,productionAtStart,productionAtEnd,Status,speed,orderId,stopId,timestamp
0,0,MiraFlex 1,Stop,2024-02-01 00:00:15,2024-02-01 00:06:15,0 days 00:06:00,42.0,77052.0,77094.0,0,,496,3709,02/01/2024 00:06:15
1,1,MiraFlex 1,Running,2024-02-01 00:06:15,2024-02-01 00:08:55,0 days 00:02:40,1631985477.0,77094.0,1632062571.0,1,,496,0,02/01/2024 00:08:55
2,2,MiraFlex 1,Stop,2024-02-01 00:08:55,2024-02-01 00:19:16,0 days 00:10:21,-1631984507.0,1632062571.0,78064.0,0,,496,3710,02/01/2024 00:19:16
3,3,MiraFlex 1,Running,2024-02-01 00:19:16,2024-02-01 00:20:35,0 days 00:01:19,410.0,78064.0,78474.0,1,,496,0,02/01/2024 00:20:35
4,4,MiraFlex 1,Stop,2024-02-01 00:20:35,2024-02-01 00:28:35,0 days 00:08:00,20.0,78474.0,78494.0,0,,496,3711,02/01/2024 00:28:35
5,5,MiraFlex 1,Running,2024-02-01 00:28:35,2024-02-01 00:30:15,0 days 00:01:40,313.0,78494.0,78807.0,1,,496,0,02/01/2024 00:30:15
6,6,MiraFlex 1,Stop,2024-02-01 00:30:15,2024-02-01 01:31:35,0 days 01:01:20,19.0,78807.0,78826.0,0,,496,3712,02/01/2024 01:31:35
7,7,MiraFlex 1,Running,2024-02-01 01:31:35,2024-02-01 01:32:55,0 days 00:01:20,78.0,78826.0,78904.0,1,,496,0,02/01/2024 01:32:55
8,8,MiraFlex 1,Stop,2024-02-01 01:32:55,2024-02-01 01:36:15,0 days 00:03:20,7.0,78904.0,78911.0,0,,496,3713,02/01/2024 01:36:15
9,9,MiraFlex 1,Running,2024-02-01 01:36:15,2024-02-01 01:36:55,0 days 00:00:40,37.0,78911.0,78948.0,1,,496,0,02/01/2024 01:36:55
10,10,MiraFlex 1,Stop,2024-02-01 01:36:55,2024-02-01 01:37:55,0 days 00:01:00,24.0,78948.0,78972.0,0,,496,3714,02/01/2024 01:37:55
11,11,MiraFlex 1,Running,2024-02-01 01:37:55,2024-02-01 01:39:35,0 days 00:01:40,285.0,78972.0,79257.0,1,,496,0,02/01/2024 01:39:35
12,12,MiraFlex 1,Stop,2024-02-01 01:39:35,2024-02-01 01:49:15,0 days 00:09:40,53.0,79257.0,79310.0,0,,496,3715,02/01/2024 01:49:15
13,13,MiraFlex 1,Running,2024-02-01 01:49:15,2024-02-01 01:52:15,0 days 00:03:00,1139.0,79310.0,80449.0,1,,496,0,02/01/2024 01:52:15
14,14,MiraFlex 1,Stop,2024-02-01 01:52:15,2024-02-01 01:54:15,0 days 00:02:00,18.0,80449.0,80467.0,0,,496,3716,02/01/2024 01:54:15
15,15,MiraFlex 1,Running,2024-02-01 01:54:15,2024-02-01 02:08:15,0 days 00:14:00,5556.0,80467.0,86023.0,1,,496,0,02/01/2024 02:08:15
16,16,MiraFlex 1,Stop,2024-02-01 02:08:15,2024-02-01 02:13:55,0 days 00:05:40,9.0,86023.0,86032.0,0,,496,3717,02/01/2024 02:13:55
17,17,MiraFlex 1,Running,2024-02-01 02:13:55,2024-02-01 02:31:35,0 days 00:17:40,6962.0,86032.0,92994.0,1,,496,0,02/01/2024 02:31:35
18,18,MiraFlex 1,Stop,2024-02-01 02:31:35,2024-02-01 03:17:15,0 days 00:45:40,18.0,92994.0,93012.0,0,,496,3718,02/01/2024 03:17:15
19,19,MiraFlex 1,Running,2024-02-01 03:17:15,2024-02-01 03:17:35,0 days 00:00:20,12.0,93012.0,93024.0,1,,496,0,02/01/2024 03:17:35
20,20,MiraFlex 1,Stop,2024-02-01 03:17:35,2024-02-01 03:21:15,0 days 00:03:40,30.0,93024.0,93054.0,0,,496,3719,02/01/2024 03:21:15
21,21,MiraFlex 1,Running,2024-02-01 03:21:15,2024-02-01 03:23:15,0 days 00:02:00,295.0,93054.0,93349.0,1,,496,0,02/01/2024 03:23:15
22,22,MiraFlex 1,Stop,2024-02-01 03:23:15,2024-02-01 03:36:15,0 days 00:13:00,34.0,93349.0,93383.0,0,,496,3720,02/01/2024 03:36:15
23,23,MiraFlex 1,Running,2024-02-01 03:36:15,2024-02-01 03:36:55,0 days 00:00:40,122.0,93383.0,93505.0,1,,496,0,02/01/2024 03:36:55
24,24,MiraFlex 1,Stop,2024-02-01 03:36:55,2024-02-01 03:44:55,0 days 00:08:00,105.0,93505.0,93610.0,0,,496,3721,02/01/2024 03:44:55
25,25,MiraFlex 1,Running,2024-02-01 03:44:55,2024-02-01 03:51:55,0 days 00:07:00,2676.0,93610.0,96286.0,1,,496,0,02/01/2024 03:51:55
26,26,MiraFlex 1,Stop,2024-02-01 03:51:55,2024-02-01 04:10:17,0 days 00:18:22,16.0,96286.0,96302.0,0,,496,3722,02/01/2024 04:10:17
27,27,MiraFlex 1,Running,2024-02-01 04:10:17,2024-02-01 04:12:36,0 days 00:02:19,481.0,96302.0,96783.0,1,,496,0,02/01/2024 04:12:36
28,28,MiraFlex 1,Stop,2024-02-01 04:12:36,2024-02-01 04:19:56,0 days 00:07:20,78.0,96783.0,96861.0,0,,496,3723,02/01/2024 04:19:56
29,29,MiraFlex 1,Running,2024-02-01 04:19:56,2024-02-01 04:24:36,0 days 00:04:40,1806.0,96861.0,98667.0,1,,496,0,02/01/2024 04:24:36
30,30,MiraFlex 1,Stop,2024-02-01 04:24:36,2024-02-01 04:42:55,0 days 00:18:19,16.0,98667.0,98683.0,0,,496,3724,02/01/2024 04:42:55
31,31,MiraFlex 1,Running,2024-02-01 04:42:55,2024-02-01 04:50:56,0 days 00:08:01,3174.0,98683.0,101857.0,1,,496,0,02/01/2024 04:50:56
32,32,MiraFlex 1,Stop,2024-02-01 04:50:56,2024-02-01 04:54:55,0 days 00:03:59,12.0,101857.0,101869.0,0,,496,3725,02/01/2024 04:54:55
33,33,MiraFlex 1,Running,2024-02-01 04:54:55,2024-02-01 05:03:56,0 days 00:09:01,3516.0,101869.0,105385.0,1,,496,0,02/01/2024 05:03:56
34,34,MiraFlex 1,Stop,2024-02-01 05:03:56,2024-02-01 05:05:55,0 days 00:01:59,42.0,105385.0,105427.0,0,,496,3726,02/01/2024 05:05:55
35,35,MiraFlex 1,Running,2024-02-01 05:05:55,2024-02-01 05:11:35,0 days 00:05:40,2142.0,105427.0,107569.0,1,,496,0,02/01/2024 05:11:35
36,36,MiraFlex 1,Stop,2024-02-01 05:11:35,2024-02-01 06:11:40,0 days 01:00:05,26.0,107569.0,107595.0,0,,496,3727,02/01/2024 06:11:40
37,37,MiraFlex 1,Running,2024-02-01 06:11:40,2024-02-01 06:12:00,0 days 00:00:20,5.0,107595.0,107600.0,1,,496,0,02/01/2024 06:12:00
38,38,MiraFlex 1,Stop,2024-02-01 06:12:00,2024-02-01 06:16:00,0 days 00:04:00,33.0,107600.0,107633.0,0,,496,3728,02/01/2024 06:16:00
39,39,MiraFlex 1,Running,2024-02-01 06:16:00,2024-02-01 06:18:00,0 days 00:02:00,301.0,107633.0,107934.0,1,,496,0,02/01/2024 06:18:00
40,40,MiraFlex 1,Stop,2024-02-01 06:18:00,2024-02-01 06:28:47,0 days 00:10:47,7.0,107934.0,107941.0,0,,496,3729,02/01/2024 06:28:47
41,41,MiraFlex 1,Running,2024-02-01 06:28:47,2024-02-01 06:31:16,0 days 00:02:29,240.0,107941.0,108181.0,1,,496,0,02/01/2024 06:31:16
42,42,MiraFlex 1,Stop,2024-02-01 06:31:16,2024-02-01 06:50:18,0 days 00:19:02,13.0,108181.0,108194.0,0,,496,3730,02/01/2024 06:50:18
43,43,MiraFlex 1,Running,2024-02-01 06:50:18,2024-02-01 06:51:40,0 days 00:01:22,212.0,108194.0,108406.0,1,,496,0,02/01/2024 06:51:40
44,44,MiraFlex 1,Stop,2024-02-01 06:51:40,2024-02-01 07:48:57,0 days 00:57:17,7.0,108406.0,108413.0,0,,496,0,02/01/2024 07:48:57
45,45,MiraFlex 1,Running,2024-02-01 07:48:57,2024-02-01 07:49:36,0 days 00:00:39,149.0,108413.0,108562.0,1,,496,0,02/01/2024 07:49:36
46,46,MiraFlex 1,Stop,2024-02-01 07:49:36,2024-02-01 07:56:16,0 days 00:06:40,12.0,108562.0,108574.0,0,,496,3696,02/01/2024 07:56:16
47,47,MiraFlex 1,Running,2024-02-01 07:56:16,2024-02-01 07:59:16,0 days 00:03:00,384.0,108574.0,108958.0,1,,496,0,02/01/2024 07:59:16
48,48,MiraFlex 1,Stop,2024-02-01 07:59:16,2024-02-01 08:16:26,0 days 00:17:10,101.0,108958.0,109059.0,0,,496,3697,02/01/2024 08:16:26
49,49,MiraFlex 1,Running,2024-02-01 08:16:26,2024-02-01 08:17:06,0 days 00:00:40,208.0,109059.0,109267.0,1,,496,0,02/01/2024 08:17:06
50,50,MiraFlex 1,Stop,2024-02-01 08:17:06,2024-02-01 08:37:08,0 days 00:20:02,37.0,109267.0,109304.0,0,,496,3698,02/01/2024 08:37:08
51,51,MiraFlex 1,Running,2024-02-01 08:37:08,2024-02-01 08:39:08,0 days 00:02:00,217.0,109304.0,109521.0,1,,496,0,02/01/2024 08:39:08
52,52,MiraFlex 1,Stop,2024-02-01 08:39:08,2024-02-01 09:41:11,0 days 01:02:03,7.0,109521.0,109528.0,0,,496,3699,02/01/2024 09:41:11
53,53,MiraFlex 1,Running,2024-02-01 09:41:11,2024-02-01 09:43:32,0 days 00:02:21,373.0,109528.0,109901.0,1,,496,0,02/01/2024 09:43:32
54,54,MiraFlex 1,Stop,2024-02-01 09:43:32,2024-02-01 10:14:38,0 days 00:31:06,28.0,109901.0,109929.0,0,,496,3700,02/01/2024 10:14:38
55,55,MiraFlex 1,Running,2024-02-01 10:14:38,2024-02-01 10:18:59,0 days 00:04:21,520.0,109929.0,110449.0,1,,496,0,02/01/2024 10:18:59
56,56,MiraFlex 1,Stop,2024-02-01 10:18:59,2024-02-01 10:26:49,0 days 00:07:50,66.0,110449.0,110515.0,0,,496,3701,02/01/2024 10:26:49
57,57,MiraFlex 1,Running,2024-02-01 10:26:49,2024-02-01 10:53:07,0 days 00:26:18,10480.0,110515.0,120995.0,1,,496,0,02/01/2024 10:53:07
58,58,MiraFlex 1,Stop,2024-02-01 10:53:07,2024-02-01 10:59:28,0 days 00:06:21,2.0,120995.0,120997.0,0,,496,3702,02/01/2024 10:59:28
59,59,MiraFlex 1,Running,2024-02-01 10:59:28,2024-02-01 11:36:08,0 days 00:36:40,14649.0,120997.0,135646.0,1,,496,0,02/01/2024 11:36:08
60,60,MiraFlex 1,Stop,2024-02-01 11:36:08,2024-02-01 12:51:49,0 days 01:15:41,23.0,135646.0,135669.0,0,,496,3703,02/01/2024 12:51:49
61,61,MiraFlex 1,Running,2024-02-01 12:51:49,2024-02-01 12:53:09,0 days 00:01:20,170.0,135669.0,135839.0,1,,496,0,02/01/2024 12:53:09
62,62,MiraFlex 1,Stop,2024-02-01 12:53:09,2024-02-01 12:55:28,0 days 00:02:19,16.0,135839.0,135855.0,0,,496,3704,02/01/2024 12:55:28
63,63,MiraFlex 1,Running,2024-02-01 12:55:28,2024-02-01 12:57:49,0 days 00:02:21,400.0,135855.0,136255.0,1,,496,0,02/01/2024 12:57:49
64,64,MiraFlex 1,Stop,2024-02-01 12:57:49,2024-02-01 13:05:48,0 days 00:07:59,39.0,136255.0,136294.0,0,,496,3705,02/01/2024 13:05:48
65,65,MiraFlex 1,Running,2024-02-01 13:05:48,2024-02-01 13:06:49,0 days 00:01:01,221.0,136294.0,136515.0,1,,496,0,02/01/2024 13:06:49
66,66,MiraFlex 1,Stop,2024-02-01 13:06:49,2024-02-01 13:13:48,0 days 00:06:59,32.0,136515.0,136547.0,0,,496,3706,02/01/2024 13:13:48
67,67,MiraFlex 1,Running,2024-02-01 13:13:48,2024-02-01 13:26:31,0 days 00:12:43,1631926024.0,136547.0,1632062571.0,1,,496,0,02/01/2024 13:26:31
68,68,MiraFlex 1,Stop,2024-02-01 13:26:31,2024-02-01 13:26:50,0 days 00:00:19,-1631920824.0,1632062571.0,141747.0,0,,496,3707,02/01/2024 13:26:50
69,69,MiraFlex 1,Running,2024-02-01 13:26:50,2024-02-01 13:39:49,0 days 00:12:59,1631920824.0,141747.0,1632062571.0,1,,496,0,02/01/2024 13:39:49
70,70,MiraFlex 1,Stop,2024-02-01 13:39:49,2024-02-01 13:40:09,0 days 00:00:20,-1631915474.0,1632062571.0,147097.0,0,,496,3708,02/01/2024 13:40:09
71,71,MiraFlex 1,Running,2024-02-01 13:40:09,2024-02-01 13:56:49,0 days 00:16:40,6612.0,147097.0,153709.0,1,,496,0,02/01/2024 13:56:49
72,72,MiraFlex 1,Stop,2024-02-01 13:56:49,2024-02-01 15:33:10,0 days 01:36:21,5.0,153709.0,153714.0,0,,496,0,02/01/2024 15:33:10
73,73,MiraFlex 1,Running,2024-02-01 15:33:10,2024-02-01 15:40:31,0 days 00:07:21,714.0,153714.0,154428.0,1,,496,0,02/01/2024 15:40:31
74,74,MiraFlex 1,Stop,2024-02-01 15:40:31,2024-02-01 15:46:10,0 days 00:05:39,60.0,154428.0,154488.0,0,,496,3637,02/01/2024 15:46:10
75,75,MiraFlex 1,Running,2024-02-01 15:46:10,2024-02-01 15:46:50,0 days 00:00:40,142.0,154488.0,154630.0,1,,496,0,02/01/2024 15:46:50
76,76,MiraFlex 1,Stop,2024-02-01 15:46:50,2024-02-01 16:07:11,0 days 00:20:21,35.0,154630.0,154665.0,0,,496,3638,02/01/2024 16:07:11
77,77,MiraFlex 1,Running,2024-02-01 16:07:11,2024-02-01 16:07:51,0 days 00:00:40,142.0,154665.0,154807.0,1,,496,0,02/01/2024 16:07:51
78,78,MiraFlex 1,Stop,2024-02-01 16:07:51,2024-02-01 16:09:30,0 days 00:01:39,26.0,154807.0,154833.0,0,,496,3639,02/01/2024 16:09:30
79,79,MiraFlex 1,Running,2024-02-01 16:09:30,2024-02-01 16:10:30,0 days 00:01:00,279.0,154833.0,155112.0,1,,496,0,02/01/2024 16:10:30
80,80,MiraFlex 1,Stop,2024-02-01 16:10:30,2024-02-01 16:47:01,0 days 00:36:31,26.0,155112.0,155138.0,0,,496,3640,02/01/2024 16:47:01
81,81,MiraFlex 1,Running,2024-02-01 16:47:01,2024-02-01 16:53:00,0 days 00:05:59,561.0,155138.0,155699.0,1,,496,0,02/01/2024 16:53:00
82,82,MiraFlex 1,Stop,2024-02-01 16:53:00,2024-02-01 17:02:40,0 days 00:09:40,52.0,155699.0,155751.0,0,,496,3641,02/01/2024 17:02:40
83,83,MiraFlex 1,Running,2024-02-01 17:02:40,2024-02-01 17:03:40,0 days 00:01:00,336.0,155751.0,156087.0,1,,496,0,02/01/2024 17:03:40
84,84,MiraFlex 1,Stop,2024-02-01 17:03:40,2024-02-01 17:09:01,0 days 00:05:21,46.0,156087.0,156133.0,0,,496,3642,02/01/2024 17:09:01
85,85,MiraFlex 1,Running,2024-02-01 17:09:01,2024-02-01 17:09:41,0 days 00:00:40,148.0,156133.0,156281.0,1,,496,0,02/01/2024 17:09:41
86,86,MiraFlex 1,Stop,2024-02-01 17:09:41,2024-02-01 17:43:01,0 days 00:33:20,4.0,156281.0,156285.0,0,,496,3643,02/01/2024 17:43:01
87,87,MiraFlex 1,Running,2024-02-01 17:43:01,2024-02-01 17:45:41,0 days 00:02:40,952.0,156285.0,157237.0,1,,496,0,02/01/2024 17:45:41
88,88,MiraFlex 1,Stop,2024-02-01 17:45:41,2024-02-01 17:46:41,0 days 00:01:00,49.0,157237.0,157286.0,0,,496,3644,02/01/2024 17:46:41
89,89,MiraFlex 1,Running,2024-02-01 17:46:41,2024-02-01 18:01:01,0 days 00:14:20,4797.0,157286.0,162083.0,1,,496,0,02/01/2024 18:01:01
90,90,MiraFlex 1,Stop,2024-02-01 18:01:01,2024-02-01 18:10:41,0 days 00:09:40,91.0,162083.0,162174.0,0,,496,3645,02/01/2024 18:10:41
91,91,MiraFlex 1,Running,2024-02-01 18:10:41,2024-02-01 18:11:01,0 days 00:00:20,53.0,162174.0,162227.0,1,,496,0,02/01/2024 18:11:01
92,92,MiraFlex 1,Stop,2024-02-01 18:11:01,2024-02-01 18:12:01,0 days 00:01:00,6.0,162227.0,162233.0,0,,496,3646,02/01/2024 18:12:01
93,93,MiraFlex 1,Running,2024-02-01 18:12:01,2024-02-01 18:24:21,0 days 00:12:20,1631900338.0,162233.0,1632062571.0,1,,496,0,02/01/2024 18:24:21
94,94,MiraFlex 1,Stop,2024-02-01 18:24:21,2024-02-01 18:24:41,0 days 00:00:20,-1631895848.0,1632062571.0,166723.0,0,,496,3647,02/01/2024 18:24:41
95,95,MiraFlex 1,Running,2024-02-01 18:24:41,2024-02-01 18:28:41,0 days 00:04:00,1345.0,166723.0,168068.0,1,,496,0,02/01/2024 18:28:41
96,96,MiraFlex 1,Stop,2024-02-01 18:28:41,2024-02-01 18:53:01,0 days 00:24:20,84.0,168068.0,168152.0,0,,496,3648,02/01/2024 18:53:01
97,97,MiraFlex 1,Running,2024-02-01 18:53:01,2024-02-01 18:54:01,0 days 00:01:00,245.0,168152.0,168397.0,1,,496,0,02/01/2024 18:54:01
98,98,MiraFlex 1,Stop,2024-02-01 18:54:01,2024-02-01 18:59:41,0 days 00:05:40,10.0,168397.0,168407.0,0,,496,3649,02/01/2024 18:59:41
99,99,MiraFlex 1,Running,2024-02-01 18:59:41,2024-02-01 19:21:22,0 days 00:21:41,7537.0,168407.0,175944.0,1,,496,0,02/01/2024 19:21:22
100,100,MiraFlex 1,Stop,2024-02-01 19:21:22,2024-02-01 19:37:02,0 days 00:15:40,27.0,175944.0,175971.0,0,,496,3650,02/01/2024 19:37:02
101,101,MiraFlex 1,Running,2024-02-01 19:37:02,2024-02-01 19:37:42,0 days 00:00:40,127.0,175971.0,176098.0,1,,496,0,02/01/2024 19:37:42
102,102,MiraFlex 1,Stop,2024-02-01 19:37:42,2024-02-01 19:39:42,0 days 00:02:00,53.0,176098.0,176151.0,0,,496,3651,02/01/2024 19:39:42
103,103,MiraFlex 1,Running,2024-02-01 19:39:42,2024-02-01 19:40:02,0 days 00:00:20,64.0,176151.0,176215.0,1,,496,0,02/01/2024 19:40:02
104,104,MiraFlex 1,Stop,2024-02-01 19:40:02,2024-02-01 19:45:42,0 days 00:05:40,2.0,176215.0,176217.0,0,,496,3652,02/01/2024 19:45:42
105,105,MiraFlex 1,Running,2024-02-01 19:45:42,2024-02-01 19:46:42,0 days 00:01:00,223.0,176217.0,176440.0,1,,496,0,02/01/2024 19:46:42
106,106,MiraFlex 1,Stop,2024-02-01 19:46:42,2024-02-01 19:56:42,0 days 00:10:00,38.0,176440.0,176478.0,0,,496,3653,02/01/2024 19:56:42
107,107,MiraFlex 1,Running,2024-02-01 19:56:42,2024-02-01 19:57:22,0 days 00:00:40,146.0,176478.0,176624.0,1,,496,0,02/01/2024 19:57:22
108,108,MiraFlex 1,Stop,2024-02-01 19:57:22,2024-02-01 20:16:23,0 days 00:19:01,5.0,176624.0,176629.0,0,,496,3654,02/01/2024 20:16:23
109,109,MiraFlex 1,Running,2024-02-01 20:16:23,2024-02-01 20:18:42,0 days 00:02:19,676.0,176629.0,177305.0,1,,496,0,02/01/2024 20:18:42
110,110,MiraFlex 1,Stop,2024-02-01 20:18:42,2024-02-01 21:06:42,0 days 00:48:00,37.0,177305.0,177342.0,0,,496,3655,02/01/2024 21:06:42
111,111,MiraFlex 1,Running,2024-02-01 21:06:42,2024-02-01 21:15:43,0 days 00:09:01,3012.0,177342.0,180354.0,1,,496,0,02/01/2024 21:15:43
112,112,MiraFlex 1,Stop,2024-02-01 21:15:43,2024-02-01 21:27:23,0 days 00:11:40,37.0,180354.0,180391.0,0,,496,3656,02/01/2024 21:27:23
113,113,MiraFlex 1,Running,2024-02-01 21:27:23,2024-02-01 21:51:03,0 days 00:23:40,8306.0,180391.0,188697.0,1,,496,0,02/01/2024 21:51:03
114,114,MiraFlex 1,Stop,2024-02-01 21:51:03,2024-02-01 22:09:03,0 days 00:18:00,45.0,188697.0,188742.0,0,,496,3657,02/01/2024 22:09:03
115,115,MiraFlex 1,Running,2024-02-01 22:09:03,2024-02-01 22:09:25,0 days 00:00:22,65.0,188742.0,188807.0,1,,496,0,02/01/2024 22:09:25
116,116,MiraFlex 1,Stop,2024-02-01 22:09:25,2024-02-01 22:10:23,0 days 00:00:58,41.0,188807.0,188848.0,0,,496,3658,02/01/2024 22:10:23
117,117,MiraFlex 1,Running,2024-02-01 22:10:23,2024-02-01 22:10:45,0 days 00:00:22,27.0,188848.0,188875.0,1,,496,0,02/01/2024 22:10:45
118,118,MiraFlex 1,Stop,2024-02-01 22:10:45,2024-02-01 22:14:03,0 days 00:03:18,59.0,188875.0,188934.0,0,,496,3659,02/01/2024 22:14:03
119,119,MiraFlex 1,Running,2024-02-01 22:14:03,2024-02-01 22:15:03,0 days 00:01:00,208.0,188934.0,189142.0,1,,496,0,02/01/2024 22:15:03
120,120,MiraFlex 1,Stop,2024-02-01 22:15:03,2024-02-01 22:25:43,0 days 00:10:40,6.0,189142.0,189148.0,0,,496,3660,02/01/2024 22:25:43
121,121,MiraFlex 1,Running,2024-02-01 22:25:43,2024-02-01 22:26:03,0 days 00:00:20,93.0,189148.0,189241.0,1,,496,0,02/01/2024 22:26:03
122,122,MiraFlex 1,Stop,2024-02-01 22:26:03,2024-02-01 22:27:23,0 days 00:01:20,12.0,189241.0,189253.0,0,,496,3661,02/01/2024 22:27:23
123,123,MiraFlex 1,Running,2024-02-01 22:27:23,2024-02-01 22:28:03,0 days 00:00:40,117.0,189253.0,189370.0,1,,496,0,02/01/2024 22:28:03
124,124,MiraFlex 1,Stop,2024-02-01 22:28:03,2024-02-01 22:29:03,0 days 00:01:00,3.0,189370.0,189373.0,0,,496,3662,02/01/2024 22:29:03
125,125,MiraFlex 1,Running,2024-02-01 22:29:03,2024-02-01 22:30:43,0 days 00:01:40,451.0,189373.0,189824.0,1,,496,0,02/01/2024 22:30:43
126,126,MiraFlex 1,Stop,2024-02-01 22:30:43,2024-02-02 10:43:39,0 days 12:12:56,29.0,189824.0,189853.0,0,,496,0,02/02/2024 10:43:39
127,127,MiraFlex 1,Running,2024-02-02 10:43:39,2024-02-02 10:46:39,0 days 00:03:00,332.0,189853.0,190185.0,1,,496,0,02/02/2024 10:46:39
128,128,MiraFlex 1,Stop,2024-02-02 10:46:39,2024-02-02 10:49:19,0 days 00:02:40,18.0,190185.0,190203.0,0,,496,3664,02/02/2024 10:49:19
129,129,MiraFlex 1,Running,2024-02-02 10:49:19,2024-02-02 10:51:39,0 days 00:02:20,277.0,190203.0,190480.0,1,,496,0,02/02/2024 10:51:39
130,130,MiraFlex 1,Stop,2024-02-02 10:51:39,2024-02-02 10:53:59,0 days 00:02:20,5.0,190480.0,190485.0,0,,496,3665,02/02/2024 10:53:59
131,131,MiraFlex 1,Running,2024-02-02 10:53:59,2024-02-02 11:02:00,0 days 00:08:01,666.0,190485.0,191151.0,1,,496,0,02/02/2024 11:02:00
132,132,MiraFlex 1,Stop,2024-02-02 11:02:00,2024-02-02 11:05:19,0 days 00:03:19,18.0,191151.0,191169.0,0,,496,3666,02/02/2024 11:05:19
133,133,MiraFlex 1,Running,2024-02-02 11:05:19,2024-02-02 11:10:39,0 days 00:05:20,724.0,191169.0,191893.0,1,,496,0,02/02/2024 11:10:39
134,134,MiraFlex 1,Stop,2024-02-02 11:10:39,2024-02-02 11:16:00,0 days 00:05:21,68.0,191893.0,191961.0,0,,496,3667,02/02/2024 11:16:00
135,135,MiraFlex 1,Running,2024-02-02 11:16:00,2024-02-02 11:16:20,0 days 00:00:20,45.0,191961.0,192006.0,1,,496,0,02/02/2024 11:16:20
136,136,MiraFlex 1,Stop,2024-02-02 11:16:20,2024-02-02 11:17:20,0 days 00:01:00,56.0,192006.0,192062.0,0,,496,3668,02/02/2024 11:17:20
137,137,MiraFlex 1,Running,2024-02-02 11:17:20,2024-02-02 11:18:20,0 days 00:01:00,381.0,192062.0,192443.0,1,,496,0,02/02/2024 11:18:20
138,138,MiraFlex 1,Stop,2024-02-02 11:18:20,2024-02-02 11:33:40,0 days 00:15:20,99.0,192443.0,192542.0,0,,496,3669,02/02/2024 11:33:40
139,139,MiraFlex 1,Running,2024-02-02 11:33:40,2024-02-02 11:34:00,0 days 00:00:20,116.0,192542.0,192658.0,1,,496,0,02/02/2024 11:34:00
140,140,MiraFlex 1,Stop,2024-02-02 11:34:00,2024-02-02 12:13:00,0 days 00:39:00,11.0,192658.0,192669.0,0,,496,3670,02/02/2024 12:13:00
141,141,MiraFlex 1,Running,2024-02-02 12:13:00,2024-02-02 12:14:20,0 days 00:01:20,298.0,192669.0,192967.0,1,,496,0,02/02/2024 12:14:20
142,142,MiraFlex 1,Stop,2024-02-02 12:14:20,2024-02-02 12:27:11,0 days 00:12:51,57.0,192967.0,193024.0,0,,496,3671,02/02/2024 12:27:11
143,143,MiraFlex 1,Running,2024-02-02 12:27:11,2024-02-02 12:28:20,0 days 00:01:09,253.0,193024.0,193277.0,1,,496,0,02/02/2024 12:28:20
144,144,MiraFlex 1,Stop,2024-02-02 12:28:20,2024-02-02 12:50:40,0 days 00:22:20,37.0,193277.0,193314.0,0,,496,3672,02/02/2024 12:50:40
145,145,MiraFlex 1,Running,2024-02-02 12:50:40,2024-02-02 12:51:40,0 days 00:01:00,248.0,193314.0,193562.0,1,,496,0,02/02/2024 12:51:40
146,146,MiraFlex 1,Stop,2024-02-02 12:51:40,2024-02-02 14:42:01,0 days 01:50:21,13.0,193562.0,193575.0,0,,496,3673,02/02/2024 14:42:01
147,147,MiraFlex 1,Running,2024-02-02 14:42:01,2024-02-02 14:42:41,0 days 00:00:40,179.0,193575.0,193754.0,1,,496,0,02/02/2024 14:42:41
148,148,MiraFlex 1,Stop,2024-02-02 14:42:41,2024-02-02 14:51:02,0 days 00:08:21,14.0,193754.0,193768.0,0,,496,3674,02/02/2024 14:51:02
149,149,MiraFlex 1,Running,2024-02-02 14:51:02,2024-02-02 14:51:23,0 days 00:00:21,11.0,193768.0,193779.0,1,,496,0,02/02/2024 14:51:23
150,150,MiraFlex 1,Stop,2024-02-02 14:51:23,2024-02-02 15:14:39,0 days 00:23:16,94.0,193779.0,193873.0,0,,496,0,02/02/2024 15:14:39
151,151,MiraFlex 1,Running,2024-02-02 15:14:39,2024-02-02 15:15:19,0 days 00:00:40,105.0,193873.0,193978.0,1,,496,0,02/02/2024 15:15:19
152,152,MiraFlex 1,Stop,2024-02-02 15:15:19,2024-02-02 15:20:38,0 days 00:05:19,98.0,193978.0,194076.0,0,,496,3675,02/02/2024 15:20:38
153,153,MiraFlex 1,Running,2024-02-02 15:20:38,2024-02-02 15:22:38,0 days 00:02:00,1632062468.0,194076.0,1632256544.0,1,,496,0,02/02/2024 15:22:38
154,154,MiraFlex 1,Stop,2024-02-02 15:22:38,2024-02-02 15:22:59,0 days 00:00:21,-1632061532.0,1632256544.0,195012.0,0,,496,3676,02/02/2024 15:22:59
155,155,MiraFlex 1,Running,2024-02-02 15:22:59,2024-02-02 15:46:58,0 days 00:23:59,1632061338.0,195012.0,1632256350.0,1,,496,0,02/02/2024 15:46:58
156,156,MiraFlex 1,Stop,2024-02-02 15:46:58,2024-02-02 15:47:18,0 days 00:00:20,-1632051568.0,1632256350.0,204782.0,0,,496,3677,02/02/2024 15:47:18
157,157,MiraFlex 1,Running,2024-02-02 15:47:18,2024-02-02 15:57:39,0 days 00:10:21,4123.0,204782.0,208905.0,1,,496,0,02/02/2024 15:57:39
158,158,MiraFlex 1,Stop,2024-02-02 15:57:39,2024-02-02 16:24:59,0 days 00:27:20,41.0,208905.0,208946.0,0,,496,3678,02/02/2024 16:24:59
159,159,MiraFlex 1,Running,2024-02-02 16:24:59,2024-02-02 16:41:39,0 days 00:16:40,1632047404.0,208946.0,1632256350.0,1,,496,0,02/02/2024 16:41:39
160,160,MiraFlex 1,Stop,2024-02-02 16:41:39,2024-02-02 16:41:59,0 days 00:00:20,-1632040575.0,1632256350.0,215775.0,0,,496,3679,02/02/2024 16:41:59
161,161,MiraFlex 1,Running,2024-02-02 16:41:59,2024-02-02 18:20:20,0 days 01:38:21,39616.0,215775.0,255391.0,1,,496,0,02/02/2024 18:20:20
162,162,MiraFlex 1,Stop,2024-02-02 18:20:20,2024-02-02 18:27:40,0 days 00:07:20,3.0,255391.0,255394.0,0,,496,3680,02/02/2024 18:27:40
163,163,MiraFlex 1,Running,2024-02-02 18:27:40,2024-02-02 18:28:20,0 days 00:00:40,144.0,255394.0,255538.0,1,,496,0,02/02/2024 18:28:20
164,164,MiraFlex 1,Stop,2024-02-02 18:28:20,2024-02-02 18:36:40,0 days 00:08:20,70.0,255538.0,255608.0,0,,496,3681,02/02/2024 18:36:40
165,165,MiraFlex 1,Running,2024-02-02 18:36:40,2024-02-02 18:37:00,0 days 00:00:20,56.0,255608.0,255664.0,1,,496,0,02/02/2024 18:37:00
166,166,MiraFlex 1,Stop,2024-02-02 18:37:00,2024-02-02 18:49:20,0 days 00:12:20,54.0,255664.0,255718.0,0,,496,3682,02/02/2024 18:49:20
167,167,MiraFlex 1,Running,2024-02-02 18:49:20,2024-02-02 18:49:40,0 days 00:00:20,87.0,255718.0,255805.0,1,,496,0,02/02/2024 18:49:40
168,168,MiraFlex 1,Stop,2024-02-02 18:49:40,2024-02-02 18:54:00,0 days 00:04:20,18.0,255805.0,255823.0,0,,496,3683,02/02/2024 18:54:00
169,169,MiraFlex 1,Running,2024-02-02 18:54:00,2024-02-02 18:55:00,0 days 00:01:00,304.0,255823.0,256127.0,1,,496,0,02/02/2024 18:55:00
170,170,MiraFlex 1,Stop,2024-02-02 18:55:00,2024-02-02 19:00:20,0 days 00:05:20,77.0,256127.0,256204.0,0,,496,3684,02/02/2024 19:00:20
171,171,MiraFlex 1,Running,2024-02-02 19:00:20,2024-02-02 19:00:41,0 days 00:00:21,74.0,256204.0,256278.0,1,,496,0,02/02/2024 19:00:41
172,172,MiraFlex 1,Stop,2024-02-02 19:00:41,2024-02-02 19:06:40,0 days 00:05:59,54.0,256278.0,256332.0,0,,496,3685,02/02/2024 19:06:40
173,173,MiraFlex 1,Running,2024-02-02 19:06:40,2024-02-02 19:07:20,0 days 00:00:40,235.0,256332.0,256567.0,1,,496,0,02/02/2024 19:07:20
174,174,MiraFlex 1,Stop,2024-02-02 19:07:20,2024-02-02 19:50:02,0 days 00:42:42,6.0,256567.0,256573.0,0,,496,3686,02/02/2024 19:50:02
175,175,MiraFlex 1,Running,2024-02-02 19:50:02,2024-02-02 20:01:42,0 days 00:11:40,1768.0,256573.0,258341.0,1,,496,0,02/02/2024 20:01:42
176,176,MiraFlex 1,Stop,2024-02-02 20:01:42,2024-02-02 20:09:02,0 days 00:07:20,1.0,258341.0,258342.0,0,,496,3687,02/02/2024 20:09:02
177,177,MiraFlex 1,Running,2024-02-02 20:09:02,2024-02-02 20:12:02,0 days 00:03:00,707.0,258342.0,259049.0,1,,496,0,02/02/2024 20:12:02
178,178,MiraFlex 1,Stop,2024-02-02 20:12:02,2024-02-02 20:46:54,0 days 00:34:52,9.0,259049.0,259058.0,0,,496,3688,02/02/2024 20:46:54
179,179,MiraFlex 1,Running,2024-02-02 20:46:54,2024-02-02 20:48:11,0 days 00:01:17,356.0,259058.0,259414.0,1,,496,0,02/02/2024 20:48:11
180,180,MiraFlex 1,Stop,2024-02-02 20:48:11,2024-02-02 21:04:31,0 days 00:16:20,13.0,259414.0,259427.0,0,,496,3689,02/02/2024 21:04:31
181,181,MiraFlex 1,Running,2024-02-02 21:04:31,2024-02-02 21:05:11,0 days 00:00:40,119.0,259427.0,259546.0,1,,496,0,02/02/2024 21:05:11
182,182,MiraFlex 1,Stop,2024-02-02 21:05:11,2024-02-02 21:23:53,0 days 00:18:42,86.0,259546.0,259632.0,0,,496,3690,02/02/2024 21:23:53
183,183,MiraFlex 1,Running,2024-02-02 21:23:53,2024-02-02 21:24:52,0 days 00:00:59,371.0,259632.0,260003.0,1,,496,0,02/02/2024 21:24:52
184,184,MiraFlex 1,Stop,2024-02-02 21:24:52,2024-02-02 21:44:52,0 days 00:20:00,51.0,260003.0,260054.0,0,,496,3691,02/02/2024 21:44:52
185,185,MiraFlex 1,Running,2024-02-02 21:44:52,2024-02-02 21:45:32,0 days 00:00:40,228.0,260054.0,260282.0,1,,496,0,02/02/2024 21:45:32
186,186,MiraFlex 1,Stop,2024-02-02 21:45:32,2024-02-02 21:59:13,0 days 00:13:41,168.0,260282.0,260450.0,0,,496,3692,02/02/2024 21:59:13
187,187,MiraFlex 1,Running,2024-02-02 21:59:13,2024-02-02 21:59:33,0 days 00:00:20,1631995900.0,260450.0,1632256350.0,1,,496,0,02/02/2024 21:59:33
188,188,MiraFlex 1,Stop,2024-02-02 21:59:33,2024-02-02 21:59:52,0 days 00:00:19,-1631995632.0,1632256350.0,260718.0,0,,496,3693,02/02/2024 21:59:52
189,189,MiraFlex 1,Running,2024-02-02 21:59:52,2024-02-02 22:05:12,0 days 00:05:20,2062.0,260718.0,262780.0,1,,496,0,02/02/2024 22:05:12
190,190,MiraFlex 1,Stop,2024-02-02 22:05:12,2024-02-02 22:09:35,0 days 00:04:23,53.0,262780.0,262833.0,0,,496,3694,02/02/2024 22:09:35
191,191,MiraFlex 1,Running,2024-02-02 22:09:35,2024-02-02 22:15:32,0 days 00:05:57,2309.0,262833.0,265142.0,1,,496,0,02/02/2024 22:15:32
192,192,MiraFlex 1,Stop,2024-02-02 22:15:32,2024-02-02 23:00:54,0 days 00:45:22,80.0,265142.0,265222.0,0,,496,0,02/02/2024 23:00:54
193,193,MiraFlex 1,Running,2024-02-02 23:00:54,2024-02-02 23:13:53,0 days 00:12:59,5159.0,265222.0,270381.0,1,,496,0,02/02/2024 23:13:53
194,194,MiraFlex 1,Stop,2024-02-02 23:13:53,2024-02-02 23:37:53,0 days 00:24:00,35.0,270381.0,270416.0,0,,496,0,02/02/2024 23:37:53
195,195,MiraFlex 1,Running,2024-02-02 23:37:53,2024-02-02 23:42:53,0 days 00:05:00,1885.0,270416.0,272301.0,1,,496,0,02/02/2024 23:42:53
196,196,MiraFlex 1,Stop,2024-02-02 23:42:53,2024-02-02 23:50:13,0 days 00:07:20,26.0,272301.0,272327.0,0,,496,0,02/02/2024 23:50:13
197,197,MiraFlex 1,Running,2024-02-02 23:50:13,2024-02-02 23:54:54,0 days 00:04:41,1804.0,272327.0,274131.0,1,,496,0,02/02/2024 23:54:54
198,198,MiraFlex 1,Stop,2024-02-02 23:54:54,2024-02-02 23:59:34,0 days 00:04:40,105.0,274131.0,274236.0,0,,496,0,02/02/2024 23:59:34
199,199,MiraFlex 1,Running,2024-02-02 23:59:34,2024-02-03 00:05:54,0 days 00:06:20,2519.0,274236.0,276755.0,1,,496,0,02/03/2024 00:05:54
200,200,MiraFlex 1,Stop,2024-02-03 00:05:54,2024-02-03 00:16:34,0 days 00:10:40,106.0,276755.0,276861.0,0,,496,0,02/03/2024 00:16:34
201,201,MiraFlex 1,Running,2024-02-03 00:16:34,2024-02-03 00:17:14,0 days 00:00:40,159.0,276861.0,277020.0,1,,496,0,02/03/2024 00:17:14
202,202,MiraFlex 1,Stop,2024-02-03 00:17:14,2024-02-03 00:21:14,0 days 00:04:00,2.0,277020.0,277022.0,0,,496,0,02/03/2024 00:21:14
203,203,MiraFlex 1,Running,2024-02-03 00:21:14,2024-02-03 00:21:34,0 days 00:00:20,98.0,277022.0,277120.0,1,,496,0,02/03/2024 00:21:34
204,204,MiraFlex 1,Stop,2024-02-03 00:21:34,2024-02-03 00:25:34,0 days 00:04:00,19.0,277120.0,277139.0,0,,496,0,02/03/2024 00:25:34
205,205,MiraFlex 1,Running,2024-02-03 00:25:34,2024-02-03 00:26:34,0 days 00:01:00,262.0,277139.0,277401.0,1,,496,0,02/03/2024 00:26:34
206,206,MiraFlex 1,Stop,2024-02-03 00:26:34,2024-02-03 00:33:34,0 days 00:07:00,85.0,277401.0,277486.0,0,,496,0,02/03/2024 00:33:34
207,207,MiraFlex 1,Running,2024-02-03 00:33:34,2024-02-03 00:33:54,0 days 00:00:20,20.0,277486.0,277506.0,1,,496,0,02/03/2024 00:33:54
208,208,MiraFlex 1,Stop,2024-02-03 00:33:54,2024-02-03 00:39:14,0 days 00:05:20,10.0,277506.0,277516.0,0,,496,0,02/03/2024 00:39:14
209,209,MiraFlex 1,Running,2024-02-03 00:39:14,2024-02-03 00:39:54,0 days 00:00:40,112.0,277516.0,277628.0,1,,496,0,02/03/2024 00:39:54
210,210,MiraFlex 1,Stop,2024-02-03 00:39:54,2024-02-03 00:43:54,0 days 00:04:00,68.0,277628.0,277696.0,0,,496,0,02/03/2024 00:43:54
211,211,MiraFlex 1,Running,2024-02-03 00:43:54,2024-02-03 00:44:54,0 days 00:01:00,235.0,277696.0,277931.0,1,,496,0,02/03/2024 00:44:54
212,212,MiraFlex 1,Stop,2024-02-03 00:44:54,2024-02-03 01:07:14,0 days 00:22:20,22.0,277931.0,277953.0,0,,496,0,02/03/2024 01:07:14
213,213,MiraFlex 1,Running,2024-02-03 01:07:14,2024-02-03 01:18:34,0 days 00:11:20,1631978397.0,277953.0,1632256350.0,1,,496,0,02/03/2024 01:18:34
214,214,MiraFlex 1,Stop,2024-02-03 01:18:34,2024-02-03 01:18:54,0 days 00:00:20,-1631977468.0,1632256350.0,278882.0,0,,496,0,02/03/2024 01:18:54
215,215,MiraFlex 1,Running,2024-02-03 01:18:54,2024-02-03 01:20:34,0 days 00:01:40,433.0,278882.0,279315.0,1,,496,0,02/03/2024 01:20:34
216,216,MiraFlex 1,Stop,2024-02-03 01:20:34,2024-02-03 01:41:54,0 days 00:21:20,26.0,279315.0,279341.0,0,,496,0,02/03/2024 01:41:54
217,217,MiraFlex 1,Running,2024-02-03 01:41:54,2024-02-03 01:43:34,0 days 00:01:40,386.0,279341.0,279727.0,1,,496,0,02/03/2024 01:43:34
218,218,MiraFlex 1,Stop,2024-02-03 01:43:34,2024-02-03 02:10:16,0 days 00:26:42,29.0,279727.0,279756.0,0,,496,0,02/03/2024 02:10:16
219,219,MiraFlex 1,Running,2024-02-03 02:10:16,2024-02-03 02:11:15,0 days 00:00:59,345.0,279756.0,280101.0,1,,496,0,02/03/2024 02:11:15
220,220,MiraFlex 1,Stop,2024-02-03 02:11:15,2024-02-03 02:21:15,0 days 00:10:00,10.0,280101.0,280111.0,0,,496,0,02/03/2024 02:21:15
221,221,MiraFlex 1,Running,2024-02-03 02:21:15,2024-02-03 02:21:55,0 days 00:00:40,150.0,280111.0,280261.0,1,,496,0,02/03/2024 02:21:55
222,222,MiraFlex 1,Stop,2024-02-03 02:21:55,2024-02-03 02:30:35,0 days 00:08:40,71.0,280261.0,280332.0,0,,496,0,02/03/2024 02:30:35
223,223,MiraFlex 1,Running,2024-02-03 02:30:35,2024-02-03 02:38:56,0 days 00:08:21,3309.0,280332.0,283641.0,1,,496,0,02/03/2024 02:38:56
224,224,MiraFlex 1,Stop,2024-02-03 02:38:56,2024-02-03 02:40:55,0 days 00:01:59,2.0,283641.0,283643.0,0,,496,0,02/03/2024 02:40:55
225,225,MiraFlex 1,Running,2024-02-03 02:40:55,2024-02-03 03:04:36,0 days 00:23:41,9343.0,283643.0,292986.0,1,,496,0,02/03/2024 03:04:36
226,226,MiraFlex 1,Stop,2024-02-03 03:04:36,2024-02-03 03:12:36,0 days 00:08:00,90.0,292986.0,293076.0,0,,496,0,02/03/2024 03:12:36
227,227,MiraFlex 1,Running,2024-02-03 03:12:36,2024-02-03 03:23:15,0 days 00:10:39,1631963274.0,293076.0,1632256350.0,1,,496,0,02/03/2024 03:23:15
228,228,MiraFlex 1,Stop,2024-02-03 03:23:15,2024-02-03 03:23:36,0 days 00:00:21,-1631958861.0,1632256350.0,297489.0,0,,496,0,02/03/2024 03:23:36
229,229,MiraFlex 1,Running,2024-02-03 03:23:36,2024-02-03 03:35:36,0 days 00:12:00,4807.0,297489.0,302296.0,1,,496,0,02/03/2024 03:35:36
230,230,MiraFlex 1,Stop,2024-02-03 03:35:36,2024-02-03 03:58:56,0 days 00:23:20,66.0,302296.0,302362.0,0,,496,0,02/03/2024 03:58:56
231,231,MiraFlex 1,Running,2024-02-03 03:58:56,2024-02-03 03:59:16,0 days 00:00:20,100.0,302362.0,302462.0,1,,496,0,02/03/2024 03:59:16
232,232,MiraFlex 1,Stop,2024-02-03 03:59:16,2024-02-03 04:03:56,0 days 00:04:40,56.0,302462.0,302518.0,0,,496,0,02/03/2024 04:03:56
233,233,MiraFlex 1,Running,2024-02-03 04:03:56,2024-02-03 04:04:56,0 days 00:01:00,290.0,302518.0,302808.0,1,,496,0,02/03/2024 04:04:56
234,234,MiraFlex 1,Stop,2024-02-03 04:04:56,2024-02-03 04:08:16,0 days 00:03:20,90.0,302808.0,302898.0,0,,496,0,02/03/2024 04:08:16
235,235,MiraFlex 1,Running,2024-02-03 04:08:16,2024-02-03 04:08:36,0 days 00:00:20,7.0,302898.0,302905.0,1,,496,0,02/03/2024 04:08:36
236,236,MiraFlex 1,Stop,2024-02-03 04:08:36,2024-02-03 04:12:56,0 days 00:04:20,22.0,302905.0,302927.0,0,,496,0,02/03/2024 04:12:56
237,237,MiraFlex 1,Running,2024-02-03 04:12:56,2024-02-03 04:13:56,0 days 00:01:00,295.0,302927.0,303222.0,1,,496,0,02/03/2024 04:13:56
238,238,MiraFlex 1,Stop,2024-02-03 04:13:56,2024-02-03 04:26:56,0 days 00:13:00,132.0,303222.0,303354.0,0,,496,0,02/03/2024 04:26:56
239,239,MiraFlex 1,Running,2024-02-03 04:26:56,2024-02-03 04:27:36,0 days 00:00:40,102.0,303354.0,303456.0,1,,496,0,02/03/2024 04:27:36
240,240,MiraFlex 1,Stop,2024-02-03 04:27:36,2024-02-03 04:29:55,0 days 00:02:19,25.0,303456.0,303481.0,0,,496,0,02/03/2024 04:29:55
241,241,MiraFlex 1,Running,2024-02-03 04:29:55,2024-02-03 04:30:56,0 days 00:01:01,273.0,303481.0,303754.0,1,,496,0,02/03/2024 04:30:56
242,242,MiraFlex 1,Stop,2024-02-03 04:30:56,2024-02-03 10:56:18,0 days 06:25:22,3.0,303754.0,303757.0,0,,496,0,02/03/2024 10:56:18
243,243,MiraFlex 1,Running,2024-02-03 10:56:18,2024-02-03 11:08:58,0 days 00:12:40,1643.0,303757.0,305400.0,1,,496,0,02/03/2024 11:08:58
244,244,MiraFlex 1,Stop,2024-02-03 11:08:58,2024-02-03 11:11:18,0 days 00:02:20,23.0,305400.0,305423.0,0,,496,3732,02/03/2024 11:11:18
245,245,MiraFlex 1,Running,2024-02-03 11:11:18,2024-02-03 11:16:38,0 days 00:05:20,713.0,305423.0,306136.0,1,,496,0,02/03/2024 11:16:38
246,246,MiraFlex 1,Stop,2024-02-03 11:16:38,2024-02-03 11:43:38,0 days 00:27:00,29.0,306136.0,306165.0,0,,496,3733,02/03/2024 11:43:38
247,247,MiraFlex 1,Running,2024-02-03 11:43:38,2024-02-03 11:46:18,0 days 00:02:40,816.0,306165.0,306981.0,1,,496,0,02/03/2024 11:46:18
248,248,MiraFlex 1,Stop,2024-02-03 11:46:18,2024-02-03 11:51:19,0 days 00:05:01,17.0,306981.0,306998.0,0,,496,3734,02/03/2024 11:51:19
249,249,MiraFlex 1,Running,2024-02-03 11:51:19,2024-02-03 12:00:19,0 days 00:09:00,3484.0,306998.0,310482.0,1,,496,0,02/03/2024 12:00:19
250,250,MiraFlex 1,Stop,2024-02-03 12:00:19,2024-02-03 12:23:39,0 days 00:23:20,11.0,310482.0,310493.0,0,,496,3735,02/03/2024 12:23:39
251,251,MiraFlex 1,Running,2024-02-03 12:23:39,2024-02-03 12:32:59,0 days 00:09:20,3659.0,310493.0,314152.0,1,,496,0,02/03/2024 12:32:59
252,252,MiraFlex 1,Stop,2024-02-03 12:32:59,2024-02-03 12:34:19,0 days 00:01:20,89.0,314152.0,314241.0,0,,496,3736,02/03/2024 12:34:19
253,253,MiraFlex 1,Running,2024-02-03 12:34:19,2024-02-03 12:50:19,0 days 00:16:00,6317.0,314241.0,320558.0,1,,496,0,02/03/2024 12:50:19
254,254,MiraFlex 1,Stop,2024-02-03 12:50:19,2024-02-03 12:52:19,0 days 00:02:00,22.0,320558.0,320580.0,0,,496,3737,02/03/2024 12:52:19
255,255,MiraFlex 1,Running,2024-02-03 12:52:19,2024-02-03 12:52:59,0 days 00:00:40,137.0,320580.0,320717.0,1,,496,0,02/03/2024 12:52:59
256,256,MiraFlex 1,Stop,2024-02-03 12:52:59,2024-02-03 12:56:39,0 days 00:03:40,43.0,320717.0,320760.0,0,,496,3738,02/03/2024 12:56:39
257,257,MiraFlex 1,Running,2024-02-03 12:56:39,2024-02-03 12:57:59,0 days 00:01:20,336.0,320760.0,321096.0,1,,496,0,02/03/2024 12:57:59
258,258,MiraFlex 1,Stop,2024-02-03 12:57:59,2024-02-03 13:20:10,0 days 00:22:11,18.0,321096.0,321114.0,0,,496,3739,02/03/2024 13:20:10
259,259,MiraFlex 1,Running,2024-02-03 13:20:10,2024-02-03 13:21:49,0 days 00:01:39,359.0,321114.0,321473.0,1,,496,0,02/03/2024 13:21:49
260,260,MiraFlex 1,Stop,2024-02-03 13:21:49,2024-02-03 13:46:30,0 days 00:24:41,36.0,321473.0,321509.0,0,,496,3740,02/03/2024 13:46:30
261,261,MiraFlex 1,Running,2024-02-03 13:46:30,2024-02-03 13:47:10,0 days 00:00:40,195.0,321509.0,321704.0,1,,496,0,02/03/2024 13:47:10
262,262,MiraFlex 1,Stop,2024-02-03 13:47:10,2024-02-03 13:53:30,0 days 00:06:20,81.0,321704.0,321785.0,0,,496,3741,02/03/2024 13:53:30
263,263,MiraFlex 1,Running,2024-02-03 13:53:30,2024-02-03 13:54:30,0 days 00:01:00,311.0,321785.0,322096.0,1,,496,0,02/03/2024 13:54:30
264,264,MiraFlex 1,Stop,2024-02-03 13:54:30,2024-02-06 14:07:26,3 days 00:12:56,-322058.0,322096.0,38.0,0,,496,0,02/06/2024 14:07:26
265,265,MiraFlex 1,Running,2024-02-06 14:07:26,2024-02-06 14:08:26,0 days 00:01:00,4.0,38.0,42.0,1,,496,0,02/06/2024 14:08:26
266,266,MiraFlex 1,Stop,2024-02-06 14:08:26,2024-02-06 14:35:46,0 days 00:27:20,143.0,42.0,185.0,0,,496,3754,02/06/2024 14:35:46
267,267,MiraFlex 1,Running,2024-02-06 14:35:46,2024-02-06 14:38:06,0 days 00:02:20,-162.0,185.0,23.0,1,,496,0,02/06/2024 14:38:06
268,268,MiraFlex 1,Stop,2024-02-06 14:38:06,2024-02-06 15:33:27,0 days 00:55:21,13.0,23.0,36.0,0,,496,0,02/06/2024 15:33:27
269,269,MiraFlex 1,Running,2024-02-06 15:33:27,2024-02-06 15:33:51,0 days 00:00:24,18.0,36.0,54.0,1,,496,0,02/06/2024 15:33:51
270,270,MiraFlex 1,Stop,2024-02-06 15:33:51,2024-02-06 16:42:33,0 days 01:08:42,68.0,54.0,122.0,0,,496,3774,02/06/2024 16:42:33
271,271,MiraFlex 1,Running,2024-02-06 16:42:33,2024-02-06 17:08:15,0 days 00:25:42,530.0,122.0,652.0,1,,0,0,02/06/2024 17:08:15
272,272,MiraFlex 1,Stop,2024-02-06 17:08:15,2024-02-06 17:16:34,0 days 00:08:19,-650.0,652.0,2.0,0,,496,3775,02/06/2024 17:16:34
273,273,MiraFlex 1,Running,2024-02-06 17:16:34,2024-02-06 17:19:25,0 days 00:02:51,1632062763.0,2.0,1632062765.0,1,,496,0,02/06/2024 17:19:25
274,274,MiraFlex 1,Stop,2024-02-06 17:19:25,2024-02-06 17:19:46,0 days 00:00:21,-1632061533.0,1632062765.0,1232.0,0,,496,3776,02/06/2024 17:19:46
275,275,MiraFlex 1,Running,2024-02-06 17:19:46,2024-02-06 17:29:13,0 days 00:09:27,3738.0,1232.0,4970.0,1,,496,0,02/06/2024 17:29:13
276,276,MiraFlex 1,Stop,2024-02-06 17:29:13,2024-02-06 17:41:52,0 days 00:12:39,70.0,4970.0,5040.0,0,,496,3777,02/06/2024 17:41:52
277,277,MiraFlex 1,Running,2024-02-06 17:41:52,2024-02-06 17:42:34,0 days 00:00:42,255.0,5040.0,5295.0,1,,496,0,02/06/2024 17:42:34
278,278,MiraFlex 1,Stop,2024-02-06 17:42:34,2024-02-06 18:17:57,0 days 00:35:23,3.0,5295.0,5298.0,0,,496,3778,02/06/2024 18:17:57
279,279,MiraFlex 1,Running,2024-02-06 18:17:57,2024-02-06 18:18:22,0 days 00:00:25,117.0,5298.0,5415.0,1,,496,0,02/06/2024 18:18:22
280,280,MiraFlex 1,Stop,2024-02-06 18:18:22,2024-02-06 18:29:13,0 days 00:10:51,98.0,5415.0,5513.0,0,,496,3779,02/06/2024 18:29:13
281,281,MiraFlex 1,Running,2024-02-06 18:29:13,2024-02-06 18:31:23,0 days 00:02:10,691.0,5513.0,6204.0,1,,496,0,02/06/2024 18:31:23
282,282,MiraFlex 1,Stop,2024-02-06 18:31:23,2024-02-06 18:45:47,0 days 00:14:24,22.0,6204.0,6226.0,0,,496,3780,02/06/2024 18:45:47
283,283,MiraFlex 1,Running,2024-02-06 18:45:47,2024-02-06 18:48:44,0 days 00:02:57,497.0,6226.0,6723.0,1,,496,0,02/06/2024 18:48:44
284,284,MiraFlex 1,Stop,2024-02-06 18:48:44,2024-02-06 18:57:03,0 days 00:08:19,45.0,6723.0,6768.0,0,,496,3781,02/06/2024 18:57:03
285,285,MiraFlex 1,Running,2024-02-06 18:57:03,2024-02-06 19:23:05,0 days 00:26:02,10265.0,6768.0,17033.0,1,,496,0,02/06/2024 19:23:05
286,286,MiraFlex 1,Stop,2024-02-06 19:23:05,2024-02-06 19:36:07,0 days 00:13:02,37.0,17033.0,17070.0,0,,496,3782,02/06/2024 19:36:07
287,287,MiraFlex 1,Running,2024-02-06 19:36:07,2024-02-06 19:40:28,0 days 00:04:21,1697.0,17070.0,18767.0,1,,496,0,02/06/2024 19:40:28
288,288,MiraFlex 1,Stop,2024-02-06 19:40:28,2024-02-06 19:55:24,0 days 00:14:56,12.0,18767.0,18779.0,0,,496,3783,02/06/2024 19:55:24
289,289,MiraFlex 1,Running,2024-02-06 19:55:24,2024-02-06 20:02:57,0 days 00:07:33,1632043986.0,18779.0,1632062765.0,1,,496,0,02/06/2024 20:02:57
290,290,MiraFlex 1,Stop,2024-02-06 20:02:57,2024-02-06 20:03:18,0 days 00:00:21,-1632061549.0,1632062765.0,1216.0,0,,496,3784,02/06/2024 20:03:18
291,291,MiraFlex 1,Running,2024-02-06 20:03:18,2024-02-06 20:27:57,0 days 00:24:39,9802.0,1216.0,11018.0,1,,496,0,02/06/2024 20:27:57
292,292,MiraFlex 1,Stop,2024-02-06 20:27:57,2024-02-06 20:41:25,0 days 00:13:28,64.0,11018.0,11082.0,0,,496,3785,02/06/2024 20:41:25
293,293,MiraFlex 1,Running,2024-02-06 20:41:25,2024-02-06 20:46:07,0 days 00:04:42,1772.0,11082.0,12854.0,1,,496,0,02/06/2024 20:46:07
294,294,MiraFlex 1,Stop,2024-02-06 20:46:07,2024-02-06 20:49:24,0 days 00:03:17,35.0,12854.0,12889.0,0,,496,3786,02/06/2024 20:49:24
295,295,MiraFlex 1,Running,2024-02-06 20:49:24,2024-02-06 20:56:57,0 days 00:07:33,2925.0,12889.0,15814.0,1,,496,0,02/06/2024 20:56:57
296,296,MiraFlex 1,Stop,2024-02-06 20:56:57,2024-02-06 20:57:44,0 days 00:00:47,18.0,15814.0,15832.0,0,,496,3787,02/06/2024 20:57:44
297,297,MiraFlex 1,Running,2024-02-06 20:57:44,2024-02-06 21:00:36,0 days 00:02:52,333.0,15832.0,16165.0,1,,496,0,02/06/2024 21:00:36
298,298,MiraFlex 1,Stop,2024-02-06 21:00:36,2024-02-06 21:33:29,0 days 00:32:53,17.0,16165.0,16182.0,0,,496,3788,02/06/2024 21:33:29
299,299,MiraFlex 1,Running,2024-02-06 21:33:29,2024-02-06 21:36:04,0 days 00:02:35,340.0,16182.0,16522.0,1,,496,0,02/06/2024 21:36:04
300,300,MiraFlex 1,Stop,2024-02-06 21:36:04,2024-02-06 21:48:18,0 days 00:12:14,92.0,16522.0,16614.0,0,,496,3789,02/06/2024 21:48:18
301,301,MiraFlex 1,Running,2024-02-06 21:48:18,2024-02-06 22:04:14,0 days 00:15:56,6256.0,16614.0,22870.0,1,,496,0,02/06/2024 22:04:14
302,302,MiraFlex 1,Stop,2024-02-06 22:04:14,2024-02-06 22:18:45,0 days 00:14:31,2.0,22870.0,22872.0,0,,496,3790,02/06/2024 22:18:45
303,303,MiraFlex 1,Running,2024-02-06 22:18:45,2024-02-06 22:41:54,0 days 00:23:09,9102.0,22872.0,31974.0,1,,496,0,02/06/2024 22:41:54
304,304,MiraFlex 1,Stop,2024-02-06 22:41:54,2024-02-06 22:56:56,0 days 00:15:02,25.0,31974.0,31999.0,0,,496,3791,02/06/2024 22:56:56
305,305,MiraFlex 1,Running,2024-02-06 22:56:56,2024-02-06 22:59:06,0 days 00:02:10,723.0,31999.0,32722.0,1,,496,0,02/06/2024 22:59:06
306,306,MiraFlex 1,Stop,2024-02-06 22:59:06,2024-02-06 23:05:56,0 days 00:06:50,95.0,32722.0,32817.0,0,,496,0,02/06/2024 23:05:56
307,307,MiraFlex 1,Running,2024-02-06 23:05:56,2024-02-06 23:18:10,0 days 00:12:14,4867.0,32817.0,37684.0,1,,496,0,02/06/2024 23:18:10
308,308,MiraFlex 1,Stop,2024-02-06 23:18:10,2024-02-07 00:00:29,0 days 00:42:19,75.0,37684.0,37759.0,0,,496,3756,02/07/2024 00:00:29
309,309,MiraFlex 1,Running,2024-02-07 00:00:29,2024-02-07 00:16:30,0 days 00:16:01,6383.0,37759.0,44142.0,1,,496,0,02/07/2024 00:16:30
310,310,MiraFlex 1,Stop,2024-02-07 00:16:30,2024-02-07 02:13:41,0 days 01:57:11,-43816.0,44142.0,326.0,0,,496,3757,02/07/2024 02:13:41
311,311,MiraFlex 1,Running,2024-02-07 02:13:41,2024-02-07 10:02:40,0 days 07:48:59,-326.0,326.0,0.0,1,,496,0,02/07/2024 10:02:40
312,312,MiraFlex 1,Stop,2024-02-07 10:02:40,2024-02-07 10:43:31,0 days 00:40:51,133.0,0.0,133.0,0,,496,3792,02/07/2024 10:43:31
313,313,MiraFlex 1,Running,2024-02-07 10:43:31,2024-02-07 10:44:13,0 days 00:00:42,143.0,133.0,276.0,1,,496,0,02/07/2024 10:44:13
314,314,MiraFlex 1,Stop,2024-02-07 10:44:13,2024-02-07 12:38:23,0 days 01:54:10,20.0,276.0,296.0,0,,496,3793,02/07/2024 12:38:23
315,315,MiraFlex 1,Running,2024-02-07 12:38:23,2024-02-07 12:48:27,0 days 00:10:04,1632062469.0,296.0,1632062765.0,1,,496,0,02/07/2024 12:48:27
316,316,MiraFlex 1,Stop,2024-02-07 12:48:27,2024-02-07 12:49:12,0 days 00:00:45,-1632061536.0,1632062765.0,1229.0,0,,496,3794,02/07/2024 12:49:12
317,317,MiraFlex 1,Running,2024-02-07 12:49:12,2024-02-07 12:51:44,0 days 00:02:32,871.0,1229.0,2100.0,1,,496,0,02/07/2024 12:51:44
318,318,MiraFlex 1,Stop,2024-02-07 12:51:44,2024-02-07 12:59:43,0 days 00:07:59,4.0,2100.0,2104.0,0,,496,3795,02/07/2024 12:59:43
319,319,MiraFlex 1,Running,2024-02-07 12:59:43,2024-02-07 13:00:25,0 days 00:00:42,49.0,2104.0,2153.0,1,,496,0,02/07/2024 13:00:25
320,320,MiraFlex 1,Stop,2024-02-07 13:00:25,2024-02-07 13:00:46,0 days 00:00:21,2.0,2153.0,2155.0,0,,496,3796,02/07/2024 13:00:46
321,321,MiraFlex 1,Running,2024-02-07 13:00:46,2024-02-07 13:03:22,0 days 00:02:36,642.0,2155.0,2797.0,1,,496,0,02/07/2024 13:03:22
322,322,MiraFlex 1,Stop,2024-02-07 13:03:22,2024-02-07 13:16:24,0 days 00:13:02,41.0,2797.0,2838.0,0,,496,3797,02/07/2024 13:16:24
323,323,MiraFlex 1,Running,2024-02-07 13:16:24,2024-02-07 13:25:25,0 days 00:09:01,3583.0,2838.0,6421.0,1,,496,0,02/07/2024 13:25:25
324,324,MiraFlex 1,Stop,2024-02-07 13:25:25,2024-02-07 13:36:16,0 days 00:10:51,79.0,6421.0,6500.0,0,,496,3798,02/07/2024 13:36:16
325,325,MiraFlex 1,Running,2024-02-07 13:36:16,2024-02-07 14:02:42,0 days 00:26:26,10459.0,6500.0,16959.0,1,,496,0,02/07/2024 14:02:42
326,326,MiraFlex 1,Stop,2024-02-07 14:02:42,2024-02-07 14:16:45,0 days 00:14:03,19.0,16959.0,16978.0,0,,496,3799,02/07/2024 14:16:45
327,327,MiraFlex 1,Running,2024-02-07 14:16:45,2024-02-07 14:20:02,0 days 00:03:17,1206.0,16978.0,18184.0,1,,496,0,02/07/2024 14:20:02
328,328,MiraFlex 1,Stop,2024-02-07 14:20:02,2024-02-07 14:35:33,0 days 00:15:31,4.0,18184.0,18188.0,0,,496,3800,02/07/2024 14:35:33
329,329,MiraFlex 1,Running,2024-02-07 14:35:33,2024-02-07 15:00:34,0 days 00:25:01,-18188.0,18188.0,0.0,1,,496,0,02/07/2024 15:00:34
330,330,MiraFlex 1,Stop,2024-02-07 15:00:34,2024-02-07 15:04:08,0 days 00:03:34,6.0,0.0,6.0,0,,496,3811,02/07/2024 15:04:08
331,331,MiraFlex 1,Running,2024-02-07 15:04:08,2024-02-07 15:06:44,0 days 00:02:36,1632062759.0,6.0,1632062765.0,1,,496,0,02/07/2024 15:06:44
332,332,MiraFlex 1,Stop,2024-02-07 15:06:44,2024-02-07 15:07:05,0 days 00:00:21,-1632061576.0,1632062765.0,1189.0,0,,496,3812,02/07/2024 15:07:05
333,333,MiraFlex 1,Running,2024-02-07 15:07:05,2024-02-07 15:11:08,0 days 00:04:03,1632061382.0,1189.0,1632062571.0,1,,496,0,02/07/2024 15:11:08
334,334,MiraFlex 1,Stop,2024-02-07 15:11:08,2024-02-07 15:11:33,0 days 00:00:25,-1632059576.0,1632062571.0,2995.0,0,,496,3813,02/07/2024 15:11:33
335,335,MiraFlex 1,Running,2024-02-07 15:11:33,2024-02-07 16:09:16,0 days 00:57:43,1632059576.0,2995.0,1632062571.0,1,,496,0,02/07/2024 16:09:16
336,336,MiraFlex 1,Stop,2024-02-07 16:09:16,2024-02-07 16:09:37,0 days 00:00:21,-1632036296.0,1632062571.0,26275.0,0,,496,3814,02/07/2024 16:09:37
337,337,MiraFlex 1,Running,2024-02-07 16:09:37,2024-02-07 16:10:45,0 days 00:01:08,339.0,26275.0,26614.0,1,,496,0,02/07/2024 16:10:45
338,338,MiraFlex 1,Stop,2024-02-07 16:10:45,2024-02-07 17:37:28,0 days 01:26:43,31.0,26614.0,26645.0,0,,496,3815,02/07/2024 17:37:28
339,339,MiraFlex 1,Running,2024-02-07 17:37:28,2024-02-07 17:44:45,0 days 00:07:17,1632035926.0,26645.0,1632062571.0,1,,496,0,02/07/2024 17:44:45
340,340,MiraFlex 1,Stop,2024-02-07 17:44:45,2024-02-07 17:45:06,0 days 00:00:21,-1632033280.0,1632062571.0,29291.0,0,,496,3816,02/07/2024 17:45:06
341,341,MiraFlex 1,Running,2024-02-07 17:45:06,2024-02-07 17:55:14,0 days 00:10:08,3979.0,29291.0,33270.0,1,,496,0,02/07/2024 17:55:14
342,342,MiraFlex 1,Stop,2024-02-07 17:55:14,2024-02-07 18:25:59,0 days 00:30:45,63.0,33270.0,33333.0,0,,496,3817,02/07/2024 18:25:59
343,343,MiraFlex 1,Running,2024-02-07 18:25:59,2024-02-07 19:09:07,0 days 00:43:08,1632029238.0,33333.0,1632062571.0,1,,496,0,02/07/2024 19:09:07
344,344,MiraFlex 1,Stop,2024-02-07 19:09:07,2024-02-07 19:09:28,0 days 00:00:21,-1632011848.0,1632062571.0,50723.0,0,,496,3818,02/07/2024 19:09:28
345,345,MiraFlex 1,Running,2024-02-07 19:09:28,2024-02-07 19:43:09,0 days 00:33:41,13569.0,50723.0,64292.0,1,,496,0,02/07/2024 19:43:09
346,346,MiraFlex 1,Stop,2024-02-07 19:43:09,2024-02-07 20:08:08,0 days 00:24:59,94.0,64292.0,64386.0,0,,496,3819,02/07/2024 20:08:08
347,347,MiraFlex 1,Running,2024-02-07 20:08:08,2024-02-07 20:11:25,0 days 00:03:17,1169.0,64386.0,65555.0,1,,496,0,02/07/2024 20:11:25
348,348,MiraFlex 1,Stop,2024-02-07 20:11:25,2024-02-07 20:20:05,0 days 00:08:40,39.0,65555.0,65594.0,0,,496,3820,02/07/2024 20:20:05
349,349,MiraFlex 1,Running,2024-02-07 20:20:05,2024-02-07 20:22:57,0 days 00:02:52,784.0,65594.0,66378.0,1,,496,0,02/07/2024 20:22:57
350,350,MiraFlex 1,Stop,2024-02-07 20:22:57,2024-02-07 20:40:18,0 days 00:17:21,10.0,66378.0,66388.0,0,,496,3821,02/07/2024 20:40:18
351,351,MiraFlex 1,Running,2024-02-07 20:40:18,2024-02-07 20:45:47,0 days 00:05:29,1631996183.0,66388.0,1632062571.0,1,,496,0,02/07/2024 20:45:47
352,352,MiraFlex 1,Stop,2024-02-07 20:45:47,2024-02-07 20:46:08,0 days 00:00:21,-1631993881.0,1632062571.0,68690.0,0,,496,3822,02/07/2024 20:46:08
353,353,MiraFlex 1,Running,2024-02-07 20:46:08,2024-02-07 20:46:29,0 days 00:00:21,76.0,68690.0,68766.0,1,,496,0,02/07/2024 20:46:29
354,354,MiraFlex 1,Stop,2024-02-07 20:46:29,2024-02-07 21:03:40,0 days 00:17:11,93.0,68766.0,68859.0,0,,496,3823,02/07/2024 21:03:40
355,355,MiraFlex 1,Running,2024-02-07 21:03:40,2024-02-07 21:08:01,0 days 00:04:21,1631993712.0,68859.0,1632062571.0,1,,496,0,02/07/2024 21:08:01
356,356,MiraFlex 1,Stop,2024-02-07 21:08:01,2024-02-07 21:08:26,0 days 00:00:25,-1631991771.0,1632062571.0,70800.0,0,,496,3824,02/07/2024 21:08:26
357,357,MiraFlex 1,Running,2024-02-07 21:08:26,2024-02-07 21:23:10,0 days 00:14:44,5787.0,70800.0,76587.0,1,,496,0,02/07/2024 21:23:10
358,358,MiraFlex 1,Stop,2024-02-07 21:23:10,2024-02-07 21:51:06,0 days 00:27:56,16.0,76587.0,76603.0,0,,496,3825,02/07/2024 21:51:06
359,359,MiraFlex 1,Running,2024-02-07 21:51:06,2024-02-07 21:58:41,0 days 00:07:35,512.0,76603.0,77115.0,1,,496,0,02/07/2024 21:58:41
360,360,MiraFlex 1,Stop,2024-02-07 21:58:41,2024-02-07 21:59:27,0 days 00:00:46,3.0,77115.0,77118.0,0,,496,3826,02/07/2024 21:59:27
361,361,MiraFlex 1,Running,2024-02-07 21:59:27,2024-02-07 22:05:16,0 days 00:05:49,1159.0,77118.0,78277.0,1,,496,0,02/07/2024 22:05:16
362,362,MiraFlex 1,Stop,2024-02-07 22:05:16,2024-02-07 22:31:18,0 days 00:26:02,1.0,78277.0,78278.0,0,,496,3827,02/07/2024 22:31:18
363,363,MiraFlex 1,Running,2024-02-07 22:31:18,2024-02-07 22:35:28,0 days 00:04:10,1489.0,78278.0,79767.0,1,,496,0,02/07/2024 22:35:28
364,364,MiraFlex 1,Stop,2024-02-07 22:35:28,2024-02-07 23:58:47,0 days 01:23:19,36.0,79767.0,79803.0,0,,496,0,02/07/2024 23:58:47
365,365,MiraFlex 1,Running,2024-02-07 23:58:47,2024-02-08 00:00:40,0 days 00:01:53,419.0,79803.0,80222.0,1,,496,0,02/08/2024 00:00:40
366,366,MiraFlex 1,Stop,2024-02-08 00:00:40,2024-02-08 00:15:01,0 days 00:14:21,60.0,80222.0,80282.0,0,,496,0,02/08/2024 00:15:01
367,367,MiraFlex 1,Running,2024-02-08 00:15:01,2024-02-08 00:56:18,0 days 00:41:17,16441.0,80282.0,96723.0,1,,496,0,02/08/2024 00:56:18
368,368,MiraFlex 1,Stop,2024-02-08 00:56:18,2024-02-08 01:08:48,0 days 00:12:30,134.0,96723.0,96857.0,0,,496,0,02/08/2024 01:08:48
369,369,MiraFlex 1,Running,2024-02-08 01:08:48,2024-02-08 01:44:48,0 days 00:36:00,14403.0,96857.0,111260.0,1,,496,0,02/08/2024 01:44:48
370,370,MiraFlex 1,Stop,2024-02-08 01:44:48,2024-02-08 01:45:58,0 days 00:01:10,43.0,111260.0,111303.0,0,,496,0,02/08/2024 01:45:58
371,371,MiraFlex 1,Running,2024-02-08 01:45:58,2024-02-08 02:20:22,0 days 00:34:24,1631951268.0,111303.0,1632062571.0,1,,496,0,02/08/2024 02:20:22
372,372,MiraFlex 1,Stop,2024-02-08 02:20:22,2024-02-08 02:20:48,0 days 00:00:26,-1631937295.0,1632062571.0,125276.0,0,,496,0,02/08/2024 02:20:48
373,373,MiraFlex 1,Running,2024-02-08 02:20:48,2024-02-08 02:53:29,0 days 00:32:41,13085.0,125276.0,138361.0,1,,496,0,02/08/2024 02:53:29
374,374,MiraFlex 1,Stop,2024-02-08 02:53:29,2024-02-08 03:17:53,0 days 00:24:24,19.0,138361.0,138380.0,0,,496,0,02/08/2024 03:17:53
375,375,MiraFlex 1,Running,2024-02-08 03:17:53,2024-02-08 03:18:19,0 days 00:00:26,51.0,138380.0,138431.0,1,,496,0,02/08/2024 03:18:19
376,376,MiraFlex 1,Stop,2024-02-08 03:18:19,2024-02-08 03:22:09,0 days 00:03:50,8.0,138431.0,138439.0,0,,496,0,02/08/2024 03:22:09
377,377,MiraFlex 1,Running,2024-02-08 03:22:09,2024-02-08 03:27:09,0 days 00:05:00,959.0,138439.0,139398.0,1,,496,0,02/08/2024 03:27:09
378,378,MiraFlex 1,Stop,2024-02-08 03:27:09,2024-02-08 03:40:11,0 days 00:13:02,6.0,139398.0,139404.0,0,,496,0,02/08/2024 03:40:11
379,379,MiraFlex 1,Running,2024-02-08 03:40:11,2024-02-08 03:42:09,0 days 00:01:58,422.0,139404.0,139826.0,1,,496,0,02/08/2024 03:42:09
380,380,MiraFlex 1,Stop,2024-02-08 03:42:09,2024-02-08 03:54:42,0 days 00:12:33,41.0,139826.0,139867.0,0,,496,0,02/08/2024 03:54:42
381,381,MiraFlex 1,Running,2024-02-08 03:54:42,2024-02-08 03:55:29,0 days 00:00:47,153.0,139867.0,140020.0,1,,496,0,02/08/2024 03:55:29
382,382,MiraFlex 1,Stop,2024-02-08 03:55:29,2024-02-08 04:01:31,0 days 00:06:02,1.0,140020.0,140021.0,0,,496,0,02/08/2024 04:01:31
383,383,MiraFlex 1,Running,2024-02-08 04:01:31,2024-02-08 04:02:19,0 days 00:00:48,181.0,140021.0,140202.0,1,,496,0,02/08/2024 04:02:19
384,384,MiraFlex 1,Stop,2024-02-08 04:02:19,2024-02-08 04:06:04,0 days 00:03:45,54.0,140202.0,140256.0,0,,496,0,02/08/2024 04:06:04
385,385,MiraFlex 1,Running,2024-02-08 04:06:04,2024-02-08 04:17:19,0 days 00:11:15,4403.0,140256.0,144659.0,1,,496,0,02/08/2024 04:17:19
386,386,MiraFlex 1,Stop,2024-02-08 04:17:19,2024-02-08 04:42:00,0 days 00:24:41,3.0,144659.0,144662.0,0,,496,0,02/08/2024 04:42:00
387,387,MiraFlex 1,Running,2024-02-08 04:42:00,2024-02-08 04:43:10,0 days 00:01:10,122.0,144662.0,144784.0,1,,496,0,02/08/2024 04:43:10
388,388,MiraFlex 1,Stop,2024-02-08 04:43:10,2024-02-08 04:44:20,0 days 00:01:10,48.0,144784.0,144832.0,0,,496,0,02/08/2024 04:44:20
389,389,MiraFlex 1,Running,2024-02-08 04:44:20,2024-02-08 04:48:31,0 days 00:04:11,1247.0,144832.0,146079.0,1,,496,0,02/08/2024 04:48:31
390,390,MiraFlex 1,Stop,2024-02-08 04:48:31,2024-02-08 05:05:23,0 days 00:16:52,34.0,146079.0,146113.0,0,,496,0,02/08/2024 05:05:23
391,391,MiraFlex 1,Running,2024-02-08 05:05:23,2024-02-08 05:09:15,0 days 00:03:52,778.0,146113.0,146891.0,1,,496,0,02/08/2024 05:09:15
392,392,MiraFlex 1,Stop,2024-02-08 05:09:15,2024-02-08 05:15:04,0 days 00:05:49,10.0,146891.0,146901.0,0,,496,0,02/08/2024 05:15:04
393,393,MiraFlex 1,Running,2024-02-08 05:15:04,2024-02-08 05:17:50,0 days 00:02:46,401.0,146901.0,147302.0,1,,496,0,02/08/2024 05:17:50
394,394,MiraFlex 1,Stop,2024-02-08 05:17:50,2024-02-08 05:30:55,0 days 00:13:05,144.0,147302.0,147446.0,0,,496,0,02/08/2024 05:30:55
395,395,MiraFlex 1,Running,2024-02-08 05:30:55,2024-02-08 05:32:50,0 days 00:01:55,729.0,147446.0,148175.0,1,,496,0,02/08/2024 05:32:50
396,396,MiraFlex 1,Stop,2024-02-08 05:32:50,2024-02-08 05:39:02,0 days 00:06:12,31.0,148175.0,148206.0,0,,496,0,02/08/2024 05:39:02
397,397,MiraFlex 1,Running,2024-02-08 05:39:02,2024-02-08 05:41:00,0 days 00:01:58,332.0,148206.0,148538.0,1,,496,0,02/08/2024 05:41:00
398,398,MiraFlex 1,Stop,2024-02-08 05:41:00,2024-02-12 18:52:16,4 days 13:11:16,-113928.0,148538.0,34610.0,0,,496,0,02/12/2024 18:52:16
399,399,MiraFlex 1,Running,2024-02-12 18:52:16,2024-02-12 18:55:36,0 days 00:03:20,1632028155.0,34610.0,1632062765.0,1,,496,0,02/12/2024 18:55:36
400,400,MiraFlex 1,Stop,2024-02-12 18:55:36,2024-02-12 18:55:57,0 days 00:00:21,-1632061520.0,1632062765.0,1245.0,0,,496,3758,02/12/2024 18:55:57
401,401,MiraFlex 1,Running,2024-02-12 18:55:57,2024-02-12 18:57:46,0 days 00:01:49,506.0,1245.0,1751.0,1,,496,0,02/12/2024 18:57:46
402,402,MiraFlex 1,Stop,2024-02-12 18:57:46,2024-02-12 19:17:17,0 days 00:19:31,3.0,1751.0,1754.0,0,,496,3759,02/12/2024 19:17:17
403,403,MiraFlex 1,Running,2024-02-12 19:17:17,2024-02-12 19:18:19,0 days 00:01:02,91.0,1754.0,1845.0,1,,496,0,02/12/2024 19:18:19
404,404,MiraFlex 1,Stop,2024-02-12 19:18:19,2024-02-12 19:20:09,0 days 00:01:50,19.0,1845.0,1864.0,0,,496,3760,02/12/2024 19:20:09
405,405,MiraFlex 1,Running,2024-02-12 19:20:09,2024-02-12 19:23:21,0 days 00:03:12,410.0,1864.0,2274.0,1,,496,0,02/12/2024 19:23:21
406,406,MiraFlex 1,Stop,2024-02-12 19:23:21,2024-02-12 19:48:17,0 days 00:24:56,22.0,2274.0,2296.0,0,,496,3761,02/12/2024 19:48:17
407,407,MiraFlex 1,Running,2024-02-12 19:48:17,2024-02-12 19:49:41,0 days 00:01:24,211.0,2296.0,2507.0,1,,496,0,02/12/2024 19:49:41
408,408,MiraFlex 1,Stop,2024-02-12 19:49:41,2024-02-12 20:11:21,0 days 00:21:40,1.0,2507.0,2508.0,0,,496,3762,02/12/2024 20:11:21
409,409,MiraFlex 1,Running,2024-02-12 20:11:21,2024-02-12 20:12:07,0 days 00:00:46,165.0,2508.0,2673.0,1,,496,0,02/12/2024 20:12:07
410,410,MiraFlex 1,Stop,2024-02-12 20:12:07,2024-02-12 20:20:27,0 days 00:08:20,10.0,2673.0,2683.0,0,,496,3763,02/12/2024 20:20:27
411,411,MiraFlex 1,Running,2024-02-12 20:20:27,2024-02-12 20:26:32,0 days 00:06:05,1632059888.0,2683.0,1632062571.0,1,,496,0,02/12/2024 20:26:32
412,412,MiraFlex 1,Stop,2024-02-12 20:26:32,2024-02-12 20:26:57,0 days 00:00:25,-1632057338.0,1632062571.0,5233.0,0,,496,3764,02/12/2024 20:26:57
413,413,MiraFlex 1,Running,2024-02-12 20:26:57,2024-02-12 20:29:07,0 days 00:02:10,740.0,5233.0,5973.0,1,,496,0,02/12/2024 20:29:07
414,414,MiraFlex 1,Stop,2024-02-12 20:29:07,2024-02-12 20:30:52,0 days 00:01:45,32.0,5973.0,6005.0,0,,496,3765,02/12/2024 20:30:52
415,415,MiraFlex 1,Running,2024-02-12 20:30:52,2024-02-12 20:35:58,0 days 00:05:06,1632056566.0,6005.0,1632062571.0,1,,496,0,02/12/2024 20:35:58
416,416,MiraFlex 1,Stop,2024-02-12 20:35:58,2024-02-12 20:36:19,0 days 00:00:21,-1632054390.0,1632062571.0,8181.0,0,,496,3766,02/12/2024 20:36:19
417,417,MiraFlex 1,Running,2024-02-12 20:36:19,2024-02-12 20:41:00,0 days 00:04:41,1813.0,8181.0,9994.0,1,,496,0,02/12/2024 20:41:00
418,418,MiraFlex 1,Stop,2024-02-12 20:41:00,2024-02-12 20:43:10,0 days 00:02:10,33.0,9994.0,10027.0,0,,496,3767,02/12/2024 20:43:10
419,419,MiraFlex 1,Running,2024-02-12 20:43:10,2024-02-12 20:46:29,0 days 00:03:19,1219.0,10027.0,11246.0,1,,496,0,02/12/2024 20:46:29
420,420,MiraFlex 1,Stop,2024-02-12 20:46:29,2024-02-12 21:18:20,0 days 00:31:51,7.0,11246.0,11253.0,0,,496,3768,02/12/2024 21:18:20
421,421,MiraFlex 1,Running,2024-02-12 21:18:20,2024-02-12 21:24:52,0 days 00:06:32,604.0,11253.0,11857.0,1,,496,0,02/12/2024 21:24:52
422,422,MiraFlex 1,Stop,2024-02-12 21:24:52,2024-02-12 21:36:11,0 days 00:11:19,28.0,11857.0,11885.0,0,,496,3769,02/12/2024 21:36:11
423,423,MiraFlex 1,Running,2024-02-12 21:36:11,2024-02-12 21:37:19,0 days 00:01:08,204.0,11885.0,12089.0,1,,496,0,02/12/2024 21:37:19
424,424,MiraFlex 1,Stop,2024-02-12 21:37:19,2024-02-12 21:45:38,0 days 00:08:19,11.0,12089.0,12100.0,0,,496,3770,02/12/2024 21:45:38
425,425,MiraFlex 1,Running,2024-02-12 21:45:38,2024-02-12 21:47:48,0 days 00:02:10,778.0,12100.0,12878.0,1,,496,0,02/12/2024 21:47:48
426,426,MiraFlex 1,Stop,2024-02-12 21:47:48,2024-02-12 22:04:28,0 days 00:16:40,170.0,12878.0,13048.0,0,,496,3771,02/12/2024 22:04:28
427,427,MiraFlex 1,Running,2024-02-12 22:04:28,2024-02-12 22:13:29,0 days 00:09:01,3479.0,13048.0,16527.0,1,,496,0,02/12/2024 22:13:29
428,428,MiraFlex 1,Stop,2024-02-12 22:13:29,2024-02-12 22:14:32,0 days 00:01:03,21.0,16527.0,16548.0,0,,496,3772,02/12/2024 22:14:32
429,429,MiraFlex 1,Running,2024-02-12 22:14:32,2024-02-12 22:16:00,0 days 00:01:28,400.0,16548.0,16948.0,1,,496,0,02/12/2024 22:16:00
430,430,MiraFlex 1,Stop,2024-02-12 22:16:00,2024-02-12 22:26:10,0 days 00:10:10,82.0,16948.0,17030.0,0,,496,3773,02/12/2024 22:26:10
431,431,MiraFlex 1,Running,2024-02-12 22:26:10,2024-02-12 22:56:52,0 days 00:30:42,12208.0,17030.0,29238.0,1,,496,0,02/12/2024 22:56:52
432,432,MiraFlex 1,Stop,2024-02-12 22:56:52,2024-02-13 00:16:59,0 days 01:20:07,24.0,29238.0,29262.0,0,,496,0,02/13/2024 00:16:59
433,433,MiraFlex 1,Running,2024-02-13 00:16:59,2024-02-13 00:26:14,0 days 00:09:15,1209.0,29262.0,30471.0,1,,496,0,02/13/2024 00:26:14
434,434,MiraFlex 1,Stop,2024-02-13 00:26:14,2024-02-13 00:30:49,0 days 00:04:35,4.0,30471.0,30475.0,0,,496,3802,02/13/2024 00:30:49
435,435,MiraFlex 1,Running,2024-02-13 00:30:49,2024-02-13 00:31:59,0 days 00:01:10,153.0,30475.0,30628.0,1,,496,0,02/13/2024 00:31:59
436,436,MiraFlex 1,Stop,2024-02-13 00:31:59,2024-02-13 00:33:09,0 days 00:01:10,124.0,30628.0,30752.0,0,,496,3803,02/13/2024 00:33:09
437,437,MiraFlex 1,Running,2024-02-13 00:33:09,2024-02-13 00:34:19,0 days 00:01:10,329.0,30752.0,31081.0,1,,496,0,02/13/2024 00:34:19
438,438,MiraFlex 1,Stop,2024-02-13 00:34:19,2024-02-13 01:18:33,0 days 00:44:14,12.0,31081.0,31093.0,0,,496,3804,02/13/2024 01:18:33
439,439,MiraFlex 1,Running,2024-02-13 01:18:33,2024-02-13 01:20:31,0 days 00:01:58,423.0,31093.0,31516.0,1,,496,0,02/13/2024 01:20:31
440,440,MiraFlex 1,Stop,2024-02-13 01:20:31,2024-02-13 01:32:24,0 days 00:11:53,82.0,31516.0,31598.0,0,,496,3805,02/13/2024 01:32:24
441,441,MiraFlex 1,Running,2024-02-13 01:32:24,2024-02-13 01:32:50,0 days 00:00:26,50.0,31598.0,31648.0,1,,496,0,02/13/2024 01:32:50
442,442,MiraFlex 1,Stop,2024-02-13 01:32:50,2024-02-13 02:23:44,0 days 00:50:54,22.0,31648.0,31670.0,0,,496,3806,02/13/2024 02:23:44
443,443,MiraFlex 1,Running,2024-02-13 02:23:44,2024-02-13 02:27:40,0 days 00:03:56,542.0,31670.0,32212.0,1,,496,0,02/13/2024 02:27:40
444,444,MiraFlex 1,Stop,2024-02-13 02:27:40,2024-02-13 02:45:14,0 days 00:17:34,36.0,32212.0,32248.0,0,,496,3807,02/13/2024 02:45:14
445,445,MiraFlex 1,Running,2024-02-13 02:45:14,2024-02-13 02:52:04,0 days 00:06:50,2630.0,32248.0,34878.0,1,,496,0,02/13/2024 02:52:04
446,446,MiraFlex 1,Stop,2024-02-13 02:52:04,2024-02-13 03:26:14,0 days 00:34:10,45.0,34878.0,34923.0,0,,496,3808,02/13/2024 03:26:14
447,447,MiraFlex 1,Running,2024-02-13 03:26:14,2024-02-13 03:28:11,0 days 00:01:57,259.0,34923.0,35182.0,1,,496,0,02/13/2024 03:28:11
448,448,MiraFlex 1,Stop,2024-02-13 03:28:11,2024-02-13 03:32:43,0 days 00:04:32,6.0,35182.0,35188.0,0,,496,3809,02/13/2024 03:32:43
449,449,MiraFlex 1,Running,2024-02-13 03:32:43,2024-02-13 04:29:55,0 days 00:57:12,22816.0,35188.0,58004.0,1,,496,0,02/13/2024 04:29:55
450,450,MiraFlex 1,Stop,2024-02-13 04:29:55,2024-02-13 04:35:43,0 days 00:05:48,55.0,58004.0,58059.0,0,,496,3810,02/13/2024 04:35:43
451,451,MiraFlex 1,Running,2024-02-13 04:35:43,2024-02-13 05:39:02,0 days 01:03:19,25252.0,58059.0,83311.0,1,,496,0,02/13/2024 05:39:02
452,452,MiraFlex 1,Stop,2024-02-13 05:39:02,2024-02-13 08:49:13,0 days 03:10:11,-83287.0,83311.0,24.0,0,,496,0,02/13/2024 08:49:13
453,453,MiraFlex 1,Running,2024-02-13 08:49:13,2024-02-13 08:58:38,0 days 00:09:25,1632062741.0,24.0,1632062765.0,1,,496,0,02/13/2024 08:58:38
454,454,MiraFlex 1,Stop,2024-02-13 08:58:38,2024-02-13 09:10:54,0 days 00:12:16,-1632061653.0,1632062765.0,1112.0,0,,496,3943,02/13/2024 09:10:54
455,455,MiraFlex 1,Running,2024-02-13 09:10:54,2024-02-13 09:11:56,0 days 00:01:02,180.0,1112.0,1292.0,1,,496,0,02/13/2024 09:11:56
456,456,MiraFlex 1,Stop,2024-02-13 09:11:56,2024-02-13 09:25:44,0 days 00:13:48,70.0,1292.0,1362.0,0,,496,3944,02/13/2024 09:25:44
457,457,MiraFlex 1,Running,2024-02-13 09:25:44,2024-02-13 09:27:54,0 days 00:02:10,695.0,1362.0,2057.0,1,,496,0,02/13/2024 09:27:54
458,458,MiraFlex 1,Stop,2024-02-13 09:27:54,2024-02-13 10:16:46,0 days 00:48:52,88.0,2057.0,2145.0,0,,496,3945,02/13/2024 10:16:46
459,459,MiraFlex 1,Running,2024-02-13 10:16:46,2024-02-13 10:28:40,0 days 00:11:54,1632060426.0,2145.0,1632062571.0,1,,496,0,02/13/2024 10:28:40
460,460,MiraFlex 1,Stop,2024-02-13 10:28:40,2024-02-13 11:26:37,0 days 00:57:57,-1632055761.0,1632062571.0,6810.0,0,,496,3946,02/13/2024 11:26:37
461,461,MiraFlex 1,Running,2024-02-13 11:26:37,2024-02-13 11:26:58,0 days 00:00:21,56.0,6810.0,6866.0,1,,496,0,02/13/2024 11:26:58
462,462,MiraFlex 1,Stop,2024-02-13 11:26:58,2024-02-13 11:27:45,0 days 00:00:47,41.0,6866.0,6907.0,0,,496,3947,02/13/2024 11:27:45
463,463,MiraFlex 1,Running,2024-02-13 11:27:45,2024-02-13 11:34:57,0 days 00:07:12,2721.0,6907.0,9628.0,1,,496,0,02/13/2024 11:34:57
464,464,MiraFlex 1,Stop,2024-02-13 11:34:57,2024-02-13 11:54:08,0 days 00:19:11,75.0,9628.0,9703.0,0,,496,3948,02/13/2024 11:54:08
465,465,MiraFlex 1,Running,2024-02-13 11:54:08,2024-02-13 11:57:25,0 days 00:03:17,1325.0,9703.0,11028.0,1,,496,0,02/13/2024 11:57:25
466,466,MiraFlex 1,Stop,2024-02-13 11:57:25,2024-02-13 12:36:56,0 days 00:39:31,69.0,11028.0,11097.0,0,,496,3949,02/13/2024 12:36:56
467,467,MiraFlex 1,Running,2024-02-13 12:36:56,2024-02-13 12:37:17,0 days 00:00:21,24.0,11097.0,11121.0,1,,496,0,02/13/2024 12:37:17
468,468,MiraFlex 1,Stop,2024-02-13 12:37:17,2024-02-13 12:48:07,0 days 00:10:50,47.0,11121.0,11168.0,0,,496,3950,02/13/2024 12:48:07
469,469,MiraFlex 1,Running,2024-02-13 12:48:07,2024-02-13 12:56:06,0 days 00:07:59,1632051403.0,11168.0,1632062571.0,1,,496,0,02/13/2024 12:56:06
470,470,MiraFlex 1,Stop,2024-02-13 12:56:06,2024-02-13 12:56:27,0 days 00:00:21,-1632048894.0,1632062571.0,13677.0,0,,496,3951,02/13/2024 12:56:27
471,471,MiraFlex 1,Running,2024-02-13 12:56:27,2024-02-13 13:00:48,0 days 00:04:21,1294.0,13677.0,14971.0,1,,496,0,02/13/2024 13:00:48
472,472,MiraFlex 1,Stop,2024-02-13 13:00:48,2024-02-13 15:07:31,0 days 02:06:43,-14859.0,14971.0,112.0,0,,496,0,02/13/2024 15:07:31
473,473,MiraFlex 1,Running,2024-02-13 15:07:31,2024-02-13 15:10:48,0 days 00:03:17,1632062653.0,112.0,1632062765.0,1,,496,0,02/13/2024 15:10:48
474,474,MiraFlex 1,Stop,2024-02-13 15:10:48,2024-02-13 15:11:09,0 days 00:00:21,-1632061549.0,1632062765.0,1216.0,0,,496,3854,02/13/2024 15:11:09
475,475,MiraFlex 1,Running,2024-02-13 15:11:09,2024-02-13 15:22:48,0 days 00:11:39,3492.0,1216.0,4708.0,1,,496,0,02/13/2024 15:22:48
476,476,MiraFlex 1,Stop,2024-02-13 15:22:48,2024-02-13 15:46:39,0 days 00:23:51,44.0,4708.0,4752.0,0,,496,3855,02/13/2024 15:46:39
477,477,MiraFlex 1,Running,2024-02-13 15:46:39,2024-02-13 15:48:50,0 days 00:02:11,610.0,4752.0,5362.0,1,,496,0,02/13/2024 15:48:50
478,478,MiraFlex 1,Stop,2024-02-13 15:48:50,2024-02-13 16:03:40,0 days 00:14:50,37.0,5362.0,5399.0,0,,496,3856,02/13/2024 16:03:40
479,479,MiraFlex 1,Running,2024-02-13 16:03:40,2024-02-13 16:13:48,0 days 00:10:08,2995.0,5399.0,8394.0,1,,496,0,02/13/2024 16:13:48
480,480,MiraFlex 1,Stop,2024-02-13 16:13:48,2024-02-13 16:33:39,0 days 00:19:51,58.0,8394.0,8452.0,0,,496,3857,02/13/2024 16:33:39
481,481,MiraFlex 1,Running,2024-02-13 16:33:39,2024-02-13 16:36:10,0 days 00:02:31,1632054119.0,8452.0,1632062571.0,1,,496,0,02/13/2024 16:36:10
482,482,MiraFlex 1,Stop,2024-02-13 16:36:10,2024-02-13 16:56:28,0 days 00:20:18,-1632053305.0,1632062571.0,9266.0,0,,496,3858,02/13/2024 16:56:28
483,483,MiraFlex 1,Running,2024-02-13 16:56:28,2024-02-13 17:10:58,0 days 00:14:30,4242.0,9266.0,13508.0,1,,496,0,02/13/2024 17:10:58
484,484,MiraFlex 1,Stop,2024-02-13 17:10:58,2024-02-13 17:32:59,0 days 00:22:01,59.0,13508.0,13567.0,0,,496,3859,02/13/2024 17:32:59
485,485,MiraFlex 1,Running,2024-02-13 17:32:59,2024-02-13 17:52:30,0 days 00:19:31,5711.0,13567.0,19278.0,1,,496,0,02/13/2024 17:52:30
486,486,MiraFlex 1,Stop,2024-02-13 17:52:30,2024-02-13 18:08:42,0 days 00:16:12,56.0,19278.0,19334.0,0,,496,3860,02/13/2024 18:08:42
487,487,MiraFlex 1,Running,2024-02-13 18:08:42,2024-02-13 18:09:08,0 days 00:00:26,70.0,19334.0,19404.0,1,,496,0,02/13/2024 18:09:08
488,488,MiraFlex 1,Stop,2024-02-13 18:09:08,2024-02-13 18:09:29,0 days 00:00:21,6.0,19404.0,19410.0,0,,496,3861,02/13/2024 18:09:29
489,489,MiraFlex 1,Running,2024-02-13 18:09:29,2024-02-13 18:14:10,0 days 00:04:41,1632043161.0,19410.0,1632062571.0,1,,496,0,02/13/2024 18:14:10
490,490,MiraFlex 1,Stop,2024-02-13 18:14:10,2024-02-13 18:14:31,0 days 00:00:21,-1632041696.0,1632062571.0,20875.0,0,,496,3862,02/13/2024 18:14:31
491,491,MiraFlex 1,Running,2024-02-13 18:14:31,2024-02-13 18:20:19,0 days 00:05:48,1673.0,20875.0,22548.0,1,,496,0,02/13/2024 18:20:19
492,492,MiraFlex 1,Stop,2024-02-13 18:20:19,2024-02-13 18:23:53,0 days 00:03:34,33.0,22548.0,22581.0,0,,496,3863,02/13/2024 18:23:53
493,493,MiraFlex 1,Running,2024-02-13 18:23:53,2024-02-13 18:25:00,0 days 00:01:07,165.0,22581.0,22746.0,1,,496,0,02/13/2024 18:25:00
494,494,MiraFlex 1,Stop,2024-02-13 18:25:00,2024-02-13 18:29:20,0 days 00:04:20,22.0,22746.0,22768.0,0,,496,3864,02/13/2024 18:29:20
495,495,MiraFlex 1,Running,2024-02-13 18:29:20,2024-02-13 18:31:51,0 days 00:02:31,425.0,22768.0,23193.0,1,,496,0,02/13/2024 18:31:51
496,496,MiraFlex 1,Stop,2024-02-13 18:31:51,2024-02-13 18:40:11,0 days 00:08:20,17.0,23193.0,23210.0,0,,496,3865,02/13/2024 18:40:11
497,497,MiraFlex 1,Running,2024-02-13 18:40:11,2024-02-13 18:42:42,0 days 00:02:31,356.0,23210.0,23566.0,1,,496,0,02/13/2024 18:42:42
498,498,MiraFlex 1,Stop,2024-02-13 18:42:42,2024-02-13 18:45:38,0 days 00:02:56,86.0,23566.0,23652.0,0,,496,3866,02/13/2024 18:45:38
499,499,MiraFlex 1,Running,2024-02-13 18:45:38,2024-02-13 18:49:58,0 days 00:04:20,1632038919.0,23652.0,1632062571.0,1,,496,0,02/13/2024 18:49:58
500,500,MiraFlex 1,Stop,2024-02-13 18:49:58,2024-02-13 18:50:19,0 days 00:00:21,-1632037513.0,1632062571.0,25058.0,0,,496,3867,02/13/2024 18:50:19
501,501,MiraFlex 1,Running,2024-02-13 18:50:19,2024-02-13 18:56:29,0 days 00:06:10,1841.0,25058.0,26899.0,1,,496,0,02/13/2024 18:56:29
502,502,MiraFlex 1,Stop,2024-02-13 18:56:29,2024-02-13 19:16:39,0 days 00:20:10,51.0,26899.0,26950.0,0,,496,3868,02/13/2024 19:16:39
503,503,MiraFlex 1,Running,2024-02-13 19:16:39,2024-02-13 19:16:59,0 days 00:00:20,45.0,26950.0,26995.0,1,,496,0,02/13/2024 19:16:59
504,504,MiraFlex 1,Stop,2024-02-13 19:16:59,2024-02-13 19:18:49,0 days 00:01:50,97.0,26995.0,27092.0,0,,496,3869,02/13/2024 19:18:49
505,505,MiraFlex 1,Running,2024-02-13 19:18:49,2024-02-13 19:30:20,0 days 00:11:31,3367.0,27092.0,30459.0,1,,496,0,02/13/2024 19:30:20
506,506,MiraFlex 1,Stop,2024-02-13 19:30:20,2024-02-13 19:43:21,0 days 00:13:01,12.0,30459.0,30471.0,0,,496,3870,02/13/2024 19:43:21
507,507,MiraFlex 1,Running,2024-02-13 19:43:21,2024-02-13 19:53:51,0 days 00:10:30,3160.0,30471.0,33631.0,1,,496,0,02/13/2024 19:53:51
508,508,MiraFlex 1,Stop,2024-02-13 19:53:51,2024-02-13 20:01:30,0 days 00:07:39,182.0,33631.0,33813.0,0,,496,3871,02/13/2024 20:01:30
509,509,MiraFlex 1,Running,2024-02-13 20:01:30,2024-02-13 20:17:23,0 days 00:15:53,4760.0,33813.0,38573.0,1,,496,0,02/13/2024 20:17:23
510,510,MiraFlex 1,Stop,2024-02-13 20:17:23,2024-02-13 20:48:10,0 days 00:30:47,11.0,38573.0,38584.0,0,,496,3872,02/13/2024 20:48:10
511,511,MiraFlex 1,Running,2024-02-13 20:48:10,2024-02-13 21:03:01,0 days 00:14:51,1632023987.0,38584.0,1632062571.0,1,,496,0,02/13/2024 21:03:01
512,512,MiraFlex 1,Stop,2024-02-13 21:03:01,2024-02-13 21:03:22,0 days 00:00:21,-1632019419.0,1632062571.0,43152.0,0,,496,3873,02/13/2024 21:03:22
513,513,MiraFlex 1,Running,2024-02-13 21:03:22,2024-02-13 21:08:03,0 days 00:04:41,1390.0,43152.0,44542.0,1,,496,0,02/13/2024 21:08:03
514,514,MiraFlex 1,Stop,2024-02-13 21:08:03,2024-02-13 21:19:20,0 days 00:11:17,9.0,44542.0,44551.0,0,,496,3874,02/13/2024 21:19:20
515,515,MiraFlex 1,Running,2024-02-13 21:19:20,2024-02-13 21:45:00,0 days 00:25:40,7610.0,44551.0,52161.0,1,,496,0,02/13/2024 21:45:00
516,516,MiraFlex 1,Stop,2024-02-13 21:45:00,2024-02-13 21:49:00,0 days 00:04:00,94.0,52161.0,52255.0,0,,496,3875,02/13/2024 21:49:00
517,517,MiraFlex 1,Running,2024-02-13 21:49:00,2024-02-13 21:55:54,0 days 00:06:54,2032.0,52255.0,54287.0,1,,496,0,02/13/2024 21:55:54
518,518,MiraFlex 1,Stop,2024-02-13 21:55:54,2024-02-13 23:21:42,0 days 01:25:48,7.0,54287.0,54294.0,0,,496,0,02/13/2024 23:21:42
519,519,MiraFlex 1,Running,2024-02-13 23:21:42,2024-02-13 23:33:45,0 days 00:12:03,1556.0,54294.0,55850.0,1,,496,0,02/13/2024 23:33:45
520,520,MiraFlex 1,Stop,2024-02-13 23:33:45,2024-02-13 23:44:34,0 days 00:10:49,1.0,55850.0,55851.0,0,,496,3839,02/13/2024 23:44:34
521,521,MiraFlex 1,Running,2024-02-13 23:44:34,2024-02-13 23:46:25,0 days 00:01:51,530.0,55851.0,56381.0,1,,496,0,02/13/2024 23:46:25
522,522,MiraFlex 1,Stop,2024-02-13 23:46:25,2024-02-14 00:01:45,0 days 00:15:20,2.0,56381.0,56383.0,0,,496,3840,02/14/2024 00:01:45
523,523,MiraFlex 1,Running,2024-02-14 00:01:45,2024-02-14 00:02:31,0 days 00:00:46,99.0,56383.0,56482.0,1,,496,0,02/14/2024 00:02:31
524,524,MiraFlex 1,Stop,2024-02-14 00:02:31,2024-02-14 00:07:11,0 days 00:04:40,14.0,56482.0,56496.0,0,,496,3841,02/14/2024 00:07:11
525,525,MiraFlex 1,Running,2024-02-14 00:07:11,2024-02-14 00:09:05,0 days 00:01:54,355.0,56496.0,56851.0,1,,496,0,02/14/2024 00:09:05
526,526,MiraFlex 1,Stop,2024-02-14 00:09:05,2024-02-14 00:18:01,0 days 00:08:56,3.0,56851.0,56854.0,0,,496,3842,02/14/2024 00:18:01
527,527,MiraFlex 1,Running,2024-02-14 00:18:01,2024-02-14 00:23:25,0 days 00:05:24,1632005717.0,56854.0,1632062571.0,1,,496,0,02/14/2024 00:23:25
528,528,MiraFlex 1,Stop,2024-02-14 00:23:25,2024-02-14 00:23:51,0 days 00:00:26,-1632003445.0,1632062571.0,59126.0,0,,496,3843,02/14/2024 00:23:51
529,529,MiraFlex 1,Running,2024-02-14 00:23:51,2024-02-14 00:56:25,0 days 00:32:34,12978.0,59126.0,72104.0,1,,496,0,02/14/2024 00:56:25
530,530,MiraFlex 1,Stop,2024-02-14 00:56:25,2024-02-14 03:09:42,0 days 02:13:17,26.0,72104.0,72130.0,0,,496,3844,02/14/2024 03:09:42
531,531,MiraFlex 1,Running,2024-02-14 03:09:42,2024-02-14 03:22:03,0 days 00:12:21,1156.0,72130.0,73286.0,1,,496,0,02/14/2024 03:22:03
532,532,MiraFlex 1,Stop,2024-02-14 03:22:03,2024-02-14 03:25:06,0 days 00:03:03,33.0,73286.0,73319.0,0,,496,3845,02/14/2024 03:25:06
533,533,MiraFlex 1,Running,2024-02-14 03:25:06,2024-02-14 03:28:15,0 days 00:03:09,995.0,73319.0,74314.0,1,,496,0,02/14/2024 03:28:15
534,534,MiraFlex 1,Stop,2024-02-14 03:28:15,2024-02-14 03:56:03,0 days 00:27:48,8.0,74314.0,74322.0,0,,496,3846,02/14/2024 03:56:03
535,535,MiraFlex 1,Running,2024-02-14 03:56:03,2024-02-14 03:57:35,0 days 00:01:32,440.0,74322.0,74762.0,1,,496,0,02/14/2024 03:57:35
536,536,MiraFlex 1,Stop,2024-02-14 03:57:35,2024-02-14 04:26:05,0 days 00:28:30,5.0,74762.0,74767.0,0,,496,3847,02/14/2024 04:26:05
537,537,MiraFlex 1,Running,2024-02-14 04:26:05,2024-02-14 04:27:37,0 days 00:01:32,544.0,74767.0,75311.0,1,,496,0,02/14/2024 04:27:37
538,538,MiraFlex 1,Stop,2024-02-14 04:27:37,2024-02-14 04:39:33,0 days 00:11:56,73.0,75311.0,75384.0,0,,496,3848,02/14/2024 04:39:33
539,539,MiraFlex 1,Running,2024-02-14 04:39:33,2024-02-14 04:43:03,0 days 00:03:30,1519.0,75384.0,76903.0,1,,496,0,02/14/2024 04:43:03
540,540,MiraFlex 1,Stop,2024-02-14 04:43:03,2024-02-14 05:08:13,0 days 00:25:10,30.0,76903.0,76933.0,0,,496,3849,02/14/2024 05:08:13
541,541,MiraFlex 1,Running,2024-02-14 05:08:13,2024-02-14 05:13:58,0 days 00:05:45,2123.0,76933.0,79056.0,1,,496,0,02/14/2024 05:13:58
542,542,MiraFlex 1,Stop,2024-02-14 05:13:58,2024-02-14 05:31:58,0 days 00:18:00,11.0,79056.0,79067.0,0,,496,3850,02/14/2024 05:31:58
543,543,MiraFlex 1,Running,2024-02-14 05:31:58,2024-02-14 05:48:44,0 days 00:16:46,1631983504.0,79067.0,1632062571.0,1,,496,0,02/14/2024 05:48:44
544,544,MiraFlex 1,Stop,2024-02-14 05:48:44,2024-02-14 05:49:06,0 days 00:00:22,-1631977148.0,1632062571.0,85423.0,0,,496,3851,02/14/2024 05:49:06
545,545,MiraFlex 1,Running,2024-02-14 05:49:06,2024-02-14 05:55:18,0 days 00:06:12,2471.0,85423.0,87894.0,1,,496,0,02/14/2024 05:55:18
546,546,MiraFlex 1,Stop,2024-02-14 05:55:18,2024-02-14 06:21:16,0 days 00:25:58,76.0,87894.0,87970.0,0,,496,3852,02/14/2024 06:21:16
547,547,MiraFlex 1,Running,2024-02-14 06:21:16,2024-02-14 06:30:54,0 days 00:09:38,4043.0,87970.0,92013.0,1,,496,0,02/14/2024 06:30:54
548,548,MiraFlex 1,Stop,2024-02-14 06:30:54,2024-02-14 08:00:45,0 days 01:29:51,-91752.0,92013.0,261.0,0,,496,0,02/14/2024 08:00:45
549,549,MiraFlex 1,Running,2024-02-14 08:00:45,2024-02-14 08:03:37,0 days 00:02:52,1186.0,261.0,1447.0,1,,496,0,02/14/2024 08:03:37
550,550,MiraFlex 1,Stop,2024-02-14 08:03:37,2024-02-14 08:20:15,0 days 00:16:38,11.0,1447.0,1458.0,0,,496,3829,02/14/2024 08:20:15
551,551,MiraFlex 1,Running,2024-02-14 08:20:15,2024-02-14 08:32:58,0 days 00:12:43,5320.0,1458.0,6778.0,1,,496,0,02/14/2024 08:32:58
552,552,MiraFlex 1,Stop,2024-02-14 08:32:58,2024-02-14 08:39:35,0 days 00:06:37,43.0,6778.0,6821.0,0,,496,3830,02/14/2024 08:39:35
553,553,MiraFlex 1,Running,2024-02-14 08:39:35,2024-02-14 09:05:15,0 days 00:25:40,10770.0,6821.0,17591.0,1,,496,0,02/14/2024 09:05:15
554,554,MiraFlex 1,Stop,2024-02-14 09:05:15,2024-02-14 09:15:26,0 days 00:10:11,69.0,17591.0,17660.0,0,,496,3831,02/14/2024 09:15:26
555,555,MiraFlex 1,Running,2024-02-14 09:15:26,2024-02-14 09:19:26,0 days 00:04:00,1485.0,17660.0,19145.0,1,,496,0,02/14/2024 09:19:26
556,556,MiraFlex 1,Stop,2024-02-14 09:19:26,2024-02-14 09:45:07,0 days 00:25:41,26.0,19145.0,19171.0,0,,496,3832,02/14/2024 09:45:07
557,557,MiraFlex 1,Running,2024-02-14 09:45:07,2024-02-14 09:46:36,0 days 00:01:29,385.0,19171.0,19556.0,1,,496,0,02/14/2024 09:46:36
558,558,MiraFlex 1,Stop,2024-02-14 09:46:36,2024-02-14 09:47:18,0 days 00:00:42,46.0,19556.0,19602.0,0,,496,3833,02/14/2024 09:47:18
559,559,MiraFlex 1,Running,2024-02-14 09:47:18,2024-02-14 09:52:20,0 days 00:05:02,2063.0,19602.0,21665.0,1,,496,0,02/14/2024 09:52:20
560,560,MiraFlex 1,Stop,2024-02-14 09:52:20,2024-02-14 09:59:37,0 days 00:07:17,8.0,21665.0,21673.0,0,,496,3834,02/14/2024 09:59:37
561,561,MiraFlex 1,Running,2024-02-14 09:59:37,2024-02-14 10:05:06,0 days 00:05:29,1632040898.0,21673.0,1632062571.0,1,,496,0,02/14/2024 10:05:06
562,562,MiraFlex 1,Stop,2024-02-14 10:05:06,2024-02-14 10:05:27,0 days 00:00:21,-1632038423.0,1632062571.0,24148.0,0,,496,3835,02/14/2024 10:05:27
563,563,MiraFlex 1,Running,2024-02-14 10:05:27,2024-02-14 10:07:20,0 days 00:01:53,737.0,24148.0,24885.0,1,,496,0,02/14/2024 10:07:20
564,564,MiraFlex 1,Stop,2024-02-14 10:07:20,2024-02-14 10:27:46,0 days 00:20:26,37.0,24885.0,24922.0,0,,496,3836,02/14/2024 10:27:46
565,565,MiraFlex 1,Running,2024-02-14 10:27:46,2024-02-14 10:28:07,0 days 00:00:21,106.0,24922.0,25028.0,1,,496,0,02/14/2024 10:28:07
566,566,MiraFlex 1,Stop,2024-02-14 10:28:07,2024-02-14 10:33:30,0 days 00:05:23,29.0,25028.0,25057.0,0,,496,3837,02/14/2024 10:33:30
567,567,MiraFlex 1,Running,2024-02-14 10:33:30,2024-02-14 10:42:03,0 days 00:08:33,1632037708.0,25057.0,1632062765.0,1,,496,0,02/14/2024 10:42:03
568,568,MiraFlex 1,Stop,2024-02-14 10:42:03,2024-02-14 10:55:54,0 days 00:13:51,-1632060866.0,1632062765.0,1899.0,0,,0,0,02/14/2024 10:55:54
569,569,MiraFlex 1,Running,2024-02-14 10:55:54,2024-02-14 10:58:28,0 days 00:02:34,1632062684.0,1899.0,1632064583.0,1,,506,0,02/14/2024 10:58:28
570,570,MiraFlex 1,Stop,2024-02-14 10:58:28,2024-02-14 10:58:54,0 days 00:00:26,-1632061416.0,1632064583.0,3167.0,0,,506,3877,02/14/2024 10:58:54
571,571,MiraFlex 1,Running,2024-02-14 10:58:54,2024-02-14 11:14:26,0 days 00:15:32,1632061222.0,3167.0,1632064389.0,1,,506,0,02/14/2024 11:14:26
572,572,MiraFlex 1,Stop,2024-02-14 11:14:26,2024-02-14 11:27:14,0 days 00:12:48,-1632054536.0,1632064389.0,9853.0,0,,506,3878,02/14/2024 11:27:14
573,573,MiraFlex 1,Running,2024-02-14 11:27:14,2024-02-14 11:38:04,0 days 00:10:50,3767.0,9853.0,13620.0,1,,506,0,02/14/2024 11:38:04
574,574,MiraFlex 1,Stop,2024-02-14 11:38:04,2024-02-14 12:03:55,0 days 00:25:51,54.0,13620.0,13674.0,0,,506,3879,02/14/2024 12:03:55
575,575,MiraFlex 1,Running,2024-02-14 12:03:55,2024-02-14 12:04:16,0 days 00:00:21,33.0,13674.0,13707.0,1,,506,0,02/14/2024 12:04:16
576,576,MiraFlex 1,Stop,2024-02-14 12:04:16,2024-02-14 12:16:44,0 days 00:12:28,230.0,13707.0,13937.0,0,,506,3880,02/14/2024 12:16:44
577,577,MiraFlex 1,Running,2024-02-14 12:16:44,2024-02-14 12:30:29,0 days 00:13:45,5704.0,13937.0,19641.0,1,,506,0,02/14/2024 12:30:29
578,578,MiraFlex 1,Stop,2024-02-14 12:30:29,2024-02-14 12:36:25,0 days 00:05:56,14.0,19641.0,19655.0,0,,506,3881,02/14/2024 12:36:25
579,579,MiraFlex 1,Running,2024-02-14 12:36:25,2024-02-14 12:41:07,0 days 00:04:42,1632044734.0,19655.0,1632064389.0,1,,506,0,02/14/2024 12:41:07
580,580,MiraFlex 1,Stop,2024-02-14 12:41:07,2024-02-14 12:41:29,0 days 00:00:22,-1632042606.0,1632064389.0,21783.0,0,,506,3882,02/14/2024 12:41:29
581,581,MiraFlex 1,Running,2024-02-14 12:41:29,2024-02-14 12:44:06,0 days 00:02:37,1047.0,21783.0,22830.0,1,,506,0,02/14/2024 12:44:06
582,582,MiraFlex 1,Stop,2024-02-14 12:44:06,2024-02-14 12:51:25,0 days 00:07:19,7.0,22830.0,22837.0,0,,506,3883,02/14/2024 12:51:25
583,583,MiraFlex 1,Running,2024-02-14 12:51:25,2024-02-14 13:14:15,0 days 00:22:50,9642.0,22837.0,32479.0,1,,506,0,02/14/2024 13:14:15
584,584,MiraFlex 1,Stop,2024-02-14 13:14:15,2024-02-14 13:43:36,0 days 00:29:21,56.0,32479.0,32535.0,0,,506,3884,02/14/2024 13:43:36
585,585,MiraFlex 1,Running,2024-02-14 13:43:36,2024-02-14 13:54:09,0 days 00:10:33,4396.0,32535.0,36931.0,1,,506,0,02/14/2024 13:54:09
586,586,MiraFlex 1,Stop,2024-02-14 13:54:09,2024-02-14 14:37:45,0 days 00:43:36,43.0,36931.0,36974.0,0,,506,3885,02/14/2024 14:37:45
587,587,MiraFlex 1,Running,2024-02-14 14:37:45,2024-02-14 14:42:50,0 days 00:05:05,703.0,36974.0,37677.0,1,,506,0,02/14/2024 14:42:50
588,588,MiraFlex 1,Stop,2024-02-14 14:42:50,2024-02-14 15:35:50,0 days 00:53:00,-35810.0,37677.0,1867.0,0,,506,0,02/14/2024 15:35:50
589,589,MiraFlex 1,Running,2024-02-14 15:35:50,2024-02-14 15:36:36,0 days 00:00:46,117.0,1867.0,1984.0,1,,506,0,02/14/2024 15:36:36
590,590,MiraFlex 1,Stop,2024-02-14 15:36:36,2024-02-14 15:53:06,0 days 00:16:30,16.0,1984.0,2000.0,0,,506,3887,02/14/2024 15:53:06
591,591,MiraFlex 1,Running,2024-02-14 15:53:06,2024-02-14 15:54:30,0 days 00:01:24,241.0,2000.0,2241.0,1,,506,0,02/14/2024 15:54:30
592,592,MiraFlex 1,Stop,2024-02-14 15:54:30,2024-02-14 15:54:51,0 days 00:00:21,95.0,2241.0,2336.0,0,,506,3888,02/14/2024 15:54:51
593,593,MiraFlex 1,Running,2024-02-14 15:54:51,2024-02-14 15:55:16,0 days 00:00:25,160.0,2336.0,2496.0,1,,506,0,02/14/2024 15:55:16
594,594,MiraFlex 1,Stop,2024-02-14 15:55:16,2024-02-14 16:27:18,0 days 00:32:02,54.0,2496.0,2550.0,0,,506,3889,02/14/2024 16:27:18
595,595,MiraFlex 1,Running,2024-02-14 16:27:18,2024-02-14 16:28:21,0 days 00:01:03,1632062033.0,2550.0,1632064583.0,1,,506,0,02/14/2024 16:28:21
596,596,MiraFlex 1,Stop,2024-02-14 16:28:21,2024-02-14 16:28:46,0 days 00:00:25,-1632061452.0,1632064583.0,3131.0,0,,506,3890,02/14/2024 16:28:46
597,597,MiraFlex 1,Running,2024-02-14 16:28:46,2024-02-14 16:35:19,0 days 00:06:33,2671.0,3131.0,5802.0,1,,506,0,02/14/2024 16:35:19
598,598,MiraFlex 1,Stop,2024-02-14 16:35:19,2024-02-14 16:48:40,0 days 00:13:21,1.0,5802.0,5803.0,0,,506,3891,02/14/2024 16:48:40
599,599,MiraFlex 1,Running,2024-02-14 16:48:40,2024-02-14 16:54:28,0 days 00:05:48,2416.0,5803.0,8219.0,1,,506,0,02/14/2024 16:54:28
600,600,MiraFlex 1,Stop,2024-02-14 16:54:28,2024-02-14 17:02:48,0 days 00:08:20,65.0,8219.0,8284.0,0,,506,3892,02/14/2024 17:02:48
601,601,MiraFlex 1,Running,2024-02-14 17:02:48,2024-02-14 17:11:50,0 days 00:09:02,1632056105.0,8284.0,1632064389.0,1,,506,0,02/14/2024 17:11:50
602,602,MiraFlex 1,Stop,2024-02-14 17:11:50,2024-02-14 17:12:11,0 days 00:00:21,-1632052140.0,1632064389.0,12249.0,0,,506,3893,02/14/2024 17:12:11
603,603,MiraFlex 1,Running,2024-02-14 17:12:11,2024-02-14 17:32:58,0 days 00:20:47,8849.0,12249.0,21098.0,1,,506,0,02/14/2024 17:32:58
604,604,MiraFlex 1,Stop,2024-02-14 17:32:58,2024-02-14 17:33:40,0 days 00:00:42,30.0,21098.0,21128.0,0,,506,3894,02/14/2024 17:33:40
605,605,MiraFlex 1,Running,2024-02-14 17:33:40,2024-02-14 17:36:58,0 days 00:03:18,513.0,21128.0,21641.0,1,,506,0,02/14/2024 17:36:58
606,606,MiraFlex 1,Stop,2024-02-14 17:36:58,2024-02-14 18:01:58,0 days 00:25:00,52.0,21641.0,21693.0,0,,506,3895,02/14/2024 18:01:58
607,607,MiraFlex 1,Running,2024-02-14 18:01:58,2024-02-14 18:18:37,0 days 00:16:39,7023.0,21693.0,28716.0,1,,506,0,02/14/2024 18:18:37
608,608,MiraFlex 1,Stop,2024-02-14 18:18:37,2024-02-14 18:30:17,0 days 00:11:40,175.0,28716.0,28891.0,0,,506,3896,02/14/2024 18:30:17
609,609,MiraFlex 1,Running,2024-02-14 18:30:17,2024-02-14 18:43:17,0 days 00:13:00,5359.0,28891.0,34250.0,1,,506,0,02/14/2024 18:43:17
610,610,MiraFlex 1,Stop,2024-02-14 18:43:17,2024-02-14 18:53:47,0 days 00:10:30,15.0,34250.0,34265.0,0,,506,3897,02/14/2024 18:53:47
611,611,MiraFlex 1,Running,2024-02-14 18:53:47,2024-02-14 18:56:00,0 days 00:02:13,290.0,34265.0,34555.0,1,,506,0,02/14/2024 18:56:00
612,612,MiraFlex 1,Stop,2024-02-14 18:56:00,2024-02-14 19:03:39,0 days 00:07:39,14.0,34555.0,34569.0,0,,506,3898,02/14/2024 19:03:39
613,613,MiraFlex 1,Running,2024-02-14 19:03:39,2024-02-14 19:26:59,0 days 00:23:20,9869.0,34569.0,44438.0,1,,506,0,02/14/2024 19:26:59
614,614,MiraFlex 1,Stop,2024-02-14 19:26:59,2024-02-14 19:52:20,0 days 00:25:21,39.0,44438.0,44477.0,0,,506,3899,02/14/2024 19:52:20
615,615,MiraFlex 1,Running,2024-02-14 19:52:20,2024-02-14 20:05:48,0 days 00:13:28,5682.0,44477.0,50159.0,1,,506,0,02/14/2024 20:05:48
616,616,MiraFlex 1,Stop,2024-02-14 20:05:48,2024-02-14 20:10:30,0 days 00:04:42,67.0,50159.0,50226.0,0,,506,3900,02/14/2024 20:10:30
617,617,MiraFlex 1,Running,2024-02-14 20:10:30,2024-02-14 20:23:53,0 days 00:13:23,5627.0,50226.0,55853.0,1,,506,0,02/14/2024 20:23:53
618,618,MiraFlex 1,Stop,2024-02-14 20:23:53,2024-02-14 21:03:29,0 days 00:39:36,34.0,55853.0,55887.0,0,,506,3901,02/14/2024 21:03:29
619,619,MiraFlex 1,Running,2024-02-14 21:03:29,2024-02-14 21:09:42,0 days 00:06:13,1632008502.0,55887.0,1632064389.0,1,,506,0,02/14/2024 21:09:42
620,620,MiraFlex 1,Stop,2024-02-14 21:09:42,2024-02-14 21:10:03,0 days 00:00:21,-1632005737.0,1632064389.0,58652.0,0,,506,3902,02/14/2024 21:10:03
621,621,MiraFlex 1,Running,2024-02-14 21:10:03,2024-02-14 21:12:13,0 days 00:02:10,923.0,58652.0,59575.0,1,,506,0,02/14/2024 21:12:13
622,622,MiraFlex 1,Stop,2024-02-14 21:12:13,2024-02-14 21:38:01,0 days 00:25:48,16.0,59575.0,59591.0,0,,506,3903,02/14/2024 21:38:01
623,623,MiraFlex 1,Running,2024-02-14 21:38:01,2024-02-14 21:39:30,0 days 00:01:29,229.0,59591.0,59820.0,1,,506,0,02/14/2024 21:39:30
624,624,MiraFlex 1,Stop,2024-02-14 21:39:30,2024-02-14 21:51:59,0 days 00:12:29,108.0,59820.0,59928.0,0,,506,3904,02/14/2024 21:51:59
625,625,MiraFlex 1,Running,2024-02-14 21:51:59,2024-02-14 22:23:19,0 days 00:31:20,13182.0,59928.0,73110.0,1,,506,0,02/14/2024 22:23:19
626,626,MiraFlex 1,Stop,2024-02-14 22:23:19,2024-02-14 22:33:49,0 days 00:10:30,58.0,73110.0,73168.0,0,,506,3905,02/14/2024 22:33:49
627,627,MiraFlex 1,Running,2024-02-14 22:33:49,2024-02-14 22:39:14,0 days 00:05:25,1631991221.0,73168.0,1632064389.0,1,,506,0,02/14/2024 22:39:14
628,628,MiraFlex 1,Stop,2024-02-14 22:39:14,2024-02-14 22:39:39,0 days 00:00:25,-1631988740.0,1632064389.0,75649.0,0,,506,3906,02/14/2024 22:39:39
629,629,MiraFlex 1,Running,2024-02-14 22:39:39,2024-02-14 22:42:32,0 days 00:02:53,1075.0,75649.0,76724.0,1,,506,0,02/14/2024 22:42:32
630,630,MiraFlex 1,Stop,2024-02-14 22:42:32,2024-02-14 22:46:53,0 days 00:04:21,93.0,76724.0,76817.0,0,,506,3907,02/14/2024 22:46:53
631,631,MiraFlex 1,Running,2024-02-14 22:46:53,2024-02-14 22:50:12,0 days 00:03:19,1286.0,76817.0,78103.0,1,,506,0,02/14/2024 22:50:12
632,632,MiraFlex 1,Stop,2024-02-14 22:50:12,2024-02-15 00:21:40,0 days 01:31:28,-879.0,78103.0,77224.0,0,,506,0,02/15/2024 00:21:40
633,633,MiraFlex 1,Running,2024-02-15 00:21:40,2024-02-15 00:25:50,0 days 00:04:10,512.0,77224.0,77736.0,1,,506,0,02/15/2024 00:25:50
634,634,MiraFlex 1,Stop,2024-02-15 00:25:50,2024-02-15 00:38:51,0 days 00:13:01,35.0,77736.0,77771.0,0,,506,3953,02/15/2024 00:38:51
635,635,MiraFlex 1,Running,2024-02-15 00:38:51,2024-02-15 00:39:35,0 days 00:00:44,236.0,77771.0,78007.0,1,,506,0,02/15/2024 00:39:35
636,636,MiraFlex 1,Stop,2024-02-15 00:39:35,2024-02-15 00:46:02,0 days 00:06:27,52.0,78007.0,78059.0,0,,506,3954,02/15/2024 00:46:02
637,637,MiraFlex 1,Running,2024-02-15 00:46:02,2024-02-15 01:26:11,0 days 00:40:09,15905.0,78059.0,93964.0,1,,506,0,02/15/2024 01:26:11
638,638,MiraFlex 1,Stop,2024-02-15 01:26:11,2024-02-15 01:28:31,0 days 00:02:20,20.0,93964.0,93984.0,0,,506,3955,02/15/2024 01:28:31
639,639,MiraFlex 1,Running,2024-02-15 01:28:31,2024-02-15 01:32:55,0 days 00:04:24,1694.0,93984.0,95678.0,1,,506,0,02/15/2024 01:32:55
640,640,MiraFlex 1,Stop,2024-02-15 01:32:55,2024-02-15 02:56:45,0 days 01:23:50,1.0,95678.0,95679.0,0,,506,3956,02/15/2024 02:56:45
641,641,MiraFlex 1,Running,2024-02-15 02:56:45,2024-02-15 02:58:22,0 days 00:01:37,406.0,95679.0,96085.0,1,,506,0,02/15/2024 02:58:22
642,642,MiraFlex 1,Stop,2024-02-15 02:58:22,2024-02-15 03:00:13,0 days 00:01:51,56.0,96085.0,96141.0,0,,506,3957,02/15/2024 03:00:13
643,643,MiraFlex 1,Running,2024-02-15 03:00:13,2024-02-15 03:14:53,0 days 00:14:40,5810.0,96141.0,101951.0,1,,506,0,02/15/2024 03:14:53
644,644,MiraFlex 1,Stop,2024-02-15 03:14:53,2024-02-15 03:37:42,0 days 00:22:49,9.0,101951.0,101960.0,0,,506,3958,02/15/2024 03:37:42
645,645,MiraFlex 1,Running,2024-02-15 03:37:42,2024-02-15 03:45:16,0 days 00:07:34,1631961520.0,101960.0,1632063480.0,1,,506,0,02/15/2024 03:45:16
646,646,MiraFlex 1,Stop,2024-02-15 03:45:16,2024-02-15 03:45:42,0 days 00:00:26,-1631960960.0,1632063480.0,102520.0,0,,506,3959,02/15/2024 03:45:42
647,647,MiraFlex 1,Running,2024-02-15 03:45:42,2024-02-15 03:51:26,0 days 00:05:44,834.0,102520.0,103354.0,1,,506,0,02/15/2024 03:51:26
648,648,MiraFlex 1,Stop,2024-02-15 03:51:26,2024-02-15 04:07:34,0 days 00:16:08,61.0,103354.0,103415.0,0,,506,3960,02/15/2024 04:07:34
649,649,MiraFlex 1,Running,2024-02-15 04:07:34,2024-02-15 04:15:35,0 days 00:08:01,1631960065.0,103415.0,1632063480.0,1,,506,0,02/15/2024 04:15:35
650,650,MiraFlex 1,Stop,2024-02-15 04:15:35,2024-02-15 04:15:57,0 days 00:00:22,-1631956720.0,1632063480.0,106760.0,0,,506,3961,02/15/2024 04:15:57
651,651,MiraFlex 1,Running,2024-02-15 04:15:57,2024-02-15 04:18:16,0 days 00:02:19,1631956720.0,106760.0,1632063480.0,1,,506,0,02/15/2024 04:18:16
652,652,MiraFlex 1,Stop,2024-02-15 04:18:16,2024-02-15 04:18:42,0 days 00:00:26,-1631955583.0,1632063480.0,107897.0,0,,506,3962,02/15/2024 04:18:42
653,653,MiraFlex 1,Running,2024-02-15 04:18:42,2024-02-15 04:19:26,0 days 00:00:44,231.0,107897.0,108128.0,1,,506,0,02/15/2024 04:19:26
654,654,MiraFlex 1,Stop,2024-02-15 04:19:26,2024-02-15 04:34:55,0 days 00:15:29,33.0,108128.0,108161.0,0,,506,3963,02/15/2024 04:34:55
655,655,MiraFlex 1,Running,2024-02-15 04:34:55,2024-02-15 04:56:27,0 days 00:21:32,8513.0,108161.0,116674.0,1,,506,0,02/15/2024 04:56:27
656,656,MiraFlex 1,Stop,2024-02-15 04:56:27,2024-02-15 05:08:53,0 days 00:12:26,6.0,116674.0,116680.0,0,,506,3964,02/15/2024 05:08:53
657,657,MiraFlex 1,Running,2024-02-15 05:08:53,2024-02-15 05:14:15,0 days 00:05:22,2084.0,116680.0,118764.0,1,,506,0,02/15/2024 05:14:15
658,658,MiraFlex 1,Stop,2024-02-15 05:14:15,2024-02-15 05:48:25,0 days 00:34:10,67.0,118764.0,118831.0,0,,506,3965,02/15/2024 05:48:25
659,659,MiraFlex 1,Running,2024-02-15 05:48:25,2024-02-15 05:55:47,0 days 00:07:22,2906.0,118831.0,121737.0,1,,506,0,02/15/2024 05:55:47
660,660,MiraFlex 1,Stop,2024-02-15 05:55:47,2024-02-15 06:14:23,0 days 00:18:36,126.0,121737.0,121863.0,0,,506,3966,02/15/2024 06:14:23
661,661,MiraFlex 1,Running,2024-02-15 06:14:23,2024-02-15 06:15:33,0 days 00:01:10,261.0,121863.0,122124.0,1,,506,0,02/15/2024 06:15:33
662,662,MiraFlex 1,Stop,2024-02-15 06:15:33,2024-02-15 06:17:03,0 days 00:01:30,38.0,122124.0,122162.0,0,,506,3967,02/15/2024 06:17:03
663,663,MiraFlex 1,Running,2024-02-15 06:17:03,2024-02-15 06:20:33,0 days 00:03:30,1348.0,122162.0,123510.0,1,,506,0,02/15/2024 06:20:33
664,664,MiraFlex 1,Stop,2024-02-15 06:20:33,2024-02-15 06:23:23,0 days 00:02:50,57.0,123510.0,123567.0,0,,506,3968,02/15/2024 06:23:23
665,665,MiraFlex 1,Running,2024-02-15 06:23:23,2024-02-15 06:29:14,0 days 00:05:51,1631939913.0,123567.0,1632063480.0,1,,506,0,02/15/2024 06:29:14
666,666,MiraFlex 1,Stop,2024-02-15 06:29:14,2024-02-15 06:29:43,0 days 00:00:29,-1631937392.0,1632063480.0,126088.0,0,,506,3969,02/15/2024 06:29:43
667,667,MiraFlex 1,Running,2024-02-15 06:29:43,2024-02-15 06:50:53,0 days 00:21:10,8452.0,126088.0,134540.0,1,,506,0,02/15/2024 06:50:53
668,668,MiraFlex 1,Stop,2024-02-15 06:50:53,2024-02-15 09:20:46,0 days 02:29:53,-132705.0,134540.0,1835.0,0,,506,0,02/15/2024 09:20:46
669,669,MiraFlex 1,Running,2024-02-15 09:20:46,2024-02-15 09:30:29,0 days 00:09:43,1632062554.0,1835.0,1632064389.0,1,,506,0,02/15/2024 09:30:29
670,670,MiraFlex 1,Stop,2024-02-15 09:30:29,2024-02-15 09:30:55,0 days 00:00:26,-1632061839.0,1632064389.0,2550.0,0,,506,3909,02/15/2024 09:30:55
671,671,MiraFlex 1,Running,2024-02-15 09:30:55,2024-02-15 09:34:29,0 days 00:03:34,1632062033.0,2550.0,1632064583.0,1,,506,0,02/15/2024 09:34:29
672,672,MiraFlex 1,Stop,2024-02-15 09:34:29,2024-02-15 09:40:45,0 days 00:06:16,-1632061652.0,1632064583.0,2931.0,0,,506,3910,02/15/2024 09:40:45
673,673,MiraFlex 1,Running,2024-02-15 09:40:45,2024-02-15 09:46:28,0 days 00:05:43,929.0,2931.0,3860.0,1,,506,0,02/15/2024 09:46:28
674,674,MiraFlex 1,Stop,2024-02-15 09:46:28,2024-02-15 10:30:45,0 days 00:44:17,12.0,3860.0,3872.0,0,,506,3911,02/15/2024 10:30:45
675,675,MiraFlex 1,Running,2024-02-15 10:30:45,2024-02-15 10:34:45,0 days 00:04:00,531.0,3872.0,4403.0,1,,506,0,02/15/2024 10:34:45
676,676,MiraFlex 1,Stop,2024-02-15 10:34:45,2024-02-15 10:45:15,0 days 00:10:30,104.0,4403.0,4507.0,0,,506,3912,02/15/2024 10:45:15
677,677,MiraFlex 1,Running,2024-02-15 10:45:15,2024-02-15 10:45:36,0 days 00:00:21,100.0,4507.0,4607.0,1,,506,0,02/15/2024 10:45:36
678,678,MiraFlex 1,Stop,2024-02-15 10:45:36,2024-02-15 11:40:10,0 days 00:54:34,3.0,4607.0,4610.0,0,,506,3913,02/15/2024 11:40:10
679,679,MiraFlex 1,Running,2024-02-15 11:40:10,2024-02-15 11:43:07,0 days 00:02:57,405.0,4610.0,5015.0,1,,506,0,02/15/2024 11:43:07
680,680,MiraFlex 1,Stop,2024-02-15 11:43:07,2024-02-15 11:48:56,0 days 00:05:49,39.0,5015.0,5054.0,0,,506,3914,02/15/2024 11:48:56
681,681,MiraFlex 1,Running,2024-02-15 11:48:56,2024-02-15 11:49:39,0 days 00:00:43,126.0,5054.0,5180.0,1,,506,0,02/15/2024 11:49:39
682,682,MiraFlex 1,Stop,2024-02-15 11:49:39,2024-02-15 11:56:31,0 days 00:06:52,70.0,5180.0,5250.0,0,,506,3915,02/15/2024 11:56:31
683,683,MiraFlex 1,Running,2024-02-15 11:56:31,2024-02-15 12:01:16,0 days 00:04:45,1814.0,5250.0,7064.0,1,,506,0,02/15/2024 12:01:16
684,684,MiraFlex 1,Stop,2024-02-15 12:01:16,2024-02-15 12:08:49,0 days 00:07:33,37.0,7064.0,7101.0,0,,506,3916,02/15/2024 12:08:49
685,685,MiraFlex 1,Running,2024-02-15 12:08:49,2024-02-15 12:16:26,0 days 00:07:37,2982.0,7101.0,10083.0,1,,506,0,02/15/2024 12:16:26
686,686,MiraFlex 1,Stop,2024-02-15 12:16:26,2024-02-15 12:23:18,0 days 00:06:52,194.0,10083.0,10277.0,0,,506,3917,02/15/2024 12:23:18
687,687,MiraFlex 1,Running,2024-02-15 12:23:18,2024-02-15 12:37:26,0 days 00:14:08,5512.0,10277.0,15789.0,1,,506,0,02/15/2024 12:37:26
688,688,MiraFlex 1,Stop,2024-02-15 12:37:26,2024-02-15 13:13:47,0 days 00:36:21,11.0,15789.0,15800.0,0,,506,3918,02/15/2024 13:13:47
689,689,MiraFlex 1,Running,2024-02-15 13:13:47,2024-02-15 13:15:17,0 days 00:01:30,454.0,15800.0,16254.0,1,,506,0,02/15/2024 13:15:17
690,690,MiraFlex 1,Stop,2024-02-15 13:15:17,2024-02-15 13:30:20,0 days 00:15:03,4.0,16254.0,16258.0,0,,506,3919,02/15/2024 13:30:20
691,691,MiraFlex 1,Running,2024-02-15 13:30:20,2024-02-15 13:49:31,0 days 00:19:11,7629.0,16258.0,23887.0,1,,506,0,02/15/2024 13:49:31
692,692,MiraFlex 1,Stop,2024-02-15 13:49:31,2024-02-15 13:54:39,0 days 00:05:08,13.0,23887.0,23900.0,0,,506,3920,02/15/2024 13:54:39
693,693,MiraFlex 1,Running,2024-02-15 13:54:39,2024-02-15 14:16:10,0 days 00:21:31,8528.0,23900.0,32428.0,1,,506,0,02/15/2024 14:16:10
694,694,MiraFlex 1,Stop,2024-02-15 14:16:10,2024-02-15 14:23:01,0 days 00:06:51,-31194.0,32428.0,1234.0,0,,506,0,02/15/2024 14:23:01
695,695,MiraFlex 1,Running,2024-02-15 14:23:01,2024-02-15 14:23:22,0 days 00:00:21,13.0,1234.0,1247.0,1,,0,0,02/15/2024 14:23:22
696,696,MiraFlex 1,Stop,2024-02-15 14:23:22,2024-02-15 14:24:29,0 days 00:01:07,118.0,1247.0,1365.0,0,,0,0,02/15/2024 14:24:29
697,697,MiraFlex 1,Running,2024-02-15 14:24:29,2024-02-15 14:27:00,0 days 00:02:31,1632062634.0,1365.0,1632063999.0,1,,0,0,02/15/2024 14:27:00
698,698,MiraFlex 1,Stop,2024-02-15 14:27:00,2024-02-15 14:27:21,0 days 00:00:21,-1632061497.0,1632063999.0,2502.0,0,,0,0,02/15/2024 14:27:21
699,699,MiraFlex 1,Running,2024-02-15 14:27:21,2024-02-15 14:32:27,0 days 00:05:06,2022.0,2502.0,4524.0,1,,0,0,02/15/2024 14:32:27
700,700,MiraFlex 1,Stop,2024-02-15 14:32:27,2024-02-15 15:38:59,0 days 01:06:32,-2041.0,4524.0,2483.0,0,,0,0,02/15/2024 15:38:59
701,701,MiraFlex 1,Running,2024-02-15 15:38:59,2024-02-15 15:44:22,0 days 00:05:23,504.0,2483.0,2987.0,1,,507,0,02/15/2024 15:44:22
702,702,MiraFlex 1,Stop,2024-02-15 15:44:22,2024-02-15 15:51:19,0 days 00:06:57,5.0,2987.0,2992.0,0,,507,4003,02/15/2024 15:51:19
703,703,MiraFlex 1,Running,2024-02-15 15:51:19,2024-02-15 16:05:03,0 days 00:13:44,5376.0,2992.0,8368.0,1,,507,0,02/15/2024 16:05:03
704,704,MiraFlex 1,Stop,2024-02-15 16:05:03,2024-02-15 16:26:03,0 days 00:21:00,60.0,8368.0,8428.0,0,,507,4004,02/15/2024 16:26:03
705,705,MiraFlex 1,Running,2024-02-15 16:26:03,2024-02-15 16:26:28,0 days 00:00:25,130.0,8428.0,8558.0,1,,507,0,02/15/2024 16:26:28
706,706,MiraFlex 1,Stop,2024-02-15 16:26:28,2024-02-15 16:36:12,0 days 00:09:44,45.0,8558.0,8603.0,0,,507,4005,02/15/2024 16:36:12
707,707,MiraFlex 1,Running,2024-02-15 16:36:12,2024-02-15 16:36:33,0 days 00:00:21,92.0,8603.0,8695.0,1,,507,0,02/15/2024 16:36:33
708,708,MiraFlex 1,Stop,2024-02-15 16:36:33,2024-02-15 16:54:18,0 days 00:17:45,30.0,8695.0,8725.0,0,,507,4006,02/15/2024 16:54:18
709,709,MiraFlex 1,Running,2024-02-15 16:54:18,2024-02-15 17:03:22,0 days 00:09:04,3586.0,8725.0,12311.0,1,,507,0,02/15/2024 17:03:22
710,710,MiraFlex 1,Stop,2024-02-15 17:03:22,2024-02-15 17:13:09,0 days 00:09:47,45.0,12311.0,12356.0,0,,507,4007,02/15/2024 17:13:09
711,711,MiraFlex 1,Running,2024-02-15 17:13:09,2024-02-15 18:01:44,0 days 00:48:35,1632052683.0,12356.0,1632065039.0,1,,507,0,02/15/2024 18:01:44
712,712,MiraFlex 1,Stop,2024-02-15 18:01:44,2024-02-15 18:02:09,0 days 00:00:25,-1632033018.0,1632065039.0,32021.0,0,,507,4008,02/15/2024 18:02:09
713,713,MiraFlex 1,Running,2024-02-15 18:02:09,2024-02-15 18:05:01,0 days 00:02:52,1012.0,32021.0,33033.0,1,,507,0,02/15/2024 18:05:01
714,714,MiraFlex 1,Stop,2024-02-15 18:05:01,2024-02-15 18:52:41,0 days 00:47:40,2.0,33033.0,33035.0,0,,507,4009,02/15/2024 18:52:41
715,715,MiraFlex 1,Running,2024-02-15 18:52:41,2024-02-15 18:53:23,0 days 00:00:42,137.0,33035.0,33172.0,1,,507,0,02/15/2024 18:53:23
716,716,MiraFlex 1,Stop,2024-02-15 18:53:23,2024-02-15 19:00:14,0 days 00:06:51,34.0,33172.0,33206.0,0,,507,4010,02/15/2024 19:00:14
717,717,MiraFlex 1,Running,2024-02-15 19:00:14,2024-02-15 20:16:55,0 days 01:16:41,30653.0,33206.0,63859.0,1,,507,0,02/15/2024 20:16:55
718,718,MiraFlex 1,Stop,2024-02-15 20:16:55,2024-02-15 21:17:51,0 days 01:00:56,17.0,63859.0,63876.0,0,,507,4011,02/15/2024 21:17:51
719,719,MiraFlex 1,Running,2024-02-15 21:17:51,2024-02-15 21:24:23,0 days 00:06:32,750.0,63876.0,64626.0,1,,507,0,02/15/2024 21:24:23
720,720,MiraFlex 1,Stop,2024-02-15 21:24:23,2024-02-15 21:31:14,0 days 00:06:51,27.0,64626.0,64653.0,0,,507,4012,02/15/2024 21:31:14
721,721,MiraFlex 1,Running,2024-02-15 21:31:14,2024-02-15 21:32:22,0 days 00:01:08,191.0,64653.0,64844.0,1,,507,0,02/15/2024 21:32:22
722,722,MiraFlex 1,Stop,2024-02-15 21:32:22,2024-02-15 21:46:43,0 days 00:14:21,4.0,64844.0,64848.0,0,,507,4013,02/15/2024 21:46:43
723,723,MiraFlex 1,Running,2024-02-15 21:46:43,2024-02-15 21:49:36,0 days 00:02:53,341.0,64848.0,65189.0,1,,507,0,02/15/2024 21:49:36
724,724,MiraFlex 1,Stop,2024-02-15 21:49:36,2024-02-15 22:01:12,0 days 00:11:36,3.0,65189.0,65192.0,0,,507,4014,02/15/2024 22:01:12
725,725,MiraFlex 1,Running,2024-02-15 22:01:12,2024-02-15 22:04:25,0 days 00:03:13,1079.0,65192.0,66271.0,1,,507,0,02/15/2024 22:04:25
726,726,MiraFlex 1,Stop,2024-02-15 22:04:25,2024-02-15 22:54:04,0 days 00:49:39,37.0,66271.0,66308.0,0,,507,4015,02/15/2024 22:54:04
727,727,MiraFlex 1,Running,2024-02-15 22:54:04,2024-02-15 22:55:32,0 days 00:01:28,273.0,66308.0,66581.0,1,,507,0,02/15/2024 22:55:32
728,728,MiraFlex 1,Stop,2024-02-15 22:55:32,2024-02-15 23:21:46,0 days 00:26:14,-1224.0,66581.0,65357.0,0,,507,0,02/15/2024 23:21:46
729,729,MiraFlex 1,Running,2024-02-15 23:21:46,2024-02-15 23:25:16,0 days 00:03:30,1133.0,65357.0,66490.0,1,,507,0,02/15/2024 23:25:16
730,730,MiraFlex 1,Stop,2024-02-15 23:25:16,2024-02-15 23:33:25,0 days 00:08:09,89.0,66490.0,66579.0,0,,507,3922,02/15/2024 23:33:25
731,731,MiraFlex 1,Running,2024-02-15 23:33:25,2024-02-16 00:10:46,0 days 00:37:21,14918.0,66579.0,81497.0,1,,507,0,02/16/2024 00:10:46
732,732,MiraFlex 1,Stop,2024-02-16 00:10:46,2024-02-16 00:16:24,0 days 00:05:38,9.0,81497.0,81506.0,0,,507,3923,02/16/2024 00:16:24
733,733,MiraFlex 1,Running,2024-02-16 00:16:24,2024-02-16 00:24:12,0 days 00:07:48,2959.0,81506.0,84465.0,1,,507,0,02/16/2024 00:24:12
734,734,MiraFlex 1,Stop,2024-02-16 00:24:12,2024-02-16 00:28:02,0 days 00:03:50,51.0,84465.0,84516.0,0,,507,3924,02/16/2024 00:28:02
735,735,MiraFlex 1,Running,2024-02-16 00:28:02,2024-02-16 00:40:12,0 days 00:12:10,4778.0,84516.0,89294.0,1,,507,0,02/16/2024 00:40:12
736,736,MiraFlex 1,Stop,2024-02-16 00:40:12,2024-02-16 02:21:43,0 days 01:41:31,30.0,89294.0,89324.0,0,,507,3925,02/16/2024 02:21:43
737,737,MiraFlex 1,Running,2024-02-16 02:21:43,2024-02-16 02:23:15,0 days 00:01:32,88.0,89324.0,89412.0,1,,507,0,02/16/2024 02:23:15
738,738,MiraFlex 1,Stop,2024-02-16 02:23:15,2024-02-16 02:27:06,0 days 00:03:51,19.0,89412.0,89431.0,0,,507,3926,02/16/2024 02:27:06
739,739,MiraFlex 1,Running,2024-02-16 02:27:06,2024-02-16 02:39:23,0 days 00:12:17,1940.0,89431.0,91371.0,1,,507,0,02/16/2024 02:39:23
740,740,MiraFlex 1,Stop,2024-02-16 02:39:23,2024-02-16 03:02:26,0 days 00:23:03,2.0,91371.0,91373.0,0,,507,3927,02/16/2024 03:02:26
741,741,MiraFlex 1,Running,2024-02-16 03:02:26,2024-02-16 03:05:34,0 days 00:03:08,751.0,91373.0,92124.0,1,,507,0,02/16/2024 03:05:34
742,742,MiraFlex 1,Stop,2024-02-16 03:05:34,2024-02-16 03:46:17,0 days 00:40:43,21.0,92124.0,92145.0,0,,507,3928,02/16/2024 03:46:17
743,743,MiraFlex 1,Running,2024-02-16 03:46:17,2024-02-16 03:46:38,0 days 00:00:21,56.0,92145.0,92201.0,1,,507,0,02/16/2024 03:46:38
744,744,MiraFlex 1,Stop,2024-02-16 03:46:38,2024-02-16 03:49:24,0 days 00:02:46,68.0,92201.0,92269.0,0,,507,3929,02/16/2024 03:49:24
745,745,MiraFlex 1,Running,2024-02-16 03:49:24,2024-02-16 03:49:46,0 days 00:00:22,16.0,92269.0,92285.0,1,,507,0,02/16/2024 03:49:46
746,746,MiraFlex 1,Stop,2024-02-16 03:49:46,2024-02-16 03:53:16,0 days 00:03:30,18.0,92285.0,92303.0,0,,507,3930,02/16/2024 03:53:16
747,747,MiraFlex 1,Running,2024-02-16 03:53:16,2024-02-16 03:54:04,0 days 00:00:48,85.0,92303.0,92388.0,1,,507,0,02/16/2024 03:54:04
748,748,MiraFlex 1,Stop,2024-02-16 03:54:04,2024-02-16 03:59:24,0 days 00:05:20,45.0,92388.0,92433.0,0,,507,3931,02/16/2024 03:59:24
749,749,MiraFlex 1,Running,2024-02-16 03:59:24,2024-02-16 03:59:46,0 days 00:00:22,50.0,92433.0,92483.0,1,,507,0,02/16/2024 03:59:46
750,750,MiraFlex 1,Stop,2024-02-16 03:59:46,2024-02-16 04:03:58,0 days 00:04:12,19.0,92483.0,92502.0,0,,507,3932,02/16/2024 04:03:58
751,751,MiraFlex 1,Running,2024-02-16 04:03:58,2024-02-16 04:12:28,0 days 00:08:30,3303.0,92502.0,95805.0,1,,507,0,02/16/2024 04:12:28
752,752,MiraFlex 1,Stop,2024-02-16 04:12:28,2024-02-16 04:22:26,0 days 00:09:58,49.0,95805.0,95854.0,0,,507,3933,02/16/2024 04:22:26
753,753,MiraFlex 1,Running,2024-02-16 04:22:26,2024-02-16 04:22:48,0 days 00:00:22,32.0,95854.0,95886.0,1,,507,0,02/16/2024 04:22:48
754,754,MiraFlex 1,Stop,2024-02-16 04:22:48,2024-02-16 04:24:46,0 days 00:01:58,18.0,95886.0,95904.0,0,,507,3934,02/16/2024 04:24:46
755,755,MiraFlex 1,Running,2024-02-16 04:24:46,2024-02-16 04:35:35,0 days 00:10:49,4248.0,95904.0,100152.0,1,,507,0,02/16/2024 04:35:35
756,756,MiraFlex 1,Stop,2024-02-16 04:35:35,2024-02-16 04:40:34,0 days 00:04:59,85.0,100152.0,100237.0,0,,507,3935,02/16/2024 04:40:34
757,757,MiraFlex 1,Running,2024-02-16 04:40:34,2024-02-16 04:41:17,0 days 00:00:43,148.0,100237.0,100385.0,1,,507,0,02/16/2024 04:41:17
758,758,MiraFlex 1,Stop,2024-02-16 04:41:17,2024-02-16 04:52:56,0 days 00:11:39,23.0,100385.0,100408.0,0,,507,3936,02/16/2024 04:52:56
759,759,MiraFlex 1,Running,2024-02-16 04:52:56,2024-02-16 04:53:18,0 days 00:00:22,99.0,100408.0,100507.0,1,,507,0,02/16/2024 04:53:18
760,760,MiraFlex 1,Stop,2024-02-16 04:53:18,2024-02-16 05:14:55,0 days 00:21:37,43.0,100507.0,100550.0,0,,507,3937,02/16/2024 05:14:55
761,761,MiraFlex 1,Running,2024-02-16 05:14:55,2024-02-16 05:15:17,0 days 00:00:22,91.0,100550.0,100641.0,1,,507,0,02/16/2024 05:15:17
762,762,MiraFlex 1,Stop,2024-02-16 05:15:17,2024-02-16 05:21:05,0 days 00:05:48,24.0,100641.0,100665.0,0,,507,3938,02/16/2024 05:21:05
763,763,MiraFlex 1,Running,2024-02-16 05:21:05,2024-02-16 05:21:49,0 days 00:00:44,128.0,100665.0,100793.0,1,,507,0,02/16/2024 05:21:49
764,764,MiraFlex 1,Stop,2024-02-16 05:21:49,2024-02-16 05:29:28,0 days 00:07:39,20.0,100793.0,100813.0,0,,507,3939,02/16/2024 05:29:28
765,765,MiraFlex 1,Running,2024-02-16 05:29:28,2024-02-16 05:34:30,0 days 00:05:02,1923.0,100813.0,102736.0,1,,507,0,02/16/2024 05:34:30
766,766,MiraFlex 1,Stop,2024-02-16 05:34:30,2024-02-16 05:39:35,0 days 00:05:05,26.0,102736.0,102762.0,0,,507,3940,02/16/2024 05:39:35
767,767,MiraFlex 1,Running,2024-02-16 05:39:35,2024-02-16 05:45:45,0 days 00:06:10,2468.0,102762.0,105230.0,1,,507,0,02/16/2024 05:45:45
768,768,MiraFlex 1,Stop,2024-02-16 05:45:45,2024-02-16 05:48:05,0 days 00:02:20,9.0,105230.0,105239.0,0,,507,3941,02/16/2024 05:48:05
769,769,MiraFlex 1,Running,2024-02-16 05:48:05,2024-02-16 05:52:39,0 days 00:04:34,1798.0,105239.0,107037.0,1,,507,0,02/16/2024 05:52:39
770,770,MiraFlex 1,Stop,2024-02-16 05:52:39,2024-02-16 08:44:57,0 days 02:52:18,-104505.0,107037.0,2532.0,0,,507,0,02/16/2024 08:44:57
771,771,MiraFlex 1,Running,2024-02-16 08:44:57,2024-02-16 08:45:18,0 days 00:00:21,10.0,2532.0,2542.0,1,,507,0,02/16/2024 08:45:18
772,772,MiraFlex 1,Stop,2024-02-16 08:45:18,2024-02-16 08:53:16,0 days 00:07:58,48.0,2542.0,2590.0,0,,507,3990,02/16/2024 08:53:16
773,773,MiraFlex 1,Running,2024-02-16 08:53:16,2024-02-16 09:01:32,0 days 00:08:16,1632062643.0,2590.0,1632065233.0,1,,507,0,02/16/2024 09:01:32
774,774,MiraFlex 1,Stop,2024-02-16 09:01:32,2024-02-16 09:02:17,0 days 00:00:45,-1632061665.0,1632065233.0,3568.0,0,,507,3991,02/16/2024 09:02:17
775,775,MiraFlex 1,Running,2024-02-16 09:02:17,2024-02-16 09:04:01,0 days 00:01:44,187.0,3568.0,3755.0,1,,507,0,02/16/2024 09:04:01
776,776,MiraFlex 1,Stop,2024-02-16 09:04:01,2024-02-16 09:10:18,0 days 00:06:17,28.0,3755.0,3783.0,0,,507,3992,02/16/2024 09:10:18
777,777,MiraFlex 1,Running,2024-02-16 09:10:18,2024-02-16 09:14:38,0 days 00:04:20,571.0,3783.0,4354.0,1,,507,0,02/16/2024 09:14:38
778,778,MiraFlex 1,Stop,2024-02-16 09:14:38,2024-02-16 10:00:58,0 days 00:46:20,28.0,4354.0,4382.0,0,,507,3993,02/16/2024 10:00:58
779,779,MiraFlex 1,Running,2024-02-16 10:00:58,2024-02-16 10:01:40,0 days 00:00:42,192.0,4382.0,4574.0,1,,507,0,02/16/2024 10:01:40
780,780,MiraFlex 1,Stop,2024-02-16 10:01:40,2024-02-16 10:50:49,0 days 00:49:09,49.0,4574.0,4623.0,0,,507,3994,02/16/2024 10:50:49
781,781,MiraFlex 1,Running,2024-02-16 10:50:49,2024-02-16 10:54:27,0 days 00:03:38,1358.0,4623.0,5981.0,1,,507,0,02/16/2024 10:54:27
782,782,MiraFlex 1,Stop,2024-02-16 10:54:27,2024-02-16 11:10:58,0 days 00:16:31,38.0,5981.0,6019.0,0,,507,3995,02/16/2024 11:10:58
783,783,MiraFlex 1,Running,2024-02-16 11:10:58,2024-02-16 11:13:08,0 days 00:02:10,691.0,6019.0,6710.0,1,,507,0,02/16/2024 11:13:08
784,784,MiraFlex 1,Stop,2024-02-16 11:13:08,2024-02-16 11:18:31,0 days 00:05:23,34.0,6710.0,6744.0,0,,507,3996,02/16/2024 11:18:31
785,785,MiraFlex 1,Running,2024-02-16 11:18:31,2024-02-16 11:18:58,0 days 00:00:27,72.0,6744.0,6816.0,1,,507,0,02/16/2024 11:18:58
786,786,MiraFlex 1,Stop,2024-02-16 11:18:58,2024-02-16 11:24:22,0 days 00:05:24,6.0,6816.0,6822.0,0,,507,3997,02/16/2024 11:24:22
787,787,MiraFlex 1,Running,2024-02-16 11:24:22,2024-02-16 11:44:01,0 days 00:19:39,7839.0,6822.0,14661.0,1,,507,0,02/16/2024 11:44:01
788,788,MiraFlex 1,Stop,2024-02-16 11:44:01,2024-02-16 11:53:29,0 days 00:09:28,7.0,14661.0,14668.0,0,,507,3998,02/16/2024 11:53:29
789,789,MiraFlex 1,Running,2024-02-16 11:53:29,2024-02-16 12:06:39,0 days 00:13:10,5129.0,14668.0,19797.0,1,,507,0,02/16/2024 12:06:39
790,790,MiraFlex 1,Stop,2024-02-16 12:06:39,2024-02-16 12:12:49,0 days 00:06:10,10.0,19797.0,19807.0,0,,507,3999,02/16/2024 12:12:49
791,791,MiraFlex 1,Running,2024-02-16 12:12:49,2024-02-16 12:17:52,0 days 00:05:03,1897.0,19807.0,21704.0,1,,507,0,02/16/2024 12:17:52
792,792,MiraFlex 1,Stop,2024-02-16 12:17:52,2024-02-16 12:26:48,0 days 00:08:56,146.0,21704.0,21850.0,0,,507,4000,02/16/2024 12:26:48
793,793,MiraFlex 1,Running,2024-02-16 12:26:48,2024-02-16 12:53:41,0 days 00:26:53,10702.0,21850.0,32552.0,1,,507,0,02/16/2024 12:53:41
794,794,MiraFlex 1,Stop,2024-02-16 12:53:41,2024-02-16 13:04:12,0 days 00:10:31,72.0,32552.0,32624.0,0,,507,4001,02/16/2024 13:04:12
795,795,MiraFlex 1,Running,2024-02-16 13:04:12,2024-02-16 13:16:32,0 days 00:12:20,4841.0,32624.0,37465.0,1,,507,0,02/16/2024 13:16:32
796,796,MiraFlex 1,Stop,2024-02-16 13:16:32,2024-02-16 15:13:13,0 days 01:56:41,-34997.0,37465.0,2468.0,0,,507,0,02/16/2024 15:13:13
797,797,MiraFlex 1,Running,2024-02-16 15:13:13,2024-02-16 15:16:10,0 days 00:02:57,1632062571.0,2468.0,1632065039.0,1,,507,0,02/16/2024 15:16:10
798,798,MiraFlex 1,Stop,2024-02-16 15:16:10,2024-02-16 15:16:31,0 days 00:00:21,-1632062338.0,1632065039.0,2701.0,0,,507,3971,02/16/2024 15:16:31
799,799,MiraFlex 1,Running,2024-02-16 15:16:31,2024-02-16 15:23:44,0 days 00:07:13,1632062532.0,2701.0,1632065233.0,1,,507,0,02/16/2024 15:23:44
800,800,MiraFlex 1,Stop,2024-02-16 15:23:44,2024-02-16 15:50:21,0 days 00:26:37,-1632061549.0,1632065233.0,3684.0,0,,507,3972,02/16/2024 15:50:21
801,801,MiraFlex 1,Running,2024-02-16 15:50:21,2024-02-16 15:51:24,0 days 00:01:03,242.0,3684.0,3926.0,1,,507,0,02/16/2024 15:51:24
802,802,MiraFlex 1,Stop,2024-02-16 15:51:24,2024-02-16 16:07:24,0 days 00:16:00,1.0,3926.0,3927.0,0,,507,3973,02/16/2024 16:07:24
803,803,MiraFlex 1,Running,2024-02-16 16:07:24,2024-02-16 16:08:52,0 days 00:01:28,414.0,3927.0,4341.0,1,,507,0,02/16/2024 16:08:52
804,804,MiraFlex 1,Stop,2024-02-16 16:08:52,2024-02-16 16:28:02,0 days 00:19:10,63.0,4341.0,4404.0,0,,507,3974,02/16/2024 16:28:02
805,805,MiraFlex 1,Running,2024-02-16 16:28:02,2024-02-16 16:29:51,0 days 00:01:49,663.0,4404.0,5067.0,1,,507,0,02/16/2024 16:29:51
806,806,MiraFlex 1,Stop,2024-02-16 16:29:51,2024-02-16 16:38:10,0 days 00:08:19,30.0,5067.0,5097.0,0,,507,3975,02/16/2024 16:38:10
807,807,MiraFlex 1,Running,2024-02-16 16:38:10,2024-02-16 16:43:54,0 days 00:05:44,2367.0,5097.0,7464.0,1,,507,0,02/16/2024 16:43:54
808,808,MiraFlex 1,Stop,2024-02-16 16:43:54,2024-02-16 16:47:32,0 days 00:03:38,25.0,7464.0,7489.0,0,,507,3976,02/16/2024 16:47:32
809,809,MiraFlex 1,Running,2024-02-16 16:47:32,2024-02-16 17:23:15,0 days 00:35:43,15064.0,7489.0,22553.0,1,,507,0,02/16/2024 17:23:15
810,810,MiraFlex 1,Stop,2024-02-16 17:23:15,2024-02-16 17:41:22,0 days 00:18:07,48.0,22553.0,22601.0,0,,507,3977,02/16/2024 17:41:22
811,811,MiraFlex 1,Running,2024-02-16 17:41:22,2024-02-16 17:44:34,0 days 00:03:12,1324.0,22601.0,23925.0,1,,507,0,02/16/2024 17:44:34
812,812,MiraFlex 1,Stop,2024-02-16 17:44:34,2024-02-16 17:48:55,0 days 00:04:21,16.0,23925.0,23941.0,0,,507,3978,02/16/2024 17:48:55
813,813,MiraFlex 1,Running,2024-02-16 17:48:55,2024-02-16 17:55:04,0 days 00:06:09,2605.0,23941.0,26546.0,1,,507,0,02/16/2024 17:55:04
814,814,MiraFlex 1,Stop,2024-02-16 17:55:04,2024-02-16 18:00:52,0 days 00:05:48,78.0,26546.0,26624.0,0,,507,3979,02/16/2024 18:00:52
815,815,MiraFlex 1,Running,2024-02-16 18:00:52,2024-02-16 18:07:23,0 days 00:06:31,2765.0,26624.0,29389.0,1,,507,0,02/16/2024 18:07:23
816,816,MiraFlex 1,Stop,2024-02-16 18:07:23,2024-02-16 19:40:05,0 days 01:32:42,15.0,29389.0,29404.0,0,,507,3980,02/16/2024 19:40:05
817,817,MiraFlex 1,Running,2024-02-16 19:40:05,2024-02-16 19:56:23,0 days 00:16:18,1931.0,29404.0,31335.0,1,,507,0,02/16/2024 19:56:23
818,818,MiraFlex 1,Stop,2024-02-16 19:56:23,2024-02-16 20:08:16,0 days 00:11:53,13.0,31335.0,31348.0,0,,507,3981,02/16/2024 20:08:16
819,819,MiraFlex 1,Running,2024-02-16 20:08:16,2024-02-16 20:08:37,0 days 00:00:21,1.0,31348.0,31349.0,1,,507,0,02/16/2024 20:08:37
820,820,MiraFlex 1,Stop,2024-02-16 20:08:37,2024-02-16 20:11:33,0 days 00:02:56,39.0,31349.0,31388.0,0,,507,3982,02/16/2024 20:11:33
821,821,MiraFlex 1,Running,2024-02-16 20:11:33,2024-02-16 20:11:54,0 days 00:00:21,19.0,31388.0,31407.0,1,,507,0,02/16/2024 20:11:54
822,822,MiraFlex 1,Stop,2024-02-16 20:11:54,2024-02-16 20:13:43,0 days 00:01:49,2.0,31407.0,31409.0,0,,507,3983,02/16/2024 20:13:43
823,823,MiraFlex 1,Running,2024-02-16 20:13:43,2024-02-16 20:15:53,0 days 00:02:10,453.0,31409.0,31862.0,1,,507,0,02/16/2024 20:15:53
824,824,MiraFlex 1,Stop,2024-02-16 20:15:53,2024-02-16 20:50:16,0 days 00:34:23,27.0,31862.0,31889.0,0,,507,3984,02/16/2024 20:50:16
825,825,MiraFlex 1,Running,2024-02-16 20:50:16,2024-02-16 20:52:05,0 days 00:01:49,390.0,31889.0,32279.0,1,,507,0,02/16/2024 20:52:05
826,826,MiraFlex 1,Stop,2024-02-16 20:52:05,2024-02-16 21:18:27,0 days 00:26:22,7.0,32279.0,32286.0,0,,507,3985,02/16/2024 21:18:27
827,827,MiraFlex 1,Running,2024-02-16 21:18:27,2024-02-16 21:22:06,0 days 00:03:39,513.0,32286.0,32799.0,1,,507,0,02/16/2024 21:22:06
828,828,MiraFlex 1,Stop,2024-02-16 21:22:06,2024-02-16 21:37:18,0 days 00:15:12,29.0,32799.0,32828.0,0,,507,3986,02/16/2024 21:37:18
829,829,MiraFlex 1,Running,2024-02-16 21:37:18,2024-02-16 21:38:46,0 days 00:01:28,284.0,32828.0,33112.0,1,,507,0,02/16/2024 21:38:46
830,830,MiraFlex 1,Stop,2024-02-16 21:38:46,2024-02-16 22:08:34,0 days 00:29:48,15.0,33112.0,33127.0,0,,507,3987,02/16/2024 22:08:34
831,831,MiraFlex 1,Running,2024-02-16 22:08:34,2024-02-16 22:19:48,0 days 00:11:14,4302.0,33127.0,37429.0,1,,507,0,02/16/2024 22:19:48
832,832,MiraFlex 1,Stop,2024-02-16 22:19:48,2024-02-16 22:46:57,0 days 00:27:09,2.0,37429.0,37431.0,0,,507,3988,02/16/2024 22:46:57
833,833,MiraFlex 1,Running,2024-02-16 22:46:57,2024-02-16 22:47:43,0 days 00:00:46,200.0,37431.0,37631.0,1,,507,0,02/16/2024 22:47:43
834,834,MiraFlex 1,Stop,2024-02-16 22:47:43,2024-02-16 23:08:34,0 days 00:20:51,-1189.0,37631.0,36442.0,0,,507,0,02/16/2024 23:08:34
835,835,MiraFlex 1,Running,2024-02-16 23:08:34,2024-02-16 23:09:18,0 days 00:00:44,126.0,36442.0,36568.0,1,,507,0,02/16/2024 23:09:18
836,836,MiraFlex 1,Stop,2024-02-16 23:09:18,2024-02-16 23:20:54,0 days 00:11:36,16.0,36568.0,36584.0,0,,507,0,02/16/2024 23:20:54
837,837,MiraFlex 1,Running,2024-02-16 23:20:54,2024-02-16 23:21:16,0 days 00:00:22,52.0,36584.0,36636.0,1,,507,0,02/16/2024 23:21:16
838,838,MiraFlex 1,Stop,2024-02-16 23:21:16,2024-02-16 23:28:14,0 days 00:06:58,7.0,36636.0,36643.0,0,,507,0,02/16/2024 23:28:14
839,839,MiraFlex 1,Running,2024-02-16 23:28:14,2024-02-16 23:29:24,0 days 00:01:10,245.0,36643.0,36888.0,1,,507,0,02/16/2024 23:29:24
840,840,MiraFlex 1,Stop,2024-02-16 23:29:24,2024-02-16 23:53:54,0 days 00:24:30,19.0,36888.0,36907.0,0,,507,0,02/16/2024 23:53:54
841,841,MiraFlex 1,Running,2024-02-16 23:53:54,2024-02-16 23:55:04,0 days 00:01:10,259.0,36907.0,37166.0,1,,507,0,02/16/2024 23:55:04
842,842,MiraFlex 1,Stop,2024-02-16 23:55:04,2024-02-17 00:14:44,0 days 00:19:40,1.0,37166.0,37167.0,0,,507,0,02/17/2024 00:14:44
843,843,MiraFlex 1,Running,2024-02-17 00:14:44,2024-02-17 00:15:06,0 days 00:00:22,54.0,37167.0,37221.0,1,,507,0,02/17/2024 00:15:06
844,844,MiraFlex 1,Stop,2024-02-17 00:15:06,2024-02-17 13:04:32,0 days 12:49:26,-37199.0,37221.0,22.0,0,,507,0,02/17/2024 13:04:32
845,845,MiraFlex 1,Running,2024-02-17 13:04:32,2024-02-17 13:05:55,0 days 00:01:23,244.0,22.0,266.0,1,,508,0,02/17/2024 13:05:55
846,846,MiraFlex 1,Stop,2024-02-17 13:05:55,2024-02-17 13:11:56,0 days 00:06:01,52.0,266.0,318.0,0,,508,4017,02/17/2024 13:11:56
847,847,MiraFlex 1,Running,2024-02-17 13:11:56,2024-02-17 13:12:38,0 days 00:00:42,125.0,318.0,443.0,1,,508,0,02/17/2024 13:12:38
848,848,MiraFlex 1,Stop,2024-02-17 13:12:38,2024-02-17 13:24:38,0 days 00:12:00,61.0,443.0,504.0,0,,508,4018,02/17/2024 13:24:38
849,849,MiraFlex 1,Running,2024-02-17 13:24:38,2024-02-17 13:25:21,0 days 00:00:43,126.0,504.0,630.0,1,,508,0,02/17/2024 13:25:21
850,850,MiraFlex 1,Stop,2024-02-17 13:25:21,2024-02-17 13:43:08,0 days 00:17:47,7.0,630.0,637.0,0,,508,4019,02/17/2024 13:43:08
851,851,MiraFlex 1,Running,2024-02-17 13:43:08,2024-02-17 13:44:48,0 days 00:01:40,1632062128.0,637.0,1632062765.0,1,,508,0,02/17/2024 13:44:48
852,852,MiraFlex 1,Stop,2024-02-17 13:44:48,2024-02-17 13:45:09,0 days 00:00:21,-1632061513.0,1632062765.0,1252.0,0,,508,4020,02/17/2024 13:45:09
853,853,MiraFlex 1,Running,2024-02-17 13:45:09,2024-02-17 13:56:23,0 days 00:11:14,4290.0,1252.0,5542.0,1,,508,0,02/17/2024 13:56:23
854,854,MiraFlex 1,Stop,2024-02-17 13:56:23,2024-02-17 14:17:17,0 days 00:20:54,14.0,5542.0,5556.0,0,,508,4021,02/17/2024 14:17:17
855,855,MiraFlex 1,Running,2024-02-17 14:17:17,2024-02-17 14:17:58,0 days 00:00:41,146.0,5556.0,5702.0,1,,508,0,02/17/2024 14:17:58
856,856,MiraFlex 1,Stop,2024-02-17 14:17:58,2024-02-17 14:25:01,0 days 00:07:03,88.0,5702.0,5790.0,0,,508,4022,02/17/2024 14:25:01
857,857,MiraFlex 1,Running,2024-02-17 14:25:01,2024-02-17 14:56:49,0 days 00:31:48,1632056781.0,5790.0,1632062571.0,1,,508,0,02/17/2024 14:56:49
858,858,MiraFlex 1,Stop,2024-02-17 14:56:49,2024-02-17 14:57:10,0 days 00:00:21,-1632043816.0,1632062571.0,18755.0,0,,508,4023,02/17/2024 14:57:10
859,859,MiraFlex 1,Running,2024-02-17 14:57:10,2024-02-17 15:01:44,0 days 00:04:34,-18454.0,18755.0,301.0,1,,508,0,02/17/2024 15:01:44
860,860,MiraFlex 1,Stop,2024-02-17 15:01:44,2024-02-17 15:13:02,0 days 00:11:18,49.0,301.0,350.0,0,,508,4024,02/17/2024 15:13:02
861,861,MiraFlex 1,Running,2024-02-17 15:13:02,2024-02-17 15:14:49,0 days 00:01:47,1632062415.0,350.0,1632062765.0,1,,508,0,02/17/2024 15:14:49
862,862,MiraFlex 1,Stop,2024-02-17 15:14:49,2024-02-17 15:15:10,0 days 00:00:21,-1632061489.0,1632062765.0,1276.0,0,,508,4025,02/17/2024 15:15:10
863,863,MiraFlex 1,Running,2024-02-17 15:15:10,2024-02-17 15:18:18,0 days 00:03:08,1159.0,1276.0,2435.0,1,,508,0,02/17/2024 15:18:18
864,864,MiraFlex 1,Stop,2024-02-17 15:18:18,2024-02-19 09:43:55,1 days 18:25:37,-2418.0,2435.0,17.0,0,,508,0,02/19/2024 09:43:55
865,865,MiraFlex 1,Running,2024-02-19 09:43:55,2024-02-19 09:52:01,0 days 00:08:06,716.0,17.0,733.0,1,,509,0,02/19/2024 09:52:01
866,866,MiraFlex 1,Stop,2024-02-19 09:52:01,2024-02-19 11:04:34,0 days 01:12:33,19.0,733.0,752.0,0,,509,4040,02/19/2024 11:04:34
867,867,MiraFlex 1,Running,2024-02-19 11:04:34,2024-02-19 11:04:55,0 days 00:00:21,24.0,752.0,776.0,1,,509,0,02/19/2024 11:04:55
868,868,MiraFlex 1,Stop,2024-02-19 11:04:55,2024-02-19 11:08:30,0 days 00:03:35,5.0,776.0,781.0,0,,509,4041,02/19/2024 11:08:30
869,869,MiraFlex 1,Running,2024-02-19 11:08:30,2024-02-19 11:11:45,0 days 00:03:15,1632061984.0,781.0,1632062765.0,1,,509,0,02/19/2024 11:11:45
870,870,MiraFlex 1,Stop,2024-02-19 11:11:45,2024-02-19 11:14:12,0 days 00:02:27,-1632061630.0,1632062765.0,1135.0,0,,509,4042,02/19/2024 11:14:12
871,871,MiraFlex 1,Running,2024-02-19 11:14:12,2024-02-19 11:15:57,0 days 00:01:45,353.0,1135.0,1488.0,1,,509,0,02/19/2024 11:15:57
872,872,MiraFlex 1,Stop,2024-02-19 11:15:57,2024-02-19 11:19:31,0 days 00:03:34,20.0,1488.0,1508.0,0,,509,4043,02/19/2024 11:19:31
873,873,MiraFlex 1,Running,2024-02-19 11:19:31,2024-02-19 11:44:36,0 days 00:25:05,9984.0,1508.0,11492.0,1,,509,0,02/19/2024 11:44:36
874,874,MiraFlex 1,Stop,2024-02-19 11:44:36,2024-02-19 11:48:51,0 days 00:04:15,27.0,11492.0,11519.0,0,,509,4044,02/19/2024 11:48:51
875,875,MiraFlex 1,Running,2024-02-19 11:48:51,2024-02-19 11:53:45,0 days 00:04:54,1761.0,11519.0,13280.0,1,,509,0,02/19/2024 11:53:45
876,876,MiraFlex 1,Stop,2024-02-19 11:53:45,2024-02-19 12:07:16,0 days 00:13:31,17.0,13280.0,13297.0,0,,509,4045,02/19/2024 12:07:16
877,877,MiraFlex 1,Running,2024-02-19 12:07:16,2024-02-19 12:21:30,0 days 00:14:14,1632049274.0,13297.0,1632062571.0,1,,509,0,02/19/2024 12:21:30
878,878,MiraFlex 1,Stop,2024-02-19 12:21:30,2024-02-19 12:21:51,0 days 00:00:21,-1632043426.0,1632062571.0,19145.0,0,,509,4046,02/19/2024 12:21:51
879,879,MiraFlex 1,Running,2024-02-19 12:21:51,2024-02-19 12:55:42,0 days 00:33:51,13546.0,19145.0,32691.0,1,,509,0,02/19/2024 12:55:42
880,880,MiraFlex 1,Stop,2024-02-19 12:55:42,2024-02-19 13:20:31,0 days 00:24:49,79.0,32691.0,32770.0,0,,509,4047,02/19/2024 13:20:31
881,881,MiraFlex 1,Running,2024-02-19 13:20:31,2024-02-19 13:33:55,0 days 00:13:24,5237.0,32770.0,38007.0,1,,509,0,02/19/2024 13:33:55
882,882,MiraFlex 1,Stop,2024-02-19 13:33:55,2024-02-19 13:36:22,0 days 00:02:27,42.0,38007.0,38049.0,0,,509,4048,02/19/2024 13:36:22
883,883,MiraFlex 1,Running,2024-02-19 13:36:22,2024-02-19 13:37:46,0 days 00:01:24,442.0,38049.0,38491.0,1,,509,0,02/19/2024 13:37:46
884,884,MiraFlex 1,Stop,2024-02-19 13:37:46,2024-02-19 13:50:00,0 days 00:12:14,68.0,38491.0,38559.0,0,,509,4049,02/19/2024 13:50:00
885,885,MiraFlex 1,Running,2024-02-19 13:50:00,2024-02-19 13:54:58,0 days 00:04:58,1971.0,38559.0,40530.0,1,,509,0,02/19/2024 13:54:58
886,886,MiraFlex 1,Stop,2024-02-19 13:54:58,2024-02-19 14:06:58,0 days 00:12:00,33.0,40530.0,40563.0,0,,509,4050,02/19/2024 14:06:58
887,887,MiraFlex 1,Running,2024-02-19 14:06:58,2024-02-19 14:43:03,0 days 00:36:05,14436.0,40563.0,54999.0,1,,509,0,02/19/2024 14:43:03
888,888,MiraFlex 1,Stop,2024-02-19 14:43:03,2024-02-19 14:48:44,0 days 00:05:41,14.0,54999.0,55013.0,0,,509,4051,02/19/2024 14:48:44
889,889,MiraFlex 1,Running,2024-02-19 14:48:44,2024-02-19 15:06:26,0 days 00:17:42,-52630.0,55013.0,2383.0,1,,509,0,02/19/2024 15:06:26
890,890,MiraFlex 1,Stop,2024-02-19 15:06:26,2024-02-19 15:14:58,0 days 00:08:32,84.0,2383.0,2467.0,0,,509,4026,02/19/2024 15:14:58
891,891,MiraFlex 1,Running,2024-02-19 15:14:58,2024-02-19 15:24:32,0 days 00:09:34,1632060104.0,2467.0,1632062571.0,1,,509,0,02/19/2024 15:24:32
892,892,MiraFlex 1,Stop,2024-02-19 15:24:32,2024-02-19 15:41:57,0 days 00:17:25,-1632056304.0,1632062571.0,6267.0,0,,509,4027,02/19/2024 15:41:57
893,893,MiraFlex 1,Running,2024-02-19 15:41:57,2024-02-19 16:52:46,0 days 01:10:49,28389.0,6267.0,34656.0,1,,509,0,02/19/2024 16:52:46
894,894,MiraFlex 1,Stop,2024-02-19 16:52:46,2024-02-19 17:38:13,0 days 00:45:27,-34615.0,34656.0,41.0,0,,509,4028,02/19/2024 17:38:13
895,895,MiraFlex 1,Running,2024-02-19 17:38:13,2024-02-19 17:59:33,0 days 00:21:20,1632062530.0,41.0,1632062571.0,1,,509,0,02/19/2024 17:59:33
896,896,MiraFlex 1,Stop,2024-02-19 17:59:33,2024-02-19 17:59:53,0 days 00:00:20,-1632053932.0,1632062571.0,8639.0,0,,509,4029,02/19/2024 17:59:53
897,897,MiraFlex 1,Running,2024-02-19 17:59:53,2024-02-19 18:07:13,0 days 00:07:20,2872.0,8639.0,11511.0,1,,509,0,02/19/2024 18:07:13
898,898,MiraFlex 1,Stop,2024-02-19 18:07:13,2024-02-19 18:20:33,0 days 00:13:20,9.0,11511.0,11520.0,0,,509,4030,02/19/2024 18:20:33
899,899,MiraFlex 1,Running,2024-02-19 18:20:33,2024-02-19 18:58:54,0 days 00:38:21,15381.0,11520.0,26901.0,1,,509,0,02/19/2024 18:58:54
900,900,MiraFlex 1,Stop,2024-02-19 18:58:54,2024-02-19 19:04:54,0 days 00:06:00,45.0,26901.0,26946.0,0,,509,4031,02/19/2024 19:04:54
901,901,MiraFlex 1,Running,2024-02-19 19:04:54,2024-02-19 19:08:34,0 days 00:03:40,1408.0,26946.0,28354.0,1,,509,0,02/19/2024 19:08:34
902,902,MiraFlex 1,Stop,2024-02-19 19:08:34,2024-02-19 19:28:54,0 days 00:20:20,19.0,28354.0,28373.0,0,,509,4032,02/19/2024 19:28:54
903,903,MiraFlex 1,Running,2024-02-19 19:28:54,2024-02-19 20:19:54,0 days 00:51:00,20524.0,28373.0,48897.0,1,,509,0,02/19/2024 20:19:54
904,904,MiraFlex 1,Stop,2024-02-19 20:19:54,2024-02-19 20:36:14,0 days 00:16:20,33.0,48897.0,48930.0,0,,509,4033,02/19/2024 20:36:14
905,905,MiraFlex 1,Running,2024-02-19 20:36:14,2024-02-19 21:17:35,0 days 00:41:21,1632013641.0,48930.0,1632062571.0,1,,509,0,02/19/2024 21:17:35
906,906,MiraFlex 1,Stop,2024-02-19 21:17:35,2024-02-19 21:17:55,0 days 00:00:20,-1631996829.0,1632062571.0,65742.0,0,,509,4034,02/19/2024 21:17:55
907,907,MiraFlex 1,Running,2024-02-19 21:17:55,2024-02-19 21:44:35,0 days 00:26:40,1631996829.0,65742.0,1632062571.0,1,,509,0,02/19/2024 21:44:35
908,908,MiraFlex 1,Stop,2024-02-19 21:44:35,2024-02-19 21:44:55,0 days 00:00:20,-1631985934.0,1632062571.0,76637.0,0,,509,4035,02/19/2024 21:44:55
909,909,MiraFlex 1,Running,2024-02-19 21:44:55,2024-02-19 21:59:35,0 days 00:14:40,5884.0,76637.0,82521.0,1,,509,0,02/19/2024 21:59:35
910,910,MiraFlex 1,Stop,2024-02-19 21:59:35,2024-02-19 22:01:15,0 days 00:01:40,29.0,82521.0,82550.0,0,,509,4036,02/19/2024 22:01:15
911,911,MiraFlex 1,Running,2024-02-19 22:01:15,2024-02-19 22:02:55,0 days 00:01:40,1631980021.0,82550.0,1632062571.0,1,,509,0,02/19/2024 22:02:55
912,912,MiraFlex 1,Stop,2024-02-19 22:02:55,2024-02-19 22:03:15,0 days 00:00:20,-1631979221.0,1632062571.0,83350.0,0,,509,4037,02/19/2024 22:03:15
913,913,MiraFlex 1,Running,2024-02-19 22:03:15,2024-02-19 22:17:15,0 days 00:14:00,5633.0,83350.0,88983.0,1,,509,0,02/19/2024 22:17:15
914,914,MiraFlex 1,Stop,2024-02-19 22:17:15,2024-02-19 22:32:55,0 days 00:15:40,131.0,88983.0,89114.0,0,,509,4038,02/19/2024 22:32:55
915,915,MiraFlex 1,Running,2024-02-19 22:32:55,2024-02-20 00:17:16,0 days 01:44:21,42079.0,89114.0,131193.0,1,,509,0,02/20/2024 00:17:16
916,916,MiraFlex 1,Stop,2024-02-20 00:17:16,2024-02-20 00:34:16,0 days 00:17:00,18.0,131193.0,131211.0,0,,509,4070,02/20/2024 00:34:16
917,917,MiraFlex 1,Running,2024-02-20 00:34:16,2024-02-20 00:51:37,0 days 00:17:21,6912.0,131211.0,138123.0,1,,509,0,02/20/2024 00:51:37
918,918,MiraFlex 1,Stop,2024-02-20 00:51:37,2024-02-20 00:53:17,0 days 00:01:40,4.0,138123.0,138127.0,0,,509,4071,02/20/2024 00:53:17
919,919,MiraFlex 1,Running,2024-02-20 00:53:17,2024-02-20 00:56:37,0 days 00:03:20,1215.0,138127.0,139342.0,1,,509,0,02/20/2024 00:56:37
920,920,MiraFlex 1,Stop,2024-02-20 00:56:37,2024-02-20 01:12:57,0 days 00:16:20,9.0,139342.0,139351.0,0,,509,4072,02/20/2024 01:12:57
921,921,MiraFlex 1,Running,2024-02-20 01:12:57,2024-02-20 01:44:57,0 days 00:32:00,12810.0,139351.0,152161.0,1,,509,0,02/20/2024 01:44:57
922,922,MiraFlex 1,Stop,2024-02-20 01:44:57,2024-02-20 02:00:57,0 days 00:16:00,76.0,152161.0,152237.0,0,,509,4073,02/20/2024 02:00:57
923,923,MiraFlex 1,Running,2024-02-20 02:00:57,2024-02-20 02:10:17,0 days 00:09:20,3681.0,152237.0,155918.0,1,,509,0,02/20/2024 02:10:17
924,924,MiraFlex 1,Stop,2024-02-20 02:10:17,2024-02-20 02:14:37,0 days 00:04:20,65.0,155918.0,155983.0,0,,509,4074,02/20/2024 02:14:37
925,925,MiraFlex 1,Running,2024-02-20 02:14:37,2024-02-20 03:08:58,0 days 00:54:21,21855.0,155983.0,177838.0,1,,509,0,02/20/2024 03:08:58
926,926,MiraFlex 1,Stop,2024-02-20 03:08:58,2024-02-20 03:15:38,0 days 00:06:40,21.0,177838.0,177859.0,0,,509,4075,02/20/2024 03:15:38
927,927,MiraFlex 1,Running,2024-02-20 03:15:38,2024-02-20 03:30:58,0 days 00:15:20,2312.0,177859.0,180171.0,1,,509,0,02/20/2024 03:30:58
928,928,MiraFlex 1,Stop,2024-02-20 03:30:58,2024-02-20 03:49:18,0 days 00:18:20,27.0,180171.0,180198.0,0,,509,4076,02/20/2024 03:49:18
929,929,MiraFlex 1,Running,2024-02-20 03:49:18,2024-02-20 03:56:38,0 days 00:07:20,2873.0,180198.0,183071.0,1,,509,0,02/20/2024 03:56:38
930,930,MiraFlex 1,Stop,2024-02-20 03:56:38,2024-02-20 04:33:18,0 days 00:36:40,51.0,183071.0,183122.0,0,,509,4077,02/20/2024 04:33:18
931,931,MiraFlex 1,Running,2024-02-20 04:33:18,2024-02-20 04:39:38,0 days 00:06:20,2411.0,183122.0,185533.0,1,,509,0,02/20/2024 04:39:38
932,932,MiraFlex 1,Stop,2024-02-20 04:39:38,2024-02-20 05:05:39,0 days 00:26:01,3.0,185533.0,185536.0,0,,509,4078,02/20/2024 05:05:39
933,933,MiraFlex 1,Running,2024-02-20 05:05:39,2024-02-20 05:06:39,0 days 00:01:00,238.0,185536.0,185774.0,1,,509,0,02/20/2024 05:06:39
934,934,MiraFlex 1,Stop,2024-02-20 05:06:39,2024-02-20 05:11:19,0 days 00:04:40,45.0,185774.0,185819.0,0,,509,4079,02/20/2024 05:11:19
935,935,MiraFlex 1,Running,2024-02-20 05:11:19,2024-02-20 05:13:19,0 days 00:02:00,420.0,185819.0,186239.0,1,,509,0,02/20/2024 05:13:19
936,936,MiraFlex 1,Stop,2024-02-20 05:13:19,2024-02-20 05:39:19,0 days 00:26:00,20.0,186239.0,186259.0,0,,509,4080,02/20/2024 05:39:19
937,937,MiraFlex 1,Running,2024-02-20 05:39:19,2024-02-20 05:40:39,0 days 00:01:20,269.0,186259.0,186528.0,1,,509,0,02/20/2024 05:40:39
938,938,MiraFlex 1,Stop,2024-02-20 05:40:39,2024-02-20 06:18:19,0 days 00:37:40,36.0,186528.0,186564.0,0,,509,4081,02/20/2024 06:18:19
939,939,MiraFlex 1,Running,2024-02-20 06:18:19,2024-02-20 06:19:19,0 days 00:01:00,218.0,186564.0,186782.0,1,,509,0,02/20/2024 06:19:19
940,940,MiraFlex 1,Stop,2024-02-20 06:19:19,2024-02-20 06:23:19,0 days 00:04:00,39.0,186782.0,186821.0,0,,509,4082,02/20/2024 06:23:19
941,941,MiraFlex 1,Running,2024-02-20 06:23:19,2024-02-20 06:24:19,0 days 00:01:00,231.0,186821.0,187052.0,1,,509,0,02/20/2024 06:24:19
942,942,MiraFlex 1,Stop,2024-02-20 06:24:19,2024-02-20 07:19:40,0 days 00:55:21,-187046.0,187052.0,6.0,0,,509,0,02/20/2024 07:19:40
943,943,MiraFlex 1,Running,2024-02-20 07:19:40,2024-02-20 07:28:00,0 days 00:08:20,1632062759.0,6.0,1632062765.0,1,,509,0,02/20/2024 07:28:00
944,944,MiraFlex 1,Stop,2024-02-20 07:28:00,2024-02-20 07:49:00,0 days 00:21:00,-1632061647.0,1632062765.0,1118.0,0,,509,4084,02/20/2024 07:49:00
945,945,MiraFlex 1,Running,2024-02-20 07:49:00,2024-02-20 07:52:40,0 days 00:03:40,1393.0,1118.0,2511.0,1,,509,0,02/20/2024 07:52:40
946,946,MiraFlex 1,Stop,2024-02-20 07:52:40,2024-02-20 08:01:20,0 days 00:08:40,74.0,2511.0,2585.0,0,,509,4085,02/20/2024 08:01:20
947,947,MiraFlex 1,Running,2024-02-20 08:01:20,2024-02-20 08:03:00,0 days 00:01:40,1632059986.0,2585.0,1632062571.0,1,,509,0,02/20/2024 08:03:00
948,948,MiraFlex 1,Stop,2024-02-20 08:03:00,2024-02-20 08:03:20,0 days 00:00:20,-1632059187.0,1632062571.0,3384.0,0,,509,4086,02/20/2024 08:03:20
949,949,MiraFlex 1,Running,2024-02-20 08:03:20,2024-02-20 08:33:20,0 days 00:30:00,12042.0,3384.0,15426.0,1,,509,0,02/20/2024 08:33:20
950,950,MiraFlex 1,Stop,2024-02-20 08:33:20,2024-02-20 08:45:41,0 days 00:12:21,48.0,15426.0,15474.0,0,,509,4087,02/20/2024 08:45:41
951,951,MiraFlex 1,Running,2024-02-20 08:45:41,2024-02-20 08:49:41,0 days 00:04:00,1632047097.0,15474.0,1632062571.0,1,,509,0,02/20/2024 08:49:41
952,952,MiraFlex 1,Stop,2024-02-20 08:49:41,2024-02-20 08:50:01,0 days 00:00:20,-1632045373.0,1632062571.0,17198.0,0,,509,4088,02/20/2024 08:50:01
953,953,MiraFlex 1,Running,2024-02-20 08:50:01,2024-02-20 09:10:01,0 days 00:20:00,8006.0,17198.0,25204.0,1,,509,0,02/20/2024 09:10:01
954,954,MiraFlex 1,Stop,2024-02-20 09:10:01,2024-02-20 11:09:42,0 days 01:59:41,12.0,25204.0,25216.0,0,,509,4089,02/20/2024 11:09:42
955,955,MiraFlex 1,Running,2024-02-20 11:09:42,2024-02-20 11:20:02,0 days 00:10:20,1110.0,25216.0,26326.0,1,,509,0,02/20/2024 11:20:02
956,956,MiraFlex 1,Stop,2024-02-20 11:20:02,2024-02-20 12:23:22,0 days 01:03:20,70.0,26326.0,26396.0,0,,509,4090,02/20/2024 12:23:22
957,957,MiraFlex 1,Running,2024-02-20 12:23:22,2024-02-20 12:24:02,0 days 00:00:40,212.0,26396.0,26608.0,1,,509,0,02/20/2024 12:24:02
958,958,MiraFlex 1,Stop,2024-02-20 12:24:02,2024-02-20 12:51:43,0 days 00:27:41,22.0,26608.0,26630.0,0,,509,4091,02/20/2024 12:51:43
959,959,MiraFlex 1,Running,2024-02-20 12:51:43,2024-02-20 12:55:23,0 days 00:03:40,1288.0,26630.0,27918.0,1,,509,0,02/20/2024 12:55:23
960,960,MiraFlex 1,Stop,2024-02-20 12:55:23,2024-02-20 14:09:23,0 days 01:14:00,20.0,27918.0,27938.0,0,,509,4092,02/20/2024 14:09:23
961,961,MiraFlex 1,Running,2024-02-20 14:09:23,2024-02-20 14:21:03,0 days 00:11:40,1070.0,27938.0,29008.0,1,,509,0,02/20/2024 14:21:03
962,962,MiraFlex 1,Stop,2024-02-20 14:21:03,2024-02-20 14:32:03,0 days 00:11:00,26.0,29008.0,29034.0,0,,509,4093,02/20/2024 14:32:03
963,963,MiraFlex 1,Running,2024-02-20 14:32:03,2024-02-20 14:33:23,0 days 00:01:20,248.0,29034.0,29282.0,1,,509,0,02/20/2024 14:33:23
964,964,MiraFlex 1,Stop,2024-02-20 14:33:23,2024-02-20 14:48:04,0 days 00:14:41,29.0,29282.0,29311.0,0,,509,4094,02/20/2024 14:48:04
965,965,MiraFlex 1,Running,2024-02-20 14:48:04,2024-02-20 14:48:44,0 days 00:00:40,154.0,29311.0,29465.0,1,,509,0,02/20/2024 14:48:44
966,966,MiraFlex 1,Stop,2024-02-20 14:48:44,2024-02-20 15:09:04,0 days 00:20:20,-29459.0,29465.0,6.0,0,,509,0,02/20/2024 15:09:04
967,967,MiraFlex 1,Running,2024-02-20 15:09:04,2024-02-20 15:12:04,0 days 00:03:00,1632062759.0,6.0,1632062765.0,1,,509,0,02/20/2024 15:12:04
968,968,MiraFlex 1,Stop,2024-02-20 15:12:04,2024-02-20 15:12:24,0 days 00:00:20,-1632061449.0,1632062765.0,1316.0,0,,509,4053,02/20/2024 15:12:24
969,969,MiraFlex 1,Running,2024-02-20 15:12:24,2024-02-20 15:16:44,0 days 00:04:20,1632061255.0,1316.0,1632062571.0,1,,509,0,02/20/2024 15:16:44
970,970,MiraFlex 1,Stop,2024-02-20 15:16:44,2024-02-20 15:17:04,0 days 00:00:20,-1632059381.0,1632062571.0,3190.0,0,,509,4054,02/20/2024 15:17:04
971,971,MiraFlex 1,Running,2024-02-20 15:17:04,2024-02-20 16:01:04,0 days 00:44:00,1632059381.0,3190.0,1632062571.0,1,,509,0,02/20/2024 16:01:04
972,972,MiraFlex 1,Stop,2024-02-20 16:01:04,2024-02-20 16:01:24,0 days 00:00:20,-1632041579.0,1632062571.0,20992.0,0,,509,4055,02/20/2024 16:01:24
973,973,MiraFlex 1,Running,2024-02-20 16:01:24,2024-02-20 16:20:44,0 days 00:19:20,1632044241.0,20992.0,1632065233.0,1,,509,0,02/20/2024 16:20:44
974,974,MiraFlex 1,Stop,2024-02-20 16:20:44,2024-02-20 16:21:04,0 days 00:00:20,-1632061470.0,1632065233.0,3763.0,0,,510,4061,02/20/2024 16:21:04
975,975,MiraFlex 1,Running,2024-02-20 16:21:04,2024-02-20 17:03:45,0 days 00:42:41,1632061276.0,3763.0,1632065039.0,1,,510,0,02/20/2024 17:03:45
976,976,MiraFlex 1,Stop,2024-02-20 17:03:45,2024-02-20 17:04:05,0 days 00:00:20,-1632044011.0,1632065039.0,21028.0,0,,510,4062,02/20/2024 17:04:05
977,977,MiraFlex 1,Running,2024-02-20 17:04:05,2024-02-20 17:19:45,0 days 00:15:40,6263.0,21028.0,27291.0,1,,510,0,02/20/2024 17:19:45
978,978,MiraFlex 1,Stop,2024-02-20 17:19:45,2024-02-20 17:39:45,0 days 00:20:00,-24817.0,27291.0,2474.0,0,,510,4063,02/20/2024 17:39:45
979,979,MiraFlex 1,Running,2024-02-20 17:39:45,2024-02-20 17:51:40,0 days 00:11:55,1632062759.0,2474.0,1632065233.0,1,,511,0,02/20/2024 17:51:40
980,980,MiraFlex 1,Stop,2024-02-20 17:51:40,2024-02-20 17:52:25,0 days 00:00:45,-1632061637.0,1632065233.0,3596.0,0,,511,4057,02/20/2024 17:52:25
981,981,MiraFlex 1,Running,2024-02-20 17:52:25,2024-02-20 17:53:25,0 days 00:01:00,243.0,3596.0,3839.0,1,,511,0,02/20/2024 17:53:25
982,982,MiraFlex 1,Stop,2024-02-20 17:53:25,2024-02-20 18:09:45,0 days 00:16:20,32.0,3839.0,3871.0,0,,511,4058,02/20/2024 18:09:45
983,983,MiraFlex 1,Running,2024-02-20 18:09:45,2024-02-20 18:12:25,0 days 00:02:40,429.0,3871.0,4300.0,1,,511,0,02/20/2024 18:12:25
984,984,MiraFlex 1,Stop,2024-02-20 18:12:25,2024-02-20 18:18:45,0 days 00:06:20,39.0,4300.0,4339.0,0,,511,4059,02/20/2024 18:18:45
985,985,MiraFlex 1,Running,2024-02-20 18:18:45,2024-02-20 18:21:05,0 days 00:02:20,892.0,4339.0,5231.0,1,,511,0,02/20/2024 18:21:05
986,986,MiraFlex 1,Stop,2024-02-20 18:21:05,2024-02-20 18:42:26,0 days 00:21:21,82.0,5231.0,5313.0,0,,511,4060,02/20/2024 18:42:26
987,987,MiraFlex 1,Running,2024-02-20 18:42:26,2024-02-20 19:23:06,0 days 00:40:40,16256.0,5313.0,21569.0,1,,511,0,02/20/2024 19:23:06
988,988,MiraFlex 1,Stop,2024-02-20 19:23:06,2024-02-20 19:44:06,0 days 00:21:00,-20320.0,21569.0,1249.0,0,,511,0,02/20/2024 19:44:06
989,989,MiraFlex 1,Running,2024-02-20 19:44:06,2024-02-20 19:53:46,0 days 00:09:40,1632062750.0,1249.0,1632063999.0,1,,513,0,02/20/2024 19:53:46
990,990,MiraFlex 1,Stop,2024-02-20 19:53:46,2024-02-20 19:54:06,0 days 00:00:20,-1632061580.0,1632063999.0,2419.0,0,,513,4101,02/20/2024 19:54:06
991,991,MiraFlex 1,Running,2024-02-20 19:54:06,2024-02-20 19:57:26,0 days 00:03:20,830.0,2419.0,3249.0,1,,513,0,02/20/2024 19:57:26
992,992,MiraFlex 1,Stop,2024-02-20 19:57:26,2024-02-20 20:12:26,0 days 00:15:00,23.0,3249.0,3272.0,0,,513,4102,02/20/2024 20:12:26
993,993,MiraFlex 1,Running,2024-02-20 20:12:26,2024-02-20 20:20:06,0 days 00:07:40,2753.0,3272.0,6025.0,1,,513,0,02/20/2024 20:20:06
994,994,MiraFlex 1,Stop,2024-02-20 20:20:06,2024-02-20 20:28:06,0 days 00:08:00,30.0,6025.0,6055.0,0,,513,4103,02/20/2024 20:28:06
995,995,MiraFlex 1,Running,2024-02-20 20:28:06,2024-02-20 20:34:26,0 days 00:06:20,2442.0,6055.0,8497.0,1,,513,0,02/20/2024 20:34:26
996,996,MiraFlex 1,Stop,2024-02-20 20:34:26,2024-02-20 20:39:07,0 days 00:04:41,35.0,8497.0,8532.0,0,,513,4104,02/20/2024 20:39:07
997,997,MiraFlex 1,Running,2024-02-20 20:39:07,2024-02-20 20:48:07,0 days 00:09:00,3538.0,8532.0,12070.0,1,,513,0,02/20/2024 20:48:07
998,998,MiraFlex 1,Stop,2024-02-20 20:48:07,2024-02-20 21:01:27,0 days 00:13:20,24.0,12070.0,12094.0,0,,513,4105,02/20/2024 21:01:27
999,999,MiraFlex 1,Running,2024-02-20 21:01:27,2024-02-20 21:19:07,0 days 00:17:40,6994.0,12094.0,19088.0,1,,513,0,02/20/2024 21:19:07
1000,1000,MiraFlex 1,Stop,2024-02-20 21:19:07,2024-02-20 21:38:47,0 days 00:19:40,2.0,19088.0,19090.0,0,,513,4223,02/20/2024 21:38:47
1001,1001,MiraFlex 1,Running,2024-02-20 21:38:47,2024-02-20 21:47:47,0 days 00:09:00,3435.0,19090.0,22525.0,1,,513,0,02/20/2024 21:47:47
1002,1002,MiraFlex 1,Stop,2024-02-20 21:47:47,2024-02-20 21:59:27,0 days 00:11:40,31.0,22525.0,22556.0,0,,513,4224,02/20/2024 21:59:27
1003,1003,MiraFlex 1,Running,2024-02-20 21:59:27,2024-02-20 22:00:47,0 days 00:01:20,471.0,22556.0,23027.0,1,,513,0,02/20/2024 22:00:47
1004,1004,MiraFlex 1,Stop,2024-02-20 22:00:47,2024-02-20 22:09:47,0 days 00:09:00,30.0,23027.0,23057.0,0,,513,4225,02/20/2024 22:09:47
1005,1005,MiraFlex 1,Running,2024-02-20 22:09:47,2024-02-20 22:32:07,0 days 00:22:20,8924.0,23057.0,31981.0,1,,513,0,02/20/2024 22:32:07
1006,1006,MiraFlex 1,Stop,2024-02-20 22:32:07,2024-02-20 22:38:48,0 days 00:06:41,68.0,31981.0,32049.0,0,,513,4226,02/20/2024 22:38:48
1007,1007,MiraFlex 1,Running,2024-02-20 22:38:48,2024-02-20 22:50:28,0 days 00:11:40,4670.0,32049.0,36719.0,1,,513,0,02/20/2024 22:50:28
1008,1008,MiraFlex 1,Stop,2024-02-20 22:50:28,2024-02-20 22:58:28,0 days 00:08:00,24.0,36719.0,36743.0,0,,513,4227,02/20/2024 22:58:28
1009,1009,MiraFlex 1,Running,2024-02-20 22:58:28,2024-02-20 23:07:08,0 days 00:08:40,3462.0,36743.0,40205.0,1,,513,0,02/20/2024 23:07:08
1010,1010,MiraFlex 1,Stop,2024-02-20 23:07:08,2024-02-20 23:15:08,0 days 00:08:00,41.0,40205.0,40246.0,0,,513,0,02/20/2024 23:15:08
1011,1011,MiraFlex 1,Running,2024-02-20 23:15:08,2024-02-20 23:40:28,0 days 00:25:20,1632023559.0,40246.0,1632063805.0,1,,513,0,02/20/2024 23:40:28
1012,1012,MiraFlex 1,Stop,2024-02-20 23:40:28,2024-02-20 23:40:48,0 days 00:00:20,-1632013271.0,1632063805.0,50534.0,0,,513,0,02/20/2024 23:40:48
1013,1013,MiraFlex 1,Running,2024-02-20 23:40:48,2024-02-20 23:42:28,0 days 00:01:40,615.0,50534.0,51149.0,1,,513,0,02/20/2024 23:42:28
1014,1014,MiraFlex 1,Stop,2024-02-20 23:42:28,2024-02-20 23:48:08,0 days 00:05:40,9.0,51149.0,51158.0,0,,513,0,02/20/2024 23:48:08
1015,1015,MiraFlex 1,Running,2024-02-20 23:48:08,2024-02-20 23:59:08,0 days 00:11:00,4381.0,51158.0,55539.0,1,,513,0,02/20/2024 23:59:08
1016,1016,MiraFlex 1,Stop,2024-02-20 23:59:08,2024-02-21 00:19:28,0 days 00:20:20,24.0,55539.0,55563.0,0,,513,0,02/21/2024 00:19:28
1017,1017,MiraFlex 1,Running,2024-02-21 00:19:28,2024-02-21 00:21:08,0 days 00:01:40,216.0,55563.0,55779.0,1,,513,0,02/21/2024 00:21:08
1018,1018,MiraFlex 1,Stop,2024-02-21 00:21:08,2024-02-21 00:23:08,0 days 00:02:00,34.0,55779.0,55813.0,0,,513,0,02/21/2024 00:23:08
1019,1019,MiraFlex 1,Running,2024-02-21 00:23:08,2024-02-21 00:24:28,0 days 00:01:20,193.0,55813.0,56006.0,1,,513,0,02/21/2024 00:24:28
1020,1020,MiraFlex 1,Stop,2024-02-21 00:24:28,2024-02-21 00:28:28,0 days 00:04:00,1.0,56006.0,56007.0,0,,513,0,02/21/2024 00:28:28
1021,1021,MiraFlex 1,Running,2024-02-21 00:28:28,2024-02-21 00:34:28,0 days 00:06:00,1345.0,56007.0,57352.0,1,,513,0,02/21/2024 00:34:28
1022,1022,MiraFlex 1,Stop,2024-02-21 00:34:28,2024-02-21 00:53:29,0 days 00:19:01,40.0,57352.0,57392.0,0,,513,0,02/21/2024 00:53:29
1023,1023,MiraFlex 1,Running,2024-02-21 00:53:29,2024-02-21 00:54:49,0 days 00:01:20,296.0,57392.0,57688.0,1,,513,0,02/21/2024 00:54:49
1024,1024,MiraFlex 1,Stop,2024-02-21 00:54:49,2024-02-21 01:43:29,0 days 00:48:40,8.0,57688.0,57696.0,0,,513,0,02/21/2024 01:43:29
1025,1025,MiraFlex 1,Running,2024-02-21 01:43:29,2024-02-21 01:46:29,0 days 00:03:00,558.0,57696.0,58254.0,1,,513,0,02/21/2024 01:46:29
1026,1026,MiraFlex 1,Stop,2024-02-21 01:46:29,2024-02-21 01:51:09,0 days 00:04:40,23.0,58254.0,58277.0,0,,513,0,02/21/2024 01:51:09
1027,1027,MiraFlex 1,Running,2024-02-21 01:51:09,2024-02-21 01:51:49,0 days 00:00:40,125.0,58277.0,58402.0,1,,513,0,02/21/2024 01:51:49
1028,1028,MiraFlex 1,Stop,2024-02-21 01:51:49,2024-02-21 02:44:30,0 days 00:52:41,5.0,58402.0,58407.0,0,,513,0,02/21/2024 02:44:30
1029,1029,MiraFlex 1,Running,2024-02-21 02:44:30,2024-02-21 02:46:30,0 days 00:02:00,452.0,58407.0,58859.0,1,,513,0,02/21/2024 02:46:30
1030,1030,MiraFlex 1,Stop,2024-02-21 02:46:30,2024-02-21 02:51:10,0 days 00:04:40,38.0,58859.0,58897.0,0,,513,0,02/21/2024 02:51:10
1031,1031,MiraFlex 1,Running,2024-02-21 02:51:10,2024-02-21 02:52:30,0 days 00:01:20,234.0,58897.0,59131.0,1,,513,0,02/21/2024 02:52:30
1032,1032,MiraFlex 1,Stop,2024-02-21 02:52:30,2024-02-21 11:19:34,0 days 08:27:04,-59064.0,59131.0,67.0,0,,513,0,02/21/2024 11:19:34
1033,1033,MiraFlex 1,Running,2024-02-21 11:19:34,2024-02-21 11:19:54,0 days 00:00:20,79.0,67.0,146.0,1,,513,0,02/21/2024 11:19:54
1034,1034,MiraFlex 1,Stop,2024-02-21 11:19:54,2024-02-21 11:33:54,0 days 00:14:00,60.0,146.0,206.0,0,,513,4120,02/21/2024 11:33:54
1035,1035,MiraFlex 1,Running,2024-02-21 11:33:54,2024-02-21 11:36:14,0 days 00:02:20,1632062559.0,206.0,1632062765.0,1,,513,0,02/21/2024 11:36:14
1036,1036,MiraFlex 1,Stop,2024-02-21 11:36:14,2024-02-21 11:36:34,0 days 00:00:20,-1632061495.0,1632062765.0,1270.0,0,,513,4121,02/21/2024 11:36:34
1037,1037,MiraFlex 1,Running,2024-02-21 11:36:34,2024-02-21 12:15:54,0 days 00:39:20,1632061301.0,1270.0,1632062571.0,1,,513,0,02/21/2024 12:15:54
1038,1038,MiraFlex 1,Stop,2024-02-21 12:15:54,2024-02-21 12:16:14,0 days 00:00:20,-1632045373.0,1632062571.0,17198.0,0,,513,4122,02/21/2024 12:16:14
1039,1039,MiraFlex 1,Running,2024-02-21 12:16:14,2024-02-21 12:47:15,0 days 00:31:01,12391.0,17198.0,29589.0,1,,513,0,02/21/2024 12:47:15
1040,1040,MiraFlex 1,Stop,2024-02-21 12:47:15,2024-02-21 14:07:55,0 days 01:20:40,7.0,29589.0,29596.0,0,,513,4123,02/21/2024 14:07:55
1041,1041,MiraFlex 1,Running,2024-02-21 14:07:55,2024-02-21 14:09:15,0 days 00:01:20,102.0,29596.0,29698.0,1,,513,0,02/21/2024 14:09:15
1042,1042,MiraFlex 1,Stop,2024-02-21 14:09:15,2024-02-21 14:14:35,0 days 00:05:20,4.0,29698.0,29702.0,0,,513,4124,02/21/2024 14:14:35
1043,1043,MiraFlex 1,Running,2024-02-21 14:14:35,2024-02-21 14:15:35,0 days 00:01:00,80.0,29702.0,29782.0,1,,513,0,02/21/2024 14:15:35
1044,1044,MiraFlex 1,Stop,2024-02-21 14:15:35,2024-02-21 14:18:15,0 days 00:02:40,12.0,29782.0,29794.0,0,,513,4125,02/21/2024 14:18:15
1045,1045,MiraFlex 1,Running,2024-02-21 14:18:15,2024-02-21 14:19:15,0 days 00:01:00,133.0,29794.0,29927.0,1,,513,0,02/21/2024 14:19:15
1046,1046,MiraFlex 1,Stop,2024-02-21 14:19:15,2024-02-21 14:21:55,0 days 00:02:40,22.0,29927.0,29949.0,0,,513,4126,02/21/2024 14:21:55
1047,1047,MiraFlex 1,Running,2024-02-21 14:21:55,2024-02-21 14:26:35,0 days 00:04:40,519.0,29949.0,30468.0,1,,513,0,02/21/2024 14:26:35
1048,1048,MiraFlex 1,Stop,2024-02-21 14:26:35,2024-02-21 14:38:16,0 days 00:11:41,14.0,30468.0,30482.0,0,,513,4127,02/21/2024 14:38:16
1049,1049,MiraFlex 1,Running,2024-02-21 14:38:16,2024-02-21 14:38:56,0 days 00:00:40,65.0,30482.0,30547.0,1,,513,0,02/21/2024 14:38:56
1050,1050,MiraFlex 1,Stop,2024-02-21 14:38:56,2024-02-21 14:39:16,0 days 00:00:20,27.0,30547.0,30574.0,0,,513,4128,02/21/2024 14:39:16
1051,1051,MiraFlex 1,Running,2024-02-21 14:39:16,2024-02-21 14:42:56,0 days 00:03:40,641.0,30574.0,31215.0,1,,513,0,02/21/2024 14:42:56
1052,1052,MiraFlex 1,Stop,2024-02-21 14:42:56,2024-02-21 14:49:16,0 days 00:06:20,64.0,31215.0,31279.0,0,,513,4129,02/21/2024 14:49:16
1053,1053,MiraFlex 1,Running,2024-02-21 14:49:16,2024-02-21 14:49:36,0 days 00:00:20,77.0,31279.0,31356.0,1,,513,0,02/21/2024 14:49:36
1054,1054,MiraFlex 1,Stop,2024-02-21 14:49:36,2024-02-21 15:39:36,0 days 00:50:00,-31356.0,31356.0,0.0,0,,513,0,02/21/2024 15:39:36
1055,1055,MiraFlex 1,Running,2024-02-21 15:39:36,2024-02-21 15:40:16,0 days 00:00:40,126.0,0.0,126.0,1,,513,0,02/21/2024 15:40:16
1056,1056,MiraFlex 1,Stop,2024-02-21 15:40:16,2024-02-21 15:40:56,0 days 00:00:40,67.0,126.0,193.0,0,,513,4131,02/21/2024 15:40:56
1057,1057,MiraFlex 1,Running,2024-02-21 15:40:56,2024-02-21 15:41:36,0 days 00:00:40,229.0,193.0,422.0,1,,513,0,02/21/2024 15:41:36
1058,1058,MiraFlex 1,Stop,2024-02-21 15:41:36,2024-02-21 16:09:56,0 days 00:28:20,65.0,422.0,487.0,0,,513,4132,02/21/2024 16:09:56
1059,1059,MiraFlex 1,Running,2024-02-21 16:09:56,2024-02-21 16:10:36,0 days 00:00:40,177.0,487.0,664.0,1,,513,0,02/21/2024 16:10:36
1060,1060,MiraFlex 1,Stop,2024-02-21 16:10:36,2024-02-21 16:18:56,0 days 00:08:20,3.0,664.0,667.0,0,,513,4133,02/21/2024 16:18:56
1061,1061,MiraFlex 1,Running,2024-02-21 16:18:56,2024-02-21 16:28:57,0 days 00:10:01,3681.0,667.0,4348.0,1,,513,0,02/21/2024 16:28:57
1062,1062,MiraFlex 1,Stop,2024-02-21 16:28:57,2024-02-21 17:29:57,0 days 01:01:00,20.0,4348.0,4368.0,0,,513,4134,02/21/2024 17:29:57
1063,1063,MiraFlex 1,Running,2024-02-21 17:29:57,2024-02-21 17:34:37,0 days 00:04:40,1632058203.0,4368.0,1632062571.0,1,,513,0,02/21/2024 17:34:37
1064,1064,MiraFlex 1,Stop,2024-02-21 17:34:37,2024-02-21 17:34:57,0 days 00:00:20,-1632057851.0,1632062571.0,4720.0,0,,513,4135,02/21/2024 17:34:57
1065,1065,MiraFlex 1,Running,2024-02-21 17:34:57,2024-02-21 17:39:57,0 days 00:05:00,519.0,4720.0,5239.0,1,,513,0,02/21/2024 17:39:57
1066,1066,MiraFlex 1,Stop,2024-02-21 17:39:57,2024-02-21 17:50:37,0 days 00:10:40,60.0,5239.0,5299.0,0,,513,4136,02/21/2024 17:50:37
1067,1067,MiraFlex 1,Running,2024-02-21 17:50:37,2024-02-21 17:50:57,0 days 00:00:20,85.0,5299.0,5384.0,1,,513,0,02/21/2024 17:50:57
1068,1068,MiraFlex 1,Stop,2024-02-21 17:50:57,2024-02-21 17:54:57,0 days 00:04:00,24.0,5384.0,5408.0,0,,513,4137,02/21/2024 17:54:57
1069,1069,MiraFlex 1,Running,2024-02-21 17:54:57,2024-02-21 17:55:37,0 days 00:00:40,173.0,5408.0,5581.0,1,,513,0,02/21/2024 17:55:37
1070,1070,MiraFlex 1,Stop,2024-02-21 17:55:37,2024-02-21 18:03:57,0 days 00:08:20,10.0,5581.0,5591.0,0,,513,4138,02/21/2024 18:03:57
1071,1071,MiraFlex 1,Running,2024-02-21 18:03:57,2024-02-21 18:07:17,0 days 00:03:20,1283.0,5591.0,6874.0,1,,513,0,02/21/2024 18:07:17
1072,1072,MiraFlex 1,Stop,2024-02-21 18:07:17,2024-02-21 18:15:37,0 days 00:08:20,68.0,6874.0,6942.0,0,,513,4139,02/21/2024 18:15:37
1073,1073,MiraFlex 1,Running,2024-02-21 18:15:37,2024-02-21 18:17:57,0 days 00:02:20,883.0,6942.0,7825.0,1,,513,0,02/21/2024 18:17:57
1074,1074,MiraFlex 1,Stop,2024-02-21 18:17:57,2024-02-21 18:30:58,0 days 00:13:01,57.0,7825.0,7882.0,0,,513,4140,02/21/2024 18:30:58
1075,1075,MiraFlex 1,Running,2024-02-21 18:30:58,2024-02-21 19:24:38,0 days 00:53:40,1632054689.0,7882.0,1632062571.0,1,,513,0,02/21/2024 19:24:38
1076,1076,MiraFlex 1,Stop,2024-02-21 19:24:38,2024-02-21 19:24:58,0 days 00:00:20,-1632033018.0,1632062571.0,29553.0,0,,513,4141,02/21/2024 19:24:58
1077,1077,MiraFlex 1,Running,2024-02-21 19:24:58,2024-02-21 19:27:18,0 days 00:02:20,895.0,29553.0,30448.0,1,,513,0,02/21/2024 19:27:18
1078,1078,MiraFlex 1,Stop,2024-02-21 19:27:18,2024-02-21 19:31:38,0 days 00:04:20,4.0,30448.0,30452.0,0,,513,4142,02/21/2024 19:31:38
1079,1079,MiraFlex 1,Running,2024-02-21 19:31:38,2024-02-21 19:32:18,0 days 00:00:40,1632032119.0,30452.0,1632062571.0,1,,513,0,02/21/2024 19:32:18
1080,1080,MiraFlex 1,Stop,2024-02-21 19:32:18,2024-02-21 19:32:38,0 days 00:00:20,-1632031754.0,1632062571.0,30817.0,0,,513,4143,02/21/2024 19:32:38
1081,1081,MiraFlex 1,Running,2024-02-21 19:32:38,2024-02-21 19:44:18,0 days 00:11:40,4592.0,30817.0,35409.0,1,,513,0,02/21/2024 19:44:18
1082,1082,MiraFlex 1,Stop,2024-02-21 19:44:18,2024-02-21 20:36:39,0 days 00:52:21,12.0,35409.0,35421.0,0,,513,4144,02/21/2024 20:36:39
1083,1083,MiraFlex 1,Running,2024-02-21 20:36:39,2024-02-21 20:36:59,0 days 00:00:20,51.0,35421.0,35472.0,1,,513,0,02/21/2024 20:36:59
1084,1084,MiraFlex 1,Stop,2024-02-21 20:36:59,2024-02-21 20:38:39,0 days 00:01:40,33.0,35472.0,35505.0,0,,513,4145,02/21/2024 20:38:39
1085,1085,MiraFlex 1,Running,2024-02-21 20:38:39,2024-02-21 21:02:19,0 days 00:23:40,9357.0,35505.0,44862.0,1,,513,0,02/21/2024 21:02:19
1086,1086,MiraFlex 1,Stop,2024-02-21 21:02:19,2024-02-21 21:05:59,0 days 00:03:40,19.0,44862.0,44881.0,0,,513,4146,02/21/2024 21:05:59
1087,1087,MiraFlex 1,Running,2024-02-21 21:05:59,2024-02-21 21:12:19,0 days 00:06:20,2390.0,44881.0,47271.0,1,,513,0,02/21/2024 21:12:19
1088,1088,MiraFlex 1,Stop,2024-02-21 21:12:19,2024-02-21 21:24:39,0 days 00:12:20,44.0,47271.0,47315.0,0,,513,4147,02/21/2024 21:24:39
1089,1089,MiraFlex 1,Running,2024-02-21 21:24:39,2024-02-21 21:24:59,0 days 00:00:20,4.0,47315.0,47319.0,1,,513,0,02/21/2024 21:24:59
1090,1090,MiraFlex 1,Stop,2024-02-21 21:24:59,2024-02-21 21:26:19,0 days 00:01:20,48.0,47319.0,47367.0,0,,513,4148,02/21/2024 21:26:19
1091,1091,MiraFlex 1,Running,2024-02-21 21:26:19,2024-02-21 21:33:39,0 days 00:07:20,2844.0,47367.0,50211.0,1,,513,0,02/21/2024 21:33:39
1092,1092,MiraFlex 1,Stop,2024-02-21 21:33:39,2024-02-21 21:40:19,0 days 00:06:40,10.0,50211.0,50221.0,0,,513,4149,02/21/2024 21:40:19
1093,1093,MiraFlex 1,Running,2024-02-21 21:40:19,2024-02-21 21:52:59,0 days 00:12:40,4998.0,50221.0,55219.0,1,,513,0,02/21/2024 21:52:59
1094,1094,MiraFlex 1,Stop,2024-02-21 21:52:59,2024-02-21 21:55:39,0 days 00:02:40,68.0,55219.0,55287.0,0,,513,4150,02/21/2024 21:55:39
1095,1095,MiraFlex 1,Running,2024-02-21 21:55:39,2024-02-21 22:24:00,0 days 00:28:21,11331.0,55287.0,66618.0,1,,513,0,02/21/2024 22:24:00
1096,1096,MiraFlex 1,Stop,2024-02-21 22:24:00,2024-02-21 22:59:20,0 days 00:35:20,10.0,66618.0,66628.0,0,,513,4151,02/21/2024 22:59:20
1097,1097,MiraFlex 1,Running,2024-02-21 22:59:20,2024-02-21 22:59:40,0 days 00:00:20,68.0,66628.0,66696.0,1,,513,0,02/21/2024 22:59:40
1098,1098,MiraFlex 1,Stop,2024-02-21 22:59:40,2024-02-21 23:07:00,0 days 00:07:20,73.0,66696.0,66769.0,0,,513,0,02/21/2024 23:07:00
1099,1099,MiraFlex 1,Running,2024-02-21 23:07:00,2024-02-21 23:41:40,0 days 00:34:40,1631995802.0,66769.0,1632062571.0,1,,513,0,02/21/2024 23:41:40
1100,1100,MiraFlex 1,Stop,2024-02-21 23:41:40,2024-02-21 23:42:00,0 days 00:00:20,-1631981751.0,1632062571.0,80820.0,0,,513,4185,02/21/2024 23:42:00
1101,1101,MiraFlex 1,Running,2024-02-21 23:42:00,2024-02-22 00:00:00,0 days 00:18:00,7123.0,80820.0,87943.0,1,,513,0,02/22/2024 00:00:00
1102,1102,MiraFlex 1,Stop,2024-02-22 00:00:00,2024-02-22 00:07:40,0 days 00:07:40,8.0,87943.0,87951.0,0,,513,4186,02/22/2024 00:07:40
1103,1103,MiraFlex 1,Running,2024-02-22 00:07:40,2024-02-22 00:39:01,0 days 00:31:21,1631974620.0,87951.0,1632062571.0,1,,513,0,02/22/2024 00:39:01
1104,1104,MiraFlex 1,Stop,2024-02-22 00:39:01,2024-02-22 00:47:41,0 days 00:08:40,-1631958581.0,1632062571.0,103990.0,0,,513,4187,02/22/2024 00:47:41
1105,1105,MiraFlex 1,Stop,2024-02-22 00:47:41,2024-02-22 00:55:41,0 days 00:08:00,31.0,103990.0,104021.0,0,,513,4188,02/22/2024 00:55:41
1106,1106,MiraFlex 1,Running,2024-02-22 00:55:41,2024-02-22 00:56:41,0 days 00:01:00,1631958550.0,104021.0,1632062571.0,1,,513,0,02/22/2024 00:56:41
1107,1107,MiraFlex 1,Stop,2024-02-22 00:56:41,2024-02-22 00:57:01,0 days 00:00:20,-1631958016.0,1632062571.0,104555.0,0,,513,4189,02/22/2024 00:57:01
1108,1108,MiraFlex 1,Running,2024-02-22 00:57:01,2024-02-22 01:42:01,0 days 00:45:00,17967.0,104555.0,122522.0,1,,513,0,02/22/2024 01:42:01
1109,1109,MiraFlex 1,Stop,2024-02-22 01:42:01,2024-02-22 01:48:21,0 days 00:06:20,18.0,122522.0,122540.0,0,,513,4190,02/22/2024 01:48:21
1110,1110,MiraFlex 1,Running,2024-02-22 01:48:21,2024-02-22 02:02:21,0 days 00:14:00,1631940031.0,122540.0,1632062571.0,1,,513,0,02/22/2024 02:02:21
1111,1111,MiraFlex 1,Stop,2024-02-22 02:02:21,2024-02-22 02:02:41,0 days 00:00:20,-1631934279.0,1632062571.0,128292.0,0,,513,4191,02/22/2024 02:02:41
1112,1112,MiraFlex 1,Running,2024-02-22 02:02:41,2024-02-22 02:17:41,0 days 00:15:00,6006.0,128292.0,134298.0,1,,513,0,02/22/2024 02:17:41
1113,1113,MiraFlex 1,Stop,2024-02-22 02:17:41,2024-02-22 02:20:42,0 days 00:03:01,62.0,134298.0,134360.0,0,,513,4192,02/22/2024 02:20:42
1114,1114,MiraFlex 1,Running,2024-02-22 02:20:42,2024-02-22 02:56:22,0 days 00:35:40,1631928211.0,134360.0,1632062571.0,1,,513,0,02/22/2024 02:56:22
1115,1115,MiraFlex 1,Stop,2024-02-22 02:56:22,2024-02-22 02:56:42,0 days 00:00:20,-1631913753.0,1632062571.0,148818.0,0,,513,4193,02/22/2024 02:56:42
1116,1116,MiraFlex 1,Running,2024-02-22 02:56:42,2024-02-22 03:18:42,0 days 00:22:00,8785.0,148818.0,157603.0,1,,513,0,02/22/2024 03:18:42
1117,1117,MiraFlex 1,Stop,2024-02-22 03:18:42,2024-02-22 03:21:22,0 days 00:02:40,47.0,157603.0,157650.0,0,,513,4194,02/22/2024 03:21:22
1118,1118,MiraFlex 1,Running,2024-02-22 03:21:22,2024-02-22 03:40:02,0 days 00:18:40,7435.0,157650.0,165085.0,1,,513,0,02/22/2024 03:40:02
1119,1119,MiraFlex 1,Stop,2024-02-22 03:40:02,2024-02-22 03:46:42,0 days 00:06:40,3.0,165085.0,165088.0,0,,513,4195,02/22/2024 03:46:42
1120,1120,MiraFlex 1,Running,2024-02-22 03:46:42,2024-02-22 04:11:02,0 days 00:24:20,1631897483.0,165088.0,1632062571.0,1,,513,0,02/22/2024 04:11:02
1121,1121,MiraFlex 1,Stop,2024-02-22 04:11:02,2024-02-22 04:11:22,0 days 00:00:20,-1631887585.0,1632062571.0,174986.0,0,,513,4196,02/22/2024 04:11:22
1122,1122,MiraFlex 1,Running,2024-02-22 04:11:22,2024-02-22 04:28:23,0 days 00:17:01,6702.0,174986.0,181688.0,1,,513,0,02/22/2024 04:28:23
1123,1123,MiraFlex 1,Stop,2024-02-22 04:28:23,2024-02-22 04:32:03,0 days 00:03:40,7.0,181688.0,181695.0,0,,513,4197,02/22/2024 04:32:03
1124,1124,MiraFlex 1,Running,2024-02-22 04:32:03,2024-02-22 04:32:23,0 days 00:00:20,0.0,181695.0,181695.0,1,,513,0,02/22/2024 04:32:23
1125,1125,MiraFlex 1,Stop,2024-02-22 04:32:23,2024-02-22 04:32:43,0 days 00:00:20,56.0,181695.0,181751.0,0,,513,4198,02/22/2024 04:32:43
1126,1126,MiraFlex 1,Running,2024-02-22 04:32:43,2024-02-22 05:08:43,0 days 00:36:00,14450.0,181751.0,196201.0,1,,513,0,02/22/2024 05:08:43
1127,1127,MiraFlex 1,Stop,2024-02-22 05:08:43,2024-02-22 05:30:43,0 days 00:22:00,82.0,196201.0,196283.0,0,,513,4199,02/22/2024 05:30:43
1128,1128,MiraFlex 1,Running,2024-02-22 05:30:43,2024-02-22 05:57:03,0 days 00:26:20,10461.0,196283.0,206744.0,1,,513,0,02/22/2024 05:57:03
1129,1129,MiraFlex 1,Stop,2024-02-22 05:57:03,2024-02-22 05:59:23,0 days 00:02:20,35.0,206744.0,206779.0,0,,513,4200,02/22/2024 05:59:23
1130,1130,MiraFlex 1,Running,2024-02-22 05:59:23,2024-02-22 06:29:24,0 days 00:30:01,1631855792.0,206779.0,1632062571.0,1,,513,0,02/22/2024 06:29:24
1131,1131,MiraFlex 1,Stop,2024-02-22 06:29:24,2024-02-22 06:29:44,0 days 00:00:20,-1631843614.0,1632062571.0,218957.0,0,,513,4201,02/22/2024 06:29:44
1132,1132,MiraFlex 1,Running,2024-02-22 06:29:44,2024-02-22 06:31:24,0 days 00:01:40,623.0,218957.0,219580.0,1,,513,0,02/22/2024 06:31:24
1133,1133,MiraFlex 1,Stop,2024-02-22 06:31:24,2024-02-22 06:38:24,0 days 00:07:00,74.0,219580.0,219654.0,0,,513,0,02/22/2024 06:38:24
1134,1134,MiraFlex 1,Running,2024-02-22 06:38:24,2024-02-22 07:03:04,0 days 00:24:40,1631843111.0,219654.0,1632062765.0,1,,513,0,02/22/2024 07:03:04
1135,1135,MiraFlex 1,Stop,2024-02-22 07:03:04,2024-02-22 07:03:24,0 days 00:00:20,-1632061477.0,1632062765.0,1288.0,0,,513,4106,02/22/2024 07:03:24
1136,1136,MiraFlex 1,Running,2024-02-22 07:03:24,2024-02-22 07:38:24,0 days 00:35:00,13838.0,1288.0,15126.0,1,,513,0,02/22/2024 07:38:24
1137,1137,MiraFlex 1,Stop,2024-02-22 07:38:24,2024-02-22 08:19:25,0 days 00:41:01,46.0,15126.0,15172.0,0,,513,4107,02/22/2024 08:19:25
1138,1138,MiraFlex 1,Running,2024-02-22 08:19:25,2024-02-22 08:38:25,0 days 00:19:00,7557.0,15172.0,22729.0,1,,513,0,02/22/2024 08:38:25
1139,1139,MiraFlex 1,Stop,2024-02-22 08:38:25,2024-02-22 08:42:05,0 days 00:03:40,25.0,22729.0,22754.0,0,,513,4108,02/22/2024 08:42:05
1140,1140,MiraFlex 1,Running,2024-02-22 08:42:05,2024-02-22 09:22:25,0 days 00:40:20,1632039817.0,22754.0,1632062571.0,1,,513,0,02/22/2024 09:22:25
1141,1141,MiraFlex 1,Stop,2024-02-22 09:22:25,2024-02-22 09:27:05,0 days 00:04:40,-1632023694.0,1632062571.0,38877.0,0,,513,4109,02/22/2024 09:27:05
1142,1142,MiraFlex 1,Running,2024-02-22 09:27:05,2024-02-22 09:48:25,0 days 00:21:20,8463.0,38877.0,47340.0,1,,513,0,02/22/2024 09:48:25
1143,1143,MiraFlex 1,Stop,2024-02-22 09:48:25,2024-02-22 10:01:05,0 days 00:12:40,8.0,47340.0,47348.0,0,,513,4110,02/22/2024 10:01:05
1144,1144,MiraFlex 1,Running,2024-02-22 10:01:05,2024-02-22 10:39:46,0 days 00:38:41,15301.0,47348.0,62649.0,1,,513,0,02/22/2024 10:39:46
1145,1145,MiraFlex 1,Stop,2024-02-22 10:39:46,2024-02-22 10:47:26,0 days 00:07:40,35.0,62649.0,62684.0,0,,513,4111,02/22/2024 10:47:26
1146,1146,MiraFlex 1,Running,2024-02-22 10:47:26,2024-02-22 10:49:26,0 days 00:02:00,1631999887.0,62684.0,1632062571.0,1,,513,0,02/22/2024 10:49:26
1147,1147,MiraFlex 1,Stop,2024-02-22 10:49:26,2024-02-22 10:49:46,0 days 00:00:20,-1631998970.0,1632062571.0,63601.0,0,,513,4112,02/22/2024 10:49:46
1148,1148,MiraFlex 1,Running,2024-02-22 10:49:46,2024-02-22 11:46:46,0 days 00:57:00,-54641.0,63601.0,8960.0,1,,513,0,02/22/2024 11:46:46
1149,1149,MiraFlex 1,Stop,2024-02-22 11:46:46,2024-02-22 11:53:06,0 days 00:06:20,54.0,8960.0,9014.0,0,,507,4113,02/22/2024 11:53:06
1150,1150,MiraFlex 1,Running,2024-02-22 11:53:06,2024-02-22 12:14:47,0 days 00:21:41,8626.0,9014.0,17640.0,1,,507,0,02/22/2024 12:14:47
1151,1151,MiraFlex 1,Stop,2024-02-22 12:14:47,2024-02-22 12:30:47,0 days 00:16:00,30.0,17640.0,17670.0,0,,507,4114,02/22/2024 12:30:47
1152,1152,MiraFlex 1,Running,2024-02-22 12:30:47,2024-02-22 12:31:07,0 days 00:00:20,50.0,17670.0,17720.0,1,,507,0,02/22/2024 12:31:07
1153,1153,MiraFlex 1,Stop,2024-02-22 12:31:07,2024-02-22 12:32:27,0 days 00:01:20,56.0,17720.0,17776.0,0,,507,4115,02/22/2024 12:32:27
1154,1154,MiraFlex 1,Running,2024-02-22 12:32:27,2024-02-22 13:07:27,0 days 00:35:00,13978.0,17776.0,31754.0,1,,507,0,02/22/2024 13:07:27
1155,1155,MiraFlex 1,Stop,2024-02-22 13:07:27,2024-02-22 13:10:47,0 days 00:03:20,23.0,31754.0,31777.0,0,,507,4116,02/22/2024 13:10:47
1156,1156,MiraFlex 1,Running,2024-02-22 13:10:47,2024-02-22 13:24:27,0 days 00:13:40,5439.0,31777.0,37216.0,1,,507,0,02/22/2024 13:24:27
1157,1157,MiraFlex 1,Stop,2024-02-22 13:24:27,2024-02-22 13:47:07,0 days 00:22:40,31.0,37216.0,37247.0,0,,507,4117,02/22/2024 13:47:07
1158,1158,MiraFlex 1,Running,2024-02-22 13:47:07,2024-02-22 14:32:28,0 days 00:45:21,18170.0,37247.0,55417.0,1,,507,0,02/22/2024 14:32:28
1159,1159,MiraFlex 1,Stop,2024-02-22 14:32:28,2024-02-22 14:39:28,0 days 00:07:00,29.0,55417.0,55446.0,0,,507,4118,02/22/2024 14:39:28
1160,1160,MiraFlex 1,Running,2024-02-22 14:39:28,2024-02-22 15:20:08,0 days 00:40:40,-45112.0,55446.0,10334.0,1,,507,0,02/22/2024 15:20:08
1161,1161,MiraFlex 1,Stop,2024-02-22 15:20:08,2024-02-22 15:28:08,0 days 00:08:00,63.0,10334.0,10397.0,0,,507,4213,02/22/2024 15:28:08
1162,1162,MiraFlex 1,Running,2024-02-22 15:28:08,2024-02-22 15:46:48,0 days 00:18:40,7485.0,10397.0,17882.0,1,,507,0,02/22/2024 15:46:48
1163,1163,MiraFlex 1,Stop,2024-02-22 15:46:48,2024-02-22 16:04:08,0 days 00:17:20,30.0,17882.0,17912.0,0,,507,4214,02/22/2024 16:04:08
1164,1164,MiraFlex 1,Running,2024-02-22 16:04:08,2024-02-22 17:17:09,0 days 01:13:01,29291.0,17912.0,47203.0,1,,507,0,02/22/2024 17:17:09
1165,1165,MiraFlex 1,Stop,2024-02-22 17:17:09,2024-02-22 17:24:09,0 days 00:07:00,92.0,47203.0,47295.0,0,,507,4215,02/22/2024 17:24:09
1166,1166,MiraFlex 1,Running,2024-02-22 17:24:09,2024-02-22 18:09:29,0 days 00:45:20,18141.0,47295.0,65436.0,1,,507,0,02/22/2024 18:09:29
1167,1167,MiraFlex 1,Stop,2024-02-22 18:09:29,2024-02-22 18:15:50,0 days 00:06:21,38.0,65436.0,65474.0,0,,507,4216,02/22/2024 18:15:50
1168,1168,MiraFlex 1,Running,2024-02-22 18:15:50,2024-02-22 19:48:10,0 days 01:32:20,36987.0,65474.0,102461.0,1,,507,0,02/22/2024 19:48:10
1169,1169,MiraFlex 1,Stop,2024-02-22 19:48:10,2024-02-22 19:54:50,0 days 00:06:40,28.0,102461.0,102489.0,0,,507,4217,02/22/2024 19:54:50
1170,1170,MiraFlex 1,Running,2024-02-22 19:54:50,2024-02-22 21:02:51,0 days 01:08:01,27233.0,102489.0,129722.0,1,,507,0,02/22/2024 21:02:51
1171,1171,MiraFlex 1,Stop,2024-02-22 21:02:51,2024-02-22 21:10:11,0 days 00:07:20,65.0,129722.0,129787.0,0,,507,4218,02/22/2024 21:10:11
1172,1172,MiraFlex 1,Running,2024-02-22 21:10:11,2024-02-22 21:28:11,0 days 00:18:00,7148.0,129787.0,136935.0,1,,507,0,02/22/2024 21:28:11
1173,1173,MiraFlex 1,Stop,2024-02-22 21:28:11,2024-02-22 21:34:31,0 days 00:06:20,110.0,136935.0,137045.0,0,,507,4219,02/22/2024 21:34:31
1174,1174,MiraFlex 1,Running,2024-02-22 21:34:31,2024-02-22 22:33:32,0 days 00:59:01,23574.0,137045.0,160619.0,1,,507,0,02/22/2024 22:33:32
1175,1175,MiraFlex 1,Stop,2024-02-22 22:33:32,2024-02-22 22:38:32,0 days 00:05:00,9.0,160619.0,160628.0,0,,507,4220,02/22/2024 22:38:32
1176,1176,MiraFlex 1,Running,2024-02-22 22:38:32,2024-02-22 23:23:52,0 days 00:45:20,16932.0,160628.0,177560.0,1,,507,0,02/22/2024 23:23:52
1177,1177,MiraFlex 1,Stop,2024-02-22 23:23:52,2024-02-22 23:34:12,0 days 00:10:20,46.0,177560.0,177606.0,0,,507,4152,02/22/2024 23:34:12
1178,1178,MiraFlex 1,Running,2024-02-22 23:34:12,2024-02-22 23:47:52,0 days 00:13:40,5360.0,177606.0,182966.0,1,,507,0,02/22/2024 23:47:52
1179,1179,MiraFlex 1,Stop,2024-02-22 23:47:52,2024-02-23 00:08:53,0 days 00:21:01,16.0,182966.0,182982.0,0,,507,4153,02/23/2024 00:08:53
1180,1180,MiraFlex 1,Running,2024-02-23 00:08:53,2024-02-23 00:17:53,0 days 00:09:00,3447.0,182982.0,186429.0,1,,507,0,02/23/2024 00:17:53
1181,1181,MiraFlex 1,Stop,2024-02-23 00:17:53,2024-02-23 00:27:33,0 days 00:09:40,20.0,186429.0,186449.0,0,,507,4154,02/23/2024 00:27:33
1182,1182,MiraFlex 1,Running,2024-02-23 00:27:33,2024-02-23 00:51:53,0 days 00:24:20,9623.0,186449.0,196072.0,1,,507,0,02/23/2024 00:51:53
1183,1183,MiraFlex 1,Stop,2024-02-23 00:51:53,2024-02-23 00:54:53,0 days 00:03:00,42.0,196072.0,196114.0,0,,507,4155,02/23/2024 00:54:53
1184,1184,MiraFlex 1,Running,2024-02-23 00:54:53,2024-02-23 01:15:53,0 days 00:21:00,8335.0,196114.0,204449.0,1,,507,0,02/23/2024 01:15:53
1185,1185,MiraFlex 1,Stop,2024-02-23 01:15:53,2024-02-23 01:19:13,0 days 00:03:20,81.0,204449.0,204530.0,0,,507,4156,02/23/2024 01:19:13
1186,1186,MiraFlex 1,Running,2024-02-23 01:19:13,2024-02-23 01:28:53,0 days 00:09:40,3831.0,204530.0,208361.0,1,,507,0,02/23/2024 01:28:53
1187,1187,MiraFlex 1,Stop,2024-02-23 01:28:53,2024-02-23 02:58:14,0 days 01:29:21,16.0,208361.0,208377.0,0,,507,4157,02/23/2024 02:58:14
1188,1188,MiraFlex 1,Running,2024-02-23 02:58:14,2024-02-23 03:06:14,0 days 00:08:00,539.0,208377.0,208916.0,1,,507,0,02/23/2024 03:06:14
1189,1189,MiraFlex 1,Stop,2024-02-23 03:06:14,2024-02-23 03:09:54,0 days 00:03:40,20.0,208916.0,208936.0,0,,507,4158,02/23/2024 03:09:54
1190,1190,MiraFlex 1,Running,2024-02-23 03:09:54,2024-02-23 03:10:34,0 days 00:00:40,24.0,208936.0,208960.0,1,,507,0,02/23/2024 03:10:34
1191,1191,MiraFlex 1,Stop,2024-02-23 03:10:34,2024-02-23 03:12:14,0 days 00:01:40,29.0,208960.0,208989.0,0,,507,4159,02/23/2024 03:12:14
1192,1192,MiraFlex 1,Running,2024-02-23 03:12:14,2024-02-23 03:16:54,0 days 00:04:40,724.0,208989.0,209713.0,1,,507,0,02/23/2024 03:16:54
1193,1193,MiraFlex 1,Stop,2024-02-23 03:16:54,2024-02-23 03:37:54,0 days 00:21:00,2.0,209713.0,209715.0,0,,507,4160,02/23/2024 03:37:54
1194,1194,MiraFlex 1,Running,2024-02-23 03:37:54,2024-02-23 03:40:34,0 days 00:02:40,508.0,209715.0,210223.0,1,,507,0,02/23/2024 03:40:34
1195,1195,MiraFlex 1,Stop,2024-02-23 03:40:34,2024-02-23 04:08:15,0 days 00:27:41,3.0,210223.0,210226.0,0,,507,4161,02/23/2024 04:08:15
1196,1196,MiraFlex 1,Running,2024-02-23 04:08:15,2024-02-23 04:10:15,0 days 00:02:00,377.0,210226.0,210603.0,1,,507,0,02/23/2024 04:10:15
1197,1197,MiraFlex 1,Stop,2024-02-23 04:10:15,2024-02-23 07:31:32,0 days 03:21:17,-210603.0,210603.0,0.0,0,,507,0,02/23/2024 07:31:32
1198,1198,MiraFlex 1,Running,2024-02-23 07:31:32,2024-02-23 07:33:32,0 days 00:02:00,365.0,0.0,365.0,1,,507,0,02/23/2024 07:33:32
1199,1199,MiraFlex 1,Stop,2024-02-23 07:33:32,2024-02-23 07:54:12,0 days 00:20:40,4.0,365.0,369.0,0,,507,4203,02/23/2024 07:54:12
1200,1200,MiraFlex 1,Running,2024-02-23 07:54:12,2024-02-23 07:56:32,0 days 00:02:20,560.0,369.0,929.0,1,,507,0,02/23/2024 07:56:32
1201,1201,MiraFlex 1,Stop,2024-02-23 07:56:32,2024-02-23 08:07:32,0 days 00:11:00,10.0,929.0,939.0,0,,507,4204,02/23/2024 08:07:32
1202,1202,MiraFlex 1,Running,2024-02-23 08:07:32,2024-02-23 08:10:32,0 days 00:03:00,1118.0,939.0,2057.0,1,,507,0,02/23/2024 08:10:32
1203,1203,MiraFlex 1,Stop,2024-02-23 08:10:32,2024-02-23 08:19:13,0 days 00:08:41,5.0,2057.0,2062.0,0,,507,4205,02/23/2024 08:19:13
1204,1204,MiraFlex 1,Running,2024-02-23 08:19:13,2024-02-23 08:19:53,0 days 00:00:40,190.0,2062.0,2252.0,1,,507,0,02/23/2024 08:19:53
1205,1205,MiraFlex 1,Stop,2024-02-23 08:19:53,2024-02-23 08:32:53,0 days 00:13:00,79.0,2252.0,2331.0,0,,507,4206,02/23/2024 08:32:53
1206,1206,MiraFlex 1,Running,2024-02-23 08:32:53,2024-02-23 08:43:13,0 days 00:10:20,-375.0,2331.0,1956.0,1,,507,0,02/23/2024 08:43:13
1207,1207,MiraFlex 1,Stop,2024-02-23 08:43:13,2024-02-23 09:15:53,0 days 00:32:40,1247.0,1956.0,3203.0,0,,0,0,02/23/2024 09:15:53
1208,1208,MiraFlex 1,Running,2024-02-23 09:15:53,2024-02-23 10:17:13,0 days 01:01:20,24503.0,3203.0,27706.0,1,,515,0,02/23/2024 10:17:13
1209,1209,MiraFlex 1,Stop,2024-02-23 10:17:13,2024-02-23 10:19:14,0 days 00:02:01,32.0,27706.0,27738.0,0,,515,4208,02/23/2024 10:19:14
1210,1210,MiraFlex 1,Running,2024-02-23 10:19:14,2024-02-23 10:19:34,0 days 00:00:20,55.0,27738.0,27793.0,1,,515,0,02/23/2024 10:19:34
1211,1211,MiraFlex 1,Stop,2024-02-23 10:19:34,2024-02-23 10:20:14,0 days 00:00:40,15.0,27793.0,27808.0,0,,515,4209,02/23/2024 10:20:14
1212,1212,MiraFlex 1,Running,2024-02-23 10:20:14,2024-02-23 11:03:54,0 days 00:43:40,17260.0,27808.0,45068.0,1,,515,0,02/23/2024 11:03:54
1213,1213,MiraFlex 1,Stop,2024-02-23 11:03:54,2024-02-23 11:05:54,0 days 00:02:00,12.0,45068.0,45080.0,0,,515,4210,02/23/2024 11:05:54
1214,1214,MiraFlex 1,Running,2024-02-23 11:05:54,2024-02-23 12:48:55,0 days 01:43:01,41106.0,45080.0,86186.0,1,,515,0,02/23/2024 12:48:55
1215,1215,MiraFlex 1,Stop,2024-02-23 12:48:55,2024-02-23 14:14:15,0 days 01:25:20,18.0,86186.0,86204.0,0,,515,4211,02/23/2024 14:14:15
1216,1216,MiraFlex 1,Running,2024-02-23 14:14:15,2024-02-23 14:30:56,0 days 00:16:41,6554.0,86204.0,92758.0,1,,515,0,02/23/2024 14:30:56
1217,1217,MiraFlex 1,Stop,2024-02-23 14:30:56,2024-02-23 14:42:36,0 days 00:11:40,41.0,92758.0,92799.0,0,,515,4212,02/23/2024 14:42:36
1218,1218,MiraFlex 1,Running,2024-02-23 14:42:36,2024-02-23 15:42:16,0 days 00:59:40,-73562.0,92799.0,19237.0,1,,515,0,02/23/2024 15:42:16
1219,1219,MiraFlex 1,Stop,2024-02-23 15:42:16,2024-02-23 15:43:16,0 days 00:01:00,55.0,19237.0,19292.0,0,,515,4221,02/23/2024 15:43:16
1220,1220,MiraFlex 1,Running,2024-02-23 15:43:16,2024-02-23 16:34:17,0 days 00:51:01,20348.0,19292.0,39640.0,1,,515,0,02/23/2024 16:34:17
1221,1221,MiraFlex 1,Stop,2024-02-23 16:34:17,2024-02-23 16:55:37,0 days 00:21:20,-37155.0,39640.0,2485.0,0,,515,0,02/23/2024 16:55:37
1222,1222,MiraFlex 1,Running,2024-02-23 16:55:37,2024-02-23 17:07:39,0 days 00:12:02,1831.0,2485.0,4316.0,1,,516,0,02/23/2024 17:07:39
1223,1223,MiraFlex 1,Stop,2024-02-23 17:07:39,2024-02-23 17:19:57,0 days 00:12:18,0.0,4316.0,4316.0,0,,516,4229,02/23/2024 17:19:57
1224,1224,MiraFlex 1,Running,2024-02-23 17:19:57,2024-02-23 17:22:37,0 days 00:02:40,761.0,4316.0,5077.0,1,,516,0,02/23/2024 17:22:37
1225,1225,MiraFlex 1,Stop,2024-02-23 17:22:37,2024-02-23 18:15:58,0 days 00:53:21,53.0,5077.0,5130.0,0,,516,4230,02/23/2024 18:15:58
1226,1226,MiraFlex 1,Running,2024-02-23 18:15:58,2024-02-23 18:25:38,0 days 00:09:40,3779.0,5130.0,8909.0,1,,516,0,02/23/2024 18:25:38
1227,1227,MiraFlex 1,Stop,2024-02-23 18:25:38,2024-02-23 18:38:18,0 days 00:12:40,19.0,8909.0,8928.0,0,,516,4231,02/23/2024 18:38:18
1228,1228,MiraFlex 1,Running,2024-02-23 18:38:18,2024-02-23 19:20:58,0 days 00:42:40,17001.0,8928.0,25929.0,1,,516,0,02/23/2024 19:20:58
1229,1229,MiraFlex 1,Stop,2024-02-23 19:20:58,2024-02-23 19:49:18,0 days 00:28:20,2.0,25929.0,25931.0,0,,516,4232,02/23/2024 19:49:18
1230,1230,MiraFlex 1,Running,2024-02-23 19:49:18,2024-02-23 20:09:18,0 days 00:20:00,7857.0,25931.0,33788.0,1,,516,0,02/23/2024 20:09:18
1231,1231,MiraFlex 1,Stop,2024-02-23 20:09:18,2024-02-23 20:29:19,0 days 00:20:01,32.0,33788.0,33820.0,0,,516,4233,02/23/2024 20:29:19
1232,1232,MiraFlex 1,Running,2024-02-23 20:29:19,2024-02-23 20:57:19,0 days 00:28:00,11110.0,33820.0,44930.0,1,,516,0,02/23/2024 20:57:19
1233,1233,MiraFlex 1,Stop,2024-02-23 20:57:19,2024-02-23 21:10:39,0 days 00:13:20,31.0,44930.0,44961.0,0,,516,4234,02/23/2024 21:10:39
1234,1234,MiraFlex 1,Running,2024-02-23 21:10:39,2024-02-23 21:22:19,0 days 00:11:40,4552.0,44961.0,49513.0,1,,516,0,02/23/2024 21:22:19
1235,1235,MiraFlex 1,Stop,2024-02-23 21:22:19,2024-02-23 21:22:59,0 days 00:00:40,4.0,49513.0,49517.0,0,,516,4235,02/23/2024 21:22:59
1236,1236,MiraFlex 1,Running,2024-02-23 21:22:59,2024-02-23 22:22:40,0 days 00:59:41,23863.0,49517.0,73380.0,1,,516,0,02/23/2024 22:22:40
1237,1237,MiraFlex 1,Stop,2024-02-23 22:22:40,2024-02-23 22:23:20,0 days 00:00:40,2.0,73380.0,73382.0,0,,516,4236,02/23/2024 22:23:20
1238,1238,MiraFlex 1,Running,2024-02-23 22:23:20,2024-02-23 22:34:40,0 days 00:11:20,4426.0,73382.0,77808.0,1,,516,0,02/23/2024 22:34:40
1239,1239,MiraFlex 1,Stop,2024-02-23 22:34:40,2024-02-23 22:39:20,0 days 00:04:40,52.0,77808.0,77860.0,0,,516,4237,02/23/2024 22:39:20
1240,1240,MiraFlex 1,Running,2024-02-23 22:39:20,2024-02-23 23:10:40,0 days 00:31:20,11312.0,77860.0,89172.0,1,,516,0,02/23/2024 23:10:40
1241,1241,MiraFlex 1,Stop,2024-02-23 23:10:40,2024-02-23 23:25:20,0 days 00:14:40,-87888.0,89172.0,1284.0,0,,516,0,02/23/2024 23:25:20
1242,1242,MiraFlex 1,Running,2024-02-23 23:25:20,2024-02-23 23:35:35,0 days 00:10:15,1632062715.0,1284.0,1632063999.0,1,,0,0,02/23/2024 23:35:35
1243,1243,MiraFlex 1,Stop,2024-02-23 23:35:35,2024-02-23 23:43:40,0 days 00:08:05,-1632061596.0,1632063999.0,2403.0,0,,0,0,02/23/2024 23:43:40
1244,1244,MiraFlex 1,Running,2024-02-23 23:43:40,2024-02-23 23:46:00,0 days 00:02:20,897.0,2403.0,3300.0,1,,0,0,02/23/2024 23:46:00
1245,1245,MiraFlex 1,Stop,2024-02-23 23:46:00,2024-02-23 23:50:00,0 days 00:04:00,5.0,3300.0,3305.0,0,,0,0,02/23/2024 23:50:00
1246,1246,MiraFlex 1,Running,2024-02-23 23:50:00,2024-02-23 23:53:40,0 days 00:03:40,1361.0,3305.0,4666.0,1,,0,0,02/23/2024 23:53:40
1247,1247,MiraFlex 1,Stop,2024-02-23 23:53:40,2024-02-24 00:08:21,0 days 00:14:41,61.0,4666.0,4727.0,0,,0,0,02/24/2024 00:08:21
1248,1248,MiraFlex 1,Running,2024-02-24 00:08:21,2024-02-24 00:17:01,0 days 00:08:40,3401.0,4727.0,8128.0,1,,0,0,02/24/2024 00:17:01
1249,1249,MiraFlex 1,Stop,2024-02-24 00:17:01,2024-02-24 01:01:01,0 days 00:44:00,6.0,8128.0,8134.0,0,,0,0,02/24/2024 01:01:01
1250,1250,MiraFlex 1,Running,2024-02-24 01:01:01,2024-02-24 01:01:21,0 days 00:00:20,73.0,8134.0,8207.0,1,,0,0,02/24/2024 01:01:21
1251,1251,MiraFlex 1,Stop,2024-02-24 01:01:21,2024-02-24 01:10:21,0 days 00:09:00,5.0,8207.0,8212.0,0,,0,0,02/24/2024 01:10:21
1252,1252,MiraFlex 1,Running,2024-02-24 01:10:21,2024-02-24 01:14:41,0 days 00:04:20,1618.0,8212.0,9830.0,1,,0,0,02/24/2024 01:14:41
1253,1253,MiraFlex 1,Stop,2024-02-24 01:14:41,2024-02-24 01:17:41,0 days 00:03:00,29.0,9830.0,9859.0,0,,0,0,02/24/2024 01:17:41
1254,1254,MiraFlex 1,Running,2024-02-24 01:17:41,2024-02-24 01:51:21,0 days 00:33:40,13406.0,9859.0,23265.0,1,,0,0,02/24/2024 01:51:21
1255,1255,MiraFlex 1,Stop,2024-02-24 01:51:21,2024-02-24 02:01:21,0 days 00:10:00,56.0,23265.0,23321.0,0,,0,0,02/24/2024 02:01:21
1256,1256,MiraFlex 1,Running,2024-02-24 02:01:21,2024-02-24 02:20:22,0 days 00:19:01,7525.0,23321.0,30846.0,1,,0,0,02/24/2024 02:20:22
1257,1257,MiraFlex 1,Stop,2024-02-24 02:20:22,2024-02-24 02:44:22,0 days 00:24:00,42.0,30846.0,30888.0,0,,0,0,02/24/2024 02:44:22
1258,1258,MiraFlex 1,Running,2024-02-24 02:44:22,2024-02-24 02:51:02,0 days 00:06:40,2537.0,30888.0,33425.0,1,,0,0,02/24/2024 02:51:02
1259,1259,MiraFlex 1,Stop,2024-02-24 02:51:02,2024-02-24 02:51:42,0 days 00:00:40,28.0,33425.0,33453.0,0,,0,0,02/24/2024 02:51:42
1260,1260,MiraFlex 1,Running,2024-02-24 02:51:42,2024-02-24 03:13:42,0 days 00:22:00,8783.0,33453.0,42236.0,1,,0,0,02/24/2024 03:13:42
1261,1261,MiraFlex 1,Stop,2024-02-24 03:13:42,2024-02-24 03:23:02,0 days 00:09:20,1.0,42236.0,42237.0,0,,0,0,02/24/2024 03:23:02
1262,1262,MiraFlex 1,Running,2024-02-24 03:23:02,2024-02-24 03:31:42,0 days 00:08:40,644.0,42237.0,42881.0,1,,0,0,02/24/2024 03:31:42
1263,1263,MiraFlex 1,Stop,2024-02-24 03:31:42,2024-02-24 03:32:02,0 days 00:00:20,64.0,42881.0,42945.0,0,,0,0,02/24/2024 03:32:02
1264,1264,MiraFlex 1,Running,2024-02-24 03:32:02,2024-02-24 03:33:02,0 days 00:01:00,213.0,42945.0,43158.0,1,,0,0,02/24/2024 03:33:02
1265,1265,MiraFlex 1,Stop,2024-02-24 03:33:02,2024-02-24 03:34:02,0 days 00:01:00,31.0,43158.0,43189.0,0,,0,0,02/24/2024 03:34:02
1266,1266,MiraFlex 1,Running,2024-02-24 03:34:02,2024-02-24 03:36:22,0 days 00:02:20,523.0,43189.0,43712.0,1,,0,0,02/24/2024 03:36:22
1267,1267,MiraFlex 1,Stop,2024-02-24 03:36:22,2024-02-24 03:50:42,0 days 00:14:20,13.0,43712.0,43725.0,0,,0,0,02/24/2024 03:50:42
1268,1268,MiraFlex 1,Running,2024-02-24 03:50:42,2024-02-24 03:53:42,0 days 00:03:00,530.0,43725.0,44255.0,1,,0,0,02/24/2024 03:53:42
1269,1269,MiraFlex 1,Stop,2024-02-24 03:53:42,2024-02-24 04:29:43,0 days 00:36:01,89.0,44255.0,44344.0,0,,0,0,02/24/2024 04:29:43
1270,1270,MiraFlex 1,Running,2024-02-24 04:29:43,2024-02-24 04:42:23,0 days 00:12:40,5077.0,44344.0,49421.0,1,,0,0,02/24/2024 04:42:23
1271,1271,MiraFlex 1,Stop,2024-02-24 04:42:23,2024-02-24 04:49:23,0 days 00:07:00,69.0,49421.0,49490.0,0,,0,0,02/24/2024 04:49:23
1272,1272,MiraFlex 1,Running,2024-02-24 04:49:23,2024-02-24 05:30:43,0 days 00:41:20,16471.0,49490.0,65961.0,1,,0,0,02/24/2024 05:30:43
1273,1273,MiraFlex 1,Stop,2024-02-24 05:30:43,2024-02-24 05:32:03,0 days 00:01:20,4.0,65961.0,65965.0,0,,0,0,02/24/2024 05:32:03
1274,1274,MiraFlex 1,Running,2024-02-24 05:32:03,2024-02-24 06:31:44,0 days 00:59:41,23866.0,65965.0,89831.0,1,,0,0,02/24/2024 06:31:44
1275,1275,MiraFlex 1,Stop,2024-02-24 06:31:44,2024-02-24 06:33:04,0 days 00:01:20,27.0,89831.0,89858.0,0,,0,0,02/24/2024 06:33:04
1276,1276,MiraFlex 1,Running,2024-02-24 06:33:04,2024-02-24 06:40:04,0 days 00:07:00,2745.0,89858.0,92603.0,1,,0,0,02/24/2024 06:40:04
1277,1277,MiraFlex 1,Stop,2024-02-24 06:40:04,2024-02-24 06:41:24,0 days 00:01:20,7.0,92603.0,92610.0,0,,0,0,02/24/2024 06:41:24
1278,1278,MiraFlex 1,Running,2024-02-24 06:41:24,2024-02-24 06:49:04,0 days 00:07:40,3016.0,92610.0,95626.0,1,,0,0,02/24/2024 06:49:04
1279,1279,MiraFlex 1,Stop,2024-02-24 06:49:04,2024-02-24 06:53:24,0 days 00:04:20,23.0,95626.0,95649.0,0,,0,0,02/24/2024 06:53:24
1280,1280,MiraFlex 1,Running,2024-02-24 06:53:24,2024-02-24 07:42:44,0 days 00:49:20,-76378.0,95649.0,19271.0,1,,0,0,02/24/2024 07:42:44
1281,1281,MiraFlex 1,Stop,2024-02-24 07:42:44,2024-02-24 07:56:44,0 days 00:14:00,71.0,19271.0,19342.0,0,,521,4222,02/24/2024 07:56:44
1282,1282,MiraFlex 1,Running,2024-02-24 07:56:44,2024-02-24 08:13:05,0 days 00:16:21,6528.0,19342.0,25870.0,1,,521,0,02/24/2024 08:13:05
1283,1283,MiraFlex 1,Stop,2024-02-24 08:13:05,2024-02-24 08:26:45,0 days 00:13:40,-24627.0,25870.0,1243.0,0,,521,0,02/24/2024 08:26:45
1284,1284,MiraFlex 1,Running,2024-02-24 08:26:45,2024-02-24 08:34:25,0 days 00:07:40,813.0,1243.0,2056.0,1,,0,0,02/24/2024 08:34:25
1285,1285,MiraFlex 1,Stop,2024-02-24 08:34:25,2024-02-24 08:40:25,0 days 00:06:00,1269.0,2056.0,3325.0,0,,0,4239,02/24/2024 08:40:25
1286,1286,MiraFlex 1,Running,2024-02-24 08:40:25,2024-02-24 09:09:25,0 days 00:29:00,11582.0,3325.0,14907.0,1,,524,0,02/24/2024 09:09:25
1287,1287,MiraFlex 1,Stop,2024-02-24 09:09:25,2024-02-24 09:48:25,0 days 00:39:00,3.0,14907.0,14910.0,0,,524,4240,02/24/2024 09:48:25
1288,1288,MiraFlex 1,Running,2024-02-24 09:48:25,2024-02-24 10:17:06,0 days 00:28:41,11431.0,14910.0,26341.0,1,,524,0,02/24/2024 10:17:06
1289,1289,MiraFlex 1,Stop,2024-02-24 10:17:06,2024-02-24 10:33:46,0 days 00:16:40,4.0,26341.0,26345.0,0,,524,4241,02/24/2024 10:33:46
1290,1290,MiraFlex 1,Running,2024-02-24 10:33:46,2024-02-24 10:37:46,0 days 00:04:00,1538.0,26345.0,27883.0,1,,524,0,02/24/2024 10:37:46
1291,1291,MiraFlex 1,Stop,2024-02-24 10:37:46,2024-02-24 11:22:06,0 days 00:44:20,4.0,27883.0,27887.0,0,,524,4242,02/24/2024 11:22:06
1292,1292,MiraFlex 1,Running,2024-02-24 11:22:06,2024-02-24 11:54:06,0 days 00:32:00,12367.0,27887.0,40254.0,1,,524,0,02/24/2024 11:54:06
1293,1293,MiraFlex 1,Stop,2024-02-24 11:54:06,2024-02-24 12:09:27,0 days 00:15:21,-37778.0,40254.0,2476.0,0,,524,4243,02/24/2024 12:09:27
1294,1294,MiraFlex 1,Running,2024-02-24 12:09:27,2024-02-24 12:18:07,0 days 00:08:40,824.0,2476.0,3300.0,1,,523,0,02/24/2024 12:18:07
1295,1295,MiraFlex 1,Stop,2024-02-24 12:18:07,2024-02-24 12:38:27,0 days 00:20:20,16.0,3300.0,3316.0,0,,523,4244,02/24/2024 12:38:27
1296,1296,MiraFlex 1,Running,2024-02-24 12:38:27,2024-02-24 12:39:22,0 days 00:00:55,1632061917.0,3316.0,1632065233.0,1,,523,0,02/24/2024 12:39:22
1297,1297,MiraFlex 1,Stop,2024-02-24 12:39:22,2024-02-24 13:05:07,0 days 00:25:45,-1632061552.0,1632065233.0,3681.0,0,,523,4245,02/24/2024 13:05:07
1298,1298,MiraFlex 1,Running,2024-02-24 13:05:07,2024-02-24 13:13:27,0 days 00:08:20,3177.0,3681.0,6858.0,1,,523,0,02/24/2024 13:13:27
1299,1299,MiraFlex 1,Stop,2024-02-24 13:13:27,2024-02-24 13:26:27,0 days 00:13:00,58.0,6858.0,6916.0,0,,523,4246,02/24/2024 13:26:27
1300,1300,MiraFlex 1,Running,2024-02-24 13:26:27,2024-02-24 13:47:47,0 days 00:21:20,8439.0,6916.0,15355.0,1,,523,0,02/24/2024 13:47:47
1301,1301,MiraFlex 1,Stop,2024-02-24 13:47:47,2024-02-24 14:50:48,0 days 01:03:01,-12866.0,15355.0,2489.0,0,,523,0,02/24/2024 14:50:48
1302,1302,MiraFlex 1,Running,2024-02-24 14:50:48,2024-02-24 14:56:08,0 days 00:05:20,488.0,2489.0,2977.0,1,,525,0,02/24/2024 14:56:08
1303,1303,MiraFlex 1,Stop,2024-02-24 14:56:08,2024-02-24 15:06:48,0 days 00:10:40,-464.0,2977.0,2513.0,0,,525,0,02/24/2024 15:06:48
1304,1304,MiraFlex 1,Running,2024-02-24 15:06:48,2024-02-24 15:09:08,0 days 00:02:20,800.0,2513.0,3313.0,1,,525,0,02/24/2024 15:09:08
1305,1305,MiraFlex 1,Stop,2024-02-24 15:09:08,2024-02-24 15:38:28,0 days 00:29:20,20.0,3313.0,3333.0,0,,525,4261,02/24/2024 15:38:28
1306,1306,MiraFlex 1,Running,2024-02-24 15:38:28,2024-02-24 15:40:23,0 days 00:01:55,1632061900.0,3333.0,1632065233.0,1,,525,0,02/24/2024 15:40:23
1307,1307,MiraFlex 1,Stop,2024-02-24 15:40:23,2024-02-24 15:41:28,0 days 00:01:05,-1632061625.0,1632065233.0,3608.0,0,,525,4262,02/24/2024 15:41:28
1308,1308,MiraFlex 1,Running,2024-02-24 15:41:28,2024-02-24 15:51:28,0 days 00:10:00,3898.0,3608.0,7506.0,1,,525,0,02/24/2024 15:51:28
1309,1309,MiraFlex 1,Stop,2024-02-24 15:51:28,2024-02-24 15:57:09,0 days 00:05:41,73.0,7506.0,7579.0,0,,525,4263,02/24/2024 15:57:09
1310,1310,MiraFlex 1,Running,2024-02-24 15:57:09,2024-02-24 16:14:09,0 days 00:17:00,6807.0,7579.0,14386.0,1,,525,0,02/24/2024 16:14:09
1311,1311,MiraFlex 1,Stop,2024-02-24 16:14:09,2024-02-24 16:20:09,0 days 00:06:00,-11897.0,14386.0,2489.0,0,,525,0,02/24/2024 16:20:09
1312,1312,MiraFlex 1,Running,2024-02-24 16:20:09,2024-02-24 16:40:49,0 days 00:20:40,6348.0,2489.0,8837.0,1,,526,0,02/24/2024 16:40:49
1313,1313,MiraFlex 1,Stop,2024-02-24 16:40:49,2024-02-24 16:43:29,0 days 00:02:40,1410.0,8837.0,10247.0,0,,526,4266,02/24/2024 16:43:29
1314,1314,MiraFlex 1,Running,2024-02-24 16:43:29,2024-02-24 16:51:29,0 days 00:08:00,3176.0,10247.0,13423.0,1,,526,0,02/24/2024 16:51:29
1315,1315,MiraFlex 1,Stop,2024-02-24 16:51:29,2024-02-24 16:52:29,0 days 00:01:00,91.0,13423.0,13514.0,0,,526,4267,02/24/2024 16:52:29
1316,1316,MiraFlex 1,Running,2024-02-24 16:52:29,2024-02-24 16:55:49,0 days 00:03:20,1212.0,13514.0,14726.0,1,,526,0,02/24/2024 16:55:49
1317,1317,MiraFlex 1,Stop,2024-02-24 16:55:49,2024-02-24 18:04:10,0 days 01:08:21,-12252.0,14726.0,2474.0,0,,526,0,02/24/2024 18:04:10
1318,1318,MiraFlex 1,Running,2024-02-24 18:04:10,2024-02-24 18:15:10,0 days 00:11:00,1498.0,2474.0,3972.0,1,,527,0,02/24/2024 18:15:10
1319,1319,MiraFlex 1,Stop,2024-02-24 18:15:10,2024-02-24 18:32:10,0 days 00:17:00,7.0,3972.0,3979.0,0,,527,4269,02/24/2024 18:32:10
1320,1320,MiraFlex 1,Running,2024-02-24 18:32:10,2024-02-24 18:47:10,0 days 00:15:00,6086.0,3979.0,10065.0,1,,527,0,02/24/2024 18:47:10
1321,1321,MiraFlex 1,Stop,2024-02-24 18:47:10,2024-02-24 18:51:30,0 days 00:04:20,50.0,10065.0,10115.0,0,,527,4270,02/24/2024 18:51:30
1322,1322,MiraFlex 1,Running,2024-02-24 18:51:30,2024-02-24 18:52:10,0 days 00:00:40,192.0,10115.0,10307.0,1,,527,0,02/24/2024 18:52:10
1323,1323,MiraFlex 1,Stop,2024-02-24 18:52:10,2024-02-24 19:00:10,0 days 00:08:00,68.0,10307.0,10375.0,0,,527,4271,02/24/2024 19:00:10
1324,1324,MiraFlex 1,Running,2024-02-24 19:00:10,2024-02-24 19:02:50,0 days 00:02:40,1095.0,10375.0,11470.0,1,,527,0,02/24/2024 19:02:50
1325,1325,MiraFlex 1,Stop,2024-02-24 19:02:50,2024-02-24 20:01:31,0 days 00:58:41,20.0,11470.0,11490.0,0,,527,4272,02/24/2024 20:01:31
1326,1326,MiraFlex 1,Running,2024-02-24 20:01:31,2024-02-24 20:05:11,0 days 00:03:40,1553.0,11490.0,13043.0,1,,527,0,02/24/2024 20:05:11
1327,1327,MiraFlex 1,Stop,2024-02-24 20:05:11,2024-02-24 20:06:11,0 days 00:01:00,89.0,13043.0,13132.0,0,,527,4273,02/24/2024 20:06:11
1328,1328,MiraFlex 1,Running,2024-02-24 20:06:11,2024-02-24 20:14:31,0 days 00:08:20,3662.0,13132.0,16794.0,1,,527,0,02/24/2024 20:14:31
1329,1329,MiraFlex 1,Stop,2024-02-24 20:14:31,2024-02-24 20:16:51,0 days 00:02:20,84.0,16794.0,16878.0,0,,527,4274,02/24/2024 20:16:51
1330,1330,MiraFlex 1,Running,2024-02-24 20:16:51,2024-02-24 20:46:31,0 days 00:29:40,13558.0,16878.0,30436.0,1,,527,0,02/24/2024 20:46:31
1331,1331,MiraFlex 1,Stop,2024-02-24 20:46:31,2024-02-24 21:21:11,0 days 00:34:40,-27947.0,30436.0,2489.0,0,,527,0,02/24/2024 21:21:11
1332,1332,MiraFlex 1,Running,2024-02-24 21:21:11,2024-02-24 21:32:13,0 days 00:11:02,1850.0,2489.0,4339.0,1,,530,0,02/24/2024 21:32:13
1333,1333,MiraFlex 1,Stop,2024-02-24 21:32:13,2024-02-24 21:40:31,0 days 00:08:18,14.0,4339.0,4353.0,0,,530,4276,02/24/2024 21:40:31
1334,1334,MiraFlex 1,Running,2024-02-24 21:40:31,2024-02-24 21:48:31,0 days 00:08:00,2661.0,4353.0,7014.0,1,,530,0,02/24/2024 21:48:31
1335,1335,MiraFlex 1,Stop,2024-02-24 21:48:31,2024-02-24 22:05:12,0 days 00:16:41,23.0,7014.0,7037.0,0,,530,4277,02/24/2024 22:05:12
1336,1336,MiraFlex 1,Running,2024-02-24 22:05:12,2024-02-24 22:19:32,0 days 00:14:20,5782.0,7037.0,12819.0,1,,530,0,02/24/2024 22:19:32
1337,1337,MiraFlex 1,Stop,2024-02-24 22:19:32,2024-02-24 22:23:52,0 days 00:04:20,6.0,12819.0,12825.0,0,,530,4278,02/24/2024 22:23:52
1338,1338,MiraFlex 1,Running,2024-02-24 22:23:52,2024-02-24 22:25:32,0 days 00:01:40,574.0,12825.0,13399.0,1,,530,0,02/24/2024 22:25:32
1339,1339,MiraFlex 1,Stop,2024-02-24 22:25:32,2024-02-24 22:38:12,0 days 00:12:40,10.0,13399.0,13409.0,0,,530,4279,02/24/2024 22:38:12
1340,1340,MiraFlex 1,Running,2024-02-24 22:38:12,2024-02-24 22:38:32,0 days 00:00:20,100.0,13409.0,13509.0,1,,530,0,02/24/2024 22:38:32
1341,1341,MiraFlex 1,Stop,2024-02-24 22:38:32,2024-02-24 22:46:12,0 days 00:07:40,69.0,13509.0,13578.0,0,,530,4280,02/24/2024 22:46:12
1342,1342,MiraFlex 1,Running,2024-02-24 22:46:12,2024-02-24 22:51:52,0 days 00:05:40,2205.0,13578.0,15783.0,1,,530,0,02/24/2024 22:51:52
1343,1343,MiraFlex 1,Stop,2024-02-24 22:51:52,2024-02-24 23:02:12,0 days 00:10:20,-1149.0,15783.0,14634.0,0,,530,0,02/24/2024 23:02:12
1344,1344,MiraFlex 1,Running,2024-02-24 23:02:12,2024-02-24 23:02:32,0 days 00:00:20,32.0,14634.0,14666.0,1,,530,0,02/24/2024 23:02:32
1345,1345,MiraFlex 1,Stop,2024-02-24 23:02:32,2024-02-24 23:07:12,0 days 00:04:40,77.0,14666.0,14743.0,0,,530,4282,02/24/2024 23:07:12
1346,1346,MiraFlex 1,Running,2024-02-24 23:07:12,2024-02-24 23:40:12,0 days 00:33:00,11851.0,14743.0,26594.0,1,,530,0,02/24/2024 23:40:12
1347,1347,MiraFlex 1,Stop,2024-02-24 23:40:12,2024-02-24 23:41:32,0 days 00:01:20,48.0,26594.0,26642.0,0,,530,0,02/24/2024 23:41:32
1348,1348,MiraFlex 1,Running,2024-02-24 23:41:32,2024-02-24 23:48:12,0 days 00:06:40,2357.0,26642.0,28999.0,1,,530,0,02/24/2024 23:48:12
1349,1349,MiraFlex 1,Stop,2024-02-24 23:48:12,2024-02-24 23:56:13,0 days 00:08:01,18.0,28999.0,29017.0,0,,530,0,02/24/2024 23:56:13
1350,1350,MiraFlex 1,Running,2024-02-24 23:56:13,2024-02-25 00:07:33,0 days 00:11:20,1118.0,29017.0,30135.0,1,,530,0,02/25/2024 00:07:33
1351,1351,MiraFlex 1,Stop,2024-02-25 00:07:33,2024-02-25 00:13:13,0 days 00:05:40,15.0,30135.0,30150.0,0,,530,0,02/25/2024 00:13:13
1352,1352,MiraFlex 1,Running,2024-02-25 00:13:13,2024-02-25 00:15:53,0 days 00:02:40,659.0,30150.0,30809.0,1,,530,0,02/25/2024 00:15:53
1353,1353,MiraFlex 1,Stop,2024-02-25 00:15:53,2024-02-25 00:38:33,0 days 00:22:40,27.0,30809.0,30836.0,0,,530,0,02/25/2024 00:38:33
1354,1354,MiraFlex 1,Running,2024-02-25 00:38:33,2024-02-25 00:52:13,0 days 00:13:40,5336.0,30836.0,36172.0,1,,530,0,02/25/2024 00:52:13
1355,1355,MiraFlex 1,Stop,2024-02-25 00:52:13,2024-02-25 00:54:33,0 days 00:02:20,20.0,36172.0,36192.0,0,,530,0,02/25/2024 00:54:33
1356,1356,MiraFlex 1,Running,2024-02-25 00:54:33,2024-02-25 01:33:33,0 days 00:39:00,15601.0,36192.0,51793.0,1,,530,0,02/25/2024 01:33:33
1357,1357,MiraFlex 1,Stop,2024-02-25 01:33:33,2024-02-25 01:35:13,0 days 00:01:40,19.0,51793.0,51812.0,0,,530,0,02/25/2024 01:35:13
1358,1358,MiraFlex 1,Running,2024-02-25 01:35:13,2024-02-25 01:59:54,0 days 00:24:41,9876.0,51812.0,61688.0,1,,530,0,02/25/2024 01:59:54
1359,1359,MiraFlex 1,Stop,2024-02-25 01:59:54,2024-02-25 02:17:54,0 days 00:18:00,4.0,61688.0,61692.0,0,,530,0,02/25/2024 02:17:54
1360,1360,MiraFlex 1,Running,2024-02-25 02:17:54,2024-02-25 02:53:34,0 days 00:35:40,14040.0,61692.0,75732.0,1,,530,0,02/25/2024 02:53:34
1361,1361,MiraFlex 1,Stop,2024-02-25 02:53:34,2024-02-25 02:55:14,0 days 00:01:40,8.0,75732.0,75740.0,0,,530,0,02/25/2024 02:55:14
1362,1362,MiraFlex 1,Running,2024-02-25 02:55:14,2024-02-25 03:54:55,0 days 00:59:41,23894.0,75740.0,99634.0,1,,530,0,02/25/2024 03:54:55
1363,1363,MiraFlex 1,Stop,2024-02-25 03:54:55,2024-02-25 03:56:15,0 days 00:01:20,62.0,99634.0,99696.0,0,,530,0,02/25/2024 03:56:15
1364,1364,MiraFlex 1,Running,2024-02-25 03:56:15,2024-02-25 04:34:15,0 days 00:38:00,15461.0,99696.0,115157.0,1,,530,0,02/25/2024 04:34:15
1365,1365,MiraFlex 1,Stop,2024-02-25 04:34:15,2024-02-25 04:54:35,0 days 00:20:20,94.0,115157.0,115251.0,0,,530,0,02/25/2024 04:54:35
1366,1366,MiraFlex 1,Running,2024-02-25 04:54:35,2024-02-25 05:10:55,0 days 00:16:20,6571.0,115251.0,121822.0,1,,530,0,02/25/2024 05:10:55
1367,1367,MiraFlex 1,Stop,2024-02-25 05:10:55,2024-02-25 05:12:55,0 days 00:02:00,21.0,121822.0,121843.0,0,,530,0,02/25/2024 05:12:55
1368,1368,MiraFlex 1,Running,2024-02-25 05:12:55,2024-02-25 05:19:55,0 days 00:07:00,2727.0,121843.0,124570.0,1,,530,0,02/25/2024 05:19:55
1369,1369,MiraFlex 1,Stop,2024-02-25 05:19:55,2024-02-25 05:38:35,0 days 00:18:40,26.0,124570.0,124596.0,0,,530,0,02/25/2024 05:38:35
1370,1370,MiraFlex 1,Running,2024-02-25 05:38:35,2024-02-25 06:04:56,0 days 00:26:21,10308.0,124596.0,134904.0,1,,530,0,02/25/2024 06:04:56
1371,1371,MiraFlex 1,Stop,2024-02-25 06:04:56,2024-02-25 06:07:56,0 days 00:03:00,42.0,134904.0,134946.0,0,,530,0,02/25/2024 06:07:56
1372,1372,MiraFlex 1,Running,2024-02-25 06:07:56,2024-02-25 06:34:36,0 days 00:26:40,10596.0,134946.0,145542.0,1,,530,0,02/25/2024 06:34:36
1373,1373,MiraFlex 1,Stop,2024-02-25 06:34:36,2024-02-25 07:36:16,0 days 01:01:40,-143062.0,145542.0,2480.0,0,,530,0,02/25/2024 07:36:16
1374,1374,MiraFlex 1,Running,2024-02-25 07:36:16,2024-02-25 07:48:17,0 days 00:12:01,1871.0,2480.0,4351.0,1,,530,0,02/25/2024 07:48:17
1375,1375,MiraFlex 1,Stop,2024-02-25 07:48:17,2024-02-25 08:05:57,0 days 00:17:40,13.0,4351.0,4364.0,0,,530,4296,02/25/2024 08:05:57
1376,1376,MiraFlex 1,Running,2024-02-25 08:05:57,2024-02-25 08:08:57,0 days 00:03:00,621.0,4364.0,4985.0,1,,530,0,02/25/2024 08:08:57
1377,1377,MiraFlex 1,Stop,2024-02-25 08:08:57,2024-02-25 08:41:17,0 days 00:32:20,2.0,4985.0,4987.0,0,,530,4297,02/25/2024 08:41:17
1378,1378,MiraFlex 1,Running,2024-02-25 08:41:17,2024-02-25 08:43:17,0 days 00:02:00,382.0,4987.0,5369.0,1,,530,0,02/25/2024 08:43:17
1379,1379,MiraFlex 1,Stop,2024-02-25 08:43:17,2024-02-25 09:14:37,0 days 00:31:20,23.0,5369.0,5392.0,0,,530,4298,02/25/2024 09:14:37
1380,1380,MiraFlex 1,Running,2024-02-25 09:14:37,2024-02-25 09:29:57,0 days 00:15:20,5996.0,5392.0,11388.0,1,,530,0,02/25/2024 09:29:57
1381,1381,MiraFlex 1,Stop,2024-02-25 09:29:57,2024-02-25 09:40:37,0 days 00:10:40,31.0,11388.0,11419.0,0,,530,4299,02/25/2024 09:40:37
1382,1382,MiraFlex 1,Running,2024-02-25 09:40:37,2024-02-25 09:58:58,0 days 00:18:21,7191.0,11419.0,18610.0,1,,530,0,02/25/2024 09:58:58
1383,1383,MiraFlex 1,Stop,2024-02-25 09:58:58,2024-02-25 10:05:18,0 days 00:06:20,8.0,18610.0,18618.0,0,,530,4300,02/25/2024 10:05:18
1384,1384,MiraFlex 1,Running,2024-02-25 10:05:18,2024-02-25 10:20:38,0 days 00:15:20,6028.0,18618.0,24646.0,1,,530,0,02/25/2024 10:20:38
1385,1385,MiraFlex 1,Stop,2024-02-25 10:20:38,2024-02-25 10:24:38,0 days 00:04:00,32.0,24646.0,24678.0,0,,530,4301,02/25/2024 10:24:38
1386,1386,MiraFlex 1,Running,2024-02-25 10:24:38,2024-02-25 10:52:38,0 days 00:28:00,11189.0,24678.0,35867.0,1,,530,0,02/25/2024 10:52:38
1387,1387,MiraFlex 1,Stop,2024-02-25 10:52:38,2024-02-25 11:01:58,0 days 00:09:20,5.0,35867.0,35872.0,0,,530,4302,02/25/2024 11:01:58
1388,1388,MiraFlex 1,Running,2024-02-25 11:01:58,2024-02-25 11:57:39,0 days 00:55:41,22254.0,35872.0,58126.0,1,,530,0,02/25/2024 11:57:39
1389,1389,MiraFlex 1,Stop,2024-02-25 11:57:39,2024-02-25 12:11:59,0 days 00:14:20,9.0,58126.0,58135.0,0,,530,4303,02/25/2024 12:11:59
1390,1390,MiraFlex 1,Running,2024-02-25 12:11:59,2024-02-25 14:15:00,0 days 02:03:01,48969.0,58135.0,107104.0,1,,530,0,02/25/2024 14:15:00
1391,1391,MiraFlex 1,Stop,2024-02-25 14:15:00,2024-02-25 14:20:40,0 days 00:05:40,55.0,107104.0,107159.0,0,,530,4304,02/25/2024 14:20:40
1392,1392,MiraFlex 1,Running,2024-02-25 14:20:40,2024-02-25 14:32:40,0 days 00:12:00,4664.0,107159.0,111823.0,1,,530,0,02/25/2024 14:32:40
1393,1393,MiraFlex 1,Stop,2024-02-25 14:32:40,2024-02-25 14:34:20,0 days 00:01:40,6.0,111823.0,111829.0,0,,530,4305,02/25/2024 14:34:20
1394,1394,MiraFlex 1,Running,2024-02-25 14:34:20,2024-02-25 14:49:00,0 days 00:14:40,5751.0,111829.0,117580.0,1,,530,0,02/25/2024 14:49:00
1395,1395,MiraFlex 1,Stop,2024-02-25 14:49:00,2024-02-25 15:01:00,0 days 00:12:00,-115056.0,117580.0,2524.0,0,,530,0,02/25/2024 15:01:00
1396,1396,MiraFlex 1,Running,2024-02-25 15:01:00,2024-02-25 15:02:40,0 days 00:01:40,625.0,2524.0,3149.0,1,,530,0,02/25/2024 15:02:40
1397,1397,MiraFlex 1,Stop,2024-02-25 15:02:40,2024-02-25 15:26:40,0 days 00:24:00,21.0,3149.0,3170.0,0,,530,4284,02/25/2024 15:26:40
1398,1398,MiraFlex 1,Running,2024-02-25 15:26:40,2024-02-25 15:30:55,0 days 00:04:15,1632062063.0,3170.0,1632065233.0,1,,530,0,02/25/2024 15:30:55
1399,1399,MiraFlex 1,Stop,2024-02-25 15:30:55,2024-02-25 15:32:20,0 days 00:01:25,-1632061665.0,1632065233.0,3568.0,0,,530,4285,02/25/2024 15:32:20
1400,1400,MiraFlex 1,Running,2024-02-25 15:32:20,2024-02-25 15:36:20,0 days 00:04:00,808.0,3568.0,4376.0,1,,530,0,02/25/2024 15:36:20
1401,1401,MiraFlex 1,Stop,2024-02-25 15:36:20,2024-02-25 15:41:01,0 days 00:04:41,21.0,4376.0,4397.0,0,,530,4286,02/25/2024 15:41:01
1402,1402,MiraFlex 1,Running,2024-02-25 15:41:01,2024-02-25 15:43:21,0 days 00:02:20,530.0,4397.0,4927.0,1,,530,0,02/25/2024 15:43:21
1403,1403,MiraFlex 1,Stop,2024-02-25 15:43:21,2024-02-25 15:50:01,0 days 00:06:40,57.0,4927.0,4984.0,0,,530,4287,02/25/2024 15:50:01
1404,1404,MiraFlex 1,Running,2024-02-25 15:50:01,2024-02-25 15:51:01,0 days 00:01:00,267.0,4984.0,5251.0,1,,530,0,02/25/2024 15:51:01
1405,1405,MiraFlex 1,Stop,2024-02-25 15:51:01,2024-02-25 16:03:41,0 days 00:12:40,45.0,5251.0,5296.0,0,,530,4288,02/25/2024 16:03:41
1406,1406,MiraFlex 1,Running,2024-02-25 16:03:41,2024-02-25 16:10:41,0 days 00:07:00,2690.0,5296.0,7986.0,1,,530,0,02/25/2024 16:10:41
1407,1407,MiraFlex 1,Stop,2024-02-25 16:10:41,2024-02-25 16:15:41,0 days 00:05:00,40.0,7986.0,8026.0,0,,530,4289,02/25/2024 16:15:41
1408,1408,MiraFlex 1,Running,2024-02-25 16:15:41,2024-02-25 16:37:41,0 days 00:22:00,8548.0,8026.0,16574.0,1,,530,0,02/25/2024 16:37:41
1409,1409,MiraFlex 1,Stop,2024-02-25 16:37:41,2024-02-25 16:52:01,0 days 00:14:20,99.0,16574.0,16673.0,0,,530,4290,02/25/2024 16:52:01
1410,1410,MiraFlex 1,Running,2024-02-25 16:52:01,2024-02-25 17:57:42,0 days 01:05:41,26335.0,16673.0,43008.0,1,,530,0,02/25/2024 17:57:42
1411,1411,MiraFlex 1,Stop,2024-02-25 17:57:42,2024-02-25 18:02:02,0 days 00:04:20,6.0,43008.0,43014.0,0,,530,4291,02/25/2024 18:02:02
1412,1412,MiraFlex 1,Running,2024-02-25 18:02:02,2024-02-25 19:00:02,0 days 00:58:00,23036.0,43014.0,66050.0,1,,530,0,02/25/2024 19:00:02
1413,1413,MiraFlex 1,Stop,2024-02-25 19:00:02,2024-02-25 19:17:22,0 days 00:17:20,36.0,66050.0,66086.0,0,,530,4292,02/25/2024 19:17:22
1414,1414,MiraFlex 1,Running,2024-02-25 19:17:22,2024-02-25 20:35:03,0 days 01:17:41,29951.0,66086.0,96037.0,1,,530,0,02/25/2024 20:35:03
1415,1415,MiraFlex 1,Stop,2024-02-25 20:35:03,2024-02-27 14:57:04,1 days 18:22:01,-96034.0,96037.0,3.0,0,,530,0,02/27/2024 14:57:04
1416,1416,MiraFlex 1,Running,2024-02-27 14:57:04,2024-02-27 14:57:44,0 days 00:00:40,27.0,3.0,30.0,1,,531,0,02/27/2024 14:57:44
1417,1417,MiraFlex 1,Stop,2024-02-27 14:57:44,2024-02-27 14:59:44,0 days 00:02:00,11.0,30.0,41.0,0,,531,4294,02/27/2024 14:59:44
1418,1418,MiraFlex 1,Running,2024-02-27 14:59:44,2024-02-27 15:00:44,0 days 00:01:00,-22.0,41.0,19.0,1,,531,0,02/27/2024 15:00:44
1419,1419,MiraFlex 1,Stop,2024-02-27 15:00:44,2024-02-27 15:02:24,0 days 00:01:40,39.0,19.0,58.0,0,,531,4316,02/27/2024 15:02:24
1420,1420,MiraFlex 1,Running,2024-02-27 15:02:24,2024-02-27 15:03:44,0 days 00:01:20,432.0,58.0,490.0,1,,531,0,02/27/2024 15:03:44
1421,1421,MiraFlex 1,Stop,2024-02-27 15:03:44,2024-02-27 15:26:25,0 days 00:22:41,48.0,490.0,538.0,0,,531,4317,02/27/2024 15:26:25
1422,1422,MiraFlex 1,Running,2024-02-27 15:26:25,2024-02-27 15:34:45,0 days 00:08:20,3202.0,538.0,3740.0,1,,531,0,02/27/2024 15:34:45
1423,1423,MiraFlex 1,Stop,2024-02-27 15:34:45,2024-02-27 15:41:45,0 days 00:07:00,87.0,3740.0,3827.0,0,,531,4318,02/27/2024 15:41:45
1424,1424,MiraFlex 1,Running,2024-02-27 15:41:45,2024-02-27 15:47:45,0 days 00:06:00,2362.0,3827.0,6189.0,1,,531,0,02/27/2024 15:47:45
1425,1425,MiraFlex 1,Stop,2024-02-27 15:47:45,2024-02-27 15:50:45,0 days 00:03:00,76.0,6189.0,6265.0,0,,531,4319,02/27/2024 15:50:45
1426,1426,MiraFlex 1,Running,2024-02-27 15:50:45,2024-02-27 15:52:45,0 days 00:02:00,693.0,6265.0,6958.0,1,,531,0,02/27/2024 15:52:45
1427,1427,MiraFlex 1,Stop,2024-02-27 15:52:45,2024-02-27 16:12:45,0 days 00:20:00,15.0,6958.0,6973.0,0,,531,4320,02/27/2024 16:12:45
1428,1428,MiraFlex 1,Running,2024-02-27 16:12:45,2024-02-27 16:24:25,0 days 00:11:40,1094.0,6973.0,8067.0,1,,531,0,02/27/2024 16:24:25
1429,1429,MiraFlex 1,Stop,2024-02-27 16:24:25,2024-02-27 16:41:45,0 days 00:17:20,57.0,8067.0,8124.0,0,,531,4321,02/27/2024 16:41:45
1430,1430,MiraFlex 1,Running,2024-02-27 16:41:45,2024-02-27 16:49:25,0 days 00:07:40,2378.0,8124.0,10502.0,1,,531,0,02/27/2024 16:49:25
1431,1431,MiraFlex 1,Stop,2024-02-27 16:49:25,2024-02-27 17:20:46,0 days 00:31:21,33.0,10502.0,10535.0,0,,531,4322,02/27/2024 17:20:46
1432,1432,MiraFlex 1,Running,2024-02-27 17:20:46,2024-02-27 17:28:06,0 days 00:07:20,1419.0,10535.0,11954.0,1,,531,0,02/27/2024 17:28:06
1433,1433,MiraFlex 1,Stop,2024-02-27 17:28:06,2024-02-27 17:44:06,0 days 00:16:00,48.0,11954.0,12002.0,0,,531,4323,02/27/2024 17:44:06
1434,1434,MiraFlex 1,Running,2024-02-27 17:44:06,2024-02-27 17:58:46,0 days 00:14:40,5661.0,12002.0,17663.0,1,,531,0,02/27/2024 17:58:46
1435,1435,MiraFlex 1,Stop,2024-02-27 17:58:46,2024-02-27 18:16:26,0 days 00:17:40,77.0,17663.0,17740.0,0,,531,4324,02/27/2024 18:16:26
1436,1436,MiraFlex 1,Running,2024-02-27 18:16:26,2024-02-27 18:35:26,0 days 00:19:00,7221.0,17740.0,24961.0,1,,531,0,02/27/2024 18:35:26
1437,1437,MiraFlex 1,Stop,2024-02-27 18:35:26,2024-02-27 18:51:46,0 days 00:16:20,25.0,24961.0,24986.0,0,,531,4325,02/27/2024 18:51:46
1438,1438,MiraFlex 1,Running,2024-02-27 18:51:46,2024-02-27 19:23:30,0 days 00:31:44,11917.0,24986.0,36903.0,1,,531,0,02/27/2024 19:23:30
1439,1439,MiraFlex 1,Stop,2024-02-27 19:23:30,2024-02-27 19:41:47,0 days 00:18:17,12.0,36903.0,36915.0,0,,531,4326,02/27/2024 19:41:47
1440,1440,MiraFlex 1,Running,2024-02-27 19:41:47,2024-02-27 19:52:27,0 days 00:10:40,3963.0,36915.0,40878.0,1,,531,0,02/27/2024 19:52:27
1441,1441,MiraFlex 1,Stop,2024-02-27 19:52:27,2024-02-27 20:06:07,0 days 00:13:40,48.0,40878.0,40926.0,0,,531,4327,02/27/2024 20:06:07
1442,1442,MiraFlex 1,Running,2024-02-27 20:06:07,2024-02-27 20:34:27,0 days 00:28:20,10688.0,40926.0,51614.0,1,,531,0,02/27/2024 20:34:27
1443,1443,MiraFlex 1,Stop,2024-02-27 20:34:27,2024-02-27 20:57:47,0 days 00:23:20,34.0,51614.0,51648.0,0,,531,4328,02/27/2024 20:57:47
1444,1444,MiraFlex 1,Running,2024-02-27 20:57:47,2024-02-27 21:19:28,0 days 00:21:41,8354.0,51648.0,60002.0,1,,531,0,02/27/2024 21:19:28
1445,1445,MiraFlex 1,Stop,2024-02-27 21:19:28,2024-02-27 21:23:08,0 days 00:03:40,30.0,60002.0,60032.0,0,,531,4329,02/27/2024 21:23:08
1446,1446,MiraFlex 1,Running,2024-02-27 21:23:08,2024-02-27 21:25:48,0 days 00:02:40,762.0,60032.0,60794.0,1,,531,0,02/27/2024 21:25:48
1447,1447,MiraFlex 1,Stop,2024-02-27 21:25:48,2024-02-27 21:34:28,0 days 00:08:40,54.0,60794.0,60848.0,0,,531,4330,02/27/2024 21:34:28
1448,1448,MiraFlex 1,Running,2024-02-27 21:34:28,2024-02-27 21:59:28,0 days 00:25:00,9411.0,60848.0,70259.0,1,,531,0,02/27/2024 21:59:28
1449,1449,MiraFlex 1,Stop,2024-02-27 21:59:28,2024-02-27 22:02:08,0 days 00:02:40,1.0,70259.0,70260.0,0,,531,4331,02/27/2024 22:02:08
1450,1450,MiraFlex 1,Running,2024-02-27 22:02:08,2024-02-27 22:07:22,0 days 00:05:14,789.0,70260.0,71049.0,1,,531,0,02/27/2024 22:07:22
1451,1451,MiraFlex 1,Stop,2024-02-27 22:07:22,2024-02-27 22:25:48,0 days 00:18:26,11.0,71049.0,71060.0,0,,531,4332,02/27/2024 22:25:48
1452,1452,MiraFlex 1,Running,2024-02-27 22:25:48,2024-02-27 22:36:48,0 days 00:11:00,4112.0,71060.0,75172.0,1,,531,0,02/27/2024 22:36:48
1453,1453,MiraFlex 1,Stop,2024-02-27 22:36:48,2024-02-27 22:52:28,0 days 00:15:40,116.0,75172.0,75288.0,0,,531,4333,02/27/2024 22:52:28
1454,1454,MiraFlex 1,Running,2024-02-27 22:52:28,2024-02-28 07:00:32,0 days 08:08:04,-75230.0,75288.0,58.0,1,,531,0,02/28/2024 07:00:32
1455,1455,MiraFlex 1,Stop,2024-02-28 07:00:32,2024-02-28 07:13:53,0 days 00:13:21,229.0,58.0,287.0,0,,531,4344,02/28/2024 07:13:53
1456,1456,MiraFlex 1,Running,2024-02-28 07:13:53,2024-02-28 07:14:53,0 days 00:01:00,272.0,287.0,559.0,1,,531,0,02/28/2024 07:14:53
1457,1457,MiraFlex 1,Stop,2024-02-28 07:14:53,2024-02-28 07:30:13,0 days 00:15:20,35.0,559.0,594.0,0,,531,4345,02/28/2024 07:30:13
1458,1458,MiraFlex 1,Running,2024-02-28 07:30:13,2024-02-28 07:37:33,0 days 00:07:20,2779.0,594.0,3373.0,1,,531,0,02/28/2024 07:37:33
1459,1459,MiraFlex 1,Stop,2024-02-28 07:37:33,2024-02-28 07:51:13,0 days 00:13:40,20.0,3373.0,3393.0,0,,531,4346,02/28/2024 07:51:13
1460,1460,MiraFlex 1,Running,2024-02-28 07:51:13,2024-02-28 08:03:53,0 days 00:12:40,5040.0,3393.0,8433.0,1,,531,0,02/28/2024 08:03:53
1461,1461,MiraFlex 1,Stop,2024-02-28 08:03:53,2024-02-28 08:22:33,0 days 00:18:40,8.0,8433.0,8441.0,0,,531,4347,02/28/2024 08:22:33
1462,1462,MiraFlex 1,Running,2024-02-28 08:22:33,2024-02-28 08:31:13,0 days 00:08:40,3319.0,8441.0,11760.0,1,,531,0,02/28/2024 08:31:13
1463,1463,MiraFlex 1,Stop,2024-02-28 08:31:13,2024-02-28 08:37:13,0 days 00:06:00,21.0,11760.0,11781.0,0,,531,4348,02/28/2024 08:37:13
1464,1464,MiraFlex 1,Running,2024-02-28 08:37:13,2024-02-28 08:50:53,0 days 00:13:40,5350.0,11781.0,17131.0,1,,531,0,02/28/2024 08:50:53
1465,1465,MiraFlex 1,Stop,2024-02-28 08:50:53,2024-02-28 09:05:53,0 days 00:15:00,15.0,17131.0,17146.0,0,,531,4349,02/28/2024 09:05:53
1466,1466,MiraFlex 1,Running,2024-02-28 09:05:53,2024-02-28 09:27:34,0 days 00:21:41,8641.0,17146.0,25787.0,1,,531,0,02/28/2024 09:27:34
1467,1467,MiraFlex 1,Stop,2024-02-28 09:27:34,2024-02-28 09:42:34,0 days 00:15:00,36.0,25787.0,25823.0,0,,531,4350,02/28/2024 09:42:34
1468,1468,MiraFlex 1,Running,2024-02-28 09:42:34,2024-02-28 09:57:34,0 days 00:15:00,5955.0,25823.0,31778.0,1,,531,0,02/28/2024 09:57:34
1469,1469,MiraFlex 1,Stop,2024-02-28 09:57:34,2024-02-28 10:01:14,0 days 00:03:40,41.0,31778.0,31819.0,0,,531,4351,02/28/2024 10:01:14
1470,1470,MiraFlex 1,Running,2024-02-28 10:01:14,2024-02-28 10:36:14,0 days 00:35:00,14022.0,31819.0,45841.0,1,,531,0,02/28/2024 10:36:14
1471,1471,MiraFlex 1,Stop,2024-02-28 10:36:14,2024-02-28 10:54:34,0 days 00:18:20,11.0,45841.0,45852.0,0,,531,4352,02/28/2024 10:54:34
1472,1472,MiraFlex 1,Running,2024-02-28 10:54:34,2024-02-28 10:54:54,0 days 00:00:20,117.0,45852.0,45969.0,1,,531,0,02/28/2024 10:54:54
1473,1473,MiraFlex 1,Stop,2024-02-28 10:54:54,2024-02-28 12:09:35,0 days 01:14:41,45.0,45969.0,46014.0,0,,531,4353,02/28/2024 12:09:35
1474,1474,MiraFlex 1,Running,2024-02-28 12:09:35,2024-02-28 12:16:55,0 days 00:07:20,855.0,46014.0,46869.0,1,,531,0,02/28/2024 12:16:55
1475,1475,MiraFlex 1,Stop,2024-02-28 12:16:55,2024-02-28 12:20:35,0 days 00:03:40,21.0,46869.0,46890.0,0,,531,4354,02/28/2024 12:20:35
1476,1476,MiraFlex 1,Running,2024-02-28 12:20:35,2024-02-28 12:23:35,0 days 00:03:00,877.0,46890.0,47767.0,1,,531,0,02/28/2024 12:23:35
1477,1477,MiraFlex 1,Stop,2024-02-28 12:23:35,2024-02-28 12:24:55,0 days 00:01:20,22.0,47767.0,47789.0,0,,531,4355,02/28/2024 12:24:55
1478,1478,MiraFlex 1,Running,2024-02-28 12:24:55,2024-02-28 12:26:15,0 days 00:01:20,415.0,47789.0,48204.0,1,,531,0,02/28/2024 12:26:15
1479,1479,MiraFlex 1,Stop,2024-02-28 12:26:15,2024-02-28 12:29:15,0 days 00:03:00,13.0,48204.0,48217.0,0,,531,4356,02/28/2024 12:29:15
1480,1480,MiraFlex 1,Running,2024-02-28 12:29:15,2024-02-28 12:29:35,0 days 00:00:20,100.0,48217.0,48317.0,1,,531,0,02/28/2024 12:29:35
1481,1481,MiraFlex 1,Stop,2024-02-28 12:29:35,2024-02-28 12:44:55,0 days 00:15:20,65.0,48317.0,48382.0,0,,531,4357,02/28/2024 12:44:55
1482,1482,MiraFlex 1,Running,2024-02-28 12:44:55,2024-02-28 12:46:15,0 days 00:01:20,381.0,48382.0,48763.0,1,,531,0,02/28/2024 12:46:15
1483,1483,MiraFlex 1,Stop,2024-02-28 12:46:15,2024-02-28 12:50:35,0 days 00:04:20,53.0,48763.0,48816.0,0,,531,4358,02/28/2024 12:50:35
1484,1484,MiraFlex 1,Running,2024-02-28 12:50:35,2024-02-28 12:56:15,0 days 00:05:40,2242.0,48816.0,51058.0,1,,531,0,02/28/2024 12:56:15
1485,1485,MiraFlex 1,Stop,2024-02-28 12:56:15,2024-02-28 13:11:16,0 days 00:15:01,24.0,51058.0,51082.0,0,,531,4359,02/28/2024 13:11:16
1486,1486,MiraFlex 1,Running,2024-02-28 13:11:16,2024-02-28 13:16:16,0 days 00:05:00,1475.0,51082.0,52557.0,1,,531,0,02/28/2024 13:16:16
1487,1487,MiraFlex 1,Stop,2024-02-28 13:16:16,2024-02-28 13:26:56,0 days 00:10:40,32.0,52557.0,52589.0,0,,531,4360,02/28/2024 13:26:56
1488,1488,MiraFlex 1,Running,2024-02-28 13:26:56,2024-02-28 13:46:56,0 days 00:20:00,7936.0,52589.0,60525.0,1,,531,0,02/28/2024 13:46:56
1489,1489,MiraFlex 1,Stop,2024-02-28 13:46:56,2024-02-28 14:06:56,0 days 00:20:00,18.0,60525.0,60543.0,0,,531,4361,02/28/2024 14:06:56
1490,1490,MiraFlex 1,Running,2024-02-28 14:06:56,2024-02-28 14:28:56,0 days 00:22:00,8812.0,60543.0,69355.0,1,,531,0,02/28/2024 14:28:56
1491,1491,MiraFlex 1,Stop,2024-02-28 14:28:56,2024-02-28 14:42:16,0 days 00:13:20,83.0,69355.0,69438.0,0,,531,4362,02/28/2024 14:42:16
1492,1492,MiraFlex 1,Running,2024-02-28 14:42:16,2024-02-28 15:04:36,0 days 00:22:20,-67811.0,69438.0,1627.0,1,,531,0,02/28/2024 15:04:36
1493,1493,MiraFlex 1,Stop,2024-02-28 15:04:36,2024-02-28 15:21:37,0 days 00:17:01,19.0,1627.0,1646.0,0,,531,4363,02/28/2024 15:21:37
1494,1494,MiraFlex 1,Running,2024-02-28 15:21:37,2024-02-28 15:43:17,0 days 00:21:40,8673.0,1646.0,10319.0,1,,531,0,02/28/2024 15:43:17
1495,1495,MiraFlex 1,Stop,2024-02-28 15:43:17,2024-02-28 16:09:17,0 days 00:26:00,36.0,10319.0,10355.0,0,,531,4364,02/28/2024 16:09:17
1496,1496,MiraFlex 1,Running,2024-02-28 16:09:17,2024-02-28 16:12:17,0 days 00:03:00,648.0,10355.0,11003.0,1,,531,0,02/28/2024 16:12:17
1497,1497,MiraFlex 1,Stop,2024-02-28 16:12:17,2024-02-28 16:42:17,0 days 00:30:00,17.0,11003.0,11020.0,0,,531,4365,02/28/2024 16:42:17
1498,1498,MiraFlex 1,Running,2024-02-28 16:42:17,2024-02-28 16:52:17,0 days 00:10:00,3483.0,11020.0,14503.0,1,,531,0,02/28/2024 16:52:17
1499,1499,MiraFlex 1,Stop,2024-02-28 16:52:17,2024-02-28 16:54:37,0 days 00:02:20,15.0,14503.0,14518.0,0,,531,4366,02/28/2024 16:54:37
1500,1500,MiraFlex 1,Running,2024-02-28 16:54:37,2024-02-28 17:09:58,0 days 00:15:21,5998.0,14518.0,20516.0,1,,531,0,02/28/2024 17:09:58
1501,1501,MiraFlex 1,Stop,2024-02-28 17:09:58,2024-02-28 17:33:58,0 days 00:24:00,39.0,20516.0,20555.0,0,,531,4367,02/28/2024 17:33:58
1502,1502,MiraFlex 1,Running,2024-02-28 17:33:58,2024-02-28 17:46:58,0 days 00:13:00,5170.0,20555.0,25725.0,1,,531,0,02/28/2024 17:46:58
1503,1503,MiraFlex 1,Stop,2024-02-28 17:46:58,2024-02-28 17:48:38,0 days 00:01:40,4.0,25725.0,25729.0,0,,531,4368,02/28/2024 17:48:38
1504,1504,MiraFlex 1,Running,2024-02-28 17:48:38,2024-02-28 18:02:18,0 days 00:13:40,5387.0,25729.0,31116.0,1,,531,0,02/28/2024 18:02:18
1505,1505,MiraFlex 1,Stop,2024-02-28 18:02:18,2024-02-28 19:29:59,0 days 01:27:41,17.0,31116.0,31133.0,0,,531,4369,02/28/2024 19:29:59
1506,1506,MiraFlex 1,Running,2024-02-28 19:29:59,2024-02-28 19:30:19,0 days 00:00:20,27.0,31133.0,31160.0,1,,531,0,02/28/2024 19:30:19
1507,1507,MiraFlex 1,Stop,2024-02-28 19:30:19,2024-02-28 19:34:39,0 days 00:04:20,33.0,31160.0,31193.0,0,,531,4370,02/28/2024 19:34:39
1508,1508,MiraFlex 1,Running,2024-02-28 19:34:39,2024-02-28 19:42:39,0 days 00:08:00,1222.0,31193.0,32415.0,1,,531,0,02/28/2024 19:42:39
1509,1509,MiraFlex 1,Stop,2024-02-28 19:42:39,2024-02-28 19:59:19,0 days 00:16:40,55.0,32415.0,32470.0,0,,531,4371,02/28/2024 19:59:19
1510,1510,MiraFlex 1,Running,2024-02-28 19:59:19,2024-02-28 20:05:39,0 days 00:06:20,2294.0,32470.0,34764.0,1,,531,0,02/28/2024 20:05:39
1511,1511,MiraFlex 1,Stop,2024-02-28 20:05:39,2024-02-28 20:44:59,0 days 00:39:20,5.0,34764.0,34769.0,0,,531,4372,02/28/2024 20:44:59
1512,1512,MiraFlex 1,Running,2024-02-28 20:44:59,2024-02-28 21:18:20,0 days 00:33:21,12435.0,34769.0,47204.0,1,,531,0,02/28/2024 21:18:20
1513,1513,MiraFlex 1,Stop,2024-02-28 21:18:20,2024-02-28 21:35:40,0 days 00:17:20,47.0,47204.0,47251.0,0,,531,4373,02/28/2024 21:35:40
1514,1514,MiraFlex 1,Running,2024-02-28 21:35:40,2024-02-28 21:50:00,0 days 00:14:20,5408.0,47251.0,52659.0,1,,531,0,02/28/2024 21:50:00
1515,1515,MiraFlex 1,Stop,2024-02-28 21:50:00,2024-02-29 11:49:27,0 days 13:59:27,-52616.0,52659.0,43.0,0,,531,0,02/29/2024 11:49:27
1516,1516,MiraFlex 1,Running,2024-02-29 11:49:27,2024-02-29 11:49:47,0 days 00:00:20,49.0,43.0,92.0,1,,532,0,02/29/2024 11:49:47
1517,1517,MiraFlex 1,Stop,2024-02-29 11:49:47,2024-02-29 11:52:47,0 days 00:03:00,45.0,92.0,137.0,0,,532,4335,02/29/2024 11:52:47
1518,1518,MiraFlex 1,Running,2024-02-29 11:52:47,2024-02-29 11:54:07,0 days 00:01:20,420.0,137.0,557.0,1,,532,0,02/29/2024 11:54:07
1519,1519,MiraFlex 1,Stop,2024-02-29 11:54:07,2024-02-29 13:08:28,0 days 01:14:21,-538.0,557.0,19.0,0,,532,0,02/29/2024 13:08:28
1520,1520,MiraFlex 1,Running,2024-02-29 13:08:28,2024-02-29 13:10:28,0 days 00:02:00,214.0,19.0,233.0,1,,533,0,02/29/2024 13:10:28
1521,1521,MiraFlex 1,Stop,2024-02-29 13:10:28,2024-02-29 13:12:28,0 days 00:02:00,0.0,233.0,233.0,0,,533,4337,02/29/2024 13:12:28
1522,1522,MiraFlex 1,Running,2024-02-29 13:12:28,2024-02-29 13:14:28,0 days 00:02:00,273.0,233.0,506.0,1,,533,0,02/29/2024 13:14:28
1523,1523,MiraFlex 1,Stop,2024-02-29 13:14:28,2024-02-29 13:17:28,0 days 00:03:00,33.0,506.0,539.0,0,,533,4338,02/29/2024 13:17:28
1524,1524,MiraFlex 1,Running,2024-02-29 13:17:28,2024-02-29 13:19:08,0 days 00:01:40,279.0,539.0,818.0,1,,533,0,02/29/2024 13:19:08
1525,1525,MiraFlex 1,Stop,2024-02-29 13:19:08,2024-02-29 13:28:08,0 days 00:09:00,13.0,818.0,831.0,0,,533,4339,02/29/2024 13:28:08
1526,1526,MiraFlex 1,Running,2024-02-29 13:28:08,2024-02-29 13:39:28,0 days 00:11:20,1836.0,831.0,2667.0,1,,533,0,02/29/2024 13:39:28
1527,1527,MiraFlex 1,Stop,2024-02-29 13:39:28,2024-02-29 13:49:28,0 days 00:10:00,1.0,2667.0,2668.0,0,,533,4340,02/29/2024 13:49:28
1528,1528,MiraFlex 1,Running,2024-02-29 13:49:28,2024-02-29 13:50:48,0 days 00:01:20,33.0,2668.0,2701.0,1,,533,0,02/29/2024 13:50:48
1529,1529,MiraFlex 1,Stop,2024-02-29 13:50:48,2024-02-29 13:52:08,0 days 00:01:20,11.0,2701.0,2712.0,0,,533,4341,02/29/2024 13:52:08
1530,1530,MiraFlex 1,Running,2024-02-29 13:52:08,2024-02-29 13:57:08,0 days 00:05:00,1447.0,2712.0,4159.0,1,,533,0,02/29/2024 13:57:08
1531,1531,MiraFlex 1,Stop,2024-02-29 13:57:08,2024-02-29 14:36:28,0 days 00:39:20,8.0,4159.0,4167.0,0,,533,4342,02/29/2024 14:36:28
1532,1532,MiraFlex 1,Running,2024-02-29 14:36:28,2024-02-29 14:39:28,0 days 00:03:00,388.0,4167.0,4555.0,1,,533,0,02/29/2024 14:39:28
1533,1533,MiraFlex 1,Stop,2024-02-29 14:39:28,2024-02-29 14:45:28,0 days 00:06:00,16.0,4555.0,4571.0,0,,533,4343,02/29/2024 14:45:28
1534,1534,MiraFlex 1,Running,2024-02-29 14:45:28,2024-02-29 15:01:49,0 days 00:16:21,-4052.0,4571.0,519.0,1,,533,0,02/29/2024 15:01:49
1535,1535,MiraFlex 1,Stop,2024-02-29 15:01:49,2024-02-29 15:04:09,0 days 00:02:20,12.0,519.0,531.0,0,,533,4381,02/29/2024 15:04:09
1536,1536,MiraFlex 1,Running,2024-02-29 15:04:09,2024-02-29 15:12:29,0 days 00:08:20,2871.0,531.0,3402.0,1,,533,0,02/29/2024 15:12:29
1537,1537,MiraFlex 1,Stop,2024-02-29 15:12:29,2024-02-29 15:13:29,0 days 00:01:00,0.0,3402.0,3402.0,0,,533,4382,02/29/2024 15:13:29
1538,1538,MiraFlex 1,Running,2024-02-29 15:13:29,2024-02-29 15:26:49,0 days 00:13:20,5108.0,3402.0,8510.0,1,,533,0,02/29/2024 15:26:49
1539,1539,MiraFlex 1,Stop,2024-02-29 15:26:49,2024-02-29 15:27:49,0 days 00:01:00,21.0,8510.0,8531.0,0,,533,4383,02/29/2024 15:27:49
1540,1540,MiraFlex 1,Running,2024-02-29 15:27:49,2024-02-29 15:58:49,0 days 00:31:00,12145.0,8531.0,20676.0,1,,533,0,02/29/2024 15:58:49
1541,1541,MiraFlex 1,Stop,2024-02-29 15:58:49,2024-02-29 17:09:50,0 days 01:11:01,0.0,20676.0,20676.0,0,,533,4384,02/29/2024 17:09:50
1542,1542,MiraFlex 1,Running,2024-02-29 17:09:50,2024-02-29 17:10:30,0 days 00:00:40,62.0,20676.0,20738.0,1,,533,0,02/29/2024 17:10:30
1543,1543,MiraFlex 1,Stop,2024-02-29 17:10:30,2024-02-29 17:40:10,0 days 00:29:40,17.0,20738.0,20755.0,0,,533,4385,02/29/2024 17:40:10
1544,1544,MiraFlex 1,Running,2024-02-29 17:40:10,2024-02-29 17:41:10,0 days 00:01:00,37.0,20755.0,20792.0,1,,533,0,02/29/2024 17:41:10
1545,1545,MiraFlex 1,Stop,2024-02-29 17:41:10,2024-02-29 17:49:10,0 days 00:08:00,6.0,20792.0,20798.0,0,,533,4386,02/29/2024 17:49:10
1546,1546,MiraFlex 1,Running,2024-02-29 17:49:10,2024-02-29 17:56:30,0 days 00:07:20,2524.0,20798.0,23322.0,1,,533,0,02/29/2024 17:56:30
1547,1547,MiraFlex 1,Stop,2024-02-29 17:56:30,2024-02-29 18:01:50,0 days 00:05:20,11.0,23322.0,23333.0,0,,533,4387,02/29/2024 18:01:50
1548,1548,MiraFlex 1,Running,2024-02-29 18:01:50,2024-02-29 18:21:10,0 days 00:19:20,7456.0,23333.0,30789.0,1,,533,0,02/29/2024 18:21:10
1549,1549,MiraFlex 1,Stop,2024-02-29 18:21:10,2024-02-29 18:28:30,0 days 00:07:20,11.0,30789.0,30800.0,0,,533,4388,02/29/2024 18:28:30
1550,1550,MiraFlex 1,Running,2024-02-29 18:28:30,2024-02-29 18:33:10,0 days 00:04:40,1785.0,30800.0,32585.0,1,,533,0,02/29/2024 18:33:10
1551,1551,MiraFlex 1,Stop,2024-02-29 18:33:10,2024-02-29 18:34:50,0 days 00:01:40,51.0,32585.0,32636.0,0,,533,4389,02/29/2024 18:34:50
1552,1552,MiraFlex 1,Running,2024-02-29 18:34:50,2024-02-29 18:49:10,0 days 00:14:20,5542.0,32636.0,38178.0,1,,533,0,02/29/2024 18:49:10
1553,1553,MiraFlex 1,Stop,2024-02-29 18:49:10,2024-02-29 18:55:51,0 days 00:06:41,56.0,38178.0,38234.0,0,,533,4390,02/29/2024 18:55:51
1554,1554,MiraFlex 1,Running,2024-02-29 18:55:51,2024-02-29 19:14:51,0 days 00:19:00,7414.0,38234.0,45648.0,1,,533,0,02/29/2024 19:14:51
1555,1555,MiraFlex 1,Stop,2024-02-29 19:14:51,2024-02-29 19:23:51,0 days 00:09:00,11.0,45648.0,45659.0,0,,533,4391,02/29/2024 19:23:51
1556,1556,MiraFlex 1,Running,2024-02-29 19:23:51,2024-02-29 19:25:51,0 days 00:02:00,617.0,45659.0,46276.0,1,,533,0,02/29/2024 19:25:51
1557,1557,MiraFlex 1,Stop,2024-02-29 19:25:51,2024-02-29 19:48:11,0 days 00:22:20,2.0,46276.0,46278.0,0,,533,4392,02/29/2024 19:48:11
1558,1558,MiraFlex 1,Running,2024-02-29 19:48:11,2024-02-29 19:54:11,0 days 00:06:00,1980.0,46278.0,48258.0,1,,533,0,02/29/2024 19:54:11
1559,1559,MiraFlex 1,Stop,2024-02-29 19:54:11,2024-02-29 20:19:31,0 days 00:25:20,228.0,48258.0,48486.0,0,,533,4393,02/29/2024 20:19:31
1560,1560,MiraFlex 1,Running,2024-02-29 20:19:31,2024-02-29 20:43:11,0 days 00:23:40,9320.0,48486.0,57806.0,1,,533,0,02/29/2024 20:43:11
1561,1561,MiraFlex 1,Stop,2024-02-29 20:43:11,2024-02-29 21:05:12,0 days 00:22:01,54.0,57806.0,57860.0,0,,533,4394,02/29/2024 21:05:12
1562,1562,MiraFlex 1,Running,2024-02-29 21:05:12,2024-02-29 21:15:52,0 days 00:10:40,4203.0,57860.0,62063.0,1,,533,0,02/29/2024 21:15:52
1563,1563,MiraFlex 1,Stop,2024-02-29 21:15:52,2024-02-29 21:27:52,0 days 00:12:00,52.0,62063.0,62115.0,0,,533,4395,02/29/2024 21:27:52
1564,1564,MiraFlex 1,Running,2024-02-29 21:27:52,2024-02-29 21:54:52,0 days 00:27:00,10682.0,62115.0,72797.0,1,,533,0,02/29/2024 21:54:52
1565,1565,MiraFlex 1,Stop,2024-02-29 21:54:52,2024-02-29 22:10:12,0 days 00:15:20,34.0,72797.0,72831.0,0,,533,4396,02/29/2024 22:10:12
1566,1566,MiraFlex 1,Running,2024-02-29 22:10:12,2024-02-29 22:40:12,0 days 00:30:00,11658.0,72831.0,84489.0,1,,533,0,02/29/2024 22:40:12
1567,1567,MiraFlex 1,Stop,2024-02-29 22:40:12,2024-02-29 22:47:53,0 days 00:07:41,84.0,84489.0,84573.0,0,,533,4397,02/29/2024 22:47:53
1568,1568,MiraFlex 1,Running,2024-02-29 22:47:53,2024-02-29 22:57:33,0 days 00:09:40,3785.0,84573.0,88358.0,1,,533,0,02/29/2024 22:57:33
1569,1569,MiraFlex 1,Stop,2024-02-29 22:57:33,2024-02-29 22:59:13,0 days 00:01:40,69.0,88358.0,88427.0,0,,533,4398,02/29/2024 22:59:13
1570,1570,MiraFlex 1,Running,2024-02-29 22:59:13,2024-03-01 18:11:42,0 days 19:12:29,-14473.0,88427.0,73954.0,1,,533,0,03/01/2024 18:11:42
1571,1571,MiraFlex 1,Stop,2024-03-01 18:11:42,2024-03-01 18:27:02,0 days 00:15:20,48.0,73954.0,74002.0,0,,535,4374,03/01/2024 18:27:02
1572,1572,MiraFlex 1,Running,2024-03-01 18:27:02,2024-03-01 18:59:23,0 days 00:32:21,12598.0,74002.0,86600.0,1,,535,0,03/01/2024 18:59:23
1573,1573,MiraFlex 1,Stop,2024-03-01 18:59:23,2024-03-01 19:58:23,0 days 00:59:00,33.0,86600.0,86633.0,0,,535,4375,03/01/2024 19:58:23
1574,1574,MiraFlex 1,Running,2024-03-01 19:58:23,2024-03-01 19:59:43,0 days 00:01:20,448.0,86633.0,87081.0,1,,535,0,03/01/2024 19:59:43
1575,1575,MiraFlex 1,Stop,2024-03-01 19:59:43,2024-03-01 20:17:43,0 days 00:18:00,51.0,87081.0,87132.0,0,,535,4376,03/01/2024 20:17:43
1576,1576,MiraFlex 1,Running,2024-03-01 20:17:43,2024-03-01 20:41:24,0 days 00:23:41,9325.0,87132.0,96457.0,1,,535,0,03/01/2024 20:41:24
1577,1577,MiraFlex 1,Stop,2024-03-01 20:41:24,2024-03-01 21:07:44,0 days 00:26:20,22.0,96457.0,96479.0,0,,535,4377,03/01/2024 21:07:44
1578,1578,MiraFlex 1,Running,2024-03-01 21:07:44,2024-03-01 21:13:24,0 days 00:05:40,2188.0,96479.0,98667.0,1,,535,0,03/01/2024 21:13:24
1579,1579,MiraFlex 1,Stop,2024-03-01 21:13:24,2024-03-01 21:20:04,0 days 00:06:40,11.0,98667.0,98678.0,0,,535,4378,03/01/2024 21:20:04
1580,1580,MiraFlex 1,Running,2024-03-01 21:20:04,2024-03-01 21:46:04,0 days 00:26:00,10303.0,98678.0,108981.0,1,,535,0,03/01/2024 21:46:04
1581,1581,MiraFlex 1,Stop,2024-03-01 21:46:04,2024-03-01 21:51:24,0 days 00:05:20,7.0,108981.0,108988.0,0,,535,4379,03/01/2024 21:51:24
1582,1582,MiraFlex 1,Running,2024-03-01 21:51:24,2024-03-01 22:48:25,0 days 00:57:01,22620.0,108988.0,131608.0,1,,535,0,03/01/2024 22:48:25
1583,1583,MiraFlex 1,Stop,2024-03-01 22:48:25,2024-03-01 22:53:25,0 days 00:05:00,4.0,131608.0,131612.0,0,,535,4380,03/01/2024 22:53:25
1584,1584,MiraFlex 1,Running,2024-03-01 22:53:25,2024-03-01 23:10:45,0 days 00:17:20,-127515.0,131612.0,4097.0,1,,535,0,03/01/2024 23:10:45
1585,1585,MiraFlex 1,Stop,2024-03-01 23:10:45,2024-03-02 00:02:05,0 days 00:51:20,19.0,4097.0,4116.0,0,,535,0,03/02/2024 00:02:05
1586,1586,MiraFlex 1,Running,2024-03-02 00:02:05,2024-03-02 00:16:45,0 days 00:14:40,1229.0,4116.0,5345.0,1,,535,0,03/02/2024 00:16:45
1587,1587,MiraFlex 1,Stop,2024-03-02 00:16:45,2024-03-02 00:22:05,0 days 00:05:20,9.0,5345.0,5354.0,0,,535,4400,03/02/2024 00:22:05
1588,1588,MiraFlex 1,Running,2024-03-02 00:22:05,2024-03-02 00:26:25,0 days 00:04:20,655.0,5354.0,6009.0,1,,535,0,03/02/2024 00:26:25
1589,1589,MiraFlex 1,Stop,2024-03-02 00:26:25,2024-03-02 01:34:06,0 days 01:07:41,28.0,6009.0,6037.0,0,,535,4401,03/02/2024 01:34:06
1590,1590,MiraFlex 1,Running,2024-03-02 01:34:06,2024-03-02 01:36:46,0 days 00:02:40,397.0,6037.0,6434.0,1,,535,0,03/02/2024 01:36:46
1591,1591,MiraFlex 1,Stop,2024-03-02 01:36:46,2024-03-02 01:39:46,0 days 00:03:00,13.0,6434.0,6447.0,0,,535,4402,03/02/2024 01:39:46
1592,1592,MiraFlex 1,Running,2024-03-02 01:39:46,2024-03-02 01:40:46,0 days 00:01:00,196.0,6447.0,6643.0,1,,535,0,03/02/2024 01:40:46
1593,1593,MiraFlex 1,Stop,2024-03-02 01:40:46,2024-03-02 02:03:06,0 days 00:22:20,8.0,6643.0,6651.0,0,,535,4403,03/02/2024 02:03:06
1594,1594,MiraFlex 1,Running,2024-03-02 02:03:06,2024-03-02 02:04:46,0 days 00:01:40,280.0,6651.0,6931.0,1,,535,0,03/02/2024 02:04:46
1595,1595,MiraFlex 1,Stop,2024-03-02 02:04:46,2024-03-02 02:09:06,0 days 00:04:20,17.0,6931.0,6948.0,0,,535,4404,03/02/2024 02:09:06
1596,1596,MiraFlex 1,Running,2024-03-02 02:09:06,2024-03-02 02:48:47,0 days 00:39:41,15785.0,6948.0,22733.0,1,,535,0,03/02/2024 02:48:47
1597,1597,MiraFlex 1,Stop,2024-03-02 02:48:47,2024-03-02 03:18:27,0 days 00:29:40,27.0,22733.0,22760.0,0,,535,4405,03/02/2024 03:18:27
1598,1598,MiraFlex 1,Running,2024-03-02 03:18:27,2024-03-02 03:30:07,0 days 00:11:40,3767.0,22760.0,26527.0,1,,535,0,03/02/2024 03:30:07
1599,1599,MiraFlex 1,Stop,2024-03-02 03:30:07,2024-03-02 03:40:07,0 days 00:10:00,1.0,26527.0,26528.0,0,,535,4406,03/02/2024 03:40:07
1600,1600,MiraFlex 1,Running,2024-03-02 03:40:07,2024-03-02 03:58:47,0 days 00:18:40,7360.0,26528.0,33888.0,1,,535,0,03/02/2024 03:58:47
1601,1601,MiraFlex 1,Stop,2024-03-02 03:58:47,2024-03-02 04:01:07,0 days 00:02:20,20.0,33888.0,33908.0,0,,535,4407,03/02/2024 04:01:07
1602,1602,MiraFlex 1,Running,2024-03-02 04:01:07,2024-03-02 04:11:07,0 days 00:10:00,3898.0,33908.0,37806.0,1,,535,0,03/02/2024 04:11:07
1603,1603,MiraFlex 1,Stop,2024-03-02 04:11:07,2024-03-02 04:19:27,0 days 00:08:20,77.0,37806.0,37883.0,0,,535,4408,03/02/2024 04:19:27
1604,1604,MiraFlex 1,Running,2024-03-02 04:19:27,2024-03-02 04:24:07,0 days 00:04:40,1734.0,37883.0,39617.0,1,,535,0,03/02/2024 04:24:07
1605,1605,MiraFlex 1,Stop,2024-03-02 04:24:07,2024-03-02 04:28:47,0 days 00:04:40,94.0,39617.0,39711.0,0,,535,4409,03/02/2024 04:28:47
1606,1606,MiraFlex 1,Running,2024-03-02 04:28:47,2024-03-02 04:43:28,0 days 00:14:41,5792.0,39711.0,45503.0,1,,535,0,03/02/2024 04:43:28
1607,1607,MiraFlex 1,Stop,2024-03-02 04:43:28,2024-03-02 05:07:08,0 days 00:23:40,11.0,45503.0,45514.0,0,,535,4410,03/02/2024 05:07:08
1608,1608,MiraFlex 1,Running,2024-03-02 05:07:08,2024-03-02 05:15:48,0 days 00:08:40,3368.0,45514.0,48882.0,1,,535,0,03/02/2024 05:15:48
1609,1609,MiraFlex 1,Stop,2024-03-02 05:15:48,2024-03-02 06:13:28,0 days 00:57:40,27.0,48882.0,48909.0,0,,535,4411,03/02/2024 06:13:28
1610,1610,MiraFlex 1,Running,2024-03-02 06:13:28,2024-03-02 07:01:09,0 days 00:47:41,-48600.0,48909.0,309.0,1,,535,0,03/02/2024 07:01:09
1611,1611,MiraFlex 1,Stop,2024-03-02 07:01:09,2024-03-02 07:33:29,0 days 00:32:20,88.0,309.0,397.0,0,,535,4443,03/02/2024 07:33:29
1612,1612,MiraFlex 1,Running,2024-03-02 07:33:29,2024-03-02 07:41:49,0 days 00:08:20,3307.0,397.0,3704.0,1,,535,0,03/02/2024 07:41:49
1613,1613,MiraFlex 1,Stop,2024-03-02 07:41:49,2024-03-02 07:46:29,0 days 00:04:40,55.0,3704.0,3759.0,0,,535,4444,03/02/2024 07:46:29
1614,1614,MiraFlex 1,Running,2024-03-02 07:46:29,2024-03-02 08:43:10,0 days 00:56:41,22651.0,3759.0,26410.0,1,,535,0,03/02/2024 08:43:10
1615,1615,MiraFlex 1,Stop,2024-03-02 08:43:10,2024-03-02 08:44:50,0 days 00:01:40,83.0,26410.0,26493.0,0,,535,4445,03/02/2024 08:44:50
1616,1616,MiraFlex 1,Running,2024-03-02 08:44:50,2024-03-02 08:45:10,0 days 00:00:20,96.0,26493.0,26589.0,1,,535,0,03/02/2024 08:45:10
1617,1617,MiraFlex 1,Stop,2024-03-02 08:45:10,2024-03-02 08:48:50,0 days 00:03:40,66.0,26589.0,26655.0,0,,535,4446,03/02/2024 08:48:50
1618,1618,MiraFlex 1,Running,2024-03-02 08:48:50,2024-03-02 09:27:30,0 days 00:38:40,15460.0,26655.0,42115.0,1,,535,0,03/02/2024 09:27:30
1619,1619,MiraFlex 1,Stop,2024-03-02 09:27:30,2024-03-02 09:50:10,0 days 00:22:40,33.0,42115.0,42148.0,0,,535,4447,03/02/2024 09:50:10
1620,1620,MiraFlex 1,Running,2024-03-02 09:50:10,2024-03-02 10:07:30,0 days 00:17:20,6854.0,42148.0,49002.0,1,,535,0,03/02/2024 10:07:30
1621,1621,MiraFlex 1,Stop,2024-03-02 10:07:30,2024-03-02 10:12:10,0 days 00:04:40,80.0,49002.0,49082.0,0,,535,4448,03/02/2024 10:12:10
1622,1622,MiraFlex 1,Running,2024-03-02 10:12:10,2024-03-02 10:55:11,0 days 00:43:01,17155.0,49082.0,66237.0,1,,535,0,03/02/2024 10:55:11
1623,1623,MiraFlex 1,Stop,2024-03-02 10:55:11,2024-03-02 11:04:11,0 days 00:09:00,28.0,66237.0,66265.0,0,,535,4449,03/02/2024 11:04:11
1624,1624,MiraFlex 1,Running,2024-03-02 11:04:11,2024-03-02 11:17:51,0 days 00:13:40,5419.0,66265.0,71684.0,1,,535,0,03/02/2024 11:17:51
1625,1625,MiraFlex 1,Stop,2024-03-02 11:17:51,2024-03-02 11:27:11,0 days 00:09:20,31.0,71684.0,71715.0,0,,535,4450,03/02/2024 11:27:11
1626,1626,MiraFlex 1,Running,2024-03-02 11:27:11,2024-03-02 11:57:51,0 days 00:30:40,12269.0,71715.0,83984.0,1,,535,0,03/02/2024 11:57:51
1627,1627,MiraFlex 1,Stop,2024-03-02 11:57:51,2024-03-02 12:05:51,0 days 00:08:00,56.0,83984.0,84040.0,0,,535,4451,03/02/2024 12:05:51
1628,1628,MiraFlex 1,Running,2024-03-02 12:05:51,2024-03-02 12:34:12,0 days 00:28:21,11268.0,84040.0,95308.0,1,,535,0,03/02/2024 12:34:12
1629,1629,MiraFlex 1,Stop,2024-03-02 12:34:12,2024-03-02 12:55:12,0 days 00:21:00,62.0,95308.0,95370.0,0,,535,4452,03/02/2024 12:55:12
1630,1630,MiraFlex 1,Running,2024-03-02 12:55:12,2024-03-02 13:02:12,0 days 00:07:00,2734.0,95370.0,98104.0,1,,535,0,03/02/2024 13:02:12
1631,1631,MiraFlex 1,Stop,2024-03-02 13:02:12,2024-03-02 13:12:52,0 days 00:10:40,12.0,98104.0,98116.0,0,,535,4453,03/02/2024 13:12:52
1632,1632,MiraFlex 1,Running,2024-03-02 13:12:52,2024-03-02 14:02:32,0 days 00:49:40,19846.0,98116.0,117962.0,1,,535,0,03/02/2024 14:02:32
1633,1633,MiraFlex 1,Stop,2024-03-02 14:02:32,2024-03-02 14:12:52,0 days 00:10:20,8.0,117962.0,117970.0,0,,535,4454,03/02/2024 14:12:52
1634,1634,MiraFlex 1,Running,2024-03-02 14:12:52,2024-03-02 14:31:33,0 days 00:18:41,7368.0,117970.0,125338.0,1,,535,0,03/02/2024 14:31:33
1635,1635,MiraFlex 1,Stop,2024-03-02 14:31:33,2024-03-02 14:59:53,0 days 00:28:20,19.0,125338.0,125357.0,0,,535,4455,03/02/2024 14:59:53
1636,1636,MiraFlex 1,Running,2024-03-02 14:59:53,2024-03-02 15:04:13,0 days 00:04:20,-124766.0,125357.0,591.0,1,,535,0,03/02/2024 15:04:13
1637,1637,MiraFlex 1,Stop,2024-03-02 15:04:13,2024-03-02 15:32:13,0 days 00:28:00,67567.0,591.0,68158.0,0,,535,0,03/02/2024 15:32:13
1638,1638,MiraFlex 1,Running,2024-03-02 15:32:13,2024-03-02 15:34:53,0 days 00:02:40,366.0,68158.0,68524.0,1,,536,0,03/02/2024 15:34:53
1639,1639,MiraFlex 1,Stop,2024-03-02 15:34:53,2024-03-02 15:45:13,0 days 00:10:20,18.0,68524.0,68542.0,0,,536,4424,03/02/2024 15:45:13
1640,1640,MiraFlex 1,Running,2024-03-02 15:45:13,2024-03-02 15:53:53,0 days 00:08:40,933.0,68542.0,69475.0,1,,536,0,03/02/2024 15:53:53
1641,1641,MiraFlex 1,Stop,2024-03-02 15:53:53,2024-03-02 16:38:34,0 days 00:44:41,59.0,69475.0,69534.0,0,,536,4425,03/02/2024 16:38:34
1642,1642,MiraFlex 1,Running,2024-03-02 16:38:34,2024-03-02 16:48:14,0 days 00:09:40,3559.0,69534.0,73093.0,1,,536,0,03/02/2024 16:48:14
1643,1643,MiraFlex 1,Stop,2024-03-02 16:48:14,2024-03-02 17:07:34,0 days 00:19:20,43.0,73093.0,73136.0,0,,536,4426,03/02/2024 17:07:34
1644,1644,MiraFlex 1,Running,2024-03-02 17:07:34,2024-03-02 17:15:54,0 days 00:08:20,3246.0,73136.0,76382.0,1,,536,0,03/02/2024 17:15:54
1645,1645,MiraFlex 1,Stop,2024-03-02 17:15:54,2024-03-02 17:32:34,0 days 00:16:40,16.0,76382.0,76398.0,0,,536,4427,03/02/2024 17:32:34
1646,1646,MiraFlex 1,Running,2024-03-02 17:32:34,2024-03-02 17:36:14,0 days 00:03:40,701.0,76398.0,77099.0,1,,536,0,03/02/2024 17:36:14
1647,1647,MiraFlex 1,Stop,2024-03-02 17:36:14,2024-03-02 18:23:34,0 days 00:47:20,46.0,77099.0,77145.0,0,,536,4428,03/02/2024 18:23:34
1648,1648,MiraFlex 1,Running,2024-03-02 18:23:34,2024-03-02 18:30:15,0 days 00:06:41,2341.0,77145.0,79486.0,1,,536,0,03/02/2024 18:30:15
1649,1649,MiraFlex 1,Stop,2024-03-02 18:30:15,2024-03-02 19:39:35,0 days 01:09:20,4.0,79486.0,79490.0,0,,536,4429,03/02/2024 19:39:35
1650,1650,MiraFlex 1,Running,2024-03-02 19:39:35,2024-03-02 19:43:15,0 days 00:03:40,1078.0,79490.0,80568.0,1,,536,0,03/02/2024 19:43:15
1651,1651,MiraFlex 1,Stop,2024-03-02 19:43:15,2024-03-02 19:56:35,0 days 00:13:20,34.0,80568.0,80602.0,0,,536,4430,03/02/2024 19:56:35
1652,1652,MiraFlex 1,Running,2024-03-02 19:56:35,2024-03-02 19:59:55,0 days 00:03:20,1281.0,80602.0,81883.0,1,,536,0,03/02/2024 19:59:55
1653,1653,MiraFlex 1,Stop,2024-03-02 19:59:55,2024-03-02 20:59:36,0 days 00:59:41,20.0,81883.0,81903.0,0,,536,4431,03/02/2024 20:59:36
1654,1654,MiraFlex 1,Running,2024-03-02 20:59:36,2024-03-02 21:02:56,0 days 00:03:20,459.0,81903.0,82362.0,1,,536,0,03/02/2024 21:02:56
1655,1655,MiraFlex 1,Stop,2024-03-02 21:02:56,2024-03-02 21:29:16,0 days 00:26:20,34.0,82362.0,82396.0,0,,536,4432,03/02/2024 21:29:16
1656,1656,MiraFlex 1,Running,2024-03-02 21:29:16,2024-03-02 21:35:36,0 days 00:06:20,2232.0,82396.0,84628.0,1,,536,0,03/02/2024 21:35:36
1657,1657,MiraFlex 1,Stop,2024-03-02 21:35:36,2024-03-02 23:08:17,0 days 01:32:41,-84595.0,84628.0,33.0,0,,536,0,03/02/2024 23:08:17
1658,1658,MiraFlex 1,Running,2024-03-02 23:08:17,2024-03-02 23:10:17,0 days 00:02:00,426.0,33.0,459.0,1,,536,0,03/02/2024 23:10:17
1659,1659,MiraFlex 1,Stop,2024-03-02 23:10:17,2024-03-02 23:14:17,0 days 00:04:00,123.0,459.0,582.0,0,,536,4413,03/02/2024 23:14:17
1660,1660,MiraFlex 1,Running,2024-03-02 23:14:17,2024-03-02 23:15:17,0 days 00:01:00,314.0,582.0,896.0,1,,536,0,03/02/2024 23:15:17
1661,1661,MiraFlex 1,Stop,2024-03-02 23:15:17,2024-03-02 23:49:37,0 days 00:34:20,16.0,896.0,912.0,0,,536,4414,03/02/2024 23:49:37
1662,1662,MiraFlex 1,Running,2024-03-02 23:49:37,2024-03-02 23:52:37,0 days 00:03:00,450.0,912.0,1362.0,1,,536,0,03/02/2024 23:52:37
1663,1663,MiraFlex 1,Stop,2024-03-02 23:52:37,2024-03-03 00:09:57,0 days 00:17:20,50.0,1362.0,1412.0,0,,536,0,03/03/2024 00:09:57
1664,1664,MiraFlex 1,Running,2024-03-03 00:09:57,2024-03-03 00:15:17,0 days 00:05:20,2046.0,1412.0,3458.0,1,,536,0,03/03/2024 00:15:17
1665,1665,MiraFlex 1,Stop,2024-03-03 00:15:17,2024-03-03 00:35:38,0 days 00:20:21,2.0,3458.0,3460.0,0,,536,4434,03/03/2024 00:35:38
1666,1666,MiraFlex 1,Running,2024-03-03 00:35:38,2024-03-03 00:38:58,0 days 00:03:20,1147.0,3460.0,4607.0,1,,536,0,03/03/2024 00:38:58
1667,1667,MiraFlex 1,Stop,2024-03-03 00:38:58,2024-03-03 00:41:18,0 days 00:02:20,54.0,4607.0,4661.0,0,,536,4435,03/03/2024 00:41:18
1668,1668,MiraFlex 1,Running,2024-03-03 00:41:18,2024-03-03 01:22:58,0 days 00:41:40,16662.0,4661.0,21323.0,1,,536,0,03/03/2024 01:22:58
1669,1669,MiraFlex 1,Stop,2024-03-03 01:22:58,2024-03-03 01:44:18,0 days 00:21:20,8.0,21323.0,21331.0,0,,536,4436,03/03/2024 01:44:18
1670,1670,MiraFlex 1,Running,2024-03-03 01:44:18,2024-03-03 01:49:58,0 days 00:05:40,2227.0,21331.0,23558.0,1,,536,0,03/03/2024 01:49:58
1671,1671,MiraFlex 1,Stop,2024-03-03 01:49:58,2024-03-03 01:52:38,0 days 00:02:40,72.0,23558.0,23630.0,0,,536,4437,03/03/2024 01:52:38
1672,1672,MiraFlex 1,Running,2024-03-03 01:52:38,2024-03-03 01:53:18,0 days 00:00:40,179.0,23630.0,23809.0,1,,536,0,03/03/2024 01:53:18
1673,1673,MiraFlex 1,Stop,2024-03-03 01:53:18,2024-03-03 02:13:38,0 days 00:20:20,12.0,23809.0,23821.0,0,,536,4438,03/03/2024 02:13:38
1674,1674,MiraFlex 1,Running,2024-03-03 02:13:38,2024-03-03 02:14:18,0 days 00:00:40,205.0,23821.0,24026.0,1,,536,0,03/03/2024 02:14:18
1675,1675,MiraFlex 1,Stop,2024-03-03 02:14:18,2024-03-03 02:21:58,0 days 00:07:40,22.0,24026.0,24048.0,0,,536,4439,03/03/2024 02:21:58
1676,1676,MiraFlex 1,Running,2024-03-03 02:21:58,2024-03-03 02:23:18,0 days 00:01:20,389.0,24048.0,24437.0,1,,536,0,03/03/2024 02:23:18
1677,1677,MiraFlex 1,Stop,2024-03-03 02:23:18,2024-03-03 02:33:19,0 days 00:10:01,52.0,24437.0,24489.0,0,,536,4440,03/03/2024 02:33:19
1678,1678,MiraFlex 1,Running,2024-03-03 02:33:19,2024-03-03 02:38:59,0 days 00:05:40,2254.0,24489.0,26743.0,1,,536,0,03/03/2024 02:38:59
1679,1679,MiraFlex 1,Stop,2024-03-03 02:38:59,2024-03-03 02:46:19,0 days 00:07:20,25.0,26743.0,26768.0,0,,536,4441,03/03/2024 02:46:19
1680,1680,MiraFlex 1,Running,2024-03-03 02:46:19,2024-03-03 02:57:59,0 days 00:11:40,4565.0,26768.0,31333.0,1,,536,0,03/03/2024 02:57:59
1681,1681,MiraFlex 1,Stop,2024-03-03 02:57:59,2024-03-03 03:28:39,0 days 00:30:40,65.0,31333.0,31398.0,0,,536,4442,03/03/2024 03:28:39
1682,1682,MiraFlex 1,Running,2024-03-03 03:28:39,2024-03-03 03:42:59,0 days 00:14:20,5637.0,31398.0,37035.0,1,,536,0,03/03/2024 03:42:59
1683,1683,MiraFlex 1,Stop,2024-03-03 03:42:59,2024-03-08 10:19:27,5 days 06:36:28,31274.0,37035.0,68309.0,0,,536,0,03/08/2024 10:19:27
1684,1684,MiraFlex 1,Running,2024-03-08 10:19:27,2024-03-08 10:49:07,0 days 00:29:40,11756.0,68309.0,80065.0,1,,537,0,03/08/2024 10:49:07
1685,1685,MiraFlex 1,Stop,2024-03-08 10:49:07,2024-03-08 10:53:47,0 days 00:04:40,49.0,80065.0,80114.0,0,,537,4415,03/08/2024 10:53:47
1686,1686,MiraFlex 1,Running,2024-03-08 10:53:47,2024-03-08 10:54:07,0 days 00:00:20,14.0,80114.0,80128.0,1,,537,0,03/08/2024 10:54:07
1687,1687,MiraFlex 1,Stop,2024-03-08 10:54:07,2024-03-08 10:54:27,0 days 00:00:20,4.0,80128.0,80132.0,0,,537,4416,03/08/2024 10:54:27
1688,1688,MiraFlex 1,Running,2024-03-08 10:54:27,2024-03-08 10:55:07,0 days 00:00:40,159.0,80132.0,80291.0,1,,537,0,03/08/2024 10:55:07
1689,1689,MiraFlex 1,Stop,2024-03-08 10:55:07,2024-03-08 11:34:47,0 days 00:39:40,31.0,80291.0,80322.0,0,,537,4417,03/08/2024 11:34:47
1690,1690,MiraFlex 1,Running,2024-03-08 11:34:47,2024-03-08 11:35:27,0 days 00:00:40,115.0,80322.0,80437.0,1,,537,0,03/08/2024 11:35:27
1691,1691,MiraFlex 1,Stop,2024-03-08 11:35:27,2024-03-08 11:43:28,0 days 00:08:01,44.0,80437.0,80481.0,0,,537,4418,03/08/2024 11:43:28
1692,1692,MiraFlex 1,Running,2024-03-08 11:43:28,2024-03-08 11:43:48,0 days 00:00:20,83.0,80481.0,80564.0,1,,537,0,03/08/2024 11:43:48
1693,1693,MiraFlex 1,Stop,2024-03-08 11:43:48,2024-03-08 11:57:08,0 days 00:13:20,84.0,80564.0,80648.0,0,,537,4419,03/08/2024 11:57:08
1694,1694,MiraFlex 1,Running,2024-03-08 11:57:08,2024-03-08 11:59:28,0 days 00:02:20,913.0,80648.0,81561.0,1,,537,0,03/08/2024 11:59:28
1695,1695,MiraFlex 1,Stop,2024-03-08 11:59:28,2024-03-08 12:02:48,0 days 00:03:20,1.0,81561.0,81562.0,0,,537,4420,03/08/2024 12:02:48
1696,1696,MiraFlex 1,Running,2024-03-08 12:02:48,2024-03-08 12:11:28,0 days 00:08:40,3331.0,81562.0,84893.0,1,,537,0,03/08/2024 12:11:28
1697,1697,MiraFlex 1,Stop,2024-03-08 12:11:28,2024-03-08 12:21:28,0 days 00:10:00,42.0,84893.0,84935.0,0,,537,4421,03/08/2024 12:21:28
1698,1698,MiraFlex 1,Running,2024-03-08 12:21:28,2024-03-08 12:34:48,0 days 00:13:20,5195.0,84935.0,90130.0,1,,537,0,03/08/2024 12:34:48
1699,1699,MiraFlex 1,Stop,2024-03-08 12:34:48,2024-03-08 12:48:08,0 days 00:13:20,119.0,90130.0,90249.0,0,,537,4422,03/08/2024 12:48:08
1700,1700,MiraFlex 1,Running,2024-03-08 12:48:08,2024-03-08 12:55:28,0 days 00:07:20,2719.0,90249.0,92968.0,1,,537,0,03/08/2024 12:55:28
1701,1701,MiraFlex 1,Stop,2024-03-08 12:55:28,2024-03-08 15:19:49,0 days 02:24:21,-92952.0,92968.0,16.0,0,,537,0,03/08/2024 15:19:49
1702,1702,MiraFlex 1,Running,2024-03-08 15:19:49,2024-03-08 15:20:09,0 days 00:00:20,16.0,16.0,32.0,1,,537,0,03/08/2024 15:20:09
1703,1703,MiraFlex 1,Stop,2024-03-08 15:20:09,2024-03-08 15:20:29,0 days 00:00:20,22.0,32.0,54.0,0,,537,4466,03/08/2024 15:20:29
1704,1704,MiraFlex 1,Running,2024-03-08 15:20:29,2024-03-08 15:21:29,0 days 00:01:00,343.0,54.0,397.0,1,,537,0,03/08/2024 15:21:29
1705,1705,MiraFlex 1,Stop,2024-03-08 15:21:29,2024-03-08 15:54:50,0 days 00:33:21,24.0,397.0,421.0,0,,537,4467,03/08/2024 15:54:50
1706,1706,MiraFlex 1,Running,2024-03-08 15:54:50,2024-03-08 16:08:10,0 days 00:13:20,5082.0,421.0,5503.0,1,,537,0,03/08/2024 16:08:10
1707,1707,MiraFlex 1,Stop,2024-03-08 16:08:10,2024-03-08 16:13:10,0 days 00:05:00,17.0,5503.0,5520.0,0,,537,4468,03/08/2024 16:13:10
1708,1708,MiraFlex 1,Running,2024-03-08 16:13:10,2024-03-08 17:23:30,0 days 01:10:20,27985.0,5520.0,33505.0,1,,537,0,03/08/2024 17:23:30
1709,1709,MiraFlex 1,Stop,2024-03-08 17:23:30,2024-03-08 17:53:11,0 days 00:29:41,1.0,33505.0,33506.0,0,,537,4469,03/08/2024 17:53:11
1710,1710,MiraFlex 1,Running,2024-03-08 17:53:11,2024-03-08 17:55:31,0 days 00:02:20,355.0,33506.0,33861.0,1,,537,0,03/08/2024 17:55:31
1711,1711,MiraFlex 1,Stop,2024-03-08 17:55:31,2024-03-08 18:11:51,0 days 00:16:20,23.0,33861.0,33884.0,0,,537,4470,03/08/2024 18:11:51
1712,1712,MiraFlex 1,Running,2024-03-08 18:11:51,2024-03-08 18:49:31,0 days 00:37:40,14785.0,33884.0,48669.0,1,,537,0,03/08/2024 18:49:31
1713,1713,MiraFlex 1,Stop,2024-03-08 18:49:31,2024-03-08 18:56:11,0 days 00:06:40,67.0,48669.0,48736.0,0,,537,4471,03/08/2024 18:56:11
1714,1714,MiraFlex 1,Running,2024-03-08 18:56:11,2024-03-08 19:21:51,0 days 00:25:40,10206.0,48736.0,58942.0,1,,537,0,03/08/2024 19:21:51
1715,1715,MiraFlex 1,Stop,2024-03-08 19:21:51,2024-03-08 19:58:12,0 days 00:36:21,87.0,58942.0,59029.0,0,,537,4472,03/08/2024 19:58:12
1716,1716,MiraFlex 1,Running,2024-03-08 19:58:12,2024-03-08 19:58:52,0 days 00:00:40,245.0,59029.0,59274.0,1,,537,0,03/08/2024 19:58:52
1717,1717,MiraFlex 1,Stop,2024-03-08 19:58:52,2024-03-08 20:35:12,0 days 00:36:20,56.0,59274.0,59330.0,0,,537,4473,03/08/2024 20:35:12
1718,1718,MiraFlex 1,Running,2024-03-08 20:35:12,2024-03-08 20:51:32,0 days 00:16:20,6305.0,59330.0,65635.0,1,,537,0,03/08/2024 20:51:32
1719,1719,MiraFlex 1,Stop,2024-03-08 20:51:32,2024-03-08 21:03:52,0 days 00:12:20,41.0,65635.0,65676.0,0,,537,4474,03/08/2024 21:03:52
1720,1720,MiraFlex 1,Running,2024-03-08 21:03:52,2024-03-08 21:19:12,0 days 00:15:20,5962.0,65676.0,71638.0,1,,537,0,03/08/2024 21:19:12
1721,1721,MiraFlex 1,Stop,2024-03-08 21:19:12,2024-03-08 21:39:13,0 days 00:20:01,18.0,71638.0,71656.0,0,,537,4475,03/08/2024 21:39:13
1722,1722,MiraFlex 1,Running,2024-03-08 21:39:13,2024-03-08 21:51:33,0 days 00:12:20,4786.0,71656.0,76442.0,1,,537,0,03/08/2024 21:51:33
1723,1723,MiraFlex 1,Stop,2024-03-08 21:51:33,2024-03-08 22:04:33,0 days 00:13:00,17.0,76442.0,76459.0,0,,537,0,03/08/2024 22:04:33
1724,1724,MiraFlex 1,Running,2024-03-08 22:04:33,2024-03-08 22:12:13,0 days 00:07:40,789.0,76459.0,77248.0,1,,538,0,03/08/2024 22:12:13
1725,1725,MiraFlex 1,Stop,2024-03-08 22:12:13,2024-03-08 22:17:53,0 days 00:05:40,19.0,77248.0,77267.0,0,,538,4457,03/08/2024 22:17:53
1726,1726,MiraFlex 1,Running,2024-03-08 22:17:53,2024-03-08 22:22:53,0 days 00:05:00,499.0,77267.0,77766.0,1,,538,0,03/08/2024 22:22:53
1727,1727,MiraFlex 1,Stop,2024-03-08 22:22:53,2024-03-08 22:31:33,0 days 00:08:40,0.0,77766.0,77766.0,0,,538,4458,03/08/2024 22:31:33
1728,1728,MiraFlex 1,Running,2024-03-08 22:31:33,2024-03-08 22:31:53,0 days 00:00:20,66.0,77766.0,77832.0,1,,538,0,03/08/2024 22:31:53
1729,1729,MiraFlex 1,Stop,2024-03-08 22:31:53,2024-03-08 22:35:53,0 days 00:04:00,52.0,77832.0,77884.0,0,,538,4459,03/08/2024 22:35:53
1730,1730,MiraFlex 1,Running,2024-03-08 22:35:53,2024-03-08 22:41:53,0 days 00:06:00,2324.0,77884.0,80208.0,1,,538,0,03/08/2024 22:41:53
1731,1731,MiraFlex 1,Stop,2024-03-08 22:41:53,2024-03-08 23:03:13,0 days 00:21:20,-80172.0,80208.0,36.0,0,,538,0,03/08/2024 23:03:13
1732,1732,MiraFlex 1,Running,2024-03-08 23:03:13,2024-03-08 23:16:53,0 days 00:13:40,5254.0,36.0,5290.0,1,,538,0,03/08/2024 23:16:53
1733,1733,MiraFlex 1,Stop,2024-03-08 23:16:53,2024-03-08 23:45:34,0 days 00:28:41,61.0,5290.0,5351.0,0,,538,4461,03/08/2024 23:45:34
1734,1734,MiraFlex 1,Running,2024-03-08 23:45:34,2024-03-09 00:21:14,0 days 00:35:40,14250.0,5351.0,19601.0,1,,538,0,03/09/2024 00:21:14
1735,1735,MiraFlex 1,Stop,2024-03-09 00:21:14,2024-03-09 00:26:54,0 days 00:05:40,71.0,19601.0,19672.0,0,,538,4462,03/09/2024 00:26:54
1736,1736,MiraFlex 1,Running,2024-03-09 00:26:54,2024-03-09 00:52:54,0 days 00:26:00,10353.0,19672.0,30025.0,1,,538,0,03/09/2024 00:52:54
1737,1737,MiraFlex 1,Stop,2024-03-09 00:52:54,2024-03-09 01:22:14,0 days 00:29:20,36.0,30025.0,30061.0,0,,538,4463,03/09/2024 01:22:14
1738,1738,MiraFlex 1,Running,2024-03-09 01:22:14,2024-03-09 01:29:14,0 days 00:07:00,802.0,30061.0,30863.0,1,,538,0,03/09/2024 01:29:14
1739,1739,MiraFlex 1,Stop,2024-03-09 01:29:14,2024-03-09 01:30:15,0 days 00:01:01,19.0,30863.0,30882.0,0,,538,4464,03/09/2024 01:30:15
1740,1740,MiraFlex 1,Running,2024-03-09 01:30:15,2024-03-09 01:33:55,0 days 00:03:40,795.0,30882.0,31677.0,1,,538,0,03/09/2024 01:33:55
1741,1741,MiraFlex 1,Stop,2024-03-09 01:33:55,2024-03-09 01:56:55,0 days 00:23:00,175.0,31677.0,31852.0,0,,538,0,03/09/2024 01:56:55
1742,1742,MiraFlex 1,Running,2024-03-09 01:56:55,2024-03-09 02:04:55,0 days 00:08:00,3003.0,31852.0,34855.0,1,,539,0,03/09/2024 02:04:55
1743,1743,MiraFlex 1,Stop,2024-03-09 02:04:55,2024-03-09 02:14:35,0 days 00:09:40,78.0,34855.0,34933.0,0,,539,4482,03/09/2024 02:14:35
1744,1744,MiraFlex 1,Running,2024-03-09 02:14:35,2024-03-09 02:21:55,0 days 00:07:20,2900.0,34933.0,37833.0,1,,539,0,03/09/2024 02:21:55
1745,1745,MiraFlex 1,Stop,2024-03-09 02:21:55,2024-03-09 02:22:55,0 days 00:01:00,66.0,37833.0,37899.0,0,,539,4483,03/09/2024 02:22:55
1746,1746,MiraFlex 1,Running,2024-03-09 02:22:55,2024-03-09 02:25:15,0 days 00:02:20,813.0,37899.0,38712.0,1,,539,0,03/09/2024 02:25:15
1747,1747,MiraFlex 1,Stop,2024-03-09 02:25:15,2024-03-09 02:54:15,0 days 00:29:00,19.0,38712.0,38731.0,0,,539,4484,03/09/2024 02:54:15
1748,1748,MiraFlex 1,Running,2024-03-09 02:54:15,2024-03-09 02:56:35,0 days 00:02:20,317.0,38731.0,39048.0,1,,539,0,03/09/2024 02:56:35
1749,1749,MiraFlex 1,Stop,2024-03-09 02:56:35,2024-03-09 03:04:15,0 days 00:07:40,8.0,39048.0,39056.0,0,,539,4485,03/09/2024 03:04:15
1750,1750,MiraFlex 1,Running,2024-03-09 03:04:15,2024-03-09 03:11:15,0 days 00:07:00,1126.0,39056.0,40182.0,1,,539,0,03/09/2024 03:11:15
1751,1751,MiraFlex 1,Stop,2024-03-09 03:11:15,2024-03-09 03:34:56,0 days 00:23:41,68.0,40182.0,40250.0,0,,539,4486,03/09/2024 03:34:56
1752,1752,MiraFlex 1,Running,2024-03-09 03:34:56,2024-03-09 03:35:36,0 days 00:00:40,207.0,40250.0,40457.0,1,,539,0,03/09/2024 03:35:36
1753,1753,MiraFlex 1,Stop,2024-03-09 03:35:36,2024-03-09 03:39:36,0 days 00:04:00,47.0,40457.0,40504.0,0,,539,4487,03/09/2024 03:39:36
1754,1754,MiraFlex 1,Running,2024-03-09 03:39:36,2024-03-09 03:40:56,0 days 00:01:20,427.0,40504.0,40931.0,1,,539,0,03/09/2024 03:40:56
1755,1755,MiraFlex 1,Stop,2024-03-09 03:40:56,2024-03-09 04:03:56,0 days 00:23:00,16.0,40931.0,40947.0,0,,539,4488,03/09/2024 04:03:56
1756,1756,MiraFlex 1,Running,2024-03-09 04:03:56,2024-03-09 04:05:36,0 days 00:01:40,298.0,40947.0,41245.0,1,,539,0,03/09/2024 04:05:36
1757,1757,MiraFlex 1,Stop,2024-03-09 04:05:36,2024-03-09 04:10:36,0 days 00:05:00,6.0,41245.0,41251.0,0,,539,4489,03/09/2024 04:10:36
1758,1758,MiraFlex 1,Running,2024-03-09 04:10:36,2024-03-09 04:18:56,0 days 00:08:20,3289.0,41251.0,44540.0,1,,539,0,03/09/2024 04:18:56
1759,1759,MiraFlex 1,Stop,2024-03-09 04:18:56,2024-03-09 04:29:16,0 days 00:10:20,103.0,44540.0,44643.0,0,,539,4490,03/09/2024 04:29:16
1760,1760,MiraFlex 1,Running,2024-03-09 04:29:16,2024-03-09 04:39:56,0 days 00:10:40,4245.0,44643.0,48888.0,1,,539,0,03/09/2024 04:39:56
1761,1761,MiraFlex 1,Stop,2024-03-09 04:39:56,2024-03-09 04:45:36,0 days 00:05:40,24.0,48888.0,48912.0,0,,539,4491,03/09/2024 04:45:36
1762,1762,MiraFlex 1,Running,2024-03-09 04:45:36,2024-03-09 04:53:56,0 days 00:08:20,3242.0,48912.0,52154.0,1,,539,0,03/09/2024 04:53:56
1763,1763,MiraFlex 1,Stop,2024-03-09 04:53:56,2024-03-09 04:58:16,0 days 00:04:20,72.0,52154.0,52226.0,0,,539,4492,03/09/2024 04:58:16
1764,1764,MiraFlex 1,Running,2024-03-09 04:58:16,2024-03-09 05:01:16,0 days 00:03:00,1120.0,52226.0,53346.0,1,,539,0,03/09/2024 05:01:16
1765,1765,MiraFlex 1,Stop,2024-03-09 05:01:16,2024-03-09 05:23:36,0 days 00:22:20,13.0,53346.0,53359.0,0,,539,4493,03/09/2024 05:23:36
1766,1766,MiraFlex 1,Running,2024-03-09 05:23:36,2024-03-09 05:25:56,0 days 00:02:20,262.0,53359.0,53621.0,1,,539,0,03/09/2024 05:25:56
1767,1767,MiraFlex 1,Stop,2024-03-09 05:25:56,2024-03-09 05:28:57,0 days 00:03:01,31.0,53621.0,53652.0,0,,539,4494,03/09/2024 05:28:57
1768,1768,MiraFlex 1,Running,2024-03-09 05:28:57,2024-03-09 05:33:17,0 days 00:04:20,349.0,53652.0,54001.0,1,,539,0,03/09/2024 05:33:17
1769,1769,MiraFlex 1,Stop,2024-03-09 05:33:17,2024-03-09 06:00:57,0 days 00:27:40,28.0,54001.0,54029.0,0,,539,4495,03/09/2024 06:00:57
1770,1770,MiraFlex 1,Running,2024-03-09 06:00:57,2024-03-09 06:03:17,0 days 00:02:20,439.0,54029.0,54468.0,1,,539,0,03/09/2024 06:03:17
1771,1771,MiraFlex 1,Stop,2024-03-09 06:03:17,2024-03-09 12:12:20,0 days 06:09:03,-54408.0,54468.0,60.0,0,,539,4496,03/09/2024 12:12:20
1772,1772,MiraFlex 1,Running,2024-03-09 12:12:20,2024-03-09 12:13:40,0 days 00:01:20,457.0,60.0,517.0,1,,539,0,03/09/2024 12:13:40
1773,1773,MiraFlex 1,Stop,2024-03-09 12:13:40,2024-03-09 12:21:40,0 days 00:08:00,101.0,517.0,618.0,0,,539,4477,03/09/2024 12:21:40
1774,1774,MiraFlex 1,Running,2024-03-09 12:21:40,2024-03-09 12:55:40,0 days 00:34:00,11903.0,618.0,12521.0,1,,539,0,03/09/2024 12:55:40
1775,1775,MiraFlex 1,Stop,2024-03-09 12:55:40,2024-03-09 13:06:00,0 days 00:10:20,69.0,12521.0,12590.0,0,,539,4478,03/09/2024 13:06:00
1776,1776,MiraFlex 1,Running,2024-03-09 13:06:00,2024-03-09 13:18:20,0 days 00:12:20,4878.0,12590.0,17468.0,1,,539,0,03/09/2024 13:18:20
1777,1777,MiraFlex 1,Stop,2024-03-09 13:18:20,2024-03-09 14:05:01,0 days 00:46:41,12.0,17468.0,17480.0,0,,539,4479,03/09/2024 14:05:01
1778,1778,MiraFlex 1,Running,2024-03-09 14:05:01,2024-03-09 14:07:41,0 days 00:02:40,814.0,17480.0,18294.0,1,,539,0,03/09/2024 14:07:41
1779,1779,MiraFlex 1,Stop,2024-03-09 14:07:41,2024-03-09 14:15:41,0 days 00:08:00,53.0,18294.0,18347.0,0,,539,4480,03/09/2024 14:15:41
1780,1780,MiraFlex 1,Running,2024-03-09 14:15:41,2024-03-09 14:39:21,0 days 00:23:40,9422.0,18347.0,27769.0,1,,539,0,03/09/2024 14:39:21
1781,1781,MiraFlex 1,Stop,2024-03-09 14:39:21,2024-03-09 15:07:21,0 days 00:28:00,-27758.0,27769.0,11.0,0,,539,4501,03/09/2024 15:07:21
1782,1782,MiraFlex 1,Running,2024-03-09 15:07:21,2024-03-09 15:28:22,0 days 00:21:01,8364.0,11.0,8375.0,1,,539,0,03/09/2024 15:28:22
1783,1783,MiraFlex 1,Stop,2024-03-09 15:28:22,2024-03-09 15:29:22,0 days 00:01:00,13.0,8375.0,8388.0,0,,539,4502,03/09/2024 15:29:22
1784,1784,MiraFlex 1,Running,2024-03-09 15:29:22,2024-03-09 15:34:42,0 days 00:05:20,2041.0,8388.0,10429.0,1,,539,0,03/09/2024 15:34:42
1785,1785,MiraFlex 1,Stop,2024-03-09 15:34:42,2024-03-09 15:58:02,0 days 00:23:20,25.0,10429.0,10454.0,0,,539,4503,03/09/2024 15:58:02
1786,1786,MiraFlex 1,Running,2024-03-09 15:58:02,2024-03-09 16:38:22,0 days 00:40:20,16081.0,10454.0,26535.0,1,,539,0,03/09/2024 16:38:22
1787,1787,MiraFlex 1,Stop,2024-03-09 16:38:22,2024-03-09 17:18:22,0 days 00:40:00,11.0,26535.0,26546.0,0,,539,4504,03/09/2024 17:18:22
1788,1788,MiraFlex 1,Running,2024-03-09 17:18:22,2024-03-09 17:24:43,0 days 00:06:21,2324.0,26546.0,28870.0,1,,539,0,03/09/2024 17:24:43
1789,1789,MiraFlex 1,Stop,2024-03-09 17:24:43,2024-03-09 17:30:43,0 days 00:06:00,45.0,28870.0,28915.0,0,,539,4505,03/09/2024 17:30:43
1790,1790,MiraFlex 1,Running,2024-03-09 17:30:43,2024-03-09 17:38:23,0 days 00:07:40,3021.0,28915.0,31936.0,1,,539,0,03/09/2024 17:38:23
1791,1791,MiraFlex 1,Stop,2024-03-09 17:38:23,2024-03-09 17:40:03,0 days 00:01:40,8.0,31936.0,31944.0,0,,539,4506,03/09/2024 17:40:03
1792,1792,MiraFlex 1,Running,2024-03-09 17:40:03,2024-03-09 18:38:03,0 days 00:58:00,23118.0,31944.0,55062.0,1,,539,0,03/09/2024 18:38:03
1793,1793,MiraFlex 1,Stop,2024-03-09 18:38:03,2024-03-09 18:44:23,0 days 00:06:20,54.0,55062.0,55116.0,0,,539,4507,03/09/2024 18:44:23
1794,1794,MiraFlex 1,Running,2024-03-09 18:44:23,2024-03-09 18:45:43,0 days 00:01:20,347.0,55116.0,55463.0,1,,539,0,03/09/2024 18:45:43
1795,1795,MiraFlex 1,Stop,2024-03-09 18:45:43,2024-03-09 18:50:23,0 days 00:04:40,79.0,55463.0,55542.0,0,,539,4508,03/09/2024 18:50:23
1796,1796,MiraFlex 1,Running,2024-03-09 18:50:23,2024-03-09 18:50:43,0 days 00:00:20,74.0,55542.0,55616.0,1,,539,0,03/09/2024 18:50:43
1797,1797,MiraFlex 1,Stop,2024-03-09 18:50:43,2024-03-09 19:22:23,0 days 00:31:40,78.0,55616.0,55694.0,0,,539,4509,03/09/2024 19:22:23
1798,1798,MiraFlex 1,Running,2024-03-09 19:22:23,2024-03-09 20:02:04,0 days 00:39:41,15817.0,55694.0,71511.0,1,,539,0,03/09/2024 20:02:04
1799,1799,MiraFlex 1,Stop,2024-03-09 20:02:04,2024-03-09 20:03:04,0 days 00:01:00,14.0,71511.0,71525.0,0,,539,4510,03/09/2024 20:03:04
1800,1800,MiraFlex 1,Running,2024-03-09 20:03:04,2024-03-09 20:03:44,0 days 00:00:40,42.0,71525.0,71567.0,1,,539,0,03/09/2024 20:03:44
1801,1801,MiraFlex 1,Stop,2024-03-09 20:03:44,2024-03-09 20:37:04,0 days 00:33:20,21.0,71567.0,71588.0,0,,539,4511,03/09/2024 20:37:04
1802,1802,MiraFlex 1,Running,2024-03-09 20:37:04,2024-03-09 20:38:24,0 days 00:01:20,117.0,71588.0,71705.0,1,,539,0,03/09/2024 20:38:24
1803,1803,MiraFlex 1,Stop,2024-03-09 20:38:24,2024-03-09 20:57:44,0 days 00:19:20,57.0,71705.0,71762.0,0,,539,4512,03/09/2024 20:57:44
1804,1804,MiraFlex 1,Running,2024-03-09 20:57:44,2024-03-09 20:58:24,0 days 00:00:40,95.0,71762.0,71857.0,1,,539,0,03/09/2024 20:58:24
1805,1805,MiraFlex 1,Stop,2024-03-09 20:58:24,2024-03-09 21:01:24,0 days 00:03:00,43.0,71857.0,71900.0,0,,539,4513,03/09/2024 21:01:24
1806,1806,MiraFlex 1,Running,2024-03-09 21:01:24,2024-03-09 21:02:24,0 days 00:01:00,155.0,71900.0,72055.0,1,,539,0,03/09/2024 21:02:24
1807,1807,MiraFlex 1,Stop,2024-03-09 21:02:24,2024-03-09 21:04:04,0 days 00:01:40,36.0,72055.0,72091.0,0,,539,4514,03/09/2024 21:04:04
1808,1808,MiraFlex 1,Running,2024-03-09 21:04:04,2024-03-09 21:15:44,0 days 00:11:40,2285.0,72091.0,74376.0,1,,539,0,03/09/2024 21:15:44
1809,1809,MiraFlex 1,Stop,2024-03-09 21:15:44,2024-03-09 21:24:25,0 days 00:08:41,19.0,74376.0,74395.0,0,,539,4515,03/09/2024 21:24:25
1810,1810,MiraFlex 1,Running,2024-03-09 21:24:25,2024-03-09 21:25:05,0 days 00:00:40,40.0,74395.0,74435.0,1,,539,0,03/09/2024 21:25:05
1811,1811,MiraFlex 1,Stop,2024-03-09 21:25:05,2024-03-09 21:28:25,0 days 00:03:20,65.0,74435.0,74500.0,0,,539,4516,03/09/2024 21:28:25
1812,1812,MiraFlex 1,Running,2024-03-09 21:28:25,2024-03-09 21:28:45,0 days 00:00:20,9.0,74500.0,74509.0,1,,539,0,03/09/2024 21:28:45
1813,1813,MiraFlex 1,Stop,2024-03-09 21:28:45,2024-03-09 21:39:25,0 days 00:10:40,12.0,74509.0,74521.0,0,,539,4517,03/09/2024 21:39:25
1814,1814,MiraFlex 1,Running,2024-03-09 21:39:25,2024-03-09 21:40:05,0 days 00:00:40,27.0,74521.0,74548.0,1,,539,0,03/09/2024 21:40:05
1815,1815,MiraFlex 1,Stop,2024-03-09 21:40:05,2024-03-09 21:43:45,0 days 00:03:40,0.0,74548.0,74548.0,0,,539,4518,03/09/2024 21:43:45
1816,1816,MiraFlex 1,Running,2024-03-09 21:43:45,2024-03-09 21:51:25,0 days 00:07:40,2185.0,74548.0,76733.0,1,,539,0,03/09/2024 21:51:25
1817,1817,MiraFlex 1,Stop,2024-03-09 21:51:25,2024-03-09 22:31:25,0 days 00:40:00,6.0,76733.0,76739.0,0,,539,4519,03/09/2024 22:31:25
1818,1818,MiraFlex 1,Running,2024-03-09 22:31:25,2024-03-09 22:33:45,0 days 00:02:20,218.0,76739.0,76957.0,1,,539,0,03/09/2024 22:33:45
1819,1819,MiraFlex 1,Stop,2024-03-09 22:33:45,2024-03-09 22:37:25,0 days 00:03:40,33.0,76957.0,76990.0,0,,539,4520,03/09/2024 22:37:25
1820,1820,MiraFlex 1,Running,2024-03-09 22:37:25,2024-03-09 22:40:05,0 days 00:02:40,470.0,76990.0,77460.0,1,,539,0,03/09/2024 22:40:05
1821,1821,MiraFlex 1,Stop,2024-03-09 22:40:05,2024-03-09 23:10:25,0 days 00:30:20,-77385.0,77460.0,75.0,0,,539,4521,03/09/2024 23:10:25
1822,1822,MiraFlex 1,Running,2024-03-09 23:10:25,2024-03-09 23:11:25,0 days 00:01:00,264.0,75.0,339.0,1,,539,0,03/09/2024 23:11:25
1823,1823,MiraFlex 1,Stop,2024-03-09 23:11:25,2024-03-09 23:46:06,0 days 00:34:41,22.0,339.0,361.0,0,,539,4522,03/09/2024 23:46:06
1824,1824,MiraFlex 1,Running,2024-03-09 23:46:06,2024-03-09 23:49:06,0 days 00:03:00,716.0,361.0,1077.0,1,,539,0,03/09/2024 23:49:06
1825,1825,MiraFlex 1,Stop,2024-03-09 23:49:06,2024-03-10 00:01:06,0 days 00:12:00,82.0,1077.0,1159.0,0,,539,0,03/10/2024 00:01:06
1826,1826,MiraFlex 1,Running,2024-03-10 00:01:06,2024-03-10 00:11:26,0 days 00:10:20,4097.0,1159.0,5256.0,1,,539,0,03/10/2024 00:11:26
1827,1827,MiraFlex 1,Stop,2024-03-10 00:11:26,2024-03-10 00:16:06,0 days 00:04:40,23.0,5256.0,5279.0,0,,539,4738,03/10/2024 00:16:06
1828,1828,MiraFlex 1,Running,2024-03-10 00:16:06,2024-03-10 00:51:46,0 days 00:35:40,14202.0,5279.0,19481.0,1,,539,0,03/10/2024 00:51:46
1829,1829,MiraFlex 1,Stop,2024-03-10 00:51:46,2024-03-10 00:55:06,0 days 00:03:20,13.0,19481.0,19494.0,0,,539,4739,03/10/2024 00:55:06
1830,1830,MiraFlex 1,Running,2024-03-10 00:55:06,2024-03-10 01:48:07,0 days 00:53:01,21105.0,19494.0,40599.0,1,,539,0,03/10/2024 01:48:07
1831,1831,MiraFlex 1,Stop,2024-03-10 01:48:07,2024-03-10 01:57:27,0 days 00:09:20,28.0,40599.0,40627.0,0,,539,4740,03/10/2024 01:57:27
1832,1832,MiraFlex 1,Running,2024-03-10 01:57:27,2024-03-10 02:23:47,0 days 00:26:20,10458.0,40627.0,51085.0,1,,539,0,03/10/2024 02:23:47
1833,1833,MiraFlex 1,Stop,2024-03-10 02:23:47,2024-03-10 02:40:07,0 days 00:16:20,1.0,51085.0,51086.0,0,,539,4741,03/10/2024 02:40:07
1834,1834,MiraFlex 1,Running,2024-03-10 02:40:07,2024-03-10 02:47:07,0 days 00:07:00,824.0,51086.0,51910.0,1,,539,0,03/10/2024 02:47:07
1835,1835,MiraFlex 1,Stop,2024-03-10 02:47:07,2024-03-10 02:48:47,0 days 00:01:40,18.0,51910.0,51928.0,0,,539,4742,03/10/2024 02:48:47
1836,1836,MiraFlex 1,Running,2024-03-10 02:48:47,2024-03-10 02:49:27,0 days 00:00:40,195.0,51928.0,52123.0,1,,539,0,03/10/2024 02:49:27
1837,1837,MiraFlex 1,Stop,2024-03-10 02:49:27,2024-03-10 02:57:47,0 days 00:08:20,6.0,52123.0,52129.0,0,,539,4743,03/10/2024 02:57:47
1838,1838,MiraFlex 1,Running,2024-03-10 02:57:47,2024-03-10 03:00:47,0 days 00:03:00,551.0,52129.0,52680.0,1,,539,0,03/10/2024 03:00:47
1839,1839,MiraFlex 1,Stop,2024-03-10 03:00:47,2024-03-10 03:30:28,0 days 00:29:41,33.0,52680.0,52713.0,0,,539,4744,03/10/2024 03:30:28
1840,1840,MiraFlex 1,Running,2024-03-10 03:30:28,2024-03-10 03:32:28,0 days 00:02:00,511.0,52713.0,53224.0,1,,539,0,03/10/2024 03:32:28
1841,1841,MiraFlex 1,Stop,2024-03-10 03:32:28,2024-03-10 03:36:28,0 days 00:04:00,62.0,53224.0,53286.0,0,,539,4745,03/10/2024 03:36:28
1842,1842,MiraFlex 1,Running,2024-03-10 03:36:28,2024-03-10 03:45:28,0 days 00:09:00,3512.0,53286.0,56798.0,1,,539,0,03/10/2024 03:45:28
1843,1843,MiraFlex 1,Stop,2024-03-10 03:45:28,2024-03-10 04:03:48,0 days 00:18:20,10.0,56798.0,56808.0,0,,539,4746,03/10/2024 04:03:48
1844,1844,MiraFlex 1,Running,2024-03-10 04:03:48,2024-03-10 04:08:28,0 days 00:04:40,694.0,56808.0,57502.0,1,,539,0,03/10/2024 04:08:28
1845,1845,MiraFlex 1,Stop,2024-03-10 04:08:28,2024-03-10 04:12:08,0 days 00:03:40,56.0,57502.0,57558.0,0,,539,4747,03/10/2024 04:12:08
1846,1846,MiraFlex 1,Running,2024-03-10 04:12:08,2024-03-10 04:28:08,0 days 00:16:00,6273.0,57558.0,63831.0,1,,539,0,03/10/2024 04:28:08
1847,1847,MiraFlex 1,Stop,2024-03-10 04:28:08,2024-03-10 04:42:28,0 days 00:14:20,53.0,63831.0,63884.0,0,,539,4748,03/10/2024 04:42:28
1848,1848,MiraFlex 1,Running,2024-03-10 04:42:28,2024-03-10 05:06:48,0 days 00:24:20,9632.0,63884.0,73516.0,1,,539,0,03/10/2024 05:06:48
1849,1849,MiraFlex 1,Stop,2024-03-10 05:06:48,2024-03-10 05:25:09,0 days 00:18:21,110.0,73516.0,73626.0,0,,539,4749,03/10/2024 05:25:09
1850,1850,MiraFlex 1,Running,2024-03-10 05:25:09,2024-03-10 05:31:29,0 days 00:06:20,2459.0,73626.0,76085.0,1,,539,0,03/10/2024 05:31:29
1851,1851,MiraFlex 1,Stop,2024-03-10 05:31:29,2024-03-10 05:33:49,0 days 00:02:20,112.0,76085.0,76197.0,0,,539,4750,03/10/2024 05:33:49
1852,1852,MiraFlex 1,Running,2024-03-10 05:33:49,2024-03-10 05:37:09,0 days 00:03:20,1288.0,76197.0,77485.0,1,,539,0,03/10/2024 05:37:09
1853,1853,MiraFlex 1,Stop,2024-03-10 05:37:09,2024-03-10 05:42:29,0 days 00:05:20,3.0,77485.0,77488.0,0,,539,4751,03/10/2024 05:42:29
1854,1854,MiraFlex 1,Running,2024-03-10 05:42:29,2024-03-10 05:50:09,0 days 00:07:40,2931.0,77488.0,80419.0,1,,539,0,03/10/2024 05:50:09
1855,1855,MiraFlex 1,Stop,2024-03-10 05:50:09,2024-03-10 05:55:29,0 days 00:05:20,6.0,80419.0,80425.0,0,,539,4752,03/10/2024 05:55:29
1856,1856,MiraFlex 1,Running,2024-03-10 05:55:29,2024-03-10 06:02:09,0 days 00:06:40,2601.0,80425.0,83026.0,1,,539,0,03/10/2024 06:02:09
1857,1857,MiraFlex 1,Stop,2024-03-10 06:02:09,2024-03-10 06:07:49,0 days 00:05:40,13.0,83026.0,83039.0,0,,539,4753,03/10/2024 06:07:49
1858,1858,MiraFlex 1,Running,2024-03-10 06:07:49,2024-03-10 06:08:29,0 days 00:00:40,214.0,83039.0,83253.0,1,,539,0,03/10/2024 06:08:29
1859,1859,MiraFlex 1,Stop,2024-03-10 06:08:29,2024-03-10 06:14:29,0 days 00:06:00,104.0,83253.0,83357.0,0,,539,4754,03/10/2024 06:14:29
1860,1860,MiraFlex 1,Running,2024-03-10 06:14:29,2024-03-10 06:14:49,0 days 00:00:20,4.0,83357.0,83361.0,1,,539,0,03/10/2024 06:14:49
1861,1861,MiraFlex 1,Stop,2024-03-10 06:14:49,2024-03-10 06:30:49,0 days 00:16:00,69.0,83361.0,83430.0,0,,539,4755,03/10/2024 06:30:49
1862,1862,MiraFlex 1,Running,2024-03-10 06:30:49,2024-03-10 06:59:49,0 days 00:29:00,11516.0,83430.0,94946.0,1,,539,0,03/10/2024 06:59:49
1863,1863,MiraFlex 1,Stop,2024-03-10 06:59:49,2024-03-10 09:44:11,0 days 02:44:22,-94943.0,94946.0,3.0,0,,539,4756,03/10/2024 09:44:11
1864,1864,MiraFlex 1,Running,2024-03-10 09:44:11,2024-03-10 09:49:31,0 days 00:05:20,1960.0,3.0,1963.0,1,,539,0,03/10/2024 09:49:31
1865,1865,MiraFlex 1,Stop,2024-03-10 09:49:31,2024-03-10 09:54:11,0 days 00:04:40,99.0,1963.0,2062.0,0,,539,4545,03/10/2024 09:54:11
1866,1866,MiraFlex 1,Running,2024-03-10 09:54:11,2024-03-10 10:05:11,0 days 00:11:00,4374.0,2062.0,6436.0,1,,539,0,03/10/2024 10:05:11
1867,1867,MiraFlex 1,Stop,2024-03-10 10:05:11,2024-03-10 10:29:11,0 days 00:24:00,2.0,6436.0,6438.0,0,,539,4546,03/10/2024 10:29:11
1868,1868,MiraFlex 1,Running,2024-03-10 10:29:11,2024-03-10 10:41:51,0 days 00:12:40,2004.0,6438.0,8442.0,1,,539,0,03/10/2024 10:41:51
1869,1869,MiraFlex 1,Stop,2024-03-10 10:41:51,2024-03-10 10:48:31,0 days 00:06:40,10.0,8442.0,8452.0,0,,539,4547,03/10/2024 10:48:31
1870,1870,MiraFlex 1,Running,2024-03-10 10:48:31,2024-03-10 10:49:11,0 days 00:00:40,57.0,8452.0,8509.0,1,,539,0,03/10/2024 10:49:11
1871,1871,MiraFlex 1,Stop,2024-03-10 10:49:11,2024-03-10 10:51:11,0 days 00:02:00,12.0,8509.0,8521.0,0,,539,4548,03/10/2024 10:51:11
1872,1872,MiraFlex 1,Running,2024-03-10 10:51:11,2024-03-10 10:56:11,0 days 00:05:00,893.0,8521.0,9414.0,1,,539,0,03/10/2024 10:56:11
1873,1873,MiraFlex 1,Stop,2024-03-10 10:56:11,2024-03-10 11:11:51,0 days 00:15:40,1.0,9414.0,9415.0,0,,539,4549,03/10/2024 11:11:51
1874,1874,MiraFlex 1,Running,2024-03-10 11:11:51,2024-03-10 11:21:52,0 days 00:10:01,3490.0,9415.0,12905.0,1,,539,0,03/10/2024 11:21:52
1875,1875,MiraFlex 1,Stop,2024-03-10 11:21:52,2024-03-10 12:08:12,0 days 00:46:20,32.0,12905.0,12937.0,0,,539,4550,03/10/2024 12:08:12
1876,1876,MiraFlex 1,Running,2024-03-10 12:08:12,2024-03-10 12:46:12,0 days 00:38:00,14394.0,12937.0,27331.0,1,,539,0,03/10/2024 12:46:12
1877,1877,MiraFlex 1,Stop,2024-03-10 12:46:12,2024-03-10 12:56:32,0 days 00:10:20,6.0,27331.0,27337.0,0,,539,4551,03/10/2024 12:56:32
1878,1878,MiraFlex 1,Running,2024-03-10 12:56:32,2024-03-10 13:03:32,0 days 00:07:00,2619.0,27337.0,29956.0,1,,539,0,03/10/2024 13:03:32
1879,1879,MiraFlex 1,Stop,2024-03-10 13:03:32,2024-03-10 13:12:12,0 days 00:08:40,3.0,29956.0,29959.0,0,,539,4552,03/10/2024 13:12:12
1880,1880,MiraFlex 1,Running,2024-03-10 13:12:12,2024-03-10 13:54:53,0 days 00:42:41,15621.0,29959.0,45580.0,1,,539,0,03/10/2024 13:54:53
1881,1881,MiraFlex 1,Stop,2024-03-10 13:54:53,2024-03-10 14:14:53,0 days 00:20:00,28.0,45580.0,45608.0,0,,539,4553,03/10/2024 14:14:53
1882,1882,MiraFlex 1,Running,2024-03-10 14:14:53,2024-03-10 14:36:33,0 days 00:21:40,8089.0,45608.0,53697.0,1,,539,0,03/10/2024 14:36:33
1883,1883,MiraFlex 1,Stop,2024-03-10 14:36:33,2024-03-10 14:42:13,0 days 00:05:40,52.0,53697.0,53749.0,0,,539,4554,03/10/2024 14:42:13
1884,1884,MiraFlex 1,Running,2024-03-10 14:42:13,2024-03-10 15:08:13,0 days 00:26:00,-50791.0,53749.0,2958.0,1,,539,0,03/10/2024 15:08:13
1885,1885,MiraFlex 1,Stop,2024-03-10 15:08:13,2024-03-10 16:26:14,0 days 01:18:01,5.0,2958.0,2963.0,0,,539,4555,03/10/2024 16:26:14
1886,1886,MiraFlex 1,Running,2024-03-10 16:26:14,2024-03-10 16:27:14,0 days 00:01:00,131.0,2963.0,3094.0,1,,539,0,03/10/2024 16:27:14
1887,1887,MiraFlex 1,Stop,2024-03-10 16:27:14,2024-03-10 16:31:34,0 days 00:04:20,18.0,3094.0,3112.0,0,,539,4556,03/10/2024 16:31:34
1888,1888,MiraFlex 1,Running,2024-03-10 16:31:34,2024-03-10 16:33:34,0 days 00:02:00,487.0,3112.0,3599.0,1,,539,0,03/10/2024 16:33:34
1889,1889,MiraFlex 1,Stop,2024-03-10 16:33:34,2024-03-10 16:44:14,0 days 00:10:40,52.0,3599.0,3651.0,0,,539,4557,03/10/2024 16:44:14
1890,1890,MiraFlex 1,Running,2024-03-10 16:44:14,2024-03-10 16:44:54,0 days 00:00:40,216.0,3651.0,3867.0,1,,539,0,03/10/2024 16:44:54
1891,1891,MiraFlex 1,Stop,2024-03-10 16:44:54,2024-03-10 16:51:34,0 days 00:06:40,98.0,3867.0,3965.0,0,,539,4558,03/10/2024 16:51:34
1892,1892,MiraFlex 1,Running,2024-03-10 16:51:34,2024-03-10 16:51:54,0 days 00:00:20,114.0,3965.0,4079.0,1,,539,0,03/10/2024 16:51:54
1893,1893,MiraFlex 1,Stop,2024-03-10 16:51:54,2024-03-10 16:52:14,0 days 00:00:20,106.0,4079.0,4185.0,0,,539,4559,03/10/2024 16:52:14
1894,1894,MiraFlex 1,Running,2024-03-10 16:52:14,2024-03-10 16:53:34,0 days 00:01:20,487.0,4185.0,4672.0,1,,539,0,03/10/2024 16:53:34
1895,1895,MiraFlex 1,Stop,2024-03-10 16:53:34,2024-03-10 17:13:35,0 days 00:20:01,15.0,4672.0,4687.0,0,,539,4560,03/10/2024 17:13:35
1896,1896,MiraFlex 1,Running,2024-03-10 17:13:35,2024-03-10 17:26:15,0 days 00:12:40,4324.0,4687.0,9011.0,1,,539,0,03/10/2024 17:26:15
1897,1897,MiraFlex 1,Stop,2024-03-10 17:26:15,2024-03-10 17:29:35,0 days 00:03:20,62.0,9011.0,9073.0,0,,539,4561,03/10/2024 17:29:35
1898,1898,MiraFlex 1,Running,2024-03-10 17:29:35,2024-03-10 17:41:55,0 days 00:12:20,4816.0,9073.0,13889.0,1,,539,0,03/10/2024 17:41:55
1899,1899,MiraFlex 1,Stop,2024-03-10 17:41:55,2024-03-10 18:37:55,0 days 00:56:00,11.0,13889.0,13900.0,0,,539,4562,03/10/2024 18:37:55
1900,1900,MiraFlex 1,Running,2024-03-10 18:37:55,2024-03-10 18:49:15,0 days 00:11:20,1406.0,13900.0,15306.0,1,,539,0,03/10/2024 18:49:15
1901,1901,MiraFlex 1,Stop,2024-03-10 18:49:15,2024-03-10 18:54:15,0 days 00:05:00,35.0,15306.0,15341.0,0,,539,4563,03/10/2024 18:54:15
1902,1902,MiraFlex 1,Running,2024-03-10 18:54:15,2024-03-10 18:55:35,0 days 00:01:20,333.0,15341.0,15674.0,1,,539,0,03/10/2024 18:55:35
1903,1903,MiraFlex 1,Stop,2024-03-10 18:55:35,2024-03-10 19:45:16,0 days 00:49:41,16.0,15674.0,15690.0,0,,539,4564,03/10/2024 19:45:16
1904,1904,MiraFlex 1,Running,2024-03-10 19:45:16,2024-03-10 19:49:16,0 days 00:04:00,969.0,15690.0,16659.0,1,,539,0,03/10/2024 19:49:16
1905,1905,MiraFlex 1,Stop,2024-03-10 19:49:16,2024-03-10 20:12:56,0 days 00:23:40,30.0,16659.0,16689.0,0,,539,4565,03/10/2024 20:12:56
1906,1906,MiraFlex 1,Running,2024-03-10 20:12:56,2024-03-10 20:13:36,0 days 00:00:40,123.0,16689.0,16812.0,1,,539,0,03/10/2024 20:13:36
1907,1907,MiraFlex 1,Stop,2024-03-10 20:13:36,2024-03-10 20:37:16,0 days 00:23:40,25.0,16812.0,16837.0,0,,539,4566,03/10/2024 20:37:16
1908,1908,MiraFlex 1,Running,2024-03-10 20:37:16,2024-03-10 20:50:16,0 days 00:13:00,5144.0,16837.0,21981.0,1,,539,0,03/10/2024 20:50:16
1909,1909,MiraFlex 1,Stop,2024-03-10 20:50:16,2024-03-10 21:09:17,0 days 00:19:01,38.0,21981.0,22019.0,0,,539,4567,03/10/2024 21:09:17
1910,1910,MiraFlex 1,Running,2024-03-10 21:09:17,2024-03-10 21:18:37,0 days 00:09:20,3694.0,22019.0,25713.0,1,,539,0,03/10/2024 21:18:37
1911,1911,MiraFlex 1,Stop,2024-03-10 21:18:37,2024-03-10 21:43:17,0 days 00:24:40,22.0,25713.0,25735.0,0,,539,4568,03/10/2024 21:43:17
1912,1912,MiraFlex 1,Running,2024-03-10 21:43:17,2024-03-10 21:53:17,0 days 00:10:00,3856.0,25735.0,29591.0,1,,539,0,03/10/2024 21:53:17
1913,1913,MiraFlex 1,Stop,2024-03-10 21:53:17,2024-03-10 22:01:17,0 days 00:08:00,39.0,29591.0,29630.0,0,,539,4569,03/10/2024 22:01:17
1914,1914,MiraFlex 1,Running,2024-03-10 22:01:17,2024-03-10 22:20:17,0 days 00:19:00,7479.0,29630.0,37109.0,1,,539,0,03/10/2024 22:20:17
1915,1915,MiraFlex 1,Stop,2024-03-10 22:20:17,2024-03-10 22:31:37,0 days 00:11:20,12.0,37109.0,37121.0,0,,539,4570,03/10/2024 22:31:37
1916,1916,MiraFlex 1,Running,2024-03-10 22:31:37,2024-03-10 22:53:57,0 days 00:22:20,8870.0,37121.0,45991.0,1,,539,0,03/10/2024 22:53:57
1917,1917,MiraFlex 1,Stop,2024-03-10 22:53:57,2024-03-10 23:17:18,0 days 00:23:21,-45978.0,45991.0,13.0,0,,539,4783,03/10/2024 23:17:18
1918,1918,MiraFlex 1,Running,2024-03-10 23:17:18,2024-03-10 23:21:58,0 days 00:04:40,1698.0,13.0,1711.0,1,,539,0,03/10/2024 23:21:58
1919,1919,MiraFlex 1,Stop,2024-03-10 23:21:58,2024-03-10 23:26:38,0 days 00:04:40,62.0,1711.0,1773.0,0,,539,4784,03/10/2024 23:26:38
1920,1920,MiraFlex 1,Running,2024-03-10 23:26:38,2024-03-10 23:27:18,0 days 00:00:40,129.0,1773.0,1902.0,1,,539,0,03/10/2024 23:27:18
1921,1921,MiraFlex 1,Stop,2024-03-10 23:27:18,2024-03-10 23:37:18,0 days 00:10:00,46.0,1902.0,1948.0,0,,539,4785,03/10/2024 23:37:18
1922,1922,MiraFlex 1,Running,2024-03-10 23:37:18,2024-03-10 23:40:18,0 days 00:03:00,1125.0,1948.0,3073.0,1,,539,0,03/10/2024 23:40:18
1923,1923,MiraFlex 1,Stop,2024-03-10 23:40:18,2024-03-10 23:46:18,0 days 00:06:00,49.0,3073.0,3122.0,0,,539,4786,03/10/2024 23:46:18
1924,1924,MiraFlex 1,Running,2024-03-10 23:46:18,2024-03-10 23:50:18,0 days 00:04:00,1522.0,3122.0,4644.0,1,,539,0,03/10/2024 23:50:18
1925,1925,MiraFlex 1,Stop,2024-03-10 23:50:18,2024-03-10 23:53:38,0 days 00:03:20,70.0,4644.0,4714.0,0,,539,4787,03/10/2024 23:53:38
1926,1926,MiraFlex 1,Running,2024-03-10 23:53:38,2024-03-10 23:54:38,0 days 00:01:00,259.0,4714.0,4973.0,1,,539,0,03/10/2024 23:54:38
1927,1927,MiraFlex 1,Stop,2024-03-10 23:54:38,2024-03-11 00:05:38,0 days 00:11:00,5.0,4973.0,4978.0,0,,539,0,03/11/2024 00:05:38
1928,1928,MiraFlex 1,Running,2024-03-11 00:05:38,2024-03-11 00:06:18,0 days 00:00:40,172.0,4978.0,5150.0,1,,539,0,03/11/2024 00:06:18
1929,1929,MiraFlex 1,Stop,2024-03-11 00:06:18,2024-03-11 00:19:58,0 days 00:13:40,58.0,5150.0,5208.0,0,,539,4572,03/11/2024 00:19:58
1930,1930,MiraFlex 1,Running,2024-03-11 00:19:58,2024-03-11 00:26:38,0 days 00:06:40,2529.0,5208.0,7737.0,1,,539,0,03/11/2024 00:26:38
1931,1931,MiraFlex 1,Stop,2024-03-11 00:26:38,2024-03-11 00:49:18,0 days 00:22:40,78.0,7737.0,7815.0,0,,539,4573,03/11/2024 00:49:18
1932,1932,MiraFlex 1,Running,2024-03-11 00:49:18,2024-03-11 00:49:38,0 days 00:00:20,91.0,7815.0,7906.0,1,,539,0,03/11/2024 00:49:38
1933,1933,MiraFlex 1,Stop,2024-03-11 00:49:38,2024-03-11 01:06:59,0 days 00:17:21,26.0,7906.0,7932.0,0,,539,4574,03/11/2024 01:06:59
1934,1934,MiraFlex 1,Running,2024-03-11 01:06:59,2024-03-11 01:51:19,0 days 00:44:20,17517.0,7932.0,25449.0,1,,539,0,03/11/2024 01:51:19
1935,1935,MiraFlex 1,Stop,2024-03-11 01:51:19,2024-03-11 01:54:19,0 days 00:03:00,31.0,25449.0,25480.0,0,,539,4575,03/11/2024 01:54:19
1936,1936,MiraFlex 1,Running,2024-03-11 01:54:19,2024-03-11 02:01:59,0 days 00:07:40,3032.0,25480.0,28512.0,1,,539,0,03/11/2024 02:01:59
1937,1937,MiraFlex 1,Stop,2024-03-11 02:01:59,2024-03-11 02:08:59,0 days 00:07:00,8.0,28512.0,28520.0,0,,539,4576,03/11/2024 02:08:59
1938,1938,MiraFlex 1,Running,2024-03-11 02:08:59,2024-03-11 02:34:19,0 days 00:25:20,9975.0,28520.0,38495.0,1,,539,0,03/11/2024 02:34:19
1939,1939,MiraFlex 1,Stop,2024-03-11 02:34:19,2024-03-11 02:39:19,0 days 00:05:00,5.0,38495.0,38500.0,0,,539,4577,03/11/2024 02:39:19
1940,1940,MiraFlex 1,Running,2024-03-11 02:39:19,2024-03-11 02:46:19,0 days 00:07:00,2703.0,38500.0,41203.0,1,,539,0,03/11/2024 02:46:19
1941,1941,MiraFlex 1,Stop,2024-03-11 02:46:19,2024-03-11 03:07:40,0 days 00:21:21,6.0,41203.0,41209.0,0,,539,4578,03/11/2024 03:07:40
1942,1942,MiraFlex 1,Running,2024-03-11 03:07:40,2024-03-11 03:09:00,0 days 00:01:20,341.0,41209.0,41550.0,1,,539,0,03/11/2024 03:09:00
1943,1943,MiraFlex 1,Stop,2024-03-11 03:09:00,2024-03-11 03:13:20,0 days 00:04:20,1.0,41550.0,41551.0,0,,539,4579,03/11/2024 03:13:20
1944,1944,MiraFlex 1,Running,2024-03-11 03:13:20,2024-03-11 03:29:40,0 days 00:16:20,6329.0,41551.0,47880.0,1,,539,0,03/11/2024 03:29:40
1945,1945,MiraFlex 1,Stop,2024-03-11 03:29:40,2024-03-11 03:47:00,0 days 00:17:20,11.0,47880.0,47891.0,0,,539,4580,03/11/2024 03:47:00
1946,1946,MiraFlex 1,Running,2024-03-11 03:47:00,2024-03-11 04:46:20,0 days 00:59:20,23676.0,47891.0,71567.0,1,,539,0,03/11/2024 04:46:20
1947,1947,MiraFlex 1,Stop,2024-03-11 04:46:20,2024-03-11 04:55:00,0 days 00:08:40,70.0,71567.0,71637.0,0,,539,4581,03/11/2024 04:55:00
1948,1948,MiraFlex 1,Running,2024-03-11 04:55:00,2024-03-11 05:04:01,0 days 00:09:01,3554.0,71637.0,75191.0,1,,539,0,03/11/2024 05:04:01
1949,1949,MiraFlex 1,Stop,2024-03-11 05:04:01,2024-03-11 05:32:21,0 days 00:28:20,34.0,75191.0,75225.0,0,,539,4582,03/11/2024 05:32:21
1950,1950,MiraFlex 1,Running,2024-03-11 05:32:21,2024-03-11 06:15:01,0 days 00:42:40,16884.0,75225.0,92109.0,1,,539,0,03/11/2024 06:15:01
1951,1951,MiraFlex 1,Stop,2024-03-11 06:15:01,2024-03-11 06:19:21,0 days 00:04:20,37.0,92109.0,92146.0,0,,539,4583,03/11/2024 06:19:21
1952,1952,MiraFlex 1,Running,2024-03-11 06:19:21,2024-03-11 06:24:41,0 days 00:05:20,2091.0,92146.0,94237.0,1,,539,0,03/11/2024 06:24:41
1953,1953,MiraFlex 1,Stop,2024-03-11 06:24:41,2024-03-11 06:31:01,0 days 00:06:20,24.0,94237.0,94261.0,0,,539,4584,03/11/2024 06:31:01
1954,1954,MiraFlex 1,Running,2024-03-11 06:31:01,2024-03-11 06:51:21,0 days 00:20:20,8044.0,94261.0,102305.0,1,,539,0,03/11/2024 06:51:21
1955,1955,MiraFlex 1,Stop,2024-03-11 06:51:21,2024-03-11 07:31:42,0 days 00:40:21,-102303.0,102305.0,2.0,0,,539,0,03/11/2024 07:31:42
1956,1956,MiraFlex 1,Running,2024-03-11 07:31:42,2024-03-11 07:39:42,0 days 00:08:00,3047.0,2.0,3049.0,1,,539,0,03/11/2024 07:39:42
1957,1957,MiraFlex 1,Stop,2024-03-11 07:39:42,2024-03-11 08:32:02,0 days 00:52:20,36.0,3049.0,3085.0,0,,539,4586,03/11/2024 08:32:02
1958,1958,MiraFlex 1,Running,2024-03-11 08:32:02,2024-03-11 08:40:02,0 days 00:08:00,3109.0,3085.0,6194.0,1,,539,0,03/11/2024 08:40:02
1959,1959,MiraFlex 1,Stop,2024-03-11 08:40:02,2024-03-11 10:02:43,0 days 01:22:41,16.0,6194.0,6210.0,0,,539,4587,03/11/2024 10:02:43
1960,1960,MiraFlex 1,Running,2024-03-11 10:02:43,2024-03-11 10:07:03,0 days 00:04:20,1698.0,6210.0,7908.0,1,,539,0,03/11/2024 10:07:03
1961,1961,MiraFlex 1,Stop,2024-03-11 10:07:03,2024-03-11 10:14:43,0 days 00:07:40,88.0,7908.0,7996.0,0,,539,4588,03/11/2024 10:14:43
1962,1962,MiraFlex 1,Running,2024-03-11 10:14:43,2024-03-11 10:57:23,0 days 00:42:40,16913.0,7996.0,24909.0,1,,539,0,03/11/2024 10:57:23
1963,1963,MiraFlex 1,Stop,2024-03-11 10:57:23,2024-03-11 11:36:04,0 days 00:38:41,16.0,24909.0,24925.0,0,,539,4589,03/11/2024 11:36:04
1964,1964,MiraFlex 1,Running,2024-03-11 11:36:04,2024-03-11 11:37:24,0 days 00:01:20,227.0,24925.0,25152.0,1,,539,0,03/11/2024 11:37:24
1965,1965,MiraFlex 1,Stop,2024-03-11 11:37:24,2024-03-11 11:44:04,0 days 00:06:40,59.0,25152.0,25211.0,0,,539,4590,03/11/2024 11:44:04
1966,1966,MiraFlex 1,Running,2024-03-11 11:44:04,2024-03-11 11:55:44,0 days 00:11:40,4514.0,25211.0,29725.0,1,,539,0,03/11/2024 11:55:44
1967,1967,MiraFlex 1,Stop,2024-03-11 11:55:44,2024-03-11 11:58:44,0 days 00:03:00,46.0,29725.0,29771.0,0,,539,4591,03/11/2024 11:58:44
1968,1968,MiraFlex 1,Running,2024-03-11 11:58:44,2024-03-11 12:35:24,0 days 00:36:40,14571.0,29771.0,44342.0,1,,539,0,03/11/2024 12:35:24
1969,1969,MiraFlex 1,Stop,2024-03-11 12:35:24,2024-03-11 13:35:25,0 days 01:00:01,43.0,44342.0,44385.0,0,,539,4592,03/11/2024 13:35:25
1970,1970,MiraFlex 1,Running,2024-03-11 13:35:25,2024-03-11 13:36:05,0 days 00:00:40,155.0,44385.0,44540.0,1,,539,0,03/11/2024 13:36:05
1971,1971,MiraFlex 1,Stop,2024-03-11 13:36:05,2024-03-11 14:36:45,0 days 01:00:40,4.0,44540.0,44544.0,0,,539,4593,03/11/2024 14:36:45
1972,1972,MiraFlex 1,Running,2024-03-11 14:36:45,2024-03-11 14:44:05,0 days 00:07:20,748.0,44544.0,45292.0,1,,539,0,03/11/2024 14:44:05
1973,1973,MiraFlex 1,Stop,2024-03-11 14:44:05,2024-03-11 15:13:26,0 days 00:29:21,-45271.0,45292.0,21.0,0,,539,0,03/11/2024 15:13:26
1974,1974,MiraFlex 1,Running,2024-03-11 15:13:26,2024-03-11 15:15:06,0 days 00:01:40,259.0,21.0,280.0,1,,539,0,03/11/2024 15:15:06
1975,1975,MiraFlex 1,Stop,2024-03-11 15:15:06,2024-03-11 16:00:06,0 days 00:45:00,-254.0,280.0,26.0,0,,539,0,03/11/2024 16:00:06
1976,1976,MiraFlex 1,Running,2024-03-11 16:00:06,2024-03-11 16:00:46,0 days 00:00:40,37.0,26.0,63.0,1,,541,0,03/11/2024 16:00:46
1977,1977,MiraFlex 1,Stop,2024-03-11 16:00:46,2024-03-11 16:02:26,0 days 00:01:40,19.0,63.0,82.0,0,,541,4598,03/11/2024 16:02:26
1978,1978,MiraFlex 1,Running,2024-03-11 16:02:26,2024-03-11 16:05:06,0 days 00:02:40,449.0,82.0,531.0,1,,541,0,03/11/2024 16:05:06
1979,1979,MiraFlex 1,Stop,2024-03-11 16:05:06,2024-03-11 16:10:26,0 days 00:05:20,42.0,531.0,573.0,0,,541,4599,03/11/2024 16:10:26
1980,1980,MiraFlex 1,Running,2024-03-11 16:10:26,2024-03-11 16:56:26,0 days 00:46:00,692.0,573.0,1265.0,1,,541,0,03/11/2024 16:56:26
1981,1981,MiraFlex 1,Stop,2024-03-11 16:56:26,2024-03-11 17:05:47,0 days 00:09:21,40.0,1265.0,1305.0,0,,541,4600,03/11/2024 17:05:47
1982,1982,MiraFlex 1,Running,2024-03-11 17:05:47,2024-03-11 17:19:47,0 days 00:14:00,4186.0,1305.0,5491.0,1,,541,0,03/11/2024 17:19:47
1983,1983,MiraFlex 1,Stop,2024-03-11 17:19:47,2024-03-11 17:27:47,0 days 00:08:00,19.0,5491.0,5510.0,0,,541,4601,03/11/2024 17:27:47
1984,1984,MiraFlex 1,Running,2024-03-11 17:27:47,2024-03-11 17:29:07,0 days 00:01:20,95.0,5510.0,5605.0,1,,541,0,03/11/2024 17:29:07
1985,1985,MiraFlex 1,Stop,2024-03-11 17:29:07,2024-03-11 17:32:07,0 days 00:03:00,10.0,5605.0,5615.0,0,,541,4602,03/11/2024 17:32:07
1986,1986,MiraFlex 1,Running,2024-03-11 17:32:07,2024-03-11 17:33:27,0 days 00:01:20,356.0,5615.0,5971.0,1,,541,0,03/11/2024 17:33:27
1987,1987,MiraFlex 1,Stop,2024-03-11 17:33:27,2024-03-11 17:45:07,0 days 00:11:40,36.0,5971.0,6007.0,0,,541,4603,03/11/2024 17:45:07
1988,1988,MiraFlex 1,Running,2024-03-11 17:45:07,2024-03-11 17:51:27,0 days 00:06:20,2389.0,6007.0,8396.0,1,,541,0,03/11/2024 17:51:27
1989,1989,MiraFlex 1,Stop,2024-03-11 17:51:27,2024-03-11 17:59:47,0 days 00:08:20,14.0,8396.0,8410.0,0,,541,4604,03/11/2024 17:59:47
1990,1990,MiraFlex 1,Running,2024-03-11 17:59:47,2024-03-11 18:00:27,0 days 00:00:40,124.0,8410.0,8534.0,1,,541,0,03/11/2024 18:00:27
1991,1991,MiraFlex 1,Stop,2024-03-11 18:00:27,2024-03-11 18:02:07,0 days 00:01:40,82.0,8534.0,8616.0,0,,541,4605,03/11/2024 18:02:07
1992,1992,MiraFlex 1,Running,2024-03-11 18:02:07,2024-03-11 18:13:27,0 days 00:11:20,4404.0,8616.0,13020.0,1,,541,0,03/11/2024 18:13:27
1993,1993,MiraFlex 1,Stop,2024-03-11 18:13:27,2024-03-11 18:15:47,0 days 00:02:20,71.0,13020.0,13091.0,0,,541,4606,03/11/2024 18:15:47
1994,1994,MiraFlex 1,Running,2024-03-11 18:15:47,2024-03-11 18:26:47,0 days 00:11:00,4305.0,13091.0,17396.0,1,,541,0,03/11/2024 18:26:47
1995,1995,MiraFlex 1,Stop,2024-03-11 18:26:47,2024-03-11 19:09:08,0 days 00:42:21,44.0,17396.0,17440.0,0,,541,4607,03/11/2024 19:09:08
1996,1996,MiraFlex 1,Running,2024-03-11 19:09:08,2024-03-11 19:09:28,0 days 00:00:20,15.0,17440.0,17455.0,1,,541,0,03/11/2024 19:09:28
1997,1997,MiraFlex 1,Stop,2024-03-11 19:09:28,2024-03-11 19:11:48,0 days 00:02:20,3.0,17455.0,17458.0,0,,541,4608,03/11/2024 19:11:48
1998,1998,MiraFlex 1,Running,2024-03-11 19:11:48,2024-03-11 19:17:28,0 days 00:05:40,830.0,17458.0,18288.0,1,,541,0,03/11/2024 19:17:28
1999,1999,MiraFlex 1,Stop,2024-03-11 19:17:28,2024-03-11 19:50:48,0 days 00:33:20,82.0,18288.0,18370.0,0,,541,4609,03/11/2024 19:50:48
2000,2000,MiraFlex 1,Running,2024-03-11 19:50:48,2024-03-11 19:52:08,0 days 00:01:20,367.0,18370.0,18737.0,1,,541,0,03/11/2024 19:52:08
2001,2001,MiraFlex 1,Stop,2024-03-11 19:52:08,2024-03-11 20:22:48,0 days 00:30:40,78.0,18737.0,18815.0,0,,541,4610,03/11/2024 20:22:48
2002,2002,MiraFlex 1,Running,2024-03-11 20:22:48,2024-03-11 20:23:08,0 days 00:00:20,63.0,18815.0,18878.0,1,,541,0,03/11/2024 20:23:08
2003,2003,MiraFlex 1,Stop,2024-03-11 20:23:08,2024-03-11 20:33:08,0 days 00:10:00,7.0,18878.0,18885.0,0,,541,4611,03/11/2024 20:33:08
2004,2004,MiraFlex 1,Running,2024-03-11 20:33:08,2024-03-11 20:35:48,0 days 00:02:40,1045.0,18885.0,19930.0,1,,541,0,03/11/2024 20:35:48
2005,2005,MiraFlex 1,Stop,2024-03-11 20:35:48,2024-03-11 21:23:49,0 days 00:48:01,20.0,19930.0,19950.0,0,,541,4612,03/11/2024 21:23:49
2006,2006,MiraFlex 1,Running,2024-03-11 21:23:49,2024-03-11 21:24:29,0 days 00:00:40,116.0,19950.0,20066.0,1,,541,0,03/11/2024 21:24:29
2007,2007,MiraFlex 1,Stop,2024-03-11 21:24:29,2024-03-11 21:33:49,0 days 00:09:20,38.0,20066.0,20104.0,0,,541,4613,03/11/2024 21:33:49
2008,2008,MiraFlex 1,Running,2024-03-11 21:33:49,2024-03-11 21:38:49,0 days 00:05:00,1922.0,20104.0,22026.0,1,,541,0,03/11/2024 21:38:49
2009,2009,MiraFlex 1,Stop,2024-03-11 21:38:49,2024-03-11 21:51:09,0 days 00:12:20,18.0,22026.0,22044.0,0,,541,4614,03/11/2024 21:51:09
2010,2010,MiraFlex 1,Running,2024-03-11 21:51:09,2024-03-11 21:51:49,0 days 00:00:40,49.0,22044.0,22093.0,1,,541,0,03/11/2024 21:51:49
2011,2011,MiraFlex 1,Stop,2024-03-11 21:51:49,2024-03-11 22:30:49,0 days 00:39:00,17.0,22093.0,22110.0,0,,541,4615,03/11/2024 22:30:49
2012,2012,MiraFlex 1,Running,2024-03-11 22:30:49,2024-03-11 22:39:49,0 days 00:09:00,1354.0,22110.0,23464.0,1,,541,0,03/11/2024 22:39:49
2013,2013,MiraFlex 1,Stop,2024-03-11 22:39:49,2024-03-11 22:56:50,0 days 00:17:01,57.0,23464.0,23521.0,0,,541,4616,03/11/2024 22:56:50
2014,2014,MiraFlex 1,Running,2024-03-11 22:56:50,2024-03-11 23:04:10,0 days 00:07:20,-22088.0,23521.0,1433.0,1,,541,0,03/11/2024 23:04:10
2015,2015,MiraFlex 1,Stop,2024-03-11 23:04:10,2024-03-11 23:19:50,0 days 00:15:40,64.0,1433.0,1497.0,0,,541,4594,03/11/2024 23:19:50
2016,2016,MiraFlex 1,Running,2024-03-11 23:19:50,2024-03-11 23:20:10,0 days 00:00:20,63.0,1497.0,1560.0,1,,541,0,03/11/2024 23:20:10
2017,2017,MiraFlex 1,Stop,2024-03-11 23:20:10,2024-03-11 23:35:50,0 days 00:15:40,12.0,1560.0,1572.0,0,,541,4595,03/11/2024 23:35:50
2018,2018,MiraFlex 1,Running,2024-03-11 23:35:50,2024-03-11 23:36:30,0 days 00:00:40,144.0,1572.0,1716.0,1,,541,0,03/11/2024 23:36:30
2019,2019,MiraFlex 1,Stop,2024-03-11 23:36:30,2024-03-11 23:52:30,0 days 00:16:00,25.0,1716.0,1741.0,0,,541,4596,03/11/2024 23:52:30
2020,2020,MiraFlex 1,Running,2024-03-11 23:52:30,2024-03-11 23:53:10,0 days 00:00:40,133.0,1741.0,1874.0,1,,541,0,03/11/2024 23:53:10
2021,2021,MiraFlex 1,Stop,2024-03-11 23:53:10,2024-03-12 00:04:50,0 days 00:11:40,28.0,1874.0,1902.0,0,,541,0,03/12/2024 00:04:50
2022,2022,MiraFlex 1,Running,2024-03-12 00:04:50,2024-03-12 00:08:10,0 days 00:03:20,498.0,1902.0,2400.0,1,,541,0,03/12/2024 00:08:10
2023,2023,MiraFlex 1,Stop,2024-03-12 00:08:10,2024-03-12 00:26:30,0 days 00:18:20,82.0,2400.0,2482.0,0,,541,4815,03/12/2024 00:26:30
2024,2024,MiraFlex 1,Running,2024-03-12 00:26:30,2024-03-12 00:26:50,0 days 00:00:20,65.0,2482.0,2547.0,1,,541,0,03/12/2024 00:26:50
2025,2025,MiraFlex 1,Stop,2024-03-12 00:26:50,2024-03-12 00:56:11,0 days 00:29:21,41.0,2547.0,2588.0,0,,541,4816,03/12/2024 00:56:11
2026,2026,MiraFlex 1,Running,2024-03-12 00:56:11,2024-03-12 01:21:51,0 days 00:25:40,10072.0,2588.0,12660.0,1,,541,0,03/12/2024 01:21:51
2027,2027,MiraFlex 1,Stop,2024-03-12 01:21:51,2024-03-12 01:43:31,0 days 00:21:40,78.0,12660.0,12738.0,0,,541,4817,03/12/2024 01:43:31
2028,2028,MiraFlex 1,Running,2024-03-12 01:43:31,2024-03-12 02:26:31,0 days 00:43:00,17067.0,12738.0,29805.0,1,,541,0,03/12/2024 02:26:31
2029,2029,MiraFlex 1,Stop,2024-03-12 02:26:31,2024-03-12 02:54:52,0 days 00:28:21,49.0,29805.0,29854.0,0,,541,4818,03/12/2024 02:54:52
2030,2030,MiraFlex 1,Running,2024-03-12 02:54:52,2024-03-12 03:01:52,0 days 00:07:00,2703.0,29854.0,32557.0,1,,541,0,03/12/2024 03:01:52
2031,2031,MiraFlex 1,Stop,2024-03-12 03:01:52,2024-03-12 03:29:32,0 days 00:27:40,10.0,32557.0,32567.0,0,,541,4819,03/12/2024 03:29:32
2032,2032,MiraFlex 1,Running,2024-03-12 03:29:32,2024-03-12 03:33:32,0 days 00:04:00,1086.0,32567.0,33653.0,1,,541,0,03/12/2024 03:33:32
2033,2033,MiraFlex 1,Stop,2024-03-12 03:33:32,2024-03-12 03:38:32,0 days 00:05:00,13.0,33653.0,33666.0,0,,541,4820,03/12/2024 03:38:32
2034,2034,MiraFlex 1,Running,2024-03-12 03:38:32,2024-03-12 04:12:32,0 days 00:34:00,13425.0,33666.0,47091.0,1,,541,0,03/12/2024 04:12:32
2035,2035,MiraFlex 1,Stop,2024-03-12 04:12:32,2024-03-12 04:18:32,0 days 00:06:00,8.0,47091.0,47099.0,0,,541,4821,03/12/2024 04:18:32
2036,2036,MiraFlex 1,Running,2024-03-12 04:18:32,2024-03-12 04:34:32,0 days 00:16:00,6255.0,47099.0,53354.0,1,,541,0,03/12/2024 04:34:32
2037,2037,MiraFlex 1,Stop,2024-03-12 04:34:32,2024-03-12 04:47:12,0 days 00:12:40,37.0,53354.0,53391.0,0,,541,4822,03/12/2024 04:47:12
2038,2038,MiraFlex 1,Running,2024-03-12 04:47:12,2024-03-12 04:49:32,0 days 00:02:20,841.0,53391.0,54232.0,1,,541,0,03/12/2024 04:49:32
2039,2039,MiraFlex 1,Stop,2024-03-12 04:49:32,2024-03-12 06:06:53,0 days 01:17:21,22.0,54232.0,54254.0,0,,541,4823,03/12/2024 06:06:53
2040,2040,MiraFlex 1,Running,2024-03-12 06:06:53,2024-03-12 06:15:33,0 days 00:08:40,2984.0,54254.0,57238.0,1,,541,0,03/12/2024 06:15:33
2041,2041,MiraFlex 1,Stop,2024-03-12 06:15:33,2024-03-12 06:42:33,0 days 00:27:00,73.0,57238.0,57311.0,0,,541,4824,03/12/2024 06:42:33
2042,2042,MiraFlex 1,Running,2024-03-12 06:42:33,2024-03-12 07:24:14,0 days 00:41:41,-47875.0,57311.0,9436.0,1,,541,0,03/12/2024 07:24:14
2043,2043,MiraFlex 1,Stop,2024-03-12 07:24:14,2024-03-12 07:40:34,0 days 00:16:20,21.0,9436.0,9457.0,0,,541,4633,03/12/2024 07:40:34
2044,2044,MiraFlex 1,Running,2024-03-12 07:40:34,2024-03-12 08:29:14,0 days 00:48:40,19433.0,9457.0,28890.0,1,,541,0,03/12/2024 08:29:14
2045,2045,MiraFlex 1,Stop,2024-03-12 08:29:14,2024-03-12 09:13:15,0 days 00:44:01,8.0,28890.0,28898.0,0,,541,4634,03/12/2024 09:13:15
2046,2046,MiraFlex 1,Running,2024-03-12 09:13:15,2024-03-12 09:24:15,0 days 00:11:00,1162.0,28898.0,30060.0,1,,541,0,03/12/2024 09:24:15
2047,2047,MiraFlex 1,Stop,2024-03-12 09:24:15,2024-03-12 09:34:55,0 days 00:10:40,13.0,30060.0,30073.0,0,,541,4635,03/12/2024 09:34:55
2048,2048,MiraFlex 1,Running,2024-03-12 09:34:55,2024-03-12 09:38:15,0 days 00:03:20,378.0,30073.0,30451.0,1,,541,0,03/12/2024 09:38:15
2049,2049,MiraFlex 1,Stop,2024-03-12 09:38:15,2024-03-12 09:45:15,0 days 00:07:00,23.0,30451.0,30474.0,0,,541,4636,03/12/2024 09:45:15
2050,2050,MiraFlex 1,Running,2024-03-12 09:45:15,2024-03-12 09:48:35,0 days 00:03:20,387.0,30474.0,30861.0,1,,541,0,03/12/2024 09:48:35
2051,2051,MiraFlex 1,Stop,2024-03-12 09:48:35,2024-03-12 09:54:15,0 days 00:05:40,11.0,30861.0,30872.0,0,,541,4637,03/12/2024 09:54:15
2052,2052,MiraFlex 1,Running,2024-03-12 09:54:15,2024-03-12 09:55:55,0 days 00:01:40,560.0,30872.0,31432.0,1,,541,0,03/12/2024 09:55:55
2053,2053,MiraFlex 1,Stop,2024-03-12 09:55:55,2024-03-12 10:33:55,0 days 00:38:00,33.0,31432.0,31465.0,0,,541,4638,03/12/2024 10:33:55
2054,2054,MiraFlex 1,Running,2024-03-12 10:33:55,2024-03-12 10:35:35,0 days 00:01:40,390.0,31465.0,31855.0,1,,541,0,03/12/2024 10:35:35
2055,2055,MiraFlex 1,Stop,2024-03-12 10:35:35,2024-03-12 10:40:35,0 days 00:05:00,15.0,31855.0,31870.0,0,,541,4639,03/12/2024 10:40:35
2056,2056,MiraFlex 1,Running,2024-03-12 10:40:35,2024-03-12 10:41:35,0 days 00:01:00,188.0,31870.0,32058.0,1,,541,0,03/12/2024 10:41:35
2057,2057,MiraFlex 1,Stop,2024-03-12 10:41:35,2024-03-12 10:45:35,0 days 00:04:00,13.0,32058.0,32071.0,0,,541,4640,03/12/2024 10:45:35
2058,2058,MiraFlex 1,Running,2024-03-12 10:45:35,2024-03-12 10:47:56,0 days 00:02:21,288.0,32071.0,32359.0,1,,541,0,03/12/2024 10:47:56
2059,2059,MiraFlex 1,Stop,2024-03-12 10:47:56,2024-03-12 10:52:16,0 days 00:04:20,45.0,32359.0,32404.0,0,,541,4641,03/12/2024 10:52:16
2060,2060,MiraFlex 1,Running,2024-03-12 10:52:16,2024-03-12 11:09:56,0 days 00:17:40,7056.0,32404.0,39460.0,1,,541,0,03/12/2024 11:09:56
2061,2061,MiraFlex 1,Stop,2024-03-12 11:09:56,2024-03-12 11:52:16,0 days 00:42:20,33.0,39460.0,39493.0,0,,541,4642,03/12/2024 11:52:16
2062,2062,MiraFlex 1,Running,2024-03-12 11:52:16,2024-03-12 12:15:16,0 days 00:23:00,9123.0,39493.0,48616.0,1,,541,0,03/12/2024 12:15:16
2063,2063,MiraFlex 1,Stop,2024-03-12 12:15:16,2024-03-12 12:34:56,0 days 00:19:40,59.0,48616.0,48675.0,0,,541,4643,03/12/2024 12:34:56
2064,2064,MiraFlex 1,Running,2024-03-12 12:34:56,2024-03-12 13:13:37,0 days 00:38:41,15440.0,48675.0,64115.0,1,,541,0,03/12/2024 13:13:37
2065,2065,MiraFlex 1,Stop,2024-03-12 13:13:37,2024-03-12 13:41:57,0 days 00:28:20,40.0,64115.0,64155.0,0,,541,4644,03/12/2024 13:41:57
2066,2066,MiraFlex 1,Running,2024-03-12 13:41:57,2024-03-12 14:03:17,0 days 00:21:20,8201.0,64155.0,72356.0,1,,541,0,03/12/2024 14:03:17
2067,2067,MiraFlex 1,Stop,2024-03-12 14:03:17,2024-03-12 14:11:17,0 days 00:08:00,40.0,72356.0,72396.0,0,,541,4645,03/12/2024 14:11:17
2068,2068,MiraFlex 1,Running,2024-03-12 14:11:17,2024-03-12 14:25:17,0 days 00:14:00,5492.0,72396.0,77888.0,1,,541,0,03/12/2024 14:25:17
2069,2069,MiraFlex 1,Stop,2024-03-12 14:25:17,2024-03-12 15:11:58,0 days 00:46:41,-77867.0,77888.0,21.0,0,,541,4838,03/12/2024 15:11:58
2070,2070,MiraFlex 1,Running,2024-03-12 15:11:58,2024-03-12 15:54:38,0 days 00:42:40,16566.0,21.0,16587.0,1,,541,0,03/12/2024 15:54:38
2071,2071,MiraFlex 1,Stop,2024-03-12 15:54:38,2024-03-12 16:29:58,0 days 00:35:20,73.0,16587.0,16660.0,0,,541,4618,03/12/2024 16:29:58
2072,2072,MiraFlex 1,Running,2024-03-12 16:29:58,2024-03-12 16:42:18,0 days 00:12:20,4907.0,16660.0,21567.0,1,,541,0,03/12/2024 16:42:18
2073,2073,MiraFlex 1,Stop,2024-03-12 16:42:18,2024-03-12 16:52:39,0 days 00:10:21,42.0,21567.0,21609.0,0,,541,4619,03/12/2024 16:52:39
2074,2074,MiraFlex 1,Running,2024-03-12 16:52:39,2024-03-12 17:14:19,0 days 00:21:40,8220.0,21609.0,29829.0,1,,541,0,03/12/2024 17:14:19
2075,2075,MiraFlex 1,Stop,2024-03-12 17:14:19,2024-03-12 17:23:39,0 days 00:09:20,6.0,29829.0,29835.0,0,,541,4620,03/12/2024 17:23:39
2076,2076,MiraFlex 1,Running,2024-03-12 17:23:39,2024-03-12 17:45:19,0 days 00:21:40,8641.0,29835.0,38476.0,1,,541,0,03/12/2024 17:45:19
2077,2077,MiraFlex 1,Stop,2024-03-12 17:45:19,2024-03-12 17:57:59,0 days 00:12:40,12.0,38476.0,38488.0,0,,541,4621,03/12/2024 17:57:59
2078,2078,MiraFlex 1,Running,2024-03-12 17:57:59,2024-03-12 18:11:19,0 days 00:13:20,4678.0,38488.0,43166.0,1,,541,0,03/12/2024 18:11:19
2079,2079,MiraFlex 1,Stop,2024-03-12 18:11:19,2024-03-12 18:13:59,0 days 00:02:40,20.0,43166.0,43186.0,0,,541,4622,03/12/2024 18:13:59
2080,2080,MiraFlex 1,Running,2024-03-12 18:13:59,2024-03-12 18:40:59,0 days 00:27:00,12286.0,43186.0,55472.0,1,,541,0,03/12/2024 18:40:59
2081,2081,MiraFlex 1,Stop,2024-03-12 18:40:59,2024-03-12 20:04:40,0 days 01:23:41,3.0,55472.0,55475.0,0,,541,4623,03/12/2024 20:04:40
2082,2082,MiraFlex 1,Running,2024-03-12 20:04:40,2024-03-12 20:07:20,0 days 00:02:40,305.0,55475.0,55780.0,1,,541,0,03/12/2024 20:07:20
2083,2083,MiraFlex 1,Stop,2024-03-12 20:07:20,2024-03-12 20:16:40,0 days 00:09:20,16.0,55780.0,55796.0,0,,541,4624,03/12/2024 20:16:40
2084,2084,MiraFlex 1,Running,2024-03-12 20:16:40,2024-03-12 20:19:40,0 days 00:03:00,506.0,55796.0,56302.0,1,,541,0,03/12/2024 20:19:40
2085,2085,MiraFlex 1,Stop,2024-03-12 20:19:40,2024-03-12 20:21:20,0 days 00:01:40,54.0,56302.0,56356.0,0,,541,4625,03/12/2024 20:21:20
2086,2086,MiraFlex 1,Running,2024-03-12 20:21:20,2024-03-12 20:22:40,0 days 00:01:20,263.0,56356.0,56619.0,1,,541,0,03/12/2024 20:22:40
2087,2087,MiraFlex 1,Stop,2024-03-12 20:22:40,2024-03-12 20:30:00,0 days 00:07:20,5.0,56619.0,56624.0,0,,541,4626,03/12/2024 20:30:00
2088,2088,MiraFlex 1,Running,2024-03-12 20:30:00,2024-03-12 20:36:00,0 days 00:06:00,1199.0,56624.0,57823.0,1,,541,0,03/12/2024 20:36:00
2089,2089,MiraFlex 1,Stop,2024-03-12 20:36:00,2024-03-12 20:45:41,0 days 00:09:41,42.0,57823.0,57865.0,0,,541,4627,03/12/2024 20:45:41
2090,2090,MiraFlex 1,Running,2024-03-12 20:45:41,2024-03-12 20:57:41,0 days 00:12:00,5119.0,57865.0,62984.0,1,,541,0,03/12/2024 20:57:41
2091,2091,MiraFlex 1,Stop,2024-03-12 20:57:41,2024-03-12 21:05:41,0 days 00:08:00,21.0,62984.0,63005.0,0,,541,4628,03/12/2024 21:05:41
2092,2092,MiraFlex 1,Running,2024-03-12 21:05:41,2024-03-12 21:18:01,0 days 00:12:20,6109.0,63005.0,69114.0,1,,541,0,03/12/2024 21:18:01
2093,2093,MiraFlex 1,Stop,2024-03-12 21:18:01,2024-03-12 21:26:21,0 days 00:08:20,63.0,69114.0,69177.0,0,,541,4629,03/12/2024 21:26:21
2094,2094,MiraFlex 1,Running,2024-03-12 21:26:21,2024-03-12 21:49:41,0 days 00:23:20,11375.0,69177.0,80552.0,1,,541,0,03/12/2024 21:49:41
2095,2095,MiraFlex 1,Stop,2024-03-12 21:49:41,2024-03-12 22:05:21,0 days 00:15:40,32.0,80552.0,80584.0,0,,541,4630,03/12/2024 22:05:21
2096,2096,MiraFlex 1,Running,2024-03-12 22:05:21,2024-03-12 22:15:21,0 days 00:10:00,3954.0,80584.0,84538.0,1,,541,0,03/12/2024 22:15:21
2097,2097,MiraFlex 1,Stop,2024-03-12 22:15:21,2024-03-12 22:45:22,0 days 00:30:01,31.0,84538.0,84569.0,0,,541,4631,03/12/2024 22:45:22
2098,2098,MiraFlex 1,Running,2024-03-12 22:45:22,2024-03-12 22:47:42,0 days 00:02:20,831.0,84569.0,85400.0,1,,541,0,03/12/2024 22:47:42
2099,2099,MiraFlex 1,Stop,2024-03-12 22:47:42,2024-03-12 22:51:42,0 days 00:04:00,28.0,85400.0,85428.0,0,,541,4632,03/12/2024 22:51:42
2100,2100,MiraFlex 1,Running,2024-03-12 22:51:42,2024-03-12 23:02:42,0 days 00:11:00,-84535.0,85428.0,893.0,1,,541,0,03/12/2024 23:02:42
2101,2101,MiraFlex 1,Stop,2024-03-12 23:02:42,2024-03-12 23:28:02,0 days 00:25:20,52.0,893.0,945.0,0,,541,4854,03/12/2024 23:28:02
2102,2102,MiraFlex 1,Running,2024-03-12 23:28:02,2024-03-13 00:13:22,0 days 00:45:20,18062.0,945.0,19007.0,1,,541,0,03/13/2024 00:13:22
2103,2103,MiraFlex 1,Stop,2024-03-13 00:13:22,2024-03-13 00:28:22,0 days 00:15:00,45.0,19007.0,19052.0,0,,541,4670,03/13/2024 00:28:22
2104,2104,MiraFlex 1,Running,2024-03-13 00:28:22,2024-03-13 00:54:43,0 days 00:26:21,10492.0,19052.0,29544.0,1,,541,0,03/13/2024 00:54:43
2105,2105,MiraFlex 1,Stop,2024-03-13 00:54:43,2024-03-13 00:59:23,0 days 00:04:40,16.0,29544.0,29560.0,0,,541,4671,03/13/2024 00:59:23
2106,2106,MiraFlex 1,Running,2024-03-13 00:59:23,2024-03-13 01:02:23,0 days 00:03:00,518.0,29560.0,30078.0,1,,541,0,03/13/2024 01:02:23
2107,2107,MiraFlex 1,Stop,2024-03-13 01:02:23,2024-03-13 01:22:43,0 days 00:20:20,2.0,30078.0,30080.0,0,,541,4672,03/13/2024 01:22:43
2108,2108,MiraFlex 1,Running,2024-03-13 01:22:43,2024-03-13 01:26:03,0 days 00:03:20,1124.0,30080.0,31204.0,1,,541,0,03/13/2024 01:26:03
2109,2109,MiraFlex 1,Stop,2024-03-13 01:26:03,2024-03-13 01:55:43,0 days 00:29:40,11.0,31204.0,31215.0,0,,541,4673,03/13/2024 01:55:43
2110,2110,MiraFlex 1,Running,2024-03-13 01:55:43,2024-03-13 01:59:23,0 days 00:03:40,550.0,31215.0,31765.0,1,,541,0,03/13/2024 01:59:23
2111,2111,MiraFlex 1,Stop,2024-03-13 01:59:23,2024-03-13 02:13:03,0 days 00:13:40,22.0,31765.0,31787.0,0,,541,4674,03/13/2024 02:13:03
2112,2112,MiraFlex 1,Running,2024-03-13 02:13:03,2024-03-13 02:40:24,0 days 00:27:21,10692.0,31787.0,42479.0,1,,541,0,03/13/2024 02:40:24
2113,2113,MiraFlex 1,Stop,2024-03-13 02:40:24,2024-03-13 02:44:04,0 days 00:03:40,26.0,42479.0,42505.0,0,,541,4675,03/13/2024 02:44:04
2114,2114,MiraFlex 1,Running,2024-03-13 02:44:04,2024-03-13 03:09:44,0 days 00:25:40,10138.0,42505.0,52643.0,1,,541,0,03/13/2024 03:09:44
2115,2115,MiraFlex 1,Stop,2024-03-13 03:09:44,2024-03-13 03:58:04,0 days 00:48:20,17.0,52643.0,52660.0,0,,541,4676,03/13/2024 03:58:04
2116,2116,MiraFlex 1,Running,2024-03-13 03:58:04,2024-03-13 04:11:24,0 days 00:13:20,1504.0,52660.0,54164.0,1,,541,0,03/13/2024 04:11:24
2117,2117,MiraFlex 1,Stop,2024-03-13 04:11:24,2024-03-13 04:16:04,0 days 00:04:40,31.0,54164.0,54195.0,0,,541,4677,03/13/2024 04:16:04
2118,2118,MiraFlex 1,Running,2024-03-13 04:16:04,2024-03-13 04:20:24,0 days 00:04:20,697.0,54195.0,54892.0,1,,541,0,03/13/2024 04:20:24
2119,2119,MiraFlex 1,Stop,2024-03-13 04:20:24,2024-03-13 04:29:24,0 days 00:09:00,34.0,54892.0,54926.0,0,,541,4678,03/13/2024 04:29:24
2120,2120,MiraFlex 1,Running,2024-03-13 04:29:24,2024-03-13 04:32:44,0 days 00:03:20,835.0,54926.0,55761.0,1,,541,0,03/13/2024 04:32:44
2121,2121,MiraFlex 1,Stop,2024-03-13 04:32:44,2024-03-13 05:34:25,0 days 01:01:41,14.0,55761.0,55775.0,0,,541,4679,03/13/2024 05:34:25
2122,2122,MiraFlex 1,Running,2024-03-13 05:34:25,2024-03-13 05:36:25,0 days 00:02:00,411.0,55775.0,56186.0,1,,541,0,03/13/2024 05:36:25
2123,2123,MiraFlex 1,Stop,2024-03-13 05:36:25,2024-03-13 05:49:25,0 days 00:13:00,61.0,56186.0,56247.0,0,,541,4680,03/13/2024 05:49:25
2124,2124,MiraFlex 1,Running,2024-03-13 05:49:25,2024-03-13 05:52:05,0 days 00:02:40,1006.0,56247.0,57253.0,1,,541,0,03/13/2024 05:52:05
2125,2125,MiraFlex 1,Stop,2024-03-13 05:52:05,2024-03-13 05:58:25,0 days 00:06:20,17.0,57253.0,57270.0,0,,541,4681,03/13/2024 05:58:25
2126,2126,MiraFlex 1,Running,2024-03-13 05:58:25,2024-03-13 06:13:05,0 days 00:14:40,5790.0,57270.0,63060.0,1,,541,0,03/13/2024 06:13:05
2127,2127,MiraFlex 1,Stop,2024-03-13 06:13:05,2024-03-13 06:14:05,0 days 00:01:00,27.0,63060.0,63087.0,0,,541,4682,03/13/2024 06:14:05
2128,2128,MiraFlex 1,Running,2024-03-13 06:14:05,2024-03-13 06:16:45,0 days 00:02:40,352.0,63087.0,63439.0,1,,541,0,03/13/2024 06:16:45
2129,2129,MiraFlex 1,Stop,2024-03-13 06:16:45,2024-03-13 06:41:26,0 days 00:24:41,46.0,63439.0,63485.0,0,,541,4683,03/13/2024 06:41:26
2130,2130,MiraFlex 1,Running,2024-03-13 06:41:26,2024-03-13 07:02:06,0 days 00:20:40,-62781.0,63485.0,704.0,1,,541,0,03/13/2024 07:02:06
2131,2131,MiraFlex 1,Stop,2024-03-13 07:02:06,2024-03-13 07:35:26,0 days 00:33:20,65.0,704.0,769.0,0,,541,4684,03/13/2024 07:35:26
2132,2132,MiraFlex 1,Running,2024-03-13 07:35:26,2024-03-13 08:35:07,0 days 00:59:41,23729.0,769.0,24498.0,1,,541,0,03/13/2024 08:35:07
2133,2133,MiraFlex 1,Stop,2024-03-13 08:35:07,2024-03-13 09:07:07,0 days 00:32:00,75.0,24498.0,24573.0,0,,541,4685,03/13/2024 09:07:07
2134,2134,MiraFlex 1,Running,2024-03-13 09:07:07,2024-03-13 09:09:07,0 days 00:02:00,742.0,24573.0,25315.0,1,,541,0,03/13/2024 09:09:07
2135,2135,MiraFlex 1,Stop,2024-03-13 09:09:07,2024-03-13 09:16:07,0 days 00:07:00,48.0,25315.0,25363.0,0,,541,4686,03/13/2024 09:16:07
2136,2136,MiraFlex 1,Running,2024-03-13 09:16:07,2024-03-13 09:53:47,0 days 00:37:40,13250.0,25363.0,38613.0,1,,541,0,03/13/2024 09:53:47
2137,2137,MiraFlex 1,Stop,2024-03-13 09:53:47,2024-03-13 10:03:47,0 days 00:10:00,67.0,38613.0,38680.0,0,,541,4687,03/13/2024 10:03:47
2138,2138,MiraFlex 1,Running,2024-03-13 10:03:47,2024-03-13 10:27:27,0 days 00:23:40,9393.0,38680.0,48073.0,1,,541,0,03/13/2024 10:27:27
2139,2139,MiraFlex 1,Stop,2024-03-13 10:27:27,2024-03-13 10:28:07,0 days 00:00:40,19.0,48073.0,48092.0,0,,541,4688,03/13/2024 10:28:07
2140,2140,MiraFlex 1,Running,2024-03-13 10:28:07,2024-03-13 10:48:28,0 days 00:20:21,8010.0,48092.0,56102.0,1,,541,0,03/13/2024 10:48:28
2141,2141,MiraFlex 1,Stop,2024-03-13 10:48:28,2024-03-13 10:55:28,0 days 00:07:00,6.0,56102.0,56108.0,0,,541,4689,03/13/2024 10:55:28
2142,2142,MiraFlex 1,Running,2024-03-13 10:55:28,2024-03-13 10:58:08,0 days 00:02:40,448.0,56108.0,56556.0,1,,541,0,03/13/2024 10:58:08
2143,2143,MiraFlex 1,Stop,2024-03-13 10:58:08,2024-03-13 11:02:48,0 days 00:04:40,16.0,56556.0,56572.0,0,,541,4690,03/13/2024 11:02:48
2144,2144,MiraFlex 1,Running,2024-03-13 11:02:48,2024-03-13 11:04:08,0 days 00:01:20,423.0,56572.0,56995.0,1,,541,0,03/13/2024 11:04:08
2145,2145,MiraFlex 1,Stop,2024-03-13 11:04:08,2024-03-13 11:22:08,0 days 00:18:00,90.0,56995.0,57085.0,0,,541,4691,03/13/2024 11:22:08
2146,2146,MiraFlex 1,Running,2024-03-13 11:22:08,2024-03-13 11:49:48,0 days 00:27:40,11618.0,57085.0,68703.0,1,,541,0,03/13/2024 11:49:48
2147,2147,MiraFlex 1,Stop,2024-03-13 11:49:48,2024-03-13 11:51:08,0 days 00:01:20,44.0,68703.0,68747.0,0,,541,4692,03/13/2024 11:51:08
2148,2148,MiraFlex 1,Running,2024-03-13 11:51:08,2024-03-13 11:51:28,0 days 00:00:20,69.0,68747.0,68816.0,1,,541,0,03/13/2024 11:51:28
2149,2149,MiraFlex 1,Stop,2024-03-13 11:51:28,2024-03-13 11:54:48,0 days 00:03:20,42.0,68816.0,68858.0,0,,541,4693,03/13/2024 11:54:48
2150,2150,MiraFlex 1,Running,2024-03-13 11:54:48,2024-03-13 11:55:48,0 days 00:01:00,309.0,68858.0,69167.0,1,,541,0,03/13/2024 11:55:48
2151,2151,MiraFlex 1,Stop,2024-03-13 11:55:48,2024-03-13 11:57:08,0 days 00:01:20,44.0,69167.0,69211.0,0,,541,4694,03/13/2024 11:57:08
2152,2152,MiraFlex 1,Running,2024-03-13 11:57:08,2024-03-13 11:58:28,0 days 00:01:20,369.0,69211.0,69580.0,1,,541,0,03/13/2024 11:58:28
2153,2153,MiraFlex 1,Stop,2024-03-13 11:58:28,2024-03-13 12:15:48,0 days 00:17:20,88.0,69580.0,69668.0,0,,541,4695,03/13/2024 12:15:48
2154,2154,MiraFlex 1,Running,2024-03-13 12:15:48,2024-03-13 12:16:48,0 days 00:01:00,324.0,69668.0,69992.0,1,,541,0,03/13/2024 12:16:48
2155,2155,MiraFlex 1,Stop,2024-03-13 12:16:48,2024-03-13 12:21:28,0 days 00:04:40,65.0,69992.0,70057.0,0,,541,4696,03/13/2024 12:21:28
2156,2156,MiraFlex 1,Running,2024-03-13 12:21:28,2024-03-13 12:25:08,0 days 00:03:40,1350.0,70057.0,71407.0,1,,541,0,03/13/2024 12:25:08
2157,2157,MiraFlex 1,Stop,2024-03-13 12:25:08,2024-03-13 12:57:49,0 days 00:32:41,22.0,71407.0,71429.0,0,,541,4697,03/13/2024 12:57:49
2158,2158,MiraFlex 1,Running,2024-03-13 12:57:49,2024-03-13 13:09:29,0 days 00:11:40,1575.0,71429.0,73004.0,1,,541,0,03/13/2024 13:09:29
2159,2159,MiraFlex 1,Stop,2024-03-13 13:09:29,2024-03-13 13:22:29,0 days 00:13:00,22.0,73004.0,73026.0,0,,541,4698,03/13/2024 13:22:29
2160,2160,MiraFlex 1,Running,2024-03-13 13:22:29,2024-03-13 13:25:09,0 days 00:02:40,719.0,73026.0,73745.0,1,,541,0,03/13/2024 13:25:09
2161,2161,MiraFlex 1,Stop,2024-03-13 13:25:09,2024-03-13 13:36:29,0 days 00:11:20,6.0,73745.0,73751.0,0,,541,4699,03/13/2024 13:36:29
2162,2162,MiraFlex 1,Running,2024-03-13 13:36:29,2024-03-13 13:38:29,0 days 00:02:00,464.0,73751.0,74215.0,1,,541,0,03/13/2024 13:38:29
2163,2163,MiraFlex 1,Stop,2024-03-13 13:38:29,2024-03-13 14:02:29,0 days 00:24:00,21.0,74215.0,74236.0,0,,541,4700,03/13/2024 14:02:29
2164,2164,MiraFlex 1,Running,2024-03-13 14:02:29,2024-03-13 14:03:09,0 days 00:00:40,189.0,74236.0,74425.0,1,,541,0,03/13/2024 14:03:09
2165,2165,MiraFlex 1,Stop,2024-03-13 14:03:09,2024-03-13 14:11:49,0 days 00:08:40,35.0,74425.0,74460.0,0,,541,4701,03/13/2024 14:11:49
2166,2166,MiraFlex 1,Running,2024-03-13 14:11:49,2024-03-13 14:15:29,0 days 00:03:40,1429.0,74460.0,75889.0,1,,541,0,03/13/2024 14:15:29
2167,2167,MiraFlex 1,Stop,2024-03-13 14:15:29,2024-03-13 14:42:30,0 days 00:27:01,51.0,75889.0,75940.0,0,,541,4702,03/13/2024 14:42:30
2168,2168,MiraFlex 1,Running,2024-03-13 14:42:30,2024-03-13 14:42:50,0 days 00:00:20,121.0,75940.0,76061.0,1,,541,0,03/13/2024 14:42:50
2169,2169,MiraFlex 1,Stop,2024-03-13 14:42:50,2024-03-13 14:48:10,0 days 00:05:20,92.0,76061.0,76153.0,0,,541,4703,03/13/2024 14:48:10
2170,2170,MiraFlex 1,Running,2024-03-13 14:48:10,2024-03-13 15:00:10,0 days 00:12:00,-76153.0,76153.0,0.0,1,,541,0,03/13/2024 15:00:10
2171,2171,MiraFlex 1,Stop,2024-03-13 15:00:10,2024-03-13 15:07:10,0 days 00:07:00,56.0,0.0,56.0,0,,541,4646,03/13/2024 15:07:10
2172,2172,MiraFlex 1,Running,2024-03-13 15:07:10,2024-03-13 15:26:30,0 days 00:19:20,8145.0,56.0,8201.0,1,,541,0,03/13/2024 15:26:30
2173,2173,MiraFlex 1,Stop,2024-03-13 15:26:30,2024-03-13 17:38:51,0 days 02:12:21,21.0,8201.0,8222.0,0,,541,4647,03/13/2024 17:38:51
2174,2174,MiraFlex 1,Running,2024-03-13 17:38:51,2024-03-13 17:44:51,0 days 00:06:00,497.0,8222.0,8719.0,1,,541,0,03/13/2024 17:44:51
2175,2175,MiraFlex 1,Stop,2024-03-13 17:44:51,2024-03-13 17:50:51,0 days 00:06:00,19.0,8719.0,8738.0,0,,541,4648,03/13/2024 17:50:51
2176,2176,MiraFlex 1,Running,2024-03-13 17:50:51,2024-03-13 17:58:11,0 days 00:07:20,1247.0,8738.0,9985.0,1,,541,0,03/13/2024 17:58:11
2177,2177,MiraFlex 1,Stop,2024-03-13 17:58:11,2024-03-13 18:08:31,0 days 00:10:20,23.0,9985.0,10008.0,0,,541,4649,03/13/2024 18:08:31
2178,2178,MiraFlex 1,Running,2024-03-13 18:08:31,2024-03-13 18:10:11,0 days 00:01:40,534.0,10008.0,10542.0,1,,541,0,03/13/2024 18:10:11
2179,2179,MiraFlex 1,Stop,2024-03-13 18:10:11,2024-03-13 18:15:11,0 days 00:05:00,65.0,10542.0,10607.0,0,,541,4650,03/13/2024 18:15:11
2180,2180,MiraFlex 1,Running,2024-03-13 18:15:11,2024-03-13 18:16:11,0 days 00:01:00,273.0,10607.0,10880.0,1,,541,0,03/13/2024 18:16:11
2181,2181,MiraFlex 1,Stop,2024-03-13 18:16:11,2024-03-13 18:25:51,0 days 00:09:40,34.0,10880.0,10914.0,0,,541,4651,03/13/2024 18:25:51
2182,2182,MiraFlex 1,Running,2024-03-13 18:25:51,2024-03-13 18:29:12,0 days 00:03:21,924.0,10914.0,11838.0,1,,541,0,03/13/2024 18:29:12
2183,2183,MiraFlex 1,Stop,2024-03-13 18:29:12,2024-03-13 19:23:32,0 days 00:54:20,3.0,11838.0,11841.0,0,,541,4652,03/13/2024 19:23:32
2184,2184,MiraFlex 1,Running,2024-03-13 19:23:32,2024-03-13 19:31:52,0 days 00:08:20,469.0,11841.0,12310.0,1,,541,0,03/13/2024 19:31:52
2185,2185,MiraFlex 1,Stop,2024-03-13 19:31:52,2024-03-13 19:39:32,0 days 00:07:40,11.0,12310.0,12321.0,0,,541,4653,03/13/2024 19:39:32
2186,2186,MiraFlex 1,Running,2024-03-13 19:39:32,2024-03-13 19:46:32,0 days 00:07:00,2004.0,12321.0,14325.0,1,,541,0,03/13/2024 19:46:32
2187,2187,MiraFlex 1,Stop,2024-03-13 19:46:32,2024-03-13 20:02:12,0 days 00:15:40,44.0,14325.0,14369.0,0,,541,4654,03/13/2024 20:02:12
2188,2188,MiraFlex 1,Running,2024-03-13 20:02:12,2024-03-13 20:35:53,0 days 00:33:41,10015.0,14369.0,24384.0,1,,541,0,03/13/2024 20:35:53
2189,2189,MiraFlex 1,Stop,2024-03-13 20:35:53,2024-03-13 20:37:53,0 days 00:02:00,18.0,24384.0,24402.0,0,,541,4655,03/13/2024 20:37:53
2190,2190,MiraFlex 1,Running,2024-03-13 20:37:53,2024-03-13 20:55:53,0 days 00:18:00,5418.0,24402.0,29820.0,1,,541,0,03/13/2024 20:55:53
2191,2191,MiraFlex 1,Stop,2024-03-13 20:55:53,2024-03-13 21:03:53,0 days 00:08:00,11.0,29820.0,29831.0,0,,541,4656,03/13/2024 21:03:53
2192,2192,MiraFlex 1,Running,2024-03-13 21:03:53,2024-03-13 21:39:53,0 days 00:36:00,10729.0,29831.0,40560.0,1,,541,0,03/13/2024 21:39:53
2193,2193,MiraFlex 1,Stop,2024-03-13 21:39:53,2024-03-13 22:01:33,0 days 00:21:40,3.0,40560.0,40563.0,0,,541,4657,03/13/2024 22:01:33
2194,2194,MiraFlex 1,Running,2024-03-13 22:01:33,2024-03-13 23:43:34,0 days 01:42:01,-23458.0,40563.0,17105.0,1,,541,0,03/13/2024 23:43:34
2195,2195,MiraFlex 1,Stop,2024-03-13 23:43:34,2024-03-13 23:46:34,0 days 00:03:00,35.0,17105.0,17140.0,0,,541,4716,03/13/2024 23:46:34
2196,2196,MiraFlex 1,Running,2024-03-13 23:46:34,2024-03-14 00:19:14,0 days 00:32:40,15892.0,17140.0,33032.0,1,,541,0,03/14/2024 00:19:14
2197,2197,MiraFlex 1,Stop,2024-03-14 00:19:14,2024-03-14 00:23:14,0 days 00:04:00,3.0,33032.0,33035.0,0,,541,4855,03/14/2024 00:23:14
2198,2198,MiraFlex 1,Running,2024-03-14 00:23:14,2024-03-14 00:34:55,0 days 00:11:41,5454.0,33035.0,38489.0,1,,541,0,03/14/2024 00:34:55
2199,2199,MiraFlex 1,Stop,2024-03-14 00:34:55,2024-03-14 01:18:55,0 days 00:44:00,5.0,38489.0,38494.0,0,,541,4856,03/14/2024 01:18:55
2200,2200,MiraFlex 1,Running,2024-03-14 01:18:55,2024-03-14 01:48:15,0 days 00:29:20,11519.0,38494.0,50013.0,1,,541,0,03/14/2024 01:48:15
2201,2201,MiraFlex 1,Stop,2024-03-14 01:48:15,2024-03-14 01:49:55,0 days 00:01:40,30.0,50013.0,50043.0,0,,541,4857,03/14/2024 01:49:55
2202,2202,MiraFlex 1,Running,2024-03-14 01:49:55,2024-03-14 01:53:15,0 days 00:03:20,1249.0,50043.0,51292.0,1,,541,0,03/14/2024 01:53:15
2203,2203,MiraFlex 1,Stop,2024-03-14 01:53:15,2024-03-14 02:07:55,0 days 00:14:40,4.0,51292.0,51296.0,0,,541,4858,03/14/2024 02:07:55
2204,2204,MiraFlex 1,Running,2024-03-14 02:07:55,2024-03-14 02:15:55,0 days 00:08:00,533.0,51296.0,51829.0,1,,541,0,03/14/2024 02:15:55
2205,2205,MiraFlex 1,Stop,2024-03-14 02:15:55,2024-03-14 02:17:15,0 days 00:01:20,25.0,51829.0,51854.0,0,,541,4859,03/14/2024 02:17:15
2206,2206,MiraFlex 1,Running,2024-03-14 02:17:15,2024-03-14 02:20:15,0 days 00:03:00,513.0,51854.0,52367.0,1,,541,0,03/14/2024 02:20:15
2207,2207,MiraFlex 1,Stop,2024-03-14 02:20:15,2024-03-14 02:26:36,0 days 00:06:21,2.0,52367.0,52369.0,0,,541,4860,03/14/2024 02:26:36
2208,2208,MiraFlex 1,Running,2024-03-14 02:26:36,2024-03-14 02:27:56,0 days 00:01:20,83.0,52369.0,52452.0,1,,541,0,03/14/2024 02:27:56
2209,2209,MiraFlex 1,Stop,2024-03-14 02:27:56,2024-03-14 02:29:16,0 days 00:01:20,14.0,52452.0,52466.0,0,,541,4861,03/14/2024 02:29:16
2210,2210,MiraFlex 1,Running,2024-03-14 02:29:16,2024-03-14 02:30:56,0 days 00:01:40,284.0,52466.0,52750.0,1,,541,0,03/14/2024 02:30:56
2211,2211,MiraFlex 1,Stop,2024-03-14 02:30:56,2024-03-14 02:45:16,0 days 00:14:20,53.0,52750.0,52803.0,0,,541,4862,03/14/2024 02:45:16
2212,2212,MiraFlex 1,Running,2024-03-14 02:45:16,2024-03-14 02:53:16,0 days 00:08:00,3482.0,52803.0,56285.0,1,,541,0,03/14/2024 02:53:16
2213,2213,MiraFlex 1,Stop,2024-03-14 02:53:16,2024-03-14 03:06:56,0 days 00:13:40,27.0,56285.0,56312.0,0,,541,4863,03/14/2024 03:06:56
2214,2214,MiraFlex 1,Running,2024-03-14 03:06:56,2024-03-14 03:48:36,0 days 00:41:40,16521.0,56312.0,72833.0,1,,541,0,03/14/2024 03:48:36
2215,2215,MiraFlex 1,Stop,2024-03-14 03:48:36,2024-03-14 03:49:16,0 days 00:00:40,35.0,72833.0,72868.0,0,,541,4864,03/14/2024 03:49:16
2216,2216,MiraFlex 1,Running,2024-03-14 03:49:16,2024-03-14 03:52:56,0 days 00:03:40,1396.0,72868.0,74264.0,1,,541,0,03/14/2024 03:52:56
2217,2217,MiraFlex 1,Stop,2024-03-14 03:52:56,2024-03-14 03:54:16,0 days 00:01:20,18.0,74264.0,74282.0,0,,541,4865,03/14/2024 03:54:16
2218,2218,MiraFlex 1,Running,2024-03-14 03:54:16,2024-03-14 04:04:16,0 days 00:10:00,3948.0,74282.0,78230.0,1,,541,0,03/14/2024 04:04:16
2219,2219,MiraFlex 1,Stop,2024-03-14 04:04:16,2024-03-14 04:07:56,0 days 00:03:40,47.0,78230.0,78277.0,0,,541,4866,03/14/2024 04:07:56
2220,2220,MiraFlex 1,Running,2024-03-14 04:07:56,2024-03-14 04:08:16,0 days 00:00:20,3.0,78277.0,78280.0,1,,541,0,03/14/2024 04:08:16
2221,2221,MiraFlex 1,Stop,2024-03-14 04:08:16,2024-03-14 04:14:56,0 days 00:06:40,14.0,78280.0,78294.0,0,,541,4867,03/14/2024 04:14:56
2222,2222,MiraFlex 1,Running,2024-03-14 04:14:56,2024-03-14 04:32:57,0 days 00:18:01,7127.0,78294.0,85421.0,1,,541,0,03/14/2024 04:32:57
2223,2223,MiraFlex 1,Stop,2024-03-14 04:32:57,2024-03-14 04:38:37,0 days 00:05:40,0.0,85421.0,85421.0,0,,541,4868,03/14/2024 04:38:37
2224,2224,MiraFlex 1,Running,2024-03-14 04:38:37,2024-03-14 04:46:17,0 days 00:07:40,2942.0,85421.0,88363.0,1,,541,0,03/14/2024 04:46:17
2225,2225,MiraFlex 1,Stop,2024-03-14 04:46:17,2024-03-14 05:58:37,0 days 01:12:20,14.0,88363.0,88377.0,0,,541,4869,03/14/2024 05:58:37
2226,2226,MiraFlex 1,Running,2024-03-14 05:58:37,2024-03-14 06:05:17,0 days 00:06:40,2476.0,88377.0,90853.0,1,,541,0,03/14/2024 06:05:17
2227,2227,MiraFlex 1,Stop,2024-03-14 06:05:17,2024-03-14 06:05:57,0 days 00:00:40,46.0,90853.0,90899.0,0,,541,4870,03/14/2024 06:05:57
2228,2228,MiraFlex 1,Running,2024-03-14 06:05:57,2024-03-14 06:50:38,0 days 00:44:41,17899.0,90899.0,108798.0,1,,541,0,03/14/2024 06:50:38
2229,2229,MiraFlex 1,Stop,2024-03-14 06:50:38,2024-03-14 07:31:38,0 days 00:41:00,-108746.0,108798.0,52.0,0,,541,4871,03/14/2024 07:31:38
2230,2230,MiraFlex 1,Running,2024-03-14 07:31:38,2024-03-14 07:36:18,0 days 00:04:40,1723.0,52.0,1775.0,1,,541,0,03/14/2024 07:36:18
2231,2231,MiraFlex 1,Stop,2024-03-14 07:36:18,2024-03-14 07:39:18,0 days 00:03:00,32.0,1775.0,1807.0,0,,541,4659,03/14/2024 07:39:18
2232,2232,MiraFlex 1,Running,2024-03-14 07:39:18,2024-03-14 08:16:38,0 days 00:37:20,15295.0,1807.0,17102.0,1,,541,0,03/14/2024 08:16:38
2233,2233,MiraFlex 1,Stop,2024-03-14 08:16:38,2024-03-14 08:22:19,0 days 00:05:41,1.0,17102.0,17103.0,0,,541,4660,03/14/2024 08:22:19
2234,2234,MiraFlex 1,Running,2024-03-14 08:22:19,2024-03-14 08:52:39,0 days 00:30:20,14644.0,17103.0,31747.0,1,,541,0,03/14/2024 08:52:39
2235,2235,MiraFlex 1,Stop,2024-03-14 08:52:39,2024-03-14 08:53:39,0 days 00:01:00,50.0,31747.0,31797.0,0,,541,4661,03/14/2024 08:53:39
2236,2236,MiraFlex 1,Running,2024-03-14 08:53:39,2024-03-14 09:51:19,0 days 00:57:40,28098.0,31797.0,59895.0,1,,541,0,03/14/2024 09:51:19
2237,2237,MiraFlex 1,Stop,2024-03-14 09:51:19,2024-03-14 10:01:19,0 days 00:10:00,91.0,59895.0,59986.0,0,,541,4662,03/14/2024 10:01:19
2238,2238,MiraFlex 1,Running,2024-03-14 10:01:19,2024-03-14 10:17:39,0 days 00:16:20,7712.0,59986.0,67698.0,1,,541,0,03/14/2024 10:17:39
2239,2239,MiraFlex 1,Stop,2024-03-14 10:17:39,2024-03-14 10:44:40,0 days 00:27:01,21.0,67698.0,67719.0,0,,541,4663,03/14/2024 10:44:40
2240,2240,MiraFlex 1,Running,2024-03-14 10:44:40,2024-03-14 11:59:20,0 days 01:14:40,29453.0,67719.0,97172.0,1,,541,0,03/14/2024 11:59:20
2241,2241,MiraFlex 1,Stop,2024-03-14 11:59:20,2024-03-14 12:00:40,0 days 00:01:20,23.0,97172.0,97195.0,0,,541,4664,03/14/2024 12:00:40
2242,2242,MiraFlex 1,Running,2024-03-14 12:00:40,2024-03-14 12:23:41,0 days 00:23:01,9054.0,97195.0,106249.0,1,,541,0,03/14/2024 12:23:41
2243,2243,MiraFlex 1,Stop,2024-03-14 12:23:41,2024-03-14 12:25:41,0 days 00:02:00,5.0,106249.0,106254.0,0,,541,4665,03/14/2024 12:25:41
2244,2244,MiraFlex 1,Running,2024-03-14 12:25:41,2024-03-14 13:31:41,0 days 01:06:00,25605.0,106254.0,131859.0,1,,541,0,03/14/2024 13:31:41
2245,2245,MiraFlex 1,Stop,2024-03-14 13:31:41,2024-03-14 13:34:41,0 days 00:03:00,1.0,131859.0,131860.0,0,,541,4666,03/14/2024 13:34:41
2246,2246,MiraFlex 1,Running,2024-03-14 13:34:41,2024-03-14 13:55:01,0 days 00:20:20,7579.0,131860.0,139439.0,1,,541,0,03/14/2024 13:55:01
2247,2247,MiraFlex 1,Stop,2024-03-14 13:55:01,2024-03-14 14:08:41,0 days 00:13:40,8.0,139439.0,139447.0,0,,541,4667,03/14/2024 14:08:41
2248,2248,MiraFlex 1,Running,2024-03-14 14:08:41,2024-03-14 14:14:21,0 days 00:05:40,2512.0,139447.0,141959.0,1,,541,0,03/14/2024 14:14:21
2249,2249,MiraFlex 1,Stop,2024-03-14 14:14:21,2024-03-14 14:15:41,0 days 00:01:20,28.0,141959.0,141987.0,0,,541,4668,03/14/2024 14:15:41
2250,2250,MiraFlex 1,Running,2024-03-14 14:15:41,2024-03-14 14:22:22,0 days 00:06:41,2521.0,141987.0,144508.0,1,,541,0,03/14/2024 14:22:22
2251,2251,MiraFlex 1,Stop,2024-03-14 14:22:22,2024-03-14 14:57:02,0 days 00:34:40,6.0,144508.0,144514.0,0,,541,4669,03/14/2024 14:57:02
2252,2252,MiraFlex 1,Running,2024-03-14 14:57:02,2024-03-14 14:58:42,0 days 00:01:40,233.0,144514.0,144747.0,1,,541,0,03/14/2024 14:58:42
2253,2253,MiraFlex 1,Stop,2024-03-14 14:58:42,2024-03-14 15:02:02,0 days 00:03:20,-144714.0,144747.0,33.0,0,,541,4883,03/14/2024 15:02:02
2254,2254,MiraFlex 1,Running,2024-03-14 15:02:02,2024-03-14 15:02:22,0 days 00:00:20,53.0,33.0,86.0,1,,541,0,03/14/2024 15:02:22
2255,2255,MiraFlex 1,Stop,2024-03-14 15:02:22,2024-03-14 15:24:02,0 days 00:21:40,26.0,86.0,112.0,0,,541,4789,03/14/2024 15:24:02
2256,2256,MiraFlex 1,Running,2024-03-14 15:24:02,2024-03-14 15:25:02,0 days 00:01:00,92.0,112.0,204.0,1,,541,0,03/14/2024 15:25:02
2257,2257,MiraFlex 1,Stop,2024-03-14 15:25:02,2024-03-14 15:25:22,0 days 00:00:20,51.0,204.0,255.0,0,,541,4790,03/14/2024 15:25:22
2258,2258,MiraFlex 1,Running,2024-03-14 15:25:22,2024-03-14 15:29:02,0 days 00:03:40,1081.0,255.0,1336.0,1,,541,0,03/14/2024 15:29:02
2259,2259,MiraFlex 1,Stop,2024-03-14 15:29:02,2024-03-14 15:47:02,0 days 00:18:00,39.0,1336.0,1375.0,0,,541,4791,03/14/2024 15:47:02
2260,2260,MiraFlex 1,Running,2024-03-14 15:47:02,2024-03-14 15:47:42,0 days 00:00:40,105.0,1375.0,1480.0,1,,541,0,03/14/2024 15:47:42
2261,2261,MiraFlex 1,Stop,2024-03-14 15:47:42,2024-03-14 15:49:02,0 days 00:01:20,17.0,1480.0,1497.0,0,,541,4792,03/14/2024 15:49:02
2262,2262,MiraFlex 1,Running,2024-03-14 15:49:02,2024-03-14 15:54:22,0 days 00:05:20,1211.0,1497.0,2708.0,1,,541,0,03/14/2024 15:54:22
2263,2263,MiraFlex 1,Stop,2024-03-14 15:54:22,2024-03-14 16:19:03,0 days 00:24:41,4.0,2708.0,2712.0,0,,541,4793,03/14/2024 16:19:03
2264,2264,MiraFlex 1,Running,2024-03-14 16:19:03,2024-03-14 16:27:23,0 days 00:08:20,891.0,2712.0,3603.0,1,,541,0,03/14/2024 16:27:23
2265,2265,MiraFlex 1,Stop,2024-03-14 16:27:23,2024-03-14 16:28:23,0 days 00:01:00,42.0,3603.0,3645.0,0,,541,4794,03/14/2024 16:28:23
2266,2266,MiraFlex 1,Running,2024-03-14 16:28:23,2024-03-14 16:29:03,0 days 00:00:40,177.0,3645.0,3822.0,1,,541,0,03/14/2024 16:29:03
2267,2267,MiraFlex 1,Stop,2024-03-14 16:29:03,2024-03-14 16:42:43,0 days 00:13:40,18.0,3822.0,3840.0,0,,541,4795,03/14/2024 16:42:43
2268,2268,MiraFlex 1,Running,2024-03-14 16:42:43,2024-03-14 16:44:23,0 days 00:01:40,519.0,3840.0,4359.0,1,,541,0,03/14/2024 16:44:23
2269,2269,MiraFlex 1,Stop,2024-03-14 16:44:23,2024-03-14 16:48:03,0 days 00:03:40,34.0,4359.0,4393.0,0,,541,4796,03/14/2024 16:48:03
2270,2270,MiraFlex 1,Running,2024-03-14 16:48:03,2024-03-14 16:58:23,0 days 00:10:20,3995.0,4393.0,8388.0,1,,541,0,03/14/2024 16:58:23
2271,2271,MiraFlex 1,Stop,2024-03-14 16:58:23,2024-03-14 17:03:23,0 days 00:05:00,61.0,8388.0,8449.0,0,,541,4797,03/14/2024 17:03:23
2272,2272,MiraFlex 1,Running,2024-03-14 17:03:23,2024-03-14 17:18:43,0 days 00:15:20,6088.0,8449.0,14537.0,1,,541,0,03/14/2024 17:18:43
2273,2273,MiraFlex 1,Stop,2024-03-14 17:18:43,2024-03-14 17:25:03,0 days 00:06:20,12.0,14537.0,14549.0,0,,541,4798,03/14/2024 17:25:03
2274,2274,MiraFlex 1,Running,2024-03-14 17:25:03,2024-03-14 17:39:23,0 days 00:14:20,5632.0,14549.0,20181.0,1,,541,0,03/14/2024 17:39:23
2275,2275,MiraFlex 1,Stop,2024-03-14 17:39:23,2024-03-14 17:58:23,0 days 00:19:00,21.0,20181.0,20202.0,0,,541,4799,03/14/2024 17:58:23
2276,2276,MiraFlex 1,Running,2024-03-14 17:58:23,2024-03-14 17:59:03,0 days 00:00:40,35.0,20202.0,20237.0,1,,541,0,03/14/2024 17:59:03
2277,2277,MiraFlex 1,Stop,2024-03-14 17:59:03,2024-03-14 17:59:43,0 days 00:00:40,3.0,20237.0,20240.0,0,,541,4800,03/14/2024 17:59:43
2278,2278,MiraFlex 1,Running,2024-03-14 17:59:43,2024-03-14 18:02:43,0 days 00:03:00,883.0,20240.0,21123.0,1,,541,0,03/14/2024 18:02:43
2279,2279,MiraFlex 1,Stop,2024-03-14 18:02:43,2024-03-14 18:09:23,0 days 00:06:40,38.0,21123.0,21161.0,0,,541,4801,03/14/2024 18:09:23
2280,2280,MiraFlex 1,Running,2024-03-14 18:09:23,2024-03-14 18:19:24,0 days 00:10:01,4096.0,21161.0,25257.0,1,,541,0,03/14/2024 18:19:24
2281,2281,MiraFlex 1,Stop,2024-03-14 18:19:24,2024-03-14 18:29:44,0 days 00:10:20,9.0,25257.0,25266.0,0,,541,4802,03/14/2024 18:29:44
2282,2282,MiraFlex 1,Running,2024-03-14 18:29:44,2024-03-14 18:40:44,0 days 00:11:00,4219.0,25266.0,29485.0,1,,541,0,03/14/2024 18:40:44
2283,2283,MiraFlex 1,Stop,2024-03-14 18:40:44,2024-03-14 19:34:24,0 days 00:53:40,17.0,29485.0,29502.0,0,,541,4803,03/14/2024 19:34:24
2284,2284,MiraFlex 1,Running,2024-03-14 19:34:24,2024-03-14 19:37:04,0 days 00:02:40,975.0,29502.0,30477.0,1,,541,0,03/14/2024 19:37:04
2285,2285,MiraFlex 1,Stop,2024-03-14 19:37:04,2024-03-14 19:45:44,0 days 00:08:40,58.0,30477.0,30535.0,0,,541,4804,03/14/2024 19:45:44
2286,2286,MiraFlex 1,Running,2024-03-14 19:45:44,2024-03-14 19:46:44,0 days 00:01:00,315.0,30535.0,30850.0,1,,541,0,03/14/2024 19:46:44
2287,2287,MiraFlex 1,Stop,2024-03-14 19:46:44,2024-03-14 19:59:44,0 days 00:13:00,26.0,30850.0,30876.0,0,,541,4805,03/14/2024 19:59:44
2288,2288,MiraFlex 1,Running,2024-03-14 19:59:44,2024-03-14 20:00:04,0 days 00:00:20,16.0,30876.0,30892.0,1,,541,0,03/14/2024 20:00:04
2289,2289,MiraFlex 1,Stop,2024-03-14 20:00:04,2024-03-14 20:01:04,0 days 00:01:00,18.0,30892.0,30910.0,0,,541,4806,03/14/2024 20:01:04
2290,2290,MiraFlex 1,Running,2024-03-14 20:01:04,2024-03-14 20:08:04,0 days 00:07:00,2629.0,30910.0,33539.0,1,,541,0,03/14/2024 20:08:04
2291,2291,MiraFlex 1,Stop,2024-03-14 20:08:04,2024-03-14 20:27:25,0 days 00:19:21,70.0,33539.0,33609.0,0,,541,4807,03/14/2024 20:27:25
2292,2292,MiraFlex 1,Running,2024-03-14 20:27:25,2024-03-14 20:34:45,0 days 00:07:20,2806.0,33609.0,36415.0,1,,541,0,03/14/2024 20:34:45
2293,2293,MiraFlex 1,Stop,2024-03-14 20:34:45,2024-03-14 20:40:45,0 days 00:06:00,76.0,36415.0,36491.0,0,,541,4808,03/14/2024 20:40:45
2294,2294,MiraFlex 1,Running,2024-03-14 20:40:45,2024-03-14 21:05:45,0 days 00:25:00,9971.0,36491.0,46462.0,1,,541,0,03/14/2024 21:05:45
2295,2295,MiraFlex 1,Stop,2024-03-14 21:05:45,2024-03-14 21:11:05,0 days 00:05:20,6.0,46462.0,46468.0,0,,541,4809,03/14/2024 21:11:05
2296,2296,MiraFlex 1,Running,2024-03-14 21:11:05,2024-03-14 21:19:45,0 days 00:08:40,3308.0,46468.0,49776.0,1,,541,0,03/14/2024 21:19:45
2297,2297,MiraFlex 1,Stop,2024-03-14 21:19:45,2024-03-14 21:32:45,0 days 00:13:00,95.0,49776.0,49871.0,0,,541,4810,03/14/2024 21:32:45
2298,2298,MiraFlex 1,Running,2024-03-14 21:32:45,2024-03-14 21:46:45,0 days 00:14:00,5393.0,49871.0,55264.0,1,,541,0,03/14/2024 21:46:45
2299,2299,MiraFlex 1,Stop,2024-03-14 21:46:45,2024-03-14 22:15:46,0 days 00:29:01,1.0,55264.0,55265.0,0,,541,4811,03/14/2024 22:15:46
2300,2300,MiraFlex 1,Running,2024-03-14 22:15:46,2024-03-14 22:18:46,0 days 00:03:00,383.0,55265.0,55648.0,1,,541,0,03/14/2024 22:18:46
2301,2301,MiraFlex 1,Stop,2024-03-14 22:18:46,2024-03-14 22:25:46,0 days 00:07:00,26.0,55648.0,55674.0,0,,541,4812,03/14/2024 22:25:46
2302,2302,MiraFlex 1,Running,2024-03-14 22:25:46,2024-03-14 22:28:26,0 days 00:02:40,1018.0,55674.0,56692.0,1,,541,0,03/14/2024 22:28:26
2303,2303,MiraFlex 1,Stop,2024-03-14 22:28:26,2024-03-14 22:43:26,0 days 00:15:00,12.0,56692.0,56704.0,0,,541,4813,03/14/2024 22:43:26
2304,2304,MiraFlex 1,Running,2024-03-14 22:43:26,2024-03-14 23:18:06,0 days 00:34:40,-49627.0,56704.0,7077.0,1,,541,0,03/14/2024 23:18:06
2305,2305,MiraFlex 1,Stop,2024-03-14 23:18:06,2024-03-14 23:36:06,0 days 00:18:00,33.0,7077.0,7110.0,0,,541,4909,03/14/2024 23:36:06
2306,2306,MiraFlex 1,Running,2024-03-14 23:36:06,2024-03-14 23:53:06,0 days 00:17:00,6389.0,7110.0,13499.0,1,,541,0,03/14/2024 23:53:06
2307,2307,MiraFlex 1,Stop,2024-03-14 23:53:06,2024-03-15 00:18:27,0 days 00:25:21,2.0,13499.0,13501.0,0,,541,0,03/15/2024 00:18:27
2308,2308,MiraFlex 1,Running,2024-03-15 00:18:27,2024-03-15 00:28:47,0 days 00:10:20,3636.0,13501.0,17137.0,1,,541,0,03/15/2024 00:28:47
2309,2309,MiraFlex 1,Stop,2024-03-15 00:28:47,2024-03-15 00:56:07,0 days 00:27:20,19.0,17137.0,17156.0,0,,541,5060,03/15/2024 00:56:07
2310,2310,MiraFlex 1,Running,2024-03-15 00:56:07,2024-03-15 00:56:27,0 days 00:00:20,20.0,17156.0,17176.0,1,,541,0,03/15/2024 00:56:27
2311,2311,MiraFlex 1,Stop,2024-03-15 00:56:27,2024-03-15 00:57:27,0 days 00:01:00,19.0,17176.0,17195.0,0,,541,5061,03/15/2024 00:57:27
2312,2312,MiraFlex 1,Running,2024-03-15 00:57:27,2024-03-15 01:03:27,0 days 00:06:00,1418.0,17195.0,18613.0,1,,541,0,03/15/2024 01:03:27
2313,2313,MiraFlex 1,Stop,2024-03-15 01:03:27,2024-03-15 01:09:47,0 days 00:06:20,66.0,18613.0,18679.0,0,,541,5062,03/15/2024 01:09:47
2314,2314,MiraFlex 1,Running,2024-03-15 01:09:47,2024-03-15 01:18:47,0 days 00:09:00,3586.0,18679.0,22265.0,1,,541,0,03/15/2024 01:18:47
2315,2315,MiraFlex 1,Stop,2024-03-15 01:18:47,2024-03-15 01:29:07,0 days 00:10:20,6.0,22265.0,22271.0,0,,541,5063,03/15/2024 01:29:07
2316,2316,MiraFlex 1,Running,2024-03-15 01:29:07,2024-03-15 01:30:47,0 days 00:01:40,526.0,22271.0,22797.0,1,,541,0,03/15/2024 01:30:47
2317,2317,MiraFlex 1,Stop,2024-03-15 01:30:47,2024-03-15 01:34:47,0 days 00:04:00,49.0,22797.0,22846.0,0,,541,5064,03/15/2024 01:34:47
2318,2318,MiraFlex 1,Running,2024-03-15 01:34:47,2024-03-15 01:36:27,0 days 00:01:40,625.0,22846.0,23471.0,1,,541,0,03/15/2024 01:36:27
2319,2319,MiraFlex 1,Stop,2024-03-15 01:36:27,2024-03-15 01:40:07,0 days 00:03:40,12.0,23471.0,23483.0,0,,541,5065,03/15/2024 01:40:07
2320,2320,MiraFlex 1,Running,2024-03-15 01:40:07,2024-03-15 02:05:27,0 days 00:25:20,10128.0,23483.0,33611.0,1,,541,0,03/15/2024 02:05:27
2321,2321,MiraFlex 1,Stop,2024-03-15 02:05:27,2024-03-15 02:14:48,0 days 00:09:21,54.0,33611.0,33665.0,0,,541,5066,03/15/2024 02:14:48
2322,2322,MiraFlex 1,Running,2024-03-15 02:14:48,2024-03-15 02:28:28,0 days 00:13:40,5328.0,33665.0,38993.0,1,,541,0,03/15/2024 02:28:28
2323,2323,MiraFlex 1,Stop,2024-03-15 02:28:28,2024-03-15 02:37:08,0 days 00:08:40,6.0,38993.0,38999.0,0,,541,5067,03/15/2024 02:37:08
2324,2324,MiraFlex 1,Running,2024-03-15 02:37:08,2024-03-15 02:40:48,0 days 00:03:40,1446.0,38999.0,40445.0,1,,541,0,03/15/2024 02:40:48
2325,2325,MiraFlex 1,Stop,2024-03-15 02:40:48,2024-03-15 02:44:08,0 days 00:03:20,19.0,40445.0,40464.0,0,,541,5068,03/15/2024 02:44:08
2326,2326,MiraFlex 1,Running,2024-03-15 02:44:08,2024-03-15 03:06:48,0 days 00:22:40,10097.0,40464.0,50561.0,1,,541,0,03/15/2024 03:06:48
2327,2327,MiraFlex 1,Stop,2024-03-15 03:06:48,2024-03-15 03:09:08,0 days 00:02:20,1.0,50561.0,50562.0,0,,541,5069,03/15/2024 03:09:08
2328,2328,MiraFlex 1,Running,2024-03-15 03:09:08,2024-03-15 03:22:28,0 days 00:13:20,5650.0,50562.0,56212.0,1,,541,0,03/15/2024 03:22:28
2329,2329,MiraFlex 1,Stop,2024-03-15 03:22:28,2024-03-15 03:38:48,0 days 00:16:20,22.0,56212.0,56234.0,0,,541,5070,03/15/2024 03:38:48
2330,2330,MiraFlex 1,Running,2024-03-15 03:38:48,2024-03-15 03:50:48,0 days 00:12:00,5287.0,56234.0,61521.0,1,,541,0,03/15/2024 03:50:48
2331,2331,MiraFlex 1,Stop,2024-03-15 03:50:48,2024-03-15 03:54:28,0 days 00:03:40,33.0,61521.0,61554.0,0,,541,5071,03/15/2024 03:54:28
2332,2332,MiraFlex 1,Running,2024-03-15 03:54:28,2024-03-15 03:56:08,0 days 00:01:40,612.0,61554.0,62166.0,1,,541,0,03/15/2024 03:56:08
2333,2333,MiraFlex 1,Stop,2024-03-15 03:56:08,2024-03-15 04:05:48,0 days 00:09:40,31.0,62166.0,62197.0,0,,541,5072,03/15/2024 04:05:48
2334,2334,MiraFlex 1,Running,2024-03-15 04:05:48,2024-03-15 04:22:29,0 days 00:16:41,7719.0,62197.0,69916.0,1,,541,0,03/15/2024 04:22:29
2335,2335,MiraFlex 1,Stop,2024-03-15 04:22:29,2024-03-15 04:39:29,0 days 00:17:00,10.0,69916.0,69926.0,0,,541,5073,03/15/2024 04:39:29
2336,2336,MiraFlex 1,Running,2024-03-15 04:39:29,2024-03-15 04:44:49,0 days 00:05:20,2206.0,69926.0,72132.0,1,,541,0,03/15/2024 04:44:49
2337,2337,MiraFlex 1,Stop,2024-03-15 04:44:49,2024-03-15 05:57:29,0 days 01:12:40,30.0,72132.0,72162.0,0,,541,5074,03/15/2024 05:57:29
2338,2338,MiraFlex 1,Running,2024-03-15 05:57:29,2024-03-15 06:01:49,0 days 00:04:20,1742.0,72162.0,73904.0,1,,541,0,03/15/2024 06:01:49
2339,2339,MiraFlex 1,Stop,2024-03-15 06:01:49,2024-03-15 06:11:30,0 days 00:09:41,54.0,73904.0,73958.0,0,,541,5075,03/15/2024 06:11:30
2340,2340,MiraFlex 1,Running,2024-03-15 06:11:30,2024-03-15 06:21:50,0 days 00:10:20,4159.0,73958.0,78117.0,1,,541,0,03/15/2024 06:21:50
2341,2341,MiraFlex 1,Stop,2024-03-15 06:21:50,2024-03-15 06:34:30,0 days 00:12:40,44.0,78117.0,78161.0,0,,541,5076,03/15/2024 06:34:30
2342,2342,MiraFlex 1,Running,2024-03-15 06:34:30,2024-03-15 06:54:10,0 days 00:19:40,7851.0,78161.0,86012.0,1,,541,0,03/15/2024 06:54:10
2343,2343,MiraFlex 1,Stop,2024-03-15 06:54:10,2024-03-15 07:13:50,0 days 00:19:40,-85967.0,86012.0,45.0,0,,541,5077,03/15/2024 07:13:50
2344,2344,MiraFlex 1,Running,2024-03-15 07:13:50,2024-03-15 07:21:50,0 days 00:08:00,2836.0,45.0,2881.0,1,,541,0,03/15/2024 07:21:50
2345,2345,MiraFlex 1,Stop,2024-03-15 07:21:50,2024-03-15 07:33:50,0 days 00:12:00,31.0,2881.0,2912.0,0,,541,4974,03/15/2024 07:33:50
2346,2346,MiraFlex 1,Running,2024-03-15 07:33:50,2024-03-15 07:35:30,0 days 00:01:40,508.0,2912.0,3420.0,1,,541,0,03/15/2024 07:35:30
2347,2347,MiraFlex 1,Stop,2024-03-15 07:35:30,2024-03-15 07:36:50,0 days 00:01:20,42.0,3420.0,3462.0,0,,541,4975,03/15/2024 07:36:50
2348,2348,MiraFlex 1,Running,2024-03-15 07:36:50,2024-03-15 07:44:50,0 days 00:08:00,3034.0,3462.0,6496.0,1,,541,0,03/15/2024 07:44:50
2349,2349,MiraFlex 1,Stop,2024-03-15 07:44:50,2024-03-15 07:49:50,0 days 00:05:00,2.0,6496.0,6498.0,0,,541,4976,03/15/2024 07:49:50
2350,2350,MiraFlex 1,Running,2024-03-15 07:49:50,2024-03-15 08:01:10,0 days 00:11:20,4170.0,6498.0,10668.0,1,,541,0,03/15/2024 08:01:10
2351,2351,MiraFlex 1,Stop,2024-03-15 08:01:10,2024-03-15 09:17:11,0 days 01:16:01,11.0,10668.0,10679.0,0,,541,4977,03/15/2024 09:17:11
2352,2352,MiraFlex 1,Running,2024-03-15 09:17:11,2024-03-15 09:17:31,0 days 00:00:20,26.0,10679.0,10705.0,1,,541,0,03/15/2024 09:17:31
2353,2353,MiraFlex 1,Stop,2024-03-15 09:17:31,2024-03-15 09:20:11,0 days 00:02:40,36.0,10705.0,10741.0,0,,541,4978,03/15/2024 09:20:11
2354,2354,MiraFlex 1,Running,2024-03-15 09:20:11,2024-03-15 09:22:51,0 days 00:02:40,431.0,10741.0,11172.0,1,,541,0,03/15/2024 09:22:51
2355,2355,MiraFlex 1,Stop,2024-03-15 09:22:51,2024-03-15 09:27:31,0 days 00:04:40,9.0,11172.0,11181.0,0,,541,4979,03/15/2024 09:27:31
2356,2356,MiraFlex 1,Running,2024-03-15 09:27:31,2024-03-15 09:31:51,0 days 00:04:20,1586.0,11181.0,12767.0,1,,541,0,03/15/2024 09:31:51
2357,2357,MiraFlex 1,Stop,2024-03-15 09:31:51,2024-03-15 09:49:51,0 days 00:18:00,75.0,12767.0,12842.0,0,,541,4980,03/15/2024 09:49:51
2358,2358,MiraFlex 1,Running,2024-03-15 09:49:51,2024-03-15 09:54:31,0 days 00:04:40,1820.0,12842.0,14662.0,1,,541,0,03/15/2024 09:54:31
2359,2359,MiraFlex 1,Stop,2024-03-15 09:54:31,2024-03-15 09:58:31,0 days 00:04:00,40.0,14662.0,14702.0,0,,541,4981,03/15/2024 09:58:31
2360,2360,MiraFlex 1,Running,2024-03-15 09:58:31,2024-03-15 10:23:52,0 days 00:25:21,9959.0,14702.0,24661.0,1,,541,0,03/15/2024 10:23:52
2361,2361,MiraFlex 1,Stop,2024-03-15 10:23:52,2024-03-15 10:28:52,0 days 00:05:00,28.0,24661.0,24689.0,0,,541,4982,03/15/2024 10:28:52
2362,2362,MiraFlex 1,Running,2024-03-15 10:28:52,2024-03-15 10:37:52,0 days 00:09:00,3448.0,24689.0,28137.0,1,,541,0,03/15/2024 10:37:52
2363,2363,MiraFlex 1,Stop,2024-03-15 10:37:52,2024-03-15 11:07:32,0 days 00:29:40,5.0,28137.0,28142.0,0,,541,4983,03/15/2024 11:07:32
2364,2364,MiraFlex 1,Running,2024-03-15 11:07:32,2024-03-15 11:16:52,0 days 00:09:20,960.0,28142.0,29102.0,1,,541,0,03/15/2024 11:16:52
2365,2365,MiraFlex 1,Stop,2024-03-15 11:16:52,2024-03-15 11:37:52,0 days 00:21:00,76.0,29102.0,29178.0,0,,541,4984,03/15/2024 11:37:52
2366,2366,MiraFlex 1,Running,2024-03-15 11:37:52,2024-03-15 11:39:52,0 days 00:02:00,785.0,29178.0,29963.0,1,,541,0,03/15/2024 11:39:52
2367,2367,MiraFlex 1,Stop,2024-03-15 11:39:52,2024-03-15 11:58:12,0 days 00:18:20,3.0,29963.0,29966.0,0,,541,4985,03/15/2024 11:58:12
2368,2368,MiraFlex 1,Running,2024-03-15 11:58:12,2024-03-15 11:58:52,0 days 00:00:40,175.0,29966.0,30141.0,1,,541,0,03/15/2024 11:58:52
2369,2369,MiraFlex 1,Stop,2024-03-15 11:58:52,2024-03-15 12:20:13,0 days 00:21:21,55.0,30141.0,30196.0,0,,541,4986,03/15/2024 12:20:13
2370,2370,MiraFlex 1,Running,2024-03-15 12:20:13,2024-03-15 12:20:33,0 days 00:00:20,74.0,30196.0,30270.0,1,,541,0,03/15/2024 12:20:33
2371,2371,MiraFlex 1,Stop,2024-03-15 12:20:33,2024-03-15 12:52:13,0 days 00:31:40,2.0,30270.0,30272.0,0,,541,4987,03/15/2024 12:52:13
2372,2372,MiraFlex 1,Running,2024-03-15 12:52:13,2024-03-15 12:52:53,0 days 00:00:40,94.0,30272.0,30366.0,1,,541,0,03/15/2024 12:52:53
2373,2373,MiraFlex 1,Stop,2024-03-15 12:52:53,2024-03-15 12:53:33,0 days 00:00:40,20.0,30366.0,30386.0,0,,541,4988,03/15/2024 12:53:33
2374,2374,MiraFlex 1,Running,2024-03-15 12:53:33,2024-03-15 12:54:13,0 days 00:00:40,137.0,30386.0,30523.0,1,,541,0,03/15/2024 12:54:13
2375,2375,MiraFlex 1,Stop,2024-03-15 12:54:13,2024-03-15 12:56:13,0 days 00:02:00,45.0,30523.0,30568.0,0,,541,4989,03/15/2024 12:56:13
2376,2376,MiraFlex 1,Running,2024-03-15 12:56:13,2024-03-15 12:56:53,0 days 00:00:40,132.0,30568.0,30700.0,1,,541,0,03/15/2024 12:56:53
2377,2377,MiraFlex 1,Stop,2024-03-15 12:56:53,2024-03-15 13:03:33,0 days 00:06:40,10.0,30700.0,30710.0,0,,541,4990,03/15/2024 13:03:33
2378,2378,MiraFlex 1,Running,2024-03-15 13:03:33,2024-03-15 13:04:13,0 days 00:00:40,114.0,30710.0,30824.0,1,,541,0,03/15/2024 13:04:13
2379,2379,MiraFlex 1,Stop,2024-03-15 13:04:13,2024-03-15 14:05:34,0 days 01:01:21,69.0,30824.0,30893.0,0,,541,4991,03/15/2024 14:05:34
2380,2380,MiraFlex 1,Running,2024-03-15 14:05:34,2024-03-15 14:09:34,0 days 00:04:00,1498.0,30893.0,32391.0,1,,541,0,03/15/2024 14:09:34
2381,2381,MiraFlex 1,Stop,2024-03-15 14:09:34,2024-03-15 14:33:34,0 days 00:24:00,67.0,32391.0,32458.0,0,,541,4992,03/15/2024 14:33:34
2382,2382,MiraFlex 1,Running,2024-03-15 14:33:34,2024-03-15 14:48:54,0 days 00:15:20,5973.0,32458.0,38431.0,1,,541,0,03/15/2024 14:48:54
2383,2383,MiraFlex 1,Stop,2024-03-15 14:48:54,2024-03-15 15:15:14,0 days 00:26:20,-38414.0,38431.0,17.0,0,,541,5097,03/15/2024 15:15:14
2384,2384,MiraFlex 1,Running,2024-03-15 15:15:14,2024-03-15 15:27:54,0 days 00:12:40,4816.0,17.0,4833.0,1,,541,0,03/15/2024 15:27:54
2385,2385,MiraFlex 1,Stop,2024-03-15 15:27:54,2024-03-15 15:48:14,0 days 00:20:20,7.0,4833.0,4840.0,0,,541,4937,03/15/2024 15:48:14
2386,2386,MiraFlex 1,Running,2024-03-15 15:48:14,2024-03-15 15:53:14,0 days 00:05:00,1716.0,4840.0,6556.0,1,,541,0,03/15/2024 15:53:14
2387,2387,MiraFlex 1,Stop,2024-03-15 15:53:14,2024-03-15 15:54:54,0 days 00:01:40,26.0,6556.0,6582.0,0,,541,4938,03/15/2024 15:54:54
2388,2388,MiraFlex 1,Running,2024-03-15 15:54:54,2024-03-15 16:01:15,0 days 00:06:21,2404.0,6582.0,8986.0,1,,541,0,03/15/2024 16:01:15
2389,2389,MiraFlex 1,Stop,2024-03-15 16:01:15,2024-03-15 16:02:15,0 days 00:01:00,60.0,8986.0,9046.0,0,,541,4939,03/15/2024 16:02:15
2390,2390,MiraFlex 1,Running,2024-03-15 16:02:15,2024-03-15 16:11:55,0 days 00:09:40,3729.0,9046.0,12775.0,1,,541,0,03/15/2024 16:11:55
2391,2391,MiraFlex 1,Stop,2024-03-15 16:11:55,2024-03-15 16:13:35,0 days 00:01:40,92.0,12775.0,12867.0,0,,541,4940,03/15/2024 16:13:35
2392,2392,MiraFlex 1,Running,2024-03-15 16:13:35,2024-03-15 16:19:55,0 days 00:06:20,2465.0,12867.0,15332.0,1,,541,0,03/15/2024 16:19:55
2393,2393,MiraFlex 1,Stop,2024-03-15 16:19:55,2024-03-15 16:21:55,0 days 00:02:00,59.0,15332.0,15391.0,0,,541,4941,03/15/2024 16:21:55
2394,2394,MiraFlex 1,Running,2024-03-15 16:21:55,2024-03-15 16:26:15,0 days 00:04:20,1626.0,15391.0,17017.0,1,,541,0,03/15/2024 16:26:15
2395,2395,MiraFlex 1,Stop,2024-03-15 16:26:15,2024-03-15 16:43:15,0 days 00:17:00,1.0,17017.0,17018.0,0,,541,4942,03/15/2024 16:43:15
2396,2396,MiraFlex 1,Running,2024-03-15 16:43:15,2024-03-15 16:48:35,0 days 00:05:20,588.0,17018.0,17606.0,1,,541,0,03/15/2024 16:48:35
2397,2397,MiraFlex 1,Stop,2024-03-15 16:48:35,2024-03-15 17:13:55,0 days 00:25:20,25.0,17606.0,17631.0,0,,541,4943,03/15/2024 17:13:55
2398,2398,MiraFlex 1,Running,2024-03-15 17:13:55,2024-03-15 17:14:35,0 days 00:00:40,186.0,17631.0,17817.0,1,,541,0,03/15/2024 17:14:35
2399,2399,MiraFlex 1,Stop,2024-03-15 17:14:35,2024-03-15 17:18:15,0 days 00:03:40,11.0,17817.0,17828.0,0,,541,4944,03/15/2024 17:18:15
2400,2400,MiraFlex 1,Running,2024-03-15 17:18:15,2024-03-15 17:22:55,0 days 00:04:40,1764.0,17828.0,19592.0,1,,541,0,03/15/2024 17:22:55
2401,2401,MiraFlex 1,Stop,2024-03-15 17:22:55,2024-03-15 17:32:35,0 days 00:09:40,60.0,19592.0,19652.0,0,,541,4945,03/15/2024 17:32:35
2402,2402,MiraFlex 1,Running,2024-03-15 17:32:35,2024-03-15 17:33:35,0 days 00:01:00,295.0,19652.0,19947.0,1,,541,0,03/15/2024 17:33:35
2403,2403,MiraFlex 1,Stop,2024-03-15 17:33:35,2024-03-15 17:35:15,0 days 00:01:40,6.0,19947.0,19953.0,0,,541,4946,03/15/2024 17:35:15
2404,2404,MiraFlex 1,Running,2024-03-15 17:35:15,2024-03-15 17:37:35,0 days 00:02:20,905.0,19953.0,20858.0,1,,541,0,03/15/2024 17:37:35
2405,2405,MiraFlex 1,Stop,2024-03-15 17:37:35,2024-03-15 17:49:35,0 days 00:12:00,14.0,20858.0,20872.0,0,,541,4947,03/15/2024 17:49:35
2406,2406,MiraFlex 1,Running,2024-03-15 17:49:35,2024-03-15 17:55:55,0 days 00:06:20,2451.0,20872.0,23323.0,1,,541,0,03/15/2024 17:55:55
2407,2407,MiraFlex 1,Stop,2024-03-15 17:55:55,2024-03-15 18:16:16,0 days 00:20:21,9.0,23323.0,23332.0,0,,541,4948,03/15/2024 18:16:16
2408,2408,MiraFlex 1,Running,2024-03-15 18:16:16,2024-03-15 18:39:56,0 days 00:23:40,9418.0,23332.0,32750.0,1,,541,0,03/15/2024 18:39:56
2409,2409,MiraFlex 1,Stop,2024-03-15 18:39:56,2024-03-15 19:26:36,0 days 00:46:40,22.0,32750.0,32772.0,0,,541,4949,03/15/2024 19:26:36
2410,2410,MiraFlex 1,Running,2024-03-15 19:26:36,2024-03-15 19:28:36,0 days 00:02:00,677.0,32772.0,33449.0,1,,541,0,03/15/2024 19:28:36
2411,2411,MiraFlex 1,Stop,2024-03-15 19:28:36,2024-03-15 19:42:16,0 days 00:13:40,34.0,33449.0,33483.0,0,,541,4950,03/15/2024 19:42:16
2412,2412,MiraFlex 1,Running,2024-03-15 19:42:16,2024-03-15 19:52:16,0 days 00:10:00,3867.0,33483.0,37350.0,1,,541,0,03/15/2024 19:52:16
2413,2413,MiraFlex 1,Stop,2024-03-15 19:52:16,2024-03-15 20:08:57,0 days 00:16:41,43.0,37350.0,37393.0,0,,541,4951,03/15/2024 20:08:57
2414,2414,MiraFlex 1,Running,2024-03-15 20:08:57,2024-03-15 20:13:17,0 days 00:04:20,1505.0,37393.0,38898.0,1,,541,0,03/15/2024 20:13:17
2415,2415,MiraFlex 1,Stop,2024-03-15 20:13:17,2024-03-15 20:19:37,0 days 00:06:20,48.0,38898.0,38946.0,0,,541,4952,03/15/2024 20:19:37
2416,2416,MiraFlex 1,Running,2024-03-15 20:19:37,2024-03-15 20:20:57,0 days 00:01:20,456.0,38946.0,39402.0,1,,541,0,03/15/2024 20:20:57
2417,2417,MiraFlex 1,Stop,2024-03-15 20:20:57,2024-03-15 20:23:17,0 days 00:02:20,26.0,39402.0,39428.0,0,,541,4953,03/15/2024 20:23:17
2418,2418,MiraFlex 1,Running,2024-03-15 20:23:17,2024-03-15 20:57:57,0 days 00:34:40,13714.0,39428.0,53142.0,1,,541,0,03/15/2024 20:57:57
2419,2419,MiraFlex 1,Stop,2024-03-15 20:57:57,2024-03-15 21:12:17,0 days 00:14:20,35.0,53142.0,53177.0,0,,541,4954,03/15/2024 21:12:17
2420,2420,MiraFlex 1,Running,2024-03-15 21:12:17,2024-03-15 21:12:57,0 days 00:00:40,65.0,53177.0,53242.0,1,,541,0,03/15/2024 21:12:57
2421,2421,MiraFlex 1,Stop,2024-03-15 21:12:57,2024-03-15 21:13:37,0 days 00:00:40,51.0,53242.0,53293.0,0,,541,4955,03/15/2024 21:13:37
2422,2422,MiraFlex 1,Running,2024-03-15 21:13:37,2024-03-15 21:19:37,0 days 00:06:00,2377.0,53293.0,55670.0,1,,541,0,03/15/2024 21:19:37
2423,2423,MiraFlex 1,Stop,2024-03-15 21:19:37,2024-03-15 21:21:37,0 days 00:02:00,31.0,55670.0,55701.0,0,,541,4956,03/15/2024 21:21:37
2424,2424,MiraFlex 1,Running,2024-03-15 21:21:37,2024-03-15 21:21:57,0 days 00:00:20,11.0,55701.0,55712.0,1,,541,0,03/15/2024 21:21:57
2425,2425,MiraFlex 1,Stop,2024-03-15 21:21:57,2024-03-15 21:23:57,0 days 00:02:00,2.0,55712.0,55714.0,0,,541,4957,03/15/2024 21:23:57
2426,2426,MiraFlex 1,Running,2024-03-15 21:23:57,2024-03-15 21:24:57,0 days 00:01:00,89.0,55714.0,55803.0,1,,541,0,03/15/2024 21:24:57
2427,2427,MiraFlex 1,Stop,2024-03-15 21:24:57,2024-03-15 21:26:17,0 days 00:01:20,8.0,55803.0,55811.0,0,,541,4958,03/15/2024 21:26:17
2428,2428,MiraFlex 1,Running,2024-03-15 21:26:17,2024-03-15 21:26:57,0 days 00:00:40,72.0,55811.0,55883.0,1,,541,0,03/15/2024 21:26:57
2429,2429,MiraFlex 1,Stop,2024-03-15 21:26:57,2024-03-15 21:31:37,0 days 00:04:40,55.0,55883.0,55938.0,0,,541,4959,03/15/2024 21:31:37
2430,2430,MiraFlex 1,Running,2024-03-15 21:31:37,2024-03-15 21:31:57,0 days 00:00:20,9.0,55938.0,55947.0,1,,541,0,03/15/2024 21:31:57
2431,2431,MiraFlex 1,Stop,2024-03-15 21:31:57,2024-03-15 21:42:57,0 days 00:11:00,16.0,55947.0,55963.0,0,,541,4960,03/15/2024 21:42:57
2432,2432,MiraFlex 1,Running,2024-03-15 21:42:57,2024-03-15 21:53:57,0 days 00:11:00,3478.0,55963.0,59441.0,1,,541,0,03/15/2024 21:53:57
2433,2433,MiraFlex 1,Stop,2024-03-15 21:53:57,2024-03-15 22:01:38,0 days 00:07:41,19.0,59441.0,59460.0,0,,541,4961,03/15/2024 22:01:38
2434,2434,MiraFlex 1,Running,2024-03-15 22:01:38,2024-03-15 22:09:58,0 days 00:08:20,3210.0,59460.0,62670.0,1,,541,0,03/15/2024 22:09:58
2435,2435,MiraFlex 1,Stop,2024-03-15 22:09:58,2024-03-15 22:13:18,0 days 00:03:20,38.0,62670.0,62708.0,0,,541,4962,03/15/2024 22:13:18
2436,2436,MiraFlex 1,Running,2024-03-15 22:13:18,2024-03-15 22:41:58,0 days 00:28:40,11349.0,62708.0,74057.0,1,,541,0,03/15/2024 22:41:58
2437,2437,MiraFlex 1,Stop,2024-03-15 22:41:58,2024-03-15 22:44:58,0 days 00:03:00,75.0,74057.0,74132.0,0,,541,4963,03/15/2024 22:44:58
2438,2438,MiraFlex 1,Running,2024-03-15 22:44:58,2024-03-15 23:00:58,0 days 00:16:00,-73926.0,74132.0,206.0,1,,541,0,03/15/2024 23:00:58
2439,2439,MiraFlex 1,Stop,2024-03-15 23:00:58,2024-03-15 23:22:58,0 days 00:22:00,46.0,206.0,252.0,0,,541,5125,03/15/2024 23:22:58
2440,2440,MiraFlex 1,Running,2024-03-15 23:22:58,2024-03-15 23:55:39,0 days 00:32:41,12924.0,252.0,13176.0,1,,541,0,03/15/2024 23:55:39
2441,2441,MiraFlex 1,Stop,2024-03-15 23:55:39,2024-03-16 00:01:39,0 days 00:06:00,29.0,13176.0,13205.0,0,,541,0,03/16/2024 00:01:39
2442,2442,MiraFlex 1,Running,2024-03-16 00:01:39,2024-03-16 00:04:19,0 days 00:02:40,982.0,13205.0,14187.0,1,,541,0,03/16/2024 00:04:19
2443,2443,MiraFlex 1,Stop,2024-03-16 00:04:19,2024-03-16 00:12:39,0 days 00:08:20,56.0,14187.0,14243.0,0,,541,4911,03/16/2024 00:12:39
2444,2444,MiraFlex 1,Running,2024-03-16 00:12:39,2024-03-16 00:38:19,0 days 00:25:40,10121.0,14243.0,24364.0,1,,541,0,03/16/2024 00:38:19
2445,2445,MiraFlex 1,Stop,2024-03-16 00:38:19,2024-03-16 00:56:39,0 days 00:18:20,0.0,24364.0,24364.0,0,,541,4912,03/16/2024 00:56:39
2446,2446,MiraFlex 1,Running,2024-03-16 00:56:39,2024-03-16 00:59:39,0 days 00:03:00,1135.0,24364.0,25499.0,1,,541,0,03/16/2024 00:59:39
2447,2447,MiraFlex 1,Stop,2024-03-16 00:59:39,2024-03-16 01:02:19,0 days 00:02:40,60.0,25499.0,25559.0,0,,541,4913,03/16/2024 01:02:19
2448,2448,MiraFlex 1,Running,2024-03-16 01:02:19,2024-03-16 01:05:19,0 days 00:03:00,1067.0,25559.0,26626.0,1,,541,0,03/16/2024 01:05:19
2449,2449,MiraFlex 1,Stop,2024-03-16 01:05:19,2024-03-16 01:08:19,0 days 00:03:00,12.0,26626.0,26638.0,0,,541,4914,03/16/2024 01:08:19
2450,2450,MiraFlex 1,Running,2024-03-16 01:08:19,2024-03-16 01:15:59,0 days 00:07:40,2888.0,26638.0,29526.0,1,,541,0,03/16/2024 01:15:59
2451,2451,MiraFlex 1,Stop,2024-03-16 01:15:59,2024-03-16 01:56:40,0 days 00:40:41,24.0,29526.0,29550.0,0,,541,4915,03/16/2024 01:56:40
2452,2452,MiraFlex 1,Running,2024-03-16 01:56:40,2024-03-16 02:05:00,0 days 00:08:20,3241.0,29550.0,32791.0,1,,541,0,03/16/2024 02:05:00
2453,2453,MiraFlex 1,Stop,2024-03-16 02:05:00,2024-03-16 02:08:40,0 days 00:03:40,14.0,32791.0,32805.0,0,,541,4916,03/16/2024 02:08:40
2454,2454,MiraFlex 1,Running,2024-03-16 02:08:40,2024-03-16 02:10:20,0 days 00:01:40,603.0,32805.0,33408.0,1,,541,0,03/16/2024 02:10:20
2455,2455,MiraFlex 1,Stop,2024-03-16 02:10:20,2024-03-16 02:16:00,0 days 00:05:40,1.0,33408.0,33409.0,0,,541,4917,03/16/2024 02:16:00
2456,2456,MiraFlex 1,Running,2024-03-16 02:16:00,2024-03-16 02:21:00,0 days 00:05:00,1827.0,33409.0,35236.0,1,,541,0,03/16/2024 02:21:00
2457,2457,MiraFlex 1,Stop,2024-03-16 02:21:00,2024-03-16 02:27:20,0 days 00:06:20,14.0,35236.0,35250.0,0,,541,4918,03/16/2024 02:27:20
2458,2458,MiraFlex 1,Running,2024-03-16 02:27:20,2024-03-16 02:32:20,0 days 00:05:00,1860.0,35250.0,37110.0,1,,541,0,03/16/2024 02:32:20
2459,2459,MiraFlex 1,Stop,2024-03-16 02:32:20,2024-03-16 02:36:20,0 days 00:04:00,68.0,37110.0,37178.0,0,,541,4919,03/16/2024 02:36:20
2460,2460,MiraFlex 1,Running,2024-03-16 02:36:20,2024-03-16 02:41:00,0 days 00:04:40,1806.0,37178.0,38984.0,1,,541,0,03/16/2024 02:41:00
2461,2461,MiraFlex 1,Stop,2024-03-16 02:41:00,2024-03-16 02:42:40,0 days 00:01:40,61.0,38984.0,39045.0,0,,541,4920,03/16/2024 02:42:40
2462,2462,MiraFlex 1,Running,2024-03-16 02:42:40,2024-03-16 02:47:20,0 days 00:04:40,1748.0,39045.0,40793.0,1,,541,0,03/16/2024 02:47:20
2463,2463,MiraFlex 1,Stop,2024-03-16 02:47:20,2024-03-16 03:01:40,0 days 00:14:20,11.0,40793.0,40804.0,0,,541,4921,03/16/2024 03:01:40
2464,2464,MiraFlex 1,Running,2024-03-16 03:01:40,2024-03-16 03:02:00,0 days 00:00:20,1.0,40804.0,40805.0,1,,541,0,03/16/2024 03:02:00
2465,2465,MiraFlex 1,Stop,2024-03-16 03:02:00,2024-03-16 03:02:20,0 days 00:00:20,9.0,40805.0,40814.0,0,,541,4922,03/16/2024 03:02:20
2466,2466,MiraFlex 1,Running,2024-03-16 03:02:20,2024-03-16 03:10:40,0 days 00:08:20,996.0,40814.0,41810.0,1,,541,0,03/16/2024 03:10:40
2467,2467,MiraFlex 1,Stop,2024-03-16 03:10:40,2024-03-16 03:11:00,0 days 00:00:20,20.0,41810.0,41830.0,0,,541,4923,03/16/2024 03:11:00
2468,2468,MiraFlex 1,Running,2024-03-16 03:11:00,2024-03-16 03:12:20,0 days 00:01:20,126.0,41830.0,41956.0,1,,541,0,03/16/2024 03:12:20
2469,2469,MiraFlex 1,Stop,2024-03-16 03:12:20,2024-03-16 03:13:20,0 days 00:01:00,14.0,41956.0,41970.0,0,,541,4924,03/16/2024 03:13:20
2470,2470,MiraFlex 1,Running,2024-03-16 03:13:20,2024-03-16 03:14:00,0 days 00:00:40,138.0,41970.0,42108.0,1,,541,0,03/16/2024 03:14:00
2471,2471,MiraFlex 1,Stop,2024-03-16 03:14:00,2024-03-16 03:43:40,0 days 00:29:40,68.0,42108.0,42176.0,0,,541,4925,03/16/2024 03:43:40
2472,2472,MiraFlex 1,Running,2024-03-16 03:43:40,2024-03-16 03:48:00,0 days 00:04:20,1680.0,42176.0,43856.0,1,,541,0,03/16/2024 03:48:00
2473,2473,MiraFlex 1,Stop,2024-03-16 03:48:00,2024-03-16 04:02:21,0 days 00:14:21,19.0,43856.0,43875.0,0,,541,4926,03/16/2024 04:02:21
2474,2474,MiraFlex 1,Running,2024-03-16 04:02:21,2024-03-16 04:03:01,0 days 00:00:40,156.0,43875.0,44031.0,1,,541,0,03/16/2024 04:03:01
2475,2475,MiraFlex 1,Stop,2024-03-16 04:03:01,2024-03-16 04:12:41,0 days 00:09:40,25.0,44031.0,44056.0,0,,541,4927,03/16/2024 04:12:41
2476,2476,MiraFlex 1,Running,2024-03-16 04:12:41,2024-03-16 04:17:41,0 days 00:05:00,1860.0,44056.0,45916.0,1,,541,0,03/16/2024 04:17:41
2477,2477,MiraFlex 1,Stop,2024-03-16 04:17:41,2024-03-16 04:20:21,0 days 00:02:40,2.0,45916.0,45918.0,0,,541,4928,03/16/2024 04:20:21
2478,2478,MiraFlex 1,Running,2024-03-16 04:20:21,2024-03-16 04:27:21,0 days 00:07:00,2585.0,45918.0,48503.0,1,,541,0,03/16/2024 04:27:21
2479,2479,MiraFlex 1,Stop,2024-03-16 04:27:21,2024-03-16 04:31:41,0 days 00:04:20,17.0,48503.0,48520.0,0,,541,4929,03/16/2024 04:31:41
2480,2480,MiraFlex 1,Running,2024-03-16 04:31:41,2024-03-16 04:48:41,0 days 00:17:00,6649.0,48520.0,55169.0,1,,541,0,03/16/2024 04:48:41
2481,2481,MiraFlex 1,Stop,2024-03-16 04:48:41,2024-03-16 05:57:22,0 days 01:08:41,48.0,55169.0,55217.0,0,,541,4930,03/16/2024 05:57:22
2482,2482,MiraFlex 1,Running,2024-03-16 05:57:22,2024-03-16 06:14:02,0 days 00:16:40,6622.0,55217.0,61839.0,1,,541,0,03/16/2024 06:14:02
2483,2483,MiraFlex 1,Stop,2024-03-16 06:14:02,2024-03-16 06:16:22,0 days 00:02:20,4.0,61839.0,61843.0,0,,541,4931,03/16/2024 06:16:22
2484,2484,MiraFlex 1,Running,2024-03-16 06:16:22,2024-03-16 06:23:42,0 days 00:07:20,2815.0,61843.0,64658.0,1,,541,0,03/16/2024 06:23:42
2485,2485,MiraFlex 1,Stop,2024-03-16 06:23:42,2024-03-16 06:25:42,0 days 00:02:00,3.0,64658.0,64661.0,0,,541,4932,03/16/2024 06:25:42
2486,2486,MiraFlex 1,Running,2024-03-16 06:25:42,2024-03-16 06:40:42,0 days 00:15:00,5801.0,64661.0,70462.0,1,,541,0,03/16/2024 06:40:42
2487,2487,MiraFlex 1,Stop,2024-03-16 06:40:42,2024-03-16 06:45:42,0 days 00:05:00,44.0,70462.0,70506.0,0,,541,4933,03/16/2024 06:45:42
2488,2488,MiraFlex 1,Running,2024-03-16 06:45:42,2024-03-16 10:35:24,0 days 03:49:42,-21586.0,70506.0,48920.0,1,,541,0,03/16/2024 10:35:24
2489,2489,MiraFlex 1,Stop,2024-03-16 10:35:24,2024-03-16 10:38:24,0 days 00:03:00,51.0,48920.0,48971.0,0,,541,4934,03/16/2024 10:38:24
2490,2490,MiraFlex 1,Running,2024-03-16 10:38:24,2024-03-16 10:41:04,0 days 00:02:40,783.0,48971.0,49754.0,1,,541,0,03/16/2024 10:41:04
2491,2491,MiraFlex 1,Stop,2024-03-16 10:41:04,2024-03-16 10:44:44,0 days 00:03:40,55.0,49754.0,49809.0,0,,541,4935,03/16/2024 10:44:44
2492,2492,MiraFlex 1,Running,2024-03-16 10:44:44,2024-03-16 11:03:44,0 days 00:19:00,-43825.0,49809.0,5984.0,1,,541,0,03/16/2024 11:03:44
2493,2493,MiraFlex 1,Stop,2024-03-16 11:03:44,2024-03-16 11:06:44,0 days 00:03:00,41.0,5984.0,6025.0,0,,542,4964,03/16/2024 11:06:44
2494,2494,MiraFlex 1,Running,2024-03-16 11:06:44,2024-03-16 11:09:24,0 days 00:02:40,935.0,6025.0,6960.0,1,,542,0,03/16/2024 11:09:24
2495,2495,MiraFlex 1,Stop,2024-03-16 11:09:24,2024-03-16 11:15:04,0 days 00:05:40,57.0,6960.0,7017.0,0,,542,4965,03/16/2024 11:15:04
2496,2496,MiraFlex 1,Running,2024-03-16 11:15:04,2024-03-16 11:26:44,0 days 00:11:40,4521.0,7017.0,11538.0,1,,542,0,03/16/2024 11:26:44
2497,2497,MiraFlex 1,Stop,2024-03-16 11:26:44,2024-03-16 11:31:04,0 days 00:04:20,19.0,11538.0,11557.0,0,,542,4966,03/16/2024 11:31:04
2498,2498,MiraFlex 1,Running,2024-03-16 11:31:04,2024-03-16 11:31:44,0 days 00:00:40,161.0,11557.0,11718.0,1,,542,0,03/16/2024 11:31:44
2499,2499,MiraFlex 1,Stop,2024-03-16 11:31:44,2024-03-16 11:34:24,0 days 00:02:40,19.0,11718.0,11737.0,0,,542,4967,03/16/2024 11:34:24
2500,2500,MiraFlex 1,Running,2024-03-16 11:34:24,2024-03-16 11:35:04,0 days 00:00:40,28.0,11737.0,11765.0,1,,542,0,03/16/2024 11:35:04
2501,2501,MiraFlex 1,Stop,2024-03-16 11:35:04,2024-03-16 11:37:24,0 days 00:02:20,50.0,11765.0,11815.0,0,,542,4968,03/16/2024 11:37:24
2502,2502,MiraFlex 1,Running,2024-03-16 11:37:24,2024-03-16 11:44:04,0 days 00:06:40,2618.0,11815.0,14433.0,1,,542,0,03/16/2024 11:44:04
2503,2503,MiraFlex 1,Stop,2024-03-16 11:44:04,2024-03-16 11:47:25,0 days 00:03:21,26.0,14433.0,14459.0,0,,542,4969,03/16/2024 11:47:25
2504,2504,MiraFlex 1,Running,2024-03-16 11:47:25,2024-03-16 12:05:45,0 days 00:18:20,7112.0,14459.0,21571.0,1,,542,0,03/16/2024 12:05:45
2505,2505,MiraFlex 1,Stop,2024-03-16 12:05:45,2024-03-16 12:07:25,0 days 00:01:40,7.0,21571.0,21578.0,0,,542,4970,03/16/2024 12:07:25
2506,2506,MiraFlex 1,Running,2024-03-16 12:07:25,2024-03-16 13:52:26,0 days 01:45:01,38086.0,21578.0,59664.0,1,,542,0,03/16/2024 13:52:26
2507,2507,MiraFlex 1,Stop,2024-03-16 13:52:26,2024-03-16 14:06:06,0 days 00:13:40,4.0,59664.0,59668.0,0,,542,4971,03/16/2024 14:06:06
2508,2508,MiraFlex 1,Running,2024-03-16 14:06:06,2024-03-16 14:15:06,0 days 00:09:00,1137.0,59668.0,60805.0,1,,542,0,03/16/2024 14:15:06
2509,2509,MiraFlex 1,Stop,2024-03-16 14:15:06,2024-03-16 14:41:26,0 days 00:26:20,8.0,60805.0,60813.0,0,,542,4972,03/16/2024 14:41:26
2510,2510,MiraFlex 1,Running,2024-03-16 14:41:26,2024-03-16 14:58:26,0 days 00:17:00,6332.0,60813.0,67145.0,1,,542,0,03/16/2024 14:58:26
2511,2511,MiraFlex 1,Stop,2024-03-16 14:58:26,2024-03-16 15:27:26,0 days 00:29:00,-67081.0,67145.0,64.0,0,,542,0,03/16/2024 15:27:26
2512,2512,MiraFlex 1,Running,2024-03-16 15:27:26,2024-03-16 16:09:27,0 days 00:42:01,16832.0,64.0,16896.0,1,,542,0,03/16/2024 16:09:27
2513,2513,MiraFlex 1,Stop,2024-03-16 16:09:27,2024-03-16 16:12:47,0 days 00:03:20,48.0,16896.0,16944.0,0,,542,4994,03/16/2024 16:12:47
2514,2514,MiraFlex 1,Running,2024-03-16 16:12:47,2024-03-16 18:13:48,0 days 02:01:01,49742.0,16944.0,66686.0,1,,542,0,03/16/2024 18:13:48
2515,2515,MiraFlex 1,Stop,2024-03-16 18:13:48,2024-03-16 18:24:48,0 days 00:11:00,10.0,66686.0,66696.0,0,,542,4995,03/16/2024 18:24:48
2516,2516,MiraFlex 1,Running,2024-03-16 18:24:48,2024-03-16 18:29:28,0 days 00:04:40,449.0,66696.0,67145.0,1,,542,0,03/16/2024 18:29:28
2517,2517,MiraFlex 1,Stop,2024-03-16 18:29:28,2024-03-16 19:00:28,0 days 00:31:00,35.0,67145.0,67180.0,0,,542,4996,03/16/2024 19:00:28
2518,2518,MiraFlex 1,Running,2024-03-16 19:00:28,2024-03-16 19:00:48,0 days 00:00:20,41.0,67180.0,67221.0,1,,542,0,03/16/2024 19:00:48
2519,2519,MiraFlex 1,Stop,2024-03-16 19:00:48,2024-03-16 19:28:08,0 days 00:27:20,62.0,67221.0,67283.0,0,,542,4997,03/16/2024 19:28:08
2520,2520,MiraFlex 1,Running,2024-03-16 19:28:08,2024-03-16 19:29:48,0 days 00:01:40,623.0,67283.0,67906.0,1,,542,0,03/16/2024 19:29:48
2521,2521,MiraFlex 1,Stop,2024-03-16 19:29:48,2024-03-16 19:48:09,0 days 00:18:21,8.0,67906.0,67914.0,0,,542,4998,03/16/2024 19:48:09
2522,2522,MiraFlex 1,Running,2024-03-16 19:48:09,2024-03-16 20:18:29,0 days 00:30:20,12040.0,67914.0,79954.0,1,,542,0,03/16/2024 20:18:29
2523,2523,MiraFlex 1,Stop,2024-03-16 20:18:29,2024-03-16 20:19:29,0 days 00:01:00,68.0,79954.0,80022.0,0,,542,4999,03/16/2024 20:19:29
2524,2524,MiraFlex 1,Running,2024-03-16 20:19:29,2024-03-16 20:21:29,0 days 00:02:00,719.0,80022.0,80741.0,1,,542,0,03/16/2024 20:21:29
2525,2525,MiraFlex 1,Stop,2024-03-16 20:21:29,2024-03-16 20:25:29,0 days 00:04:00,40.0,80741.0,80781.0,0,,542,5000,03/16/2024 20:25:29
2526,2526,MiraFlex 1,Running,2024-03-16 20:25:29,2024-03-16 20:37:09,0 days 00:11:40,4829.0,80781.0,85610.0,1,,542,0,03/16/2024 20:37:09
2527,2527,MiraFlex 1,Stop,2024-03-16 20:37:09,2024-03-16 20:51:49,0 days 00:14:40,59.0,85610.0,85669.0,0,,542,5001,03/16/2024 20:51:49
2528,2528,MiraFlex 1,Running,2024-03-16 20:51:49,2024-03-16 21:18:09,0 days 00:26:20,10393.0,85669.0,96062.0,1,,542,0,03/16/2024 21:18:09
2529,2529,MiraFlex 1,Stop,2024-03-16 21:18:09,2024-03-16 21:18:49,0 days 00:00:40,20.0,96062.0,96082.0,0,,542,5002,03/16/2024 21:18:49
2530,2530,MiraFlex 1,Running,2024-03-16 21:18:49,2024-03-16 23:03:50,0 days 01:45:01,-94447.0,96082.0,1635.0,1,,542,0,03/16/2024 23:03:50
2531,2531,MiraFlex 1,Stop,2024-03-16 23:03:50,2024-03-17 00:50:31,0 days 01:46:41,4.0,1635.0,1639.0,0,,542,0,03/17/2024 00:50:31
2532,2532,MiraFlex 1,Running,2024-03-17 00:50:31,2024-03-17 00:53:11,0 days 00:02:40,215.0,1639.0,1854.0,1,,542,0,03/17/2024 00:53:11
2533,2533,MiraFlex 1,Stop,2024-03-17 00:53:11,2024-03-17 00:54:31,0 days 00:01:20,17.0,1854.0,1871.0,0,,542,5163,03/17/2024 00:54:31
2534,2534,MiraFlex 1,Running,2024-03-17 00:54:31,2024-03-17 00:58:11,0 days 00:03:40,562.0,1871.0,2433.0,1,,542,0,03/17/2024 00:58:11
2535,2535,MiraFlex 1,Stop,2024-03-17 00:58:11,2024-03-17 01:00:11,0 days 00:02:00,32.0,2433.0,2465.0,0,,542,5164,03/17/2024 01:00:11
2536,2536,MiraFlex 1,Running,2024-03-17 01:00:11,2024-03-17 01:02:11,0 days 00:02:00,301.0,2465.0,2766.0,1,,542,0,03/17/2024 01:02:11
2537,2537,MiraFlex 1,Stop,2024-03-17 01:02:11,2024-03-17 01:38:12,0 days 00:36:01,15.0,2766.0,2781.0,0,,542,5165,03/17/2024 01:38:12
2538,2538,MiraFlex 1,Running,2024-03-17 01:38:12,2024-03-17 01:38:52,0 days 00:00:40,64.0,2781.0,2845.0,1,,542,0,03/17/2024 01:38:52
2539,2539,MiraFlex 1,Stop,2024-03-17 01:38:52,2024-03-17 01:39:52,0 days 00:01:00,13.0,2845.0,2858.0,0,,542,5166,03/17/2024 01:39:52
2540,2540,MiraFlex 1,Running,2024-03-17 01:39:52,2024-03-17 01:42:32,0 days 00:02:40,282.0,2858.0,3140.0,1,,542,0,03/17/2024 01:42:32
2541,2541,MiraFlex 1,Stop,2024-03-17 01:42:32,2024-03-17 01:44:32,0 days 00:02:00,50.0,3140.0,3190.0,0,,542,5167,03/17/2024 01:44:32
2542,2542,MiraFlex 1,Running,2024-03-17 01:44:32,2024-03-17 01:45:12,0 days 00:00:40,98.0,3190.0,3288.0,1,,542,0,03/17/2024 01:45:12
2543,2543,MiraFlex 1,Stop,2024-03-17 01:45:12,2024-03-17 01:58:52,0 days 00:13:40,28.0,3288.0,3316.0,0,,542,5168,03/17/2024 01:58:52
2544,2544,MiraFlex 1,Running,2024-03-17 01:58:52,2024-03-17 01:59:12,0 days 00:00:20,63.0,3316.0,3379.0,1,,542,0,03/17/2024 01:59:12
2545,2545,MiraFlex 1,Stop,2024-03-17 01:59:12,2024-03-17 02:11:52,0 days 00:12:40,7.0,3379.0,3386.0,0,,542,5169,03/17/2024 02:11:52
2546,2546,MiraFlex 1,Running,2024-03-17 02:11:52,2024-03-17 02:18:32,0 days 00:06:40,2263.0,3386.0,5649.0,1,,542,0,03/17/2024 02:18:32
2547,2547,MiraFlex 1,Stop,2024-03-17 02:18:32,2024-03-17 02:28:52,0 days 00:10:20,4.0,5649.0,5653.0,0,,542,5170,03/17/2024 02:28:52
2548,2548,MiraFlex 1,Running,2024-03-17 02:28:52,2024-03-17 02:36:52,0 days 00:08:00,1089.0,5653.0,6742.0,1,,542,0,03/17/2024 02:36:52
2549,2549,MiraFlex 1,Stop,2024-03-17 02:36:52,2024-03-17 02:42:12,0 days 00:05:20,7.0,6742.0,6749.0,0,,542,5171,03/17/2024 02:42:12
2550,2550,MiraFlex 1,Running,2024-03-17 02:42:12,2024-03-17 02:42:32,0 days 00:00:20,49.0,6749.0,6798.0,1,,542,0,03/17/2024 02:42:32
2551,2551,MiraFlex 1,Stop,2024-03-17 02:42:32,2024-03-17 02:45:12,0 days 00:02:40,56.0,6798.0,6854.0,0,,542,5172,03/17/2024 02:45:12
2552,2552,MiraFlex 1,Running,2024-03-17 02:45:12,2024-03-17 02:45:32,0 days 00:00:20,10.0,6854.0,6864.0,1,,542,0,03/17/2024 02:45:32
2553,2553,MiraFlex 1,Stop,2024-03-17 02:45:32,2024-03-17 02:48:32,0 days 00:03:00,3.0,6864.0,6867.0,0,,542,5173,03/17/2024 02:48:32
2554,2554,MiraFlex 1,Running,2024-03-17 02:48:32,2024-03-17 02:48:52,0 days 00:00:20,50.0,6867.0,6917.0,1,,542,0,03/17/2024 02:48:52
2555,2555,MiraFlex 1,Stop,2024-03-17 02:48:52,2024-03-17 03:05:32,0 days 00:16:40,41.0,6917.0,6958.0,0,,542,5174,03/17/2024 03:05:32
2556,2556,MiraFlex 1,Running,2024-03-17 03:05:32,2024-03-17 03:05:52,0 days 00:00:20,40.0,6958.0,6998.0,1,,542,0,03/17/2024 03:05:52
2557,2557,MiraFlex 1,Stop,2024-03-17 03:05:52,2024-03-17 03:22:52,0 days 00:17:00,65.0,6998.0,7063.0,0,,542,5175,03/17/2024 03:22:52
2558,2558,MiraFlex 1,Running,2024-03-17 03:22:52,2024-03-17 03:23:12,0 days 00:00:20,0.0,7063.0,7063.0,1,,542,0,03/17/2024 03:23:12
2559,2559,MiraFlex 1,Stop,2024-03-17 03:23:12,2024-03-17 03:46:33,0 days 00:23:21,44.0,7063.0,7107.0,0,,542,5176,03/17/2024 03:46:33
2560,2560,MiraFlex 1,Running,2024-03-17 03:46:33,2024-03-17 03:46:53,0 days 00:00:20,54.0,7107.0,7161.0,1,,542,0,03/17/2024 03:46:53
2561,2561,MiraFlex 1,Stop,2024-03-17 03:46:53,2024-03-17 04:02:53,0 days 00:16:00,25.0,7161.0,7186.0,0,,542,5177,03/17/2024 04:02:53
2562,2562,MiraFlex 1,Running,2024-03-17 04:02:53,2024-03-17 04:10:13,0 days 00:07:20,2146.0,7186.0,9332.0,1,,542,0,03/17/2024 04:10:13
2563,2563,MiraFlex 1,Stop,2024-03-17 04:10:13,2024-03-17 04:16:53,0 days 00:06:40,43.0,9332.0,9375.0,0,,542,5178,03/17/2024 04:16:53
2564,2564,MiraFlex 1,Running,2024-03-17 04:16:53,2024-03-17 04:25:53,0 days 00:09:00,2657.0,9375.0,12032.0,1,,542,0,03/17/2024 04:25:53
2565,2565,MiraFlex 1,Stop,2024-03-17 04:25:53,2024-03-17 04:39:13,0 days 00:13:20,18.0,12032.0,12050.0,0,,542,5179,03/17/2024 04:39:13
2566,2566,MiraFlex 1,Running,2024-03-17 04:39:13,2024-03-17 04:49:13,0 days 00:10:00,2898.0,12050.0,14948.0,1,,542,0,03/17/2024 04:49:13
2567,2567,MiraFlex 1,Stop,2024-03-17 04:49:13,2024-03-17 05:58:34,0 days 01:09:21,16.0,14948.0,14964.0,0,,542,5180,03/17/2024 05:58:34
2568,2568,MiraFlex 1,Running,2024-03-17 05:58:34,2024-03-17 06:01:14,0 days 00:02:40,744.0,14964.0,15708.0,1,,542,0,03/17/2024 06:01:14
2569,2569,MiraFlex 1,Stop,2024-03-17 06:01:14,2024-03-17 06:04:14,0 days 00:03:00,50.0,15708.0,15758.0,0,,542,5181,03/17/2024 06:04:14
2570,2570,MiraFlex 1,Running,2024-03-17 06:04:14,2024-03-17 06:44:14,0 days 00:40:00,11889.0,15758.0,27647.0,1,,542,0,03/17/2024 06:44:14
2571,2571,MiraFlex 1,Stop,2024-03-17 06:44:14,2024-03-17 07:23:14,0 days 00:39:00,-27630.0,27647.0,17.0,0,,542,5182,03/17/2024 07:23:14
2572,2572,MiraFlex 1,Running,2024-03-17 07:23:14,2024-03-17 08:08:35,0 days 00:45:21,1671.0,17.0,1688.0,1,,542,0,03/17/2024 08:08:35
2573,2573,MiraFlex 1,Stop,2024-03-17 08:08:35,2024-03-17 08:50:35,0 days 00:42:00,23.0,1688.0,1711.0,0,,542,5004,03/17/2024 08:50:35
2574,2574,MiraFlex 1,Running,2024-03-17 08:50:35,2024-03-17 08:51:55,0 days 00:01:20,256.0,1711.0,1967.0,1,,542,0,03/17/2024 08:51:55
2575,2575,MiraFlex 1,Stop,2024-03-17 08:51:55,2024-03-17 08:59:15,0 days 00:07:20,11.0,1967.0,1978.0,0,,542,5005,03/17/2024 08:59:15
2576,2576,MiraFlex 1,Running,2024-03-17 08:59:15,2024-03-17 09:06:35,0 days 00:07:20,2780.0,1978.0,4758.0,1,,542,0,03/17/2024 09:06:35
2577,2577,MiraFlex 1,Stop,2024-03-17 09:06:35,2024-03-17 09:09:55,0 days 00:03:20,42.0,4758.0,4800.0,0,,542,5006,03/17/2024 09:09:55
2578,2578,MiraFlex 1,Running,2024-03-17 09:09:55,2024-03-17 09:52:56,0 days 00:43:01,16832.0,4800.0,21632.0,1,,542,0,03/17/2024 09:52:56
2579,2579,MiraFlex 1,Stop,2024-03-17 09:52:56,2024-03-17 10:06:56,0 days 00:14:00,52.0,21632.0,21684.0,0,,542,5007,03/17/2024 10:06:56
2580,2580,MiraFlex 1,Running,2024-03-17 10:06:56,2024-03-17 11:41:57,0 days 01:35:01,36139.0,21684.0,57823.0,1,,542,0,03/17/2024 11:41:57
2581,2581,MiraFlex 1,Stop,2024-03-17 11:41:57,2024-03-17 11:56:17,0 days 00:14:20,31.0,57823.0,57854.0,0,,542,5008,03/17/2024 11:56:17
2582,2582,MiraFlex 1,Running,2024-03-17 11:56:17,2024-03-17 12:50:57,0 days 00:54:40,21501.0,57854.0,79355.0,1,,542,0,03/17/2024 12:50:57
2583,2583,MiraFlex 1,Stop,2024-03-17 12:50:57,2024-03-17 13:01:17,0 days 00:10:20,61.0,79355.0,79416.0,0,,542,5009,03/17/2024 13:01:17
2584,2584,MiraFlex 1,Running,2024-03-17 13:01:17,2024-03-17 13:31:38,0 days 00:30:21,11955.0,79416.0,91371.0,1,,542,0,03/17/2024 13:31:38
2585,2585,MiraFlex 1,Stop,2024-03-17 13:31:38,2024-03-17 13:40:18,0 days 00:08:40,13.0,91371.0,91384.0,0,,542,5010,03/17/2024 13:40:18
2586,2586,MiraFlex 1,Running,2024-03-17 13:40:18,2024-03-17 13:48:38,0 days 00:08:20,911.0,91384.0,92295.0,1,,542,0,03/17/2024 13:48:38
2587,2587,MiraFlex 1,Stop,2024-03-17 13:48:38,2024-03-17 14:17:58,0 days 00:29:20,41.0,92295.0,92336.0,0,,542,5011,03/17/2024 14:17:58
2588,2588,MiraFlex 1,Running,2024-03-17 14:17:58,2024-03-17 14:19:38,0 days 00:01:40,358.0,92336.0,92694.0,1,,542,0,03/17/2024 14:19:38
2589,2589,MiraFlex 1,Stop,2024-03-17 14:19:38,2024-03-17 14:24:38,0 days 00:05:00,5.0,92694.0,92699.0,0,,542,5012,03/17/2024 14:24:38
2590,2590,MiraFlex 1,Running,2024-03-17 14:24:38,2024-03-17 14:27:38,0 days 00:03:00,1025.0,92699.0,93724.0,1,,542,0,03/17/2024 14:27:38
2591,2591,MiraFlex 1,Stop,2024-03-17 14:27:38,2024-03-17 14:42:58,0 days 00:15:20,9.0,93724.0,93733.0,0,,542,5013,03/17/2024 14:42:58
2592,2592,MiraFlex 1,Running,2024-03-17 14:42:58,2024-03-17 14:51:18,0 days 00:08:20,3221.0,93733.0,96954.0,1,,542,0,03/17/2024 14:51:18
2593,2593,MiraFlex 1,Stop,2024-03-17 14:51:18,2024-03-17 14:59:38,0 days 00:08:20,48.0,96954.0,97002.0,0,,542,5014,03/17/2024 14:59:38
2594,2594,MiraFlex 1,Running,2024-03-17 14:59:38,2024-03-17 15:11:38,0 days 00:12:00,-91630.0,97002.0,5372.0,1,,542,0,03/17/2024 15:11:38
2595,2595,MiraFlex 1,Stop,2024-03-17 15:11:38,2024-03-17 15:15:38,0 days 00:04:00,30.0,5372.0,5402.0,0,,542,5015,03/17/2024 15:15:38
2596,2596,MiraFlex 1,Running,2024-03-17 15:15:38,2024-03-17 15:27:39,0 days 00:12:01,4959.0,5402.0,10361.0,1,,542,0,03/17/2024 15:27:39
2597,2597,MiraFlex 1,Stop,2024-03-17 15:27:39,2024-03-17 19:17:40,0 days 03:50:01,2.0,10361.0,10363.0,0,,542,5016,03/17/2024 19:17:40
2598,2598,MiraFlex 1,Running,2024-03-17 19:17:40,2024-03-17 19:19:00,0 days 00:01:20,167.0,10363.0,10530.0,1,,542,0,03/17/2024 19:19:00
2599,2599,MiraFlex 1,Stop,2024-03-17 19:19:00,2024-03-17 19:34:21,0 days 00:15:21,20.0,10530.0,10550.0,0,,542,5017,03/17/2024 19:34:21
2600,2600,MiraFlex 1,Running,2024-03-17 19:34:21,2024-03-17 19:37:01,0 days 00:02:40,364.0,10550.0,10914.0,1,,542,0,03/17/2024 19:37:01
2601,2601,MiraFlex 1,Stop,2024-03-17 19:37:01,2024-03-17 19:54:01,0 days 00:17:00,12.0,10914.0,10926.0,0,,542,5018,03/17/2024 19:54:01
2602,2602,MiraFlex 1,Running,2024-03-17 19:54:01,2024-03-17 19:54:41,0 days 00:00:40,117.0,10926.0,11043.0,1,,542,0,03/17/2024 19:54:41
2603,2603,MiraFlex 1,Stop,2024-03-17 19:54:41,2024-03-17 20:06:01,0 days 00:11:20,4.0,11043.0,11047.0,0,,542,5019,03/17/2024 20:06:01
2604,2604,MiraFlex 1,Running,2024-03-17 20:06:01,2024-03-17 20:06:41,0 days 00:00:40,32.0,11047.0,11079.0,1,,542,0,03/17/2024 20:06:41
2605,2605,MiraFlex 1,Stop,2024-03-17 20:06:41,2024-03-17 20:07:41,0 days 00:01:00,3.0,11079.0,11082.0,0,,542,5020,03/17/2024 20:07:41
2606,2606,MiraFlex 1,Running,2024-03-17 20:07:41,2024-03-17 20:08:21,0 days 00:00:40,165.0,11082.0,11247.0,1,,542,0,03/17/2024 20:08:21
2607,2607,MiraFlex 1,Stop,2024-03-17 20:08:21,2024-03-17 20:09:21,0 days 00:01:00,77.0,11247.0,11324.0,0,,542,5021,03/17/2024 20:09:21
2608,2608,MiraFlex 1,Running,2024-03-17 20:09:21,2024-03-17 20:09:41,0 days 00:00:20,75.0,11324.0,11399.0,1,,542,0,03/17/2024 20:09:41
2609,2609,MiraFlex 1,Stop,2024-03-17 20:09:41,2024-03-17 20:22:41,0 days 00:13:00,26.0,11399.0,11425.0,0,,542,5022,03/17/2024 20:22:41
2610,2610,MiraFlex 1,Running,2024-03-17 20:22:41,2024-03-17 20:23:21,0 days 00:00:40,120.0,11425.0,11545.0,1,,542,0,03/17/2024 20:23:21
2611,2611,MiraFlex 1,Stop,2024-03-17 20:23:21,2024-03-17 20:57:41,0 days 00:34:20,22.0,11545.0,11567.0,0,,542,5023,03/17/2024 20:57:41
2612,2612,MiraFlex 1,Running,2024-03-17 20:57:41,2024-03-17 21:13:21,0 days 00:15:40,5820.0,11567.0,17387.0,1,,542,0,03/17/2024 21:13:21
2613,2613,MiraFlex 1,Stop,2024-03-17 21:13:21,2024-03-17 21:49:42,0 days 00:36:21,36.0,17387.0,17423.0,0,,542,5024,03/17/2024 21:49:42
2614,2614,MiraFlex 1,Running,2024-03-17 21:49:42,2024-03-17 21:50:22,0 days 00:00:40,96.0,17423.0,17519.0,1,,542,0,03/17/2024 21:50:22
2615,2615,MiraFlex 1,Stop,2024-03-17 21:50:22,2024-03-17 22:11:02,0 days 00:20:40,6.0,17519.0,17525.0,0,,542,5025,03/17/2024 22:11:02
2616,2616,MiraFlex 1,Running,2024-03-17 22:11:02,2024-03-17 22:11:42,0 days 00:00:40,72.0,17525.0,17597.0,1,,542,0,03/17/2024 22:11:42
2617,2617,MiraFlex 1,Stop,2024-03-17 22:11:42,2024-03-17 22:16:22,0 days 00:04:40,0.0,17597.0,17597.0,0,,542,5026,03/17/2024 22:16:22
2618,2618,MiraFlex 1,Running,2024-03-17 22:16:22,2024-03-17 22:18:42,0 days 00:02:20,361.0,17597.0,17958.0,1,,542,0,03/17/2024 22:18:42
2619,2619,MiraFlex 1,Stop,2024-03-17 22:18:42,2024-03-17 22:31:42,0 days 00:13:00,15.0,17958.0,17973.0,0,,542,5027,03/17/2024 22:31:42
2620,2620,MiraFlex 1,Running,2024-03-17 22:31:42,2024-03-17 22:44:42,0 days 00:13:00,5106.0,17973.0,23079.0,1,,542,0,03/17/2024 22:44:42
2621,2621,MiraFlex 1,Stop,2024-03-17 22:44:42,2024-03-17 22:51:02,0 days 00:06:20,19.0,23079.0,23098.0,0,,542,5028,03/17/2024 22:51:02
2622,2622,MiraFlex 1,Running,2024-03-17 22:51:02,2024-03-17 22:51:22,0 days 00:00:20,35.0,23098.0,23133.0,1,,542,0,03/17/2024 22:51:22
2623,2623,MiraFlex 1,Stop,2024-03-17 22:51:22,2024-03-17 22:51:42,0 days 00:00:20,3.0,23133.0,23136.0,0,,542,5029,03/17/2024 22:51:42
2624,2624,MiraFlex 1,Running,2024-03-17 22:51:42,2024-03-17 23:19:23,0 days 00:27:41,-15553.0,23136.0,7583.0,1,,542,0,03/17/2024 23:19:23
2625,2625,MiraFlex 1,Stop,2024-03-17 23:19:23,2024-03-17 23:20:03,0 days 00:00:40,10.0,7583.0,7593.0,0,,542,5209,03/17/2024 23:20:03
2626,2626,MiraFlex 1,Running,2024-03-17 23:20:03,2024-03-17 23:35:23,0 days 00:15:20,6103.0,7593.0,13696.0,1,,542,0,03/17/2024 23:35:23
2627,2627,MiraFlex 1,Stop,2024-03-17 23:35:23,2024-03-18 00:01:03,0 days 00:25:40,4.0,13696.0,13700.0,0,,542,0,03/18/2024 00:01:03
2628,2628,MiraFlex 1,Running,2024-03-18 00:01:03,2024-03-18 00:02:23,0 days 00:01:20,81.0,13700.0,13781.0,1,,542,0,03/18/2024 00:02:23
2629,2629,MiraFlex 1,Stop,2024-03-18 00:02:23,2024-03-18 00:02:43,0 days 00:00:20,26.0,13781.0,13807.0,0,,542,5031,03/18/2024 00:02:43
2630,2630,MiraFlex 1,Running,2024-03-18 00:02:43,2024-03-18 00:03:03,0 days 00:00:20,5.0,13807.0,13812.0,1,,542,0,03/18/2024 00:03:03
2631,2631,MiraFlex 1,Stop,2024-03-18 00:03:03,2024-03-18 00:06:23,0 days 00:03:20,4.0,13812.0,13816.0,0,,542,5032,03/18/2024 00:06:23
2632,2632,MiraFlex 1,Running,2024-03-18 00:06:23,2024-03-18 00:09:23,0 days 00:03:00,331.0,13816.0,14147.0,1,,542,0,03/18/2024 00:09:23
2633,2633,MiraFlex 1,Stop,2024-03-18 00:09:23,2024-03-18 00:10:03,0 days 00:00:40,7.0,14147.0,14154.0,0,,542,5033,03/18/2024 00:10:03
2634,2634,MiraFlex 1,Running,2024-03-18 00:10:03,2024-03-18 00:11:23,0 days 00:01:20,242.0,14154.0,14396.0,1,,542,0,03/18/2024 00:11:23
2635,2635,MiraFlex 1,Stop,2024-03-18 00:11:23,2024-03-18 00:24:03,0 days 00:12:40,8.0,14396.0,14404.0,0,,542,5034,03/18/2024 00:24:03
2636,2636,MiraFlex 1,Running,2024-03-18 00:24:03,2024-03-18 00:26:03,0 days 00:02:00,282.0,14404.0,14686.0,1,,542,0,03/18/2024 00:26:03
2637,2637,MiraFlex 1,Stop,2024-03-18 00:26:03,2024-03-18 00:52:03,0 days 00:26:00,34.0,14686.0,14720.0,0,,542,5035,03/18/2024 00:52:03
2638,2638,MiraFlex 1,Running,2024-03-18 00:52:03,2024-03-18 00:53:23,0 days 00:01:20,214.0,14720.0,14934.0,1,,542,0,03/18/2024 00:53:23
2639,2639,MiraFlex 1,Stop,2024-03-18 00:53:23,2024-03-18 00:58:23,0 days 00:05:00,0.0,14934.0,14934.0,0,,542,5036,03/18/2024 00:58:23
2640,2640,MiraFlex 1,Running,2024-03-18 00:58:23,2024-03-18 01:02:23,0 days 00:04:00,517.0,14934.0,15451.0,1,,542,0,03/18/2024 01:02:23
2641,2641,MiraFlex 1,Stop,2024-03-18 01:02:23,2024-03-18 01:28:04,0 days 00:25:41,1.0,15451.0,15452.0,0,,542,5037,03/18/2024 01:28:04
2642,2642,MiraFlex 1,Running,2024-03-18 01:28:04,2024-03-18 01:30:24,0 days 00:02:20,310.0,15452.0,15762.0,1,,542,0,03/18/2024 01:30:24
2643,2643,MiraFlex 1,Stop,2024-03-18 01:30:24,2024-03-18 01:38:04,0 days 00:07:40,18.0,15762.0,15780.0,0,,542,5038,03/18/2024 01:38:04
2644,2644,MiraFlex 1,Running,2024-03-18 01:38:04,2024-03-18 02:11:44,0 days 00:33:40,13443.0,15780.0,29223.0,1,,542,0,03/18/2024 02:11:44
2645,2645,MiraFlex 1,Stop,2024-03-18 02:11:44,2024-03-18 02:26:04,0 days 00:14:20,64.0,29223.0,29287.0,0,,542,5039,03/18/2024 02:26:04
2646,2646,MiraFlex 1,Running,2024-03-18 02:26:04,2024-03-18 02:30:24,0 days 00:04:20,1689.0,29287.0,30976.0,1,,542,0,03/18/2024 02:30:24
2647,2647,MiraFlex 1,Stop,2024-03-18 02:30:24,2024-03-18 03:03:24,0 days 00:33:00,0.0,30976.0,30976.0,0,,542,5040,03/18/2024 03:03:24
2648,2648,MiraFlex 1,Running,2024-03-18 03:03:24,2024-03-18 03:08:44,0 days 00:05:20,579.0,30976.0,31555.0,1,,542,0,03/18/2024 03:08:44
2649,2649,MiraFlex 1,Stop,2024-03-18 03:08:44,2024-03-18 03:41:05,0 days 00:32:21,19.0,31555.0,31574.0,0,,542,5041,03/18/2024 03:41:05
2650,2650,MiraFlex 1,Running,2024-03-18 03:41:05,2024-03-18 03:42:45,0 days 00:01:40,262.0,31574.0,31836.0,1,,542,0,03/18/2024 03:42:45
2651,2651,MiraFlex 1,Stop,2024-03-18 03:42:45,2024-03-18 03:49:05,0 days 00:06:20,1.0,31836.0,31837.0,0,,542,5042,03/18/2024 03:49:05
2652,2652,MiraFlex 1,Running,2024-03-18 03:49:05,2024-03-18 03:50:05,0 days 00:01:00,247.0,31837.0,32084.0,1,,542,0,03/18/2024 03:50:05
2653,2653,MiraFlex 1,Stop,2024-03-18 03:50:05,2024-03-18 04:00:05,0 days 00:10:00,6.0,32084.0,32090.0,0,,542,5043,03/18/2024 04:00:05
2654,2654,MiraFlex 1,Running,2024-03-18 04:00:05,2024-03-18 04:04:05,0 days 00:04:00,1569.0,32090.0,33659.0,1,,542,0,03/18/2024 04:04:05
2655,2655,MiraFlex 1,Stop,2024-03-18 04:04:05,2024-03-18 04:08:45,0 days 00:04:40,24.0,33659.0,33683.0,0,,542,5044,03/18/2024 04:08:45
2656,2656,MiraFlex 1,Running,2024-03-18 04:08:45,2024-03-18 04:13:25,0 days 00:04:40,1723.0,33683.0,35406.0,1,,542,0,03/18/2024 04:13:25
2657,2657,MiraFlex 1,Stop,2024-03-18 04:13:25,2024-03-18 04:14:05,0 days 00:00:40,24.0,35406.0,35430.0,0,,542,5045,03/18/2024 04:14:05
2658,2658,MiraFlex 1,Running,2024-03-18 04:14:05,2024-03-18 04:30:05,0 days 00:16:00,6665.0,35430.0,42095.0,1,,542,0,03/18/2024 04:30:05
2659,2659,MiraFlex 1,Stop,2024-03-18 04:30:05,2024-03-18 04:43:05,0 days 00:13:00,63.0,42095.0,42158.0,0,,542,5046,03/18/2024 04:43:05
2660,2660,MiraFlex 1,Running,2024-03-18 04:43:05,2024-03-18 04:43:25,0 days 00:00:20,53.0,42158.0,42211.0,1,,542,0,03/18/2024 04:43:25
2661,2661,MiraFlex 1,Stop,2024-03-18 04:43:25,2024-03-18 05:25:26,0 days 00:42:01,54.0,42211.0,42265.0,0,,542,5047,03/18/2024 05:25:26
2662,2662,MiraFlex 1,Running,2024-03-18 05:25:26,2024-03-18 05:25:46,0 days 00:00:20,67.0,42265.0,42332.0,1,,542,0,03/18/2024 05:25:46
2663,2663,MiraFlex 1,Stop,2024-03-18 05:25:46,2024-03-18 05:35:06,0 days 00:09:20,47.0,42332.0,42379.0,0,,542,5048,03/18/2024 05:35:06
2664,2664,MiraFlex 1,Running,2024-03-18 05:35:06,2024-03-18 05:38:26,0 days 00:03:20,1290.0,42379.0,43669.0,1,,542,0,03/18/2024 05:38:26
2665,2665,MiraFlex 1,Stop,2024-03-18 05:38:26,2024-03-18 05:52:26,0 days 00:14:00,1.0,43669.0,43670.0,0,,542,5049,03/18/2024 05:52:26
2666,2666,MiraFlex 1,Running,2024-03-18 05:52:26,2024-03-18 06:23:46,0 days 00:31:20,12690.0,43670.0,56360.0,1,,542,0,03/18/2024 06:23:46
2667,2667,MiraFlex 1,Stop,2024-03-18 06:23:46,2024-03-18 07:31:27,0 days 01:07:41,-56282.0,56360.0,78.0,0,,542,0,03/18/2024 07:31:27
2668,2668,MiraFlex 1,Running,2024-03-18 07:31:27,2024-03-18 07:32:27,0 days 00:01:00,378.0,78.0,456.0,1,,542,0,03/18/2024 07:32:27
2669,2669,MiraFlex 1,Stop,2024-03-18 07:32:27,2024-03-18 07:34:07,0 days 00:01:40,24.0,456.0,480.0,0,,542,5051,03/18/2024 07:34:07
2670,2670,MiraFlex 1,Running,2024-03-18 07:34:07,2024-03-18 07:38:07,0 days 00:04:00,1444.0,480.0,1924.0,1,,542,0,03/18/2024 07:38:07
2671,2671,MiraFlex 1,Stop,2024-03-18 07:38:07,2024-03-18 07:45:07,0 days 00:07:00,87.0,1924.0,2011.0,0,,542,5052,03/18/2024 07:45:07
2672,2672,MiraFlex 1,Running,2024-03-18 07:45:07,2024-03-18 07:46:27,0 days 00:01:20,443.0,2011.0,2454.0,1,,542,0,03/18/2024 07:46:27
2673,2673,MiraFlex 1,Stop,2024-03-18 07:46:27,2024-03-18 07:47:27,0 days 00:01:00,24.0,2454.0,2478.0,0,,542,5053,03/18/2024 07:47:27
2674,2674,MiraFlex 1,Running,2024-03-18 07:47:27,2024-03-18 07:50:27,0 days 00:03:00,993.0,2478.0,3471.0,1,,542,0,03/18/2024 07:50:27
2675,2675,MiraFlex 1,Stop,2024-03-18 07:50:27,2024-03-18 07:54:27,0 days 00:04:00,45.0,3471.0,3516.0,0,,542,5054,03/18/2024 07:54:27
2676,2676,MiraFlex 1,Running,2024-03-18 07:54:27,2024-03-18 08:02:27,0 days 00:08:00,3035.0,3516.0,6551.0,1,,542,0,03/18/2024 08:02:27
2677,2677,MiraFlex 1,Stop,2024-03-18 08:02:27,2024-03-18 08:29:07,0 days 00:26:40,17.0,6551.0,6568.0,0,,542,5055,03/18/2024 08:29:07
2678,2678,MiraFlex 1,Running,2024-03-18 08:29:07,2024-03-18 08:52:27,0 days 00:23:20,8948.0,6568.0,15516.0,1,,542,0,03/18/2024 08:52:27
2679,2679,MiraFlex 1,Stop,2024-03-18 08:52:27,2024-03-18 08:58:07,0 days 00:05:40,17.0,15516.0,15533.0,0,,542,5056,03/18/2024 08:58:07
2680,2680,MiraFlex 1,Running,2024-03-18 08:58:07,2024-03-18 08:58:27,0 days 00:00:20,22.0,15533.0,15555.0,1,,542,0,03/18/2024 08:58:27
2681,2681,MiraFlex 1,Stop,2024-03-18 08:58:27,2024-03-18 09:02:47,0 days 00:04:20,29.0,15555.0,15584.0,0,,542,5057,03/18/2024 09:02:47
2682,2682,MiraFlex 1,Running,2024-03-18 09:02:47,2024-03-18 09:22:48,0 days 00:20:01,7621.0,15584.0,23205.0,1,,542,0,03/18/2024 09:22:48
2683,2683,MiraFlex 1,Stop,2024-03-18 09:22:48,2024-03-18 09:25:08,0 days 00:02:20,77.0,23205.0,23282.0,0,,542,5058,03/18/2024 09:25:08
2684,2684,MiraFlex 1,Running,2024-03-18 09:25:08,2024-03-18 10:13:48,0 days 00:48:40,20134.0,23282.0,43416.0,1,,542,0,03/18/2024 10:13:48
2685,2685,MiraFlex 1,Stop,2024-03-18 10:13:48,2024-03-18 12:19:09,0 days 02:05:21,-43407.0,43416.0,9.0,0,,542,0,03/18/2024 12:19:09
2686,2686,MiraFlex 1,Running,2024-03-18 12:19:09,2024-03-18 12:22:09,0 days 00:03:00,319.0,9.0,328.0,1,,543,0,03/18/2024 12:22:09
2687,2687,MiraFlex 1,Stop,2024-03-18 12:22:09,2024-03-18 12:25:49,0 days 00:03:40,27.0,328.0,355.0,0,,543,5127,03/18/2024 12:25:49
2688,2688,MiraFlex 1,Running,2024-03-18 12:25:49,2024-03-18 12:26:09,0 days 00:00:20,11.0,355.0,366.0,1,,543,0,03/18/2024 12:26:09
2689,2689,MiraFlex 1,Stop,2024-03-18 12:26:09,2024-03-18 12:29:29,0 days 00:03:20,10.0,366.0,376.0,0,,543,5128,03/18/2024 12:29:29
2690,2690,MiraFlex 1,Running,2024-03-18 12:29:29,2024-03-18 12:30:29,0 days 00:01:00,82.0,376.0,458.0,1,,543,0,03/18/2024 12:30:29
2691,2691,MiraFlex 1,Stop,2024-03-18 12:30:29,2024-03-18 12:34:29,0 days 00:04:00,24.0,458.0,482.0,0,,543,5129,03/18/2024 12:34:29
2692,2692,MiraFlex 1,Running,2024-03-18 12:34:29,2024-03-18 12:39:29,0 days 00:05:00,818.0,482.0,1300.0,1,,543,0,03/18/2024 12:39:29
2693,2693,MiraFlex 1,Stop,2024-03-18 12:39:29,2024-03-18 12:56:29,0 days 00:17:00,58.0,1300.0,1358.0,0,,543,5130,03/18/2024 12:56:29
2694,2694,MiraFlex 1,Running,2024-03-18 12:56:29,2024-03-18 12:57:29,0 days 00:01:00,276.0,1358.0,1634.0,1,,543,0,03/18/2024 12:57:29
2695,2695,MiraFlex 1,Stop,2024-03-18 12:57:29,2024-03-18 13:41:50,0 days 00:44:21,30.0,1634.0,1664.0,0,,543,5131,03/18/2024 13:41:50
2696,2696,MiraFlex 1,Running,2024-03-18 13:41:50,2024-03-18 13:42:30,0 days 00:00:40,128.0,1664.0,1792.0,1,,543,0,03/18/2024 13:42:30
2697,2697,MiraFlex 1,Stop,2024-03-18 13:42:30,2024-03-18 14:41:10,0 days 00:58:40,116.0,1792.0,1908.0,0,,543,5132,03/18/2024 14:41:10
2698,2698,MiraFlex 1,Running,2024-03-18 14:41:10,2024-03-18 14:41:30,0 days 00:00:20,76.0,1908.0,1984.0,1,,543,0,03/18/2024 14:41:30
2699,2699,MiraFlex 1,Stop,2024-03-18 14:41:30,2024-03-18 14:48:50,0 days 00:07:20,58.0,1984.0,2042.0,0,,543,5133,03/18/2024 14:48:50
2700,2700,MiraFlex 1,Running,2024-03-18 14:48:50,2024-03-18 14:49:10,0 days 00:00:20,75.0,2042.0,2117.0,1,,543,0,03/18/2024 14:49:10
2701,2701,MiraFlex 1,Stop,2024-03-18 14:49:10,2024-03-18 17:18:12,0 days 02:29:02,-2097.0,2117.0,20.0,0,,543,0,03/18/2024 17:18:12
2702,2702,MiraFlex 1,Running,2024-03-18 17:18:12,2024-03-18 17:18:32,0 days 00:00:20,14.0,20.0,34.0,1,,543,0,03/18/2024 17:18:32
2703,2703,MiraFlex 1,Stop,2024-03-18 17:18:32,2024-03-18 17:22:32,0 days 00:04:00,41.0,34.0,75.0,0,,543,5135,03/18/2024 17:22:32
2704,2704,MiraFlex 1,Running,2024-03-18 17:22:32,2024-03-18 17:25:12,0 days 00:02:40,448.0,75.0,523.0,1,,543,0,03/18/2024 17:25:12
2705,2705,MiraFlex 1,Stop,2024-03-18 17:25:12,2024-03-18 17:27:52,0 days 00:02:40,16.0,523.0,539.0,0,,543,5136,03/18/2024 17:27:52
2706,2706,MiraFlex 1,Running,2024-03-18 17:27:52,2024-03-18 17:30:32,0 days 00:02:40,694.0,539.0,1233.0,1,,543,0,03/18/2024 17:30:32
2707,2707,MiraFlex 1,Stop,2024-03-18 17:30:32,2024-03-18 17:31:52,0 days 00:01:20,23.0,1233.0,1256.0,0,,543,5137,03/18/2024 17:31:52
2708,2708,MiraFlex 1,Running,2024-03-18 17:31:52,2024-03-18 17:32:12,0 days 00:00:20,111.0,1256.0,1367.0,1,,543,0,03/18/2024 17:32:12
2709,2709,MiraFlex 1,Stop,2024-03-18 17:32:12,2024-03-18 17:50:12,0 days 00:18:00,3.0,1367.0,1370.0,0,,543,5138,03/18/2024 17:50:12
2710,2710,MiraFlex 1,Running,2024-03-18 17:50:12,2024-03-18 17:55:32,0 days 00:05:20,1964.0,1370.0,3334.0,1,,543,0,03/18/2024 17:55:32
2711,2711,MiraFlex 1,Stop,2024-03-18 17:55:32,2024-03-18 18:04:12,0 days 00:08:40,77.0,3334.0,3411.0,0,,543,5139,03/18/2024 18:04:12
2712,2712,MiraFlex 1,Running,2024-03-18 18:04:12,2024-03-18 18:22:12,0 days 00:18:00,7092.0,3411.0,10503.0,1,,543,0,03/18/2024 18:22:12
2713,2713,MiraFlex 1,Stop,2024-03-18 18:22:12,2024-03-18 19:26:53,0 days 01:04:41,8.0,10503.0,10511.0,0,,543,5140,03/18/2024 19:26:53
2714,2714,MiraFlex 1,Running,2024-03-18 19:26:53,2024-03-18 19:49:33,0 days 00:22:40,8873.0,10511.0,19384.0,1,,543,0,03/18/2024 19:49:33
2715,2715,MiraFlex 1,Stop,2024-03-18 19:49:33,2024-03-18 20:17:13,0 days 00:27:40,14.0,19384.0,19398.0,0,,543,5141,03/18/2024 20:17:13
2716,2716,MiraFlex 1,Running,2024-03-18 20:17:13,2024-03-18 20:41:13,0 days 00:24:00,9432.0,19398.0,28830.0,1,,543,0,03/18/2024 20:41:13
2717,2717,MiraFlex 1,Stop,2024-03-18 20:41:13,2024-03-18 20:43:53,0 days 00:02:40,14.0,28830.0,28844.0,0,,543,5142,03/18/2024 20:43:53
2718,2718,MiraFlex 1,Running,2024-03-18 20:43:53,2024-03-18 21:00:53,0 days 00:17:00,6542.0,28844.0,35386.0,1,,543,0,03/18/2024 21:00:53
2719,2719,MiraFlex 1,Stop,2024-03-18 21:00:53,2024-03-18 21:18:34,0 days 00:17:41,24.0,35386.0,35410.0,0,,543,5143,03/18/2024 21:18:34
2720,2720,MiraFlex 1,Running,2024-03-18 21:18:34,2024-03-18 21:22:14,0 days 00:03:40,413.0,35410.0,35823.0,1,,543,0,03/18/2024 21:22:14
2721,2721,MiraFlex 1,Stop,2024-03-18 21:22:14,2024-03-18 21:24:14,0 days 00:02:00,36.0,35823.0,35859.0,0,,543,5144,03/18/2024 21:24:14
2722,2722,MiraFlex 1,Running,2024-03-18 21:24:14,2024-03-18 21:24:54,0 days 00:00:40,171.0,35859.0,36030.0,1,,543,0,03/18/2024 21:24:54
2723,2723,MiraFlex 1,Stop,2024-03-18 21:24:54,2024-03-18 21:28:34,0 days 00:03:40,10.0,36030.0,36040.0,0,,543,5145,03/18/2024 21:28:34
2724,2724,MiraFlex 1,Running,2024-03-18 21:28:34,2024-03-18 21:50:14,0 days 00:21:40,8028.0,36040.0,44068.0,1,,543,0,03/18/2024 21:50:14
2725,2725,MiraFlex 1,Stop,2024-03-18 21:50:14,2024-03-18 21:53:34,0 days 00:03:20,64.0,44068.0,44132.0,0,,543,5146,03/18/2024 21:53:34
2726,2726,MiraFlex 1,Running,2024-03-18 21:53:34,2024-03-18 22:31:14,0 days 00:37:40,14869.0,44132.0,59001.0,1,,543,0,03/18/2024 22:31:14
2727,2727,MiraFlex 1,Stop,2024-03-18 22:31:14,2024-03-18 22:32:14,0 days 00:01:00,50.0,59001.0,59051.0,0,,543,5147,03/18/2024 22:32:14
2728,2728,MiraFlex 1,Running,2024-03-18 22:32:14,2024-03-18 22:34:54,0 days 00:02:40,959.0,59051.0,60010.0,1,,543,0,03/18/2024 22:34:54
2729,2729,MiraFlex 1,Stop,2024-03-18 22:34:54,2024-03-18 22:35:34,0 days 00:00:40,24.0,60010.0,60034.0,0,,543,5148,03/18/2024 22:35:34
2730,2730,MiraFlex 1,Running,2024-03-18 22:35:34,2024-03-19 00:00:15,0 days 01:24:41,-58349.0,60034.0,1685.0,1,,543,0,03/19/2024 00:00:15
2731,2731,MiraFlex 1,Stop,2024-03-19 00:00:15,2024-03-19 00:11:35,0 days 00:11:20,16.0,1685.0,1701.0,0,,543,5212,03/19/2024 00:11:35
2732,2732,MiraFlex 1,Running,2024-03-19 00:11:35,2024-03-19 00:12:35,0 days 00:01:00,131.0,1701.0,1832.0,1,,543,0,03/19/2024 00:12:35
2733,2733,MiraFlex 1,Stop,2024-03-19 00:12:35,2024-03-19 00:13:55,0 days 00:01:20,11.0,1832.0,1843.0,0,,543,5213,03/19/2024 00:13:55
2734,2734,MiraFlex 1,Running,2024-03-19 00:13:55,2024-03-19 00:30:35,0 days 00:16:40,6507.0,1843.0,8350.0,1,,543,0,03/19/2024 00:30:35
2735,2735,MiraFlex 1,Stop,2024-03-19 00:30:35,2024-03-19 00:36:55,0 days 00:06:20,61.0,8350.0,8411.0,0,,543,5214,03/19/2024 00:36:55
2736,2736,MiraFlex 1,Running,2024-03-19 00:36:55,2024-03-19 00:43:15,0 days 00:06:20,2406.0,8411.0,10817.0,1,,543,0,03/19/2024 00:43:15
2737,2737,MiraFlex 1,Stop,2024-03-19 00:43:15,2024-03-19 00:49:55,0 days 00:06:40,3.0,10817.0,10820.0,0,,543,5215,03/19/2024 00:49:55
2738,2738,MiraFlex 1,Running,2024-03-19 00:49:55,2024-03-19 01:17:16,0 days 00:27:21,10769.0,10820.0,21589.0,1,,543,0,03/19/2024 01:17:16
2739,2739,MiraFlex 1,Stop,2024-03-19 01:17:16,2024-03-19 01:21:56,0 days 00:04:40,60.0,21589.0,21649.0,0,,543,5216,03/19/2024 01:21:56
2740,2740,MiraFlex 1,Running,2024-03-19 01:21:56,2024-03-19 01:35:36,0 days 00:13:40,5322.0,21649.0,26971.0,1,,543,0,03/19/2024 01:35:36
2741,2741,MiraFlex 1,Stop,2024-03-19 01:35:36,2024-03-19 01:48:16,0 days 00:12:40,41.0,26971.0,27012.0,0,,543,5217,03/19/2024 01:48:16
2742,2742,MiraFlex 1,Running,2024-03-19 01:48:16,2024-03-19 02:35:16,0 days 00:47:00,18613.0,27012.0,45625.0,1,,543,0,03/19/2024 02:35:16
2743,2743,MiraFlex 1,Stop,2024-03-19 02:35:16,2024-03-19 02:38:16,0 days 00:03:00,11.0,45625.0,45636.0,0,,543,5218,03/19/2024 02:38:16
2744,2744,MiraFlex 1,Running,2024-03-19 02:38:16,2024-03-19 03:21:17,0 days 00:43:01,17139.0,45636.0,62775.0,1,,543,0,03/19/2024 03:21:17
2745,2745,MiraFlex 1,Stop,2024-03-19 03:21:17,2024-03-19 03:35:17,0 days 00:14:00,49.0,62775.0,62824.0,0,,543,5219,03/19/2024 03:35:17
2746,2746,MiraFlex 1,Running,2024-03-19 03:35:17,2024-03-19 04:07:57,0 days 00:32:40,12878.0,62824.0,75702.0,1,,543,0,03/19/2024 04:07:57
2747,2747,MiraFlex 1,Stop,2024-03-19 04:07:57,2024-03-19 04:11:37,0 days 00:03:40,64.0,75702.0,75766.0,0,,543,5220,03/19/2024 04:11:37
2748,2748,MiraFlex 1,Running,2024-03-19 04:11:37,2024-03-19 04:34:17,0 days 00:22:40,8972.0,75766.0,84738.0,1,,543,0,03/19/2024 04:34:17
2749,2749,MiraFlex 1,Stop,2024-03-19 04:34:17,2024-03-19 05:34:38,0 days 01:00:21,27.0,84738.0,84765.0,0,,543,5221,03/19/2024 05:34:38
2750,2750,MiraFlex 1,Running,2024-03-19 05:34:38,2024-03-19 05:34:58,0 days 00:00:20,38.0,84765.0,84803.0,1,,543,0,03/19/2024 05:34:58
2751,2751,MiraFlex 1,Stop,2024-03-19 05:34:58,2024-03-19 05:35:58,0 days 00:01:00,33.0,84803.0,84836.0,0,,543,5222,03/19/2024 05:35:58
2752,2752,MiraFlex 1,Running,2024-03-19 05:35:58,2024-03-19 05:38:58,0 days 00:03:00,471.0,84836.0,85307.0,1,,543,0,03/19/2024 05:38:58
2753,2753,MiraFlex 1,Stop,2024-03-19 05:38:58,2024-03-19 06:17:18,0 days 00:38:20,25.0,85307.0,85332.0,0,,543,5223,03/19/2024 06:17:18
2754,2754,MiraFlex 1,Running,2024-03-19 06:17:18,2024-03-19 06:17:58,0 days 00:00:40,217.0,85332.0,85549.0,1,,543,0,03/19/2024 06:17:58
2755,2755,MiraFlex 1,Stop,2024-03-19 06:17:58,2024-03-19 06:18:38,0 days 00:00:40,3.0,85549.0,85552.0,0,,543,5224,03/19/2024 06:18:38
2756,2756,MiraFlex 1,Running,2024-03-19 06:18:38,2024-03-19 06:24:38,0 days 00:06:00,2109.0,85552.0,87661.0,1,,543,0,03/19/2024 06:24:38
2757,2757,MiraFlex 1,Stop,2024-03-19 06:24:38,2024-03-19 06:26:58,0 days 00:02:20,17.0,87661.0,87678.0,0,,543,5225,03/19/2024 06:26:58
2758,2758,MiraFlex 1,Running,2024-03-19 06:26:58,2024-03-19 06:28:58,0 days 00:02:00,649.0,87678.0,88327.0,1,,543,0,03/19/2024 06:28:58
2759,2759,MiraFlex 1,Stop,2024-03-19 06:28:58,2024-03-19 06:30:58,0 days 00:02:00,49.0,88327.0,88376.0,0,,543,5226,03/19/2024 06:30:58
2760,2760,MiraFlex 1,Running,2024-03-19 06:30:58,2024-03-19 07:05:19,0 days 00:34:21,-86453.0,88376.0,1923.0,1,,543,0,03/19/2024 07:05:19
2761,2761,MiraFlex 1,Stop,2024-03-19 07:05:19,2024-03-19 07:23:59,0 days 00:18:40,73.0,1923.0,1996.0,0,,543,5149,03/19/2024 07:23:59
2762,2762,MiraFlex 1,Running,2024-03-19 07:23:59,2024-03-19 07:24:59,0 days 00:01:00,266.0,1996.0,2262.0,1,,543,0,03/19/2024 07:24:59
2763,2763,MiraFlex 1,Stop,2024-03-19 07:24:59,2024-03-19 07:39:39,0 days 00:14:40,7.0,2262.0,2269.0,0,,543,5150,03/19/2024 07:39:39
2764,2764,MiraFlex 1,Running,2024-03-19 07:39:39,2024-03-19 08:03:59,0 days 00:24:20,9641.0,2269.0,11910.0,1,,543,0,03/19/2024 08:03:59
2765,2765,MiraFlex 1,Stop,2024-03-19 08:03:59,2024-03-19 08:18:59,0 days 00:15:00,14.0,11910.0,11924.0,0,,543,5151,03/19/2024 08:18:59
2766,2766,MiraFlex 1,Running,2024-03-19 08:18:59,2024-03-19 08:48:59,0 days 00:30:00,11942.0,11924.0,23866.0,1,,543,0,03/19/2024 08:48:59
2767,2767,MiraFlex 1,Stop,2024-03-19 08:48:59,2024-03-19 08:54:20,0 days 00:05:21,8.0,23866.0,23874.0,0,,543,5152,03/19/2024 08:54:20
2768,2768,MiraFlex 1,Running,2024-03-19 08:54:20,2024-03-19 08:56:00,0 days 00:01:40,550.0,23874.0,24424.0,1,,543,0,03/19/2024 08:56:00
2769,2769,MiraFlex 1,Stop,2024-03-19 08:56:00,2024-03-19 09:09:40,0 days 00:13:40,75.0,24424.0,24499.0,0,,543,5153,03/19/2024 09:09:40
2770,2770,MiraFlex 1,Running,2024-03-19 09:09:40,2024-03-19 09:31:00,0 days 00:21:20,8433.0,24499.0,32932.0,1,,543,0,03/19/2024 09:31:00
2771,2771,MiraFlex 1,Stop,2024-03-19 09:31:00,2024-03-19 09:51:40,0 days 00:20:40,27.0,32932.0,32959.0,0,,543,5154,03/19/2024 09:51:40
2772,2772,MiraFlex 1,Running,2024-03-19 09:51:40,2024-03-19 10:25:20,0 days 00:33:40,13437.0,32959.0,46396.0,1,,543,0,03/19/2024 10:25:20
2773,2773,MiraFlex 1,Stop,2024-03-19 10:25:20,2024-03-19 11:23:01,0 days 00:57:41,79.0,46396.0,46475.0,0,,543,5155,03/19/2024 11:23:01
2774,2774,MiraFlex 1,Running,2024-03-19 11:23:01,2024-03-19 12:45:21,0 days 01:22:20,-20245.0,46475.0,26230.0,1,,543,0,03/19/2024 12:45:21
2775,2775,MiraFlex 1,Stop,2024-03-19 12:45:21,2024-03-19 12:46:41,0 days 00:01:20,61.0,26230.0,26291.0,0,,544,5156,03/19/2024 12:46:41
2776,2776,MiraFlex 1,Running,2024-03-19 12:46:41,2024-03-19 12:47:01,0 days 00:00:20,79.0,26291.0,26370.0,1,,544,0,03/19/2024 12:47:01
2777,2777,MiraFlex 1,Stop,2024-03-19 12:47:01,2024-03-19 12:48:21,0 days 00:01:20,37.0,26370.0,26407.0,0,,544,5157,03/19/2024 12:48:21
2778,2778,MiraFlex 1,Running,2024-03-19 12:48:21,2024-03-19 12:52:42,0 days 00:04:21,1921.0,26407.0,28328.0,1,,544,0,03/19/2024 12:52:42
2779,2779,MiraFlex 1,Stop,2024-03-19 12:52:42,2024-03-19 12:54:22,0 days 00:01:40,60.0,28328.0,28388.0,0,,544,5158,03/19/2024 12:54:22
2780,2780,MiraFlex 1,Running,2024-03-19 12:54:22,2024-03-19 12:58:02,0 days 00:03:40,1787.0,28388.0,30175.0,1,,544,0,03/19/2024 12:58:02
2781,2781,MiraFlex 1,Stop,2024-03-19 12:58:02,2024-03-19 13:06:02,0 days 00:08:00,114.0,30175.0,30289.0,0,,544,5159,03/19/2024 13:06:02
2782,2782,MiraFlex 1,Running,2024-03-19 13:06:02,2024-03-19 13:31:22,0 days 00:25:20,11365.0,30289.0,41654.0,1,,544,0,03/19/2024 13:31:22
2783,2783,MiraFlex 1,Stop,2024-03-19 13:31:22,2024-03-19 14:13:02,0 days 00:41:40,1.0,41654.0,41655.0,0,,544,5160,03/19/2024 14:13:02
2784,2784,MiraFlex 1,Running,2024-03-19 14:13:02,2024-03-19 14:21:42,0 days 00:08:40,1149.0,41655.0,42804.0,1,,544,0,03/19/2024 14:21:42
2785,2785,MiraFlex 1,Stop,2024-03-19 14:21:42,2024-03-19 14:26:42,0 days 00:05:00,24.0,42804.0,42828.0,0,,544,5161,03/19/2024 14:26:42
2786,2786,MiraFlex 1,Running,2024-03-19 14:26:42,2024-03-19 14:28:42,0 days 00:02:00,312.0,42828.0,43140.0,1,,544,0,03/19/2024 14:28:42
2787,2787,MiraFlex 1,Stop,2024-03-19 14:28:42,2024-03-19 15:17:03,0 days 00:48:21,-43120.0,43140.0,20.0,0,,544,0,03/19/2024 15:17:03
2788,2788,MiraFlex 1,Running,2024-03-19 15:17:03,2024-03-19 15:18:23,0 days 00:01:20,251.0,20.0,271.0,1,,544,0,03/19/2024 15:18:23
2789,2789,MiraFlex 1,Stop,2024-03-19 15:18:23,2024-03-19 15:35:03,0 days 00:16:40,18.0,271.0,289.0,0,,544,5228,03/19/2024 15:35:03
2790,2790,MiraFlex 1,Running,2024-03-19 15:35:03,2024-03-19 15:35:23,0 days 00:00:20,10.0,289.0,299.0,1,,544,0,03/19/2024 15:35:23
2791,2791,MiraFlex 1,Stop,2024-03-19 15:35:23,2024-03-19 15:36:03,0 days 00:00:40,53.0,299.0,352.0,0,,544,5229,03/19/2024 15:36:03
2792,2792,MiraFlex 1,Running,2024-03-19 15:36:03,2024-03-19 15:46:23,0 days 00:10:20,3988.0,352.0,4340.0,1,,544,0,03/19/2024 15:46:23
2793,2793,MiraFlex 1,Stop,2024-03-19 15:46:23,2024-03-19 16:25:03,0 days 00:38:40,6.0,4340.0,4346.0,0,,544,5230,03/19/2024 16:25:03
2794,2794,MiraFlex 1,Running,2024-03-19 16:25:03,2024-03-19 17:32:44,0 days 01:07:41,26354.0,4346.0,30700.0,1,,544,0,03/19/2024 17:32:44
2795,2795,MiraFlex 1,Stop,2024-03-19 17:32:44,2024-03-19 17:48:24,0 days 00:15:40,2.0,30700.0,30702.0,0,,544,5231,03/19/2024 17:48:24
2796,2796,MiraFlex 1,Running,2024-03-19 17:48:24,2024-03-19 17:56:44,0 days 00:08:20,952.0,30702.0,31654.0,1,,544,0,03/19/2024 17:56:44
2797,2797,MiraFlex 1,Stop,2024-03-19 17:56:44,2024-03-19 18:05:24,0 days 00:08:40,60.0,31654.0,31714.0,0,,544,5232,03/19/2024 18:05:24
2798,2798,MiraFlex 1,Running,2024-03-19 18:05:24,2024-03-19 18:05:44,0 days 00:00:20,97.0,31714.0,31811.0,1,,544,0,03/19/2024 18:05:44
2799,2799,MiraFlex 1,Stop,2024-03-19 18:05:44,2024-03-19 18:12:04,0 days 00:06:20,3.0,31811.0,31814.0,0,,544,5233,03/19/2024 18:12:04
2800,2800,MiraFlex 1,Running,2024-03-19 18:12:04,2024-03-19 18:15:04,0 days 00:03:00,1087.0,31814.0,32901.0,1,,544,0,03/19/2024 18:15:04
2801,2801,MiraFlex 1,Stop,2024-03-19 18:15:04,2024-03-19 19:50:05,0 days 01:35:01,6.0,32901.0,32907.0,0,,544,5234,03/19/2024 19:50:05
2802,2802,MiraFlex 1,Running,2024-03-19 19:50:05,2024-03-19 19:50:45,0 days 00:00:40,47.0,32907.0,32954.0,1,,544,0,03/19/2024 19:50:45
2803,2803,MiraFlex 1,Stop,2024-03-19 19:50:45,2024-03-19 19:52:25,0 days 00:01:40,25.0,32954.0,32979.0,0,,544,5235,03/19/2024 19:52:25
2804,2804,MiraFlex 1,Running,2024-03-19 19:52:25,2024-03-19 19:53:45,0 days 00:01:20,179.0,32979.0,33158.0,1,,544,0,03/19/2024 19:53:45
2805,2805,MiraFlex 1,Stop,2024-03-19 19:53:45,2024-03-19 19:59:25,0 days 00:05:40,24.0,33158.0,33182.0,0,,544,5236,03/19/2024 19:59:25
2806,2806,MiraFlex 1,Running,2024-03-19 19:59:25,2024-03-19 20:02:45,0 days 00:03:20,1222.0,33182.0,34404.0,1,,544,0,03/19/2024 20:02:45
2807,2807,MiraFlex 1,Stop,2024-03-19 20:02:45,2024-03-19 20:04:05,0 days 00:01:20,6.0,34404.0,34410.0,0,,544,5237,03/19/2024 20:04:05
2808,2808,MiraFlex 1,Running,2024-03-19 20:04:05,2024-03-19 20:07:25,0 days 00:03:20,1232.0,34410.0,35642.0,1,,544,0,03/19/2024 20:07:25
2809,2809,MiraFlex 1,Stop,2024-03-19 20:07:25,2024-03-19 20:12:45,0 days 00:05:20,21.0,35642.0,35663.0,0,,544,5238,03/19/2024 20:12:45
2810,2810,MiraFlex 1,Running,2024-03-19 20:12:45,2024-03-19 20:18:05,0 days 00:05:20,2009.0,35663.0,37672.0,1,,544,0,03/19/2024 20:18:05
2811,2811,MiraFlex 1,Stop,2024-03-19 20:18:05,2024-03-19 20:21:05,0 days 00:03:00,10.0,37672.0,37682.0,0,,544,5239,03/19/2024 20:21:05
2812,2812,MiraFlex 1,Running,2024-03-19 20:21:05,2024-03-19 20:25:25,0 days 00:04:20,1608.0,37682.0,39290.0,1,,544,0,03/19/2024 20:25:25
2813,2813,MiraFlex 1,Stop,2024-03-19 20:25:25,2024-03-19 20:33:05,0 days 00:07:40,3.0,39290.0,39293.0,0,,544,5240,03/19/2024 20:33:05
2814,2814,MiraFlex 1,Running,2024-03-19 20:33:05,2024-03-19 20:37:05,0 days 00:04:00,1549.0,39293.0,40842.0,1,,544,0,03/19/2024 20:37:05
2815,2815,MiraFlex 1,Stop,2024-03-19 20:37:05,2024-03-19 20:40:05,0 days 00:03:00,5.0,40842.0,40847.0,0,,544,5241,03/19/2024 20:40:05
2816,2816,MiraFlex 1,Running,2024-03-19 20:40:05,2024-03-19 20:45:26,0 days 00:05:21,2097.0,40847.0,42944.0,1,,544,0,03/19/2024 20:45:26
2817,2817,MiraFlex 1,Stop,2024-03-19 20:45:26,2024-03-19 20:50:26,0 days 00:05:00,78.0,42944.0,43022.0,0,,544,5242,03/19/2024 20:50:26
2818,2818,MiraFlex 1,Running,2024-03-19 20:50:26,2024-03-19 20:57:46,0 days 00:07:20,2882.0,43022.0,45904.0,1,,544,0,03/19/2024 20:57:46
2819,2819,MiraFlex 1,Stop,2024-03-19 20:57:46,2024-03-19 21:04:06,0 days 00:06:20,37.0,45904.0,45941.0,0,,544,5243,03/19/2024 21:04:06
2820,2820,MiraFlex 1,Running,2024-03-19 21:04:06,2024-03-19 21:07:26,0 days 00:03:20,1219.0,45941.0,47160.0,1,,544,0,03/19/2024 21:07:26
2821,2821,MiraFlex 1,Stop,2024-03-19 21:07:26,2024-03-19 21:31:26,0 days 00:24:00,259.0,47160.0,47419.0,0,,544,5244,03/19/2024 21:31:26
2822,2822,MiraFlex 1,Running,2024-03-19 21:31:26,2024-03-19 21:34:06,0 days 00:02:40,970.0,47419.0,48389.0,1,,544,0,03/19/2024 21:34:06
2823,2823,MiraFlex 1,Stop,2024-03-19 21:34:06,2024-03-19 21:35:26,0 days 00:01:20,2.0,48389.0,48391.0,0,,544,5245,03/19/2024 21:35:26
2824,2824,MiraFlex 1,Running,2024-03-19 21:35:26,2024-03-19 21:46:26,0 days 00:11:00,4227.0,48391.0,52618.0,1,,544,0,03/19/2024 21:46:26
2825,2825,MiraFlex 1,Stop,2024-03-19 21:46:26,2024-03-19 21:56:06,0 days 00:09:40,30.0,52618.0,52648.0,0,,544,5246,03/19/2024 21:56:06
2826,2826,MiraFlex 1,Running,2024-03-19 21:56:06,2024-03-19 22:04:26,0 days 00:08:20,3203.0,52648.0,55851.0,1,,544,0,03/19/2024 22:04:26
2827,2827,MiraFlex 1,Stop,2024-03-19 22:04:26,2024-03-19 22:09:26,0 days 00:05:00,71.0,55851.0,55922.0,0,,544,5247,03/19/2024 22:09:26
2828,2828,MiraFlex 1,Running,2024-03-19 22:09:26,2024-03-19 22:22:06,0 days 00:12:40,5116.0,55922.0,61038.0,1,,544,0,03/19/2024 22:22:06
2829,2829,MiraFlex 1,Stop,2024-03-19 22:22:06,2024-03-19 22:23:46,0 days 00:01:40,29.0,61038.0,61067.0,0,,544,5248,03/19/2024 22:23:46
2830,2830,MiraFlex 1,Running,2024-03-19 22:23:46,2024-03-19 22:26:26,0 days 00:02:40,944.0,61067.0,62011.0,1,,544,0,03/19/2024 22:26:26
2831,2831,MiraFlex 1,Stop,2024-03-19 22:26:26,2024-03-19 22:27:46,0 days 00:01:20,18.0,62011.0,62029.0,0,,544,5249,03/19/2024 22:27:46
2832,2832,MiraFlex 1,Running,2024-03-19 22:27:46,2024-03-19 22:44:47,0 days 00:17:01,6765.0,62029.0,68794.0,1,,544,0,03/19/2024 22:44:47
2833,2833,MiraFlex 1,Stop,2024-03-19 22:44:47,2024-03-19 23:04:47,0 days 00:20:00,-68768.0,68794.0,26.0,0,,544,0,03/19/2024 23:04:47
2834,2834,MiraFlex 1,Running,2024-03-19 23:04:47,2024-03-19 23:09:07,0 days 00:04:20,1706.0,26.0,1732.0,1,,544,0,03/19/2024 23:09:07
2835,2835,MiraFlex 1,Stop,2024-03-19 23:09:07,2024-03-19 23:10:47,0 days 00:01:40,30.0,1732.0,1762.0,0,,544,5211,03/19/2024 23:10:47
2836,2836,MiraFlex 1,Running,2024-03-19 23:10:47,2024-03-19 23:31:07,0 days 00:20:20,8149.0,1762.0,9911.0,1,,544,0,03/19/2024 23:31:07
2837,2837,MiraFlex 1,Stop,2024-03-19 23:31:07,2024-03-20 00:17:07,0 days 00:46:00,14.0,9911.0,9925.0,0,,544,0,03/20/2024 00:17:07
2838,2838,MiraFlex 1,Running,2024-03-20 00:17:07,2024-03-20 00:40:28,0 days 00:23:21,8652.0,9925.0,18577.0,1,,544,0,03/20/2024 00:40:28
2839,2839,MiraFlex 1,Stop,2024-03-20 00:40:28,2024-03-20 00:59:48,0 days 00:19:20,76.0,18577.0,18653.0,0,,544,5312,03/20/2024 00:59:48
2840,2840,MiraFlex 1,Running,2024-03-20 00:59:48,2024-03-20 01:10:28,0 days 00:10:40,4109.0,18653.0,22762.0,1,,544,0,03/20/2024 01:10:28
2841,2841,MiraFlex 1,Stop,2024-03-20 01:10:28,2024-03-20 01:36:28,0 days 00:26:00,12.0,22762.0,22774.0,0,,544,5313,03/20/2024 01:36:28
2842,2842,MiraFlex 1,Running,2024-03-20 01:36:28,2024-03-20 01:59:28,0 days 00:23:00,8716.0,22774.0,31490.0,1,,544,0,03/20/2024 01:59:28
2843,2843,MiraFlex 1,Stop,2024-03-20 01:59:28,2024-03-20 02:03:28,0 days 00:04:00,9.0,31490.0,31499.0,0,,544,5314,03/20/2024 02:03:28
2844,2844,MiraFlex 1,Running,2024-03-20 02:03:28,2024-03-20 02:06:48,0 days 00:03:20,1128.0,31499.0,32627.0,1,,544,0,03/20/2024 02:06:48
2845,2845,MiraFlex 1,Stop,2024-03-20 02:06:48,2024-03-20 02:07:48,0 days 00:01:00,11.0,32627.0,32638.0,0,,544,5315,03/20/2024 02:07:48
2846,2846,MiraFlex 1,Running,2024-03-20 02:07:48,2024-03-20 02:25:08,0 days 00:17:20,6740.0,32638.0,39378.0,1,,544,0,03/20/2024 02:25:08
2847,2847,MiraFlex 1,Stop,2024-03-20 02:25:08,2024-03-20 02:28:08,0 days 00:03:00,40.0,39378.0,39418.0,0,,544,5316,03/20/2024 02:28:08
2848,2848,MiraFlex 1,Running,2024-03-20 02:28:08,2024-03-20 02:33:48,0 days 00:05:40,2181.0,39418.0,41599.0,1,,544,0,03/20/2024 02:33:48
2849,2849,MiraFlex 1,Stop,2024-03-20 02:33:48,2024-03-20 02:53:09,0 days 00:19:21,2.0,41599.0,41601.0,0,,544,5317,03/20/2024 02:53:09
2850,2850,MiraFlex 1,Running,2024-03-20 02:53:09,2024-03-20 03:03:29,0 days 00:10:20,3827.0,41601.0,45428.0,1,,544,0,03/20/2024 03:03:29
2851,2851,MiraFlex 1,Stop,2024-03-20 03:03:29,2024-03-20 03:23:29,0 days 00:20:00,0.0,45428.0,45428.0,0,,544,5318,03/20/2024 03:23:29
2852,2852,MiraFlex 1,Running,2024-03-20 03:23:29,2024-03-20 03:31:09,0 days 00:07:40,2809.0,45428.0,48237.0,1,,544,0,03/20/2024 03:31:09
2853,2853,MiraFlex 1,Stop,2024-03-20 03:31:09,2024-03-20 03:33:49,0 days 00:02:40,21.0,48237.0,48258.0,0,,544,5319,03/20/2024 03:33:49
2854,2854,MiraFlex 1,Running,2024-03-20 03:33:49,2024-03-20 03:37:09,0 days 00:03:20,1230.0,48258.0,49488.0,1,,544,0,03/20/2024 03:37:09
2855,2855,MiraFlex 1,Stop,2024-03-20 03:37:09,2024-03-20 03:39:29,0 days 00:02:20,13.0,49488.0,49501.0,0,,544,5320,03/20/2024 03:39:29
2856,2856,MiraFlex 1,Running,2024-03-20 03:39:29,2024-03-20 04:02:49,0 days 00:23:20,9091.0,49501.0,58592.0,1,,544,0,03/20/2024 04:02:49
2857,2857,MiraFlex 1,Stop,2024-03-20 04:02:49,2024-03-20 04:17:09,0 days 00:14:20,16.0,58592.0,58608.0,0,,544,5321,03/20/2024 04:17:09
2858,2858,MiraFlex 1,Running,2024-03-20 04:17:09,2024-03-20 04:32:09,0 days 00:15:00,5816.0,58608.0,64424.0,1,,544,0,03/20/2024 04:32:09
2859,2859,MiraFlex 1,Stop,2024-03-20 04:32:09,2024-03-20 05:56:10,0 days 01:24:01,38.0,64424.0,64462.0,0,,544,5322,03/20/2024 05:56:10
2860,2860,MiraFlex 1,Running,2024-03-20 05:56:10,2024-03-20 05:59:50,0 days 00:03:40,1406.0,64462.0,65868.0,1,,544,0,03/20/2024 05:59:50
2861,2861,MiraFlex 1,Stop,2024-03-20 05:59:50,2024-03-20 06:02:50,0 days 00:03:00,21.0,65868.0,65889.0,0,,544,5323,03/20/2024 06:02:50
2862,2862,MiraFlex 1,Running,2024-03-20 06:02:50,2024-03-20 06:11:10,0 days 00:08:20,3136.0,65889.0,69025.0,1,,544,0,03/20/2024 06:11:10
2863,2863,MiraFlex 1,Stop,2024-03-20 06:11:10,2024-03-20 06:11:50,0 days 00:00:40,92.0,69025.0,69117.0,0,,544,5324,03/20/2024 06:11:50
2864,2864,MiraFlex 1,Running,2024-03-20 06:11:50,2024-03-20 06:19:10,0 days 00:07:20,2854.0,69117.0,71971.0,1,,544,0,03/20/2024 06:19:10
2865,2865,MiraFlex 1,Stop,2024-03-20 06:19:10,2024-03-20 06:26:10,0 days 00:07:00,52.0,71971.0,72023.0,0,,544,5325,03/20/2024 06:26:10
2866,2866,MiraFlex 1,Running,2024-03-20 06:26:10,2024-03-20 06:41:51,0 days 00:15:41,6131.0,72023.0,78154.0,1,,544,0,03/20/2024 06:41:51
2867,2867,MiraFlex 1,Stop,2024-03-20 06:41:51,2024-03-20 06:46:31,0 days 00:04:40,4.0,78154.0,78158.0,0,,544,5326,03/20/2024 06:46:31
2868,2868,MiraFlex 1,Running,2024-03-20 06:46:31,2024-03-20 06:53:31,0 days 00:07:00,2632.0,78158.0,80790.0,1,,544,0,03/20/2024 06:53:31
2869,2869,MiraFlex 1,Stop,2024-03-20 06:53:31,2024-03-20 07:23:11,0 days 00:29:40,-80703.0,80790.0,87.0,0,,544,5327,03/20/2024 07:23:11
2870,2870,MiraFlex 1,Running,2024-03-20 07:23:11,2024-03-20 07:40:11,0 days 00:17:00,6785.0,87.0,6872.0,1,,544,0,03/20/2024 07:40:11
2871,2871,MiraFlex 1,Stop,2024-03-20 07:40:11,2024-03-20 09:12:12,0 days 01:32:01,2.0,6872.0,6874.0,0,,544,5251,03/20/2024 09:12:12
2872,2872,MiraFlex 1,Running,2024-03-20 09:12:12,2024-03-20 09:14:52,0 days 00:02:40,651.0,6874.0,7525.0,1,,544,0,03/20/2024 09:14:52
2873,2873,MiraFlex 1,Stop,2024-03-20 09:14:52,2024-03-20 09:18:12,0 days 00:03:20,66.0,7525.0,7591.0,0,,544,5252,03/20/2024 09:18:12
2874,2874,MiraFlex 1,Running,2024-03-20 09:18:12,2024-03-20 09:25:12,0 days 00:07:00,2706.0,7591.0,10297.0,1,,544,0,03/20/2024 09:25:12
2875,2875,MiraFlex 1,Stop,2024-03-20 09:25:12,2024-03-20 09:40:52,0 days 00:15:40,3.0,10297.0,10300.0,0,,544,5253,03/20/2024 09:40:52
2876,2876,MiraFlex 1,Running,2024-03-20 09:40:52,2024-03-20 09:53:52,0 days 00:13:00,5050.0,10300.0,15350.0,1,,544,0,03/20/2024 09:53:52
2877,2877,MiraFlex 1,Stop,2024-03-20 09:53:52,2024-03-20 09:56:32,0 days 00:02:40,7.0,15350.0,15357.0,0,,544,5254,03/20/2024 09:56:32
2878,2878,MiraFlex 1,Running,2024-03-20 09:56:32,2024-03-20 10:20:12,0 days 00:23:40,9465.0,15357.0,24822.0,1,,544,0,03/20/2024 10:20:12
2879,2879,MiraFlex 1,Stop,2024-03-20 10:20:12,2024-03-20 12:25:53,0 days 02:05:41,12.0,24822.0,24834.0,0,,544,5255,03/20/2024 12:25:53
2880,2880,MiraFlex 1,Running,2024-03-20 12:25:53,2024-03-20 12:27:33,0 days 00:01:40,120.0,24834.0,24954.0,1,,544,0,03/20/2024 12:27:33
2881,2881,MiraFlex 1,Stop,2024-03-20 12:27:33,2024-03-20 12:37:54,0 days 00:10:21,10.0,24954.0,24964.0,0,,544,5256,03/20/2024 12:37:54
2882,2882,MiraFlex 1,Running,2024-03-20 12:37:54,2024-03-20 12:38:34,0 days 00:00:40,107.0,24964.0,25071.0,1,,544,0,03/20/2024 12:38:34
2883,2883,MiraFlex 1,Stop,2024-03-20 12:38:34,2024-03-20 12:41:54,0 days 00:03:20,50.0,25071.0,25121.0,0,,544,5257,03/20/2024 12:41:54
2884,2884,MiraFlex 1,Running,2024-03-20 12:41:54,2024-03-20 12:48:54,0 days 00:07:00,2062.0,25121.0,27183.0,1,,544,0,03/20/2024 12:48:54
2885,2885,MiraFlex 1,Stop,2024-03-20 12:48:54,2024-03-20 12:56:14,0 days 00:07:20,15.0,27183.0,27198.0,0,,544,5258,03/20/2024 12:56:14
2886,2886,MiraFlex 1,Running,2024-03-20 12:56:14,2024-03-20 12:57:14,0 days 00:01:00,48.0,27198.0,27246.0,1,,544,0,03/20/2024 12:57:14
2887,2887,MiraFlex 1,Stop,2024-03-20 12:57:14,2024-03-20 12:57:34,0 days 00:00:20,10.0,27246.0,27256.0,0,,544,5259,03/20/2024 12:57:34
2888,2888,MiraFlex 1,Running,2024-03-20 12:57:34,2024-03-20 12:58:14,0 days 00:00:40,140.0,27256.0,27396.0,1,,544,0,03/20/2024 12:58:14
2889,2889,MiraFlex 1,Stop,2024-03-20 12:58:14,2024-03-20 13:08:14,0 days 00:10:00,49.0,27396.0,27445.0,0,,544,5260,03/20/2024 13:08:14
2890,2890,MiraFlex 1,Running,2024-03-20 13:08:14,2024-03-20 13:13:14,0 days 00:05:00,1414.0,27445.0,28859.0,1,,544,0,03/20/2024 13:13:14
2891,2891,MiraFlex 1,Stop,2024-03-20 13:13:14,2024-03-20 13:19:14,0 days 00:06:00,3.0,28859.0,28862.0,0,,544,5261,03/20/2024 13:19:14
2892,2892,MiraFlex 1,Running,2024-03-20 13:19:14,2024-03-20 13:28:54,0 days 00:09:40,2846.0,28862.0,31708.0,1,,544,0,03/20/2024 13:28:54
2893,2893,MiraFlex 1,Stop,2024-03-20 13:28:54,2024-03-20 13:39:54,0 days 00:11:00,21.0,31708.0,31729.0,0,,544,5262,03/20/2024 13:39:54
2894,2894,MiraFlex 1,Running,2024-03-20 13:39:54,2024-03-20 13:41:14,0 days 00:01:20,152.0,31729.0,31881.0,1,,544,0,03/20/2024 13:41:14
2895,2895,MiraFlex 1,Stop,2024-03-20 13:41:14,2024-03-20 13:44:14,0 days 00:03:00,5.0,31881.0,31886.0,0,,544,5263,03/20/2024 13:44:14
2896,2896,MiraFlex 1,Running,2024-03-20 13:44:14,2024-03-20 13:52:34,0 days 00:08:20,2455.0,31886.0,34341.0,1,,544,0,03/20/2024 13:52:34
2897,2897,MiraFlex 1,Stop,2024-03-20 13:52:34,2024-03-20 14:01:34,0 days 00:09:00,43.0,34341.0,34384.0,0,,544,5264,03/20/2024 14:01:34
2898,2898,MiraFlex 1,Running,2024-03-20 14:01:34,2024-03-20 14:08:14,0 days 00:06:40,1902.0,34384.0,36286.0,1,,544,0,03/20/2024 14:08:14
2899,2899,MiraFlex 1,Stop,2024-03-20 14:08:14,2024-03-20 17:06:56,0 days 02:58:42,-36270.0,36286.0,16.0,0,,544,5342,03/20/2024 17:06:56
2900,2900,MiraFlex 1,Running,2024-03-20 17:06:56,2024-03-20 17:07:16,0 days 00:00:20,45.0,16.0,61.0,1,,544,0,03/20/2024 17:07:16
2901,2901,MiraFlex 1,Stop,2024-03-20 17:07:16,2024-03-20 17:08:16,0 days 00:01:00,0.0,61.0,61.0,0,,544,5279,03/20/2024 17:08:16
2902,2902,MiraFlex 1,Running,2024-03-20 17:08:16,2024-03-20 17:15:16,0 days 00:07:00,873.0,61.0,934.0,1,,544,0,03/20/2024 17:15:16
2903,2903,MiraFlex 1,Stop,2024-03-20 17:15:16,2024-03-20 17:32:16,0 days 00:17:00,223.0,934.0,1157.0,0,,544,5280,03/20/2024 17:32:16
2904,2904,MiraFlex 1,Running,2024-03-20 17:32:16,2024-03-20 17:32:36,0 days 00:00:20,79.0,1157.0,1236.0,1,,544,0,03/20/2024 17:32:36
2905,2905,MiraFlex 1,Stop,2024-03-20 17:32:36,2024-03-20 17:37:56,0 days 00:05:20,36.0,1236.0,1272.0,0,,544,5281,03/20/2024 17:37:56
2906,2906,MiraFlex 1,Running,2024-03-20 17:37:56,2024-03-20 17:44:56,0 days 00:07:00,2798.0,1272.0,4070.0,1,,544,0,03/20/2024 17:44:56
2907,2907,MiraFlex 1,Stop,2024-03-20 17:44:56,2024-03-20 17:51:16,0 days 00:06:20,2.0,4070.0,4072.0,0,,544,5282,03/20/2024 17:51:16
2908,2908,MiraFlex 1,Running,2024-03-20 17:51:16,2024-03-20 18:08:56,0 days 00:17:40,6967.0,4072.0,11039.0,1,,544,0,03/20/2024 18:08:56
2909,2909,MiraFlex 1,Stop,2024-03-20 18:08:56,2024-03-20 18:17:56,0 days 00:09:00,33.0,11039.0,11072.0,0,,544,5283,03/20/2024 18:17:56
2910,2910,MiraFlex 1,Running,2024-03-20 18:17:56,2024-03-20 18:23:56,0 days 00:06:00,2210.0,11072.0,13282.0,1,,544,0,03/20/2024 18:23:56
2911,2911,MiraFlex 1,Stop,2024-03-20 18:23:56,2024-03-20 18:24:16,0 days 00:00:20,8.0,13282.0,13290.0,0,,544,5284,03/20/2024 18:24:16
2912,2912,MiraFlex 1,Running,2024-03-20 18:24:16,2024-03-20 18:34:17,0 days 00:10:01,3771.0,13290.0,17061.0,1,,544,0,03/20/2024 18:34:17
2913,2913,MiraFlex 1,Stop,2024-03-20 18:34:17,2024-03-20 19:27:17,0 days 00:53:00,19.0,17061.0,17080.0,0,,544,5285,03/20/2024 19:27:17
2914,2914,MiraFlex 1,Running,2024-03-20 19:27:17,2024-03-20 19:31:57,0 days 00:04:40,1866.0,17080.0,18946.0,1,,544,0,03/20/2024 19:31:57
2915,2915,MiraFlex 1,Stop,2024-03-20 19:31:57,2024-03-20 19:32:57,0 days 00:01:00,3.0,18946.0,18949.0,0,,544,5286,03/20/2024 19:32:57
2916,2916,MiraFlex 1,Running,2024-03-20 19:32:57,2024-03-20 19:47:17,0 days 00:14:20,5400.0,18949.0,24349.0,1,,544,0,03/20/2024 19:47:17
2917,2917,MiraFlex 1,Stop,2024-03-20 19:47:17,2024-03-20 19:48:57,0 days 00:01:40,48.0,24349.0,24397.0,0,,544,5287,03/20/2024 19:48:57
2918,2918,MiraFlex 1,Running,2024-03-20 19:48:57,2024-03-20 20:32:58,0 days 00:44:01,17660.0,24397.0,42057.0,1,,544,0,03/20/2024 20:32:58
2919,2919,MiraFlex 1,Stop,2024-03-20 20:32:58,2024-03-20 20:50:38,0 days 00:17:40,7.0,42057.0,42064.0,0,,544,5288,03/20/2024 20:50:38
2920,2920,MiraFlex 1,Running,2024-03-20 20:50:38,2024-03-20 20:59:38,0 days 00:09:00,1033.0,42064.0,43097.0,1,,544,0,03/20/2024 20:59:38
2921,2921,MiraFlex 1,Stop,2024-03-20 20:59:38,2024-03-20 21:07:18,0 days 00:07:40,15.0,43097.0,43112.0,0,,544,5289,03/20/2024 21:07:18
2922,2922,MiraFlex 1,Running,2024-03-20 21:07:18,2024-03-20 21:11:38,0 days 00:04:20,2050.0,43112.0,45162.0,1,,544,0,03/20/2024 21:11:38
2923,2923,MiraFlex 1,Stop,2024-03-20 21:11:38,2024-03-20 21:17:38,0 days 00:06:00,7.0,45162.0,45169.0,0,,544,5290,03/20/2024 21:17:38
2924,2924,MiraFlex 1,Running,2024-03-20 21:17:38,2024-03-20 21:46:58,0 days 00:29:20,14099.0,45169.0,59268.0,1,,544,0,03/20/2024 21:46:58
2925,2925,MiraFlex 1,Stop,2024-03-20 21:46:58,2024-03-20 21:48:38,0 days 00:01:40,24.0,59268.0,59292.0,0,,544,5291,03/20/2024 21:48:38
2926,2926,MiraFlex 1,Running,2024-03-20 21:48:38,2024-03-20 22:40:39,0 days 00:52:01,25244.0,59292.0,84536.0,1,,544,0,03/20/2024 22:40:39
2927,2927,MiraFlex 1,Stop,2024-03-20 22:40:39,2024-03-20 23:24:19,0 days 00:43:40,-84459.0,84536.0,77.0,0,,544,5356,03/20/2024 23:24:19
2928,2928,MiraFlex 1,Running,2024-03-20 23:24:19,2024-03-21 00:11:39,0 days 00:47:20,23087.0,77.0,23164.0,1,,544,0,03/21/2024 00:11:39
2929,2929,MiraFlex 1,Stop,2024-03-21 00:11:39,2024-03-21 10:39:25,0 days 10:27:46,-23146.0,23164.0,18.0,0,,544,0,03/21/2024 10:39:25
2930,2930,MiraFlex 1,Running,2024-03-21 10:39:25,2024-03-21 10:40:05,0 days 00:00:40,59.0,18.0,77.0,1,,544,0,03/21/2024 10:40:05
2931,2931,MiraFlex 1,Stop,2024-03-21 10:40:05,2024-03-21 10:44:45,0 days 00:04:40,4.0,77.0,81.0,0,,544,5266,03/21/2024 10:44:45
2932,2932,MiraFlex 1,Running,2024-03-21 10:44:45,2024-03-21 10:46:25,0 days 00:01:40,467.0,81.0,548.0,1,,544,0,03/21/2024 10:46:25
2933,2933,MiraFlex 1,Stop,2024-03-21 10:46:25,2024-03-21 13:12:06,0 days 02:25:41,1.0,548.0,549.0,0,,544,5267,03/21/2024 13:12:06
2934,2934,MiraFlex 1,Running,2024-03-21 13:12:06,2024-03-21 13:12:46,0 days 00:00:40,119.0,549.0,668.0,1,,544,0,03/21/2024 13:12:46
2935,2935,MiraFlex 1,Stop,2024-03-21 13:12:46,2024-03-21 13:18:26,0 days 00:05:40,9.0,668.0,677.0,0,,544,5268,03/21/2024 13:18:26
2936,2936,MiraFlex 1,Running,2024-03-21 13:18:26,2024-03-21 13:22:26,0 days 00:04:00,1226.0,677.0,1903.0,1,,544,0,03/21/2024 13:22:26
2937,2937,MiraFlex 1,Stop,2024-03-21 13:22:26,2024-03-21 13:26:06,0 days 00:03:40,64.0,1903.0,1967.0,0,,544,5269,03/21/2024 13:26:06
2938,2938,MiraFlex 1,Running,2024-03-21 13:26:06,2024-03-21 13:33:06,0 days 00:07:00,2811.0,1967.0,4778.0,1,,544,0,03/21/2024 13:33:06
2939,2939,MiraFlex 1,Stop,2024-03-21 13:33:06,2024-03-21 13:34:06,0 days 00:01:00,14.0,4778.0,4792.0,0,,544,5270,03/21/2024 13:34:06
2940,2940,MiraFlex 1,Running,2024-03-21 13:34:06,2024-03-21 14:34:47,0 days 01:00:41,27620.0,4792.0,32412.0,1,,544,0,03/21/2024 14:34:47
2941,2941,MiraFlex 1,Stop,2024-03-21 14:34:47,2024-03-25 18:28:54,4 days 03:54:07,-32412.0,32412.0,0.0,0,,544,0,03/25/2024 18:28:54
2942,2942,MiraFlex 1,Running,2024-03-25 18:28:54,2024-03-25 18:40:34,0 days 00:11:40,0.0,0.0,0.0,1,,544,0,03/25/2024 18:40:34
2943,2943,MiraFlex 1,Stop,2024-03-25 18:40:34,2024-03-25 19:46:34,0 days 01:06:00,0.0,0.0,0.0,0,,544,5271,03/25/2024 19:46:34
2944,2944,MiraFlex 1,Running,2024-03-25 19:46:34,2024-03-25 19:53:14,0 days 00:06:40,0.0,0.0,0.0,1,,544,0,03/25/2024 19:53:14
2945,2945,MiraFlex 1,Stop,2024-03-25 19:53:14,2024-03-25 20:43:35,0 days 00:50:21,0.0,0.0,0.0,0,,544,5272,03/25/2024 20:43:35
2946,2946,MiraFlex 1,Running,2024-03-25 20:43:35,2024-03-25 20:46:55,0 days 00:03:20,0.0,0.0,0.0,1,,544,0,03/25/2024 20:46:55
2947,2947,MiraFlex 1,Stop,2024-03-25 20:46:55,2024-03-25 20:55:35,0 days 00:08:40,0.0,0.0,0.0,0,,544,5273,03/25/2024 20:55:35
2948,2948,MiraFlex 1,Running,2024-03-25 20:55:35,2024-03-25 21:03:55,0 days 00:08:20,0.0,0.0,0.0,1,,544,0,03/25/2024 21:03:55
2949,2949,MiraFlex 1,Stop,2024-03-25 21:03:55,2024-03-25 21:08:55,0 days 00:05:00,0.0,0.0,0.0,0,,544,5274,03/25/2024 21:08:55
2950,2950,MiraFlex 1,Running,2024-03-25 21:08:55,2024-03-25 21:12:35,0 days 00:03:40,0.0,0.0,0.0,1,,544,0,03/25/2024 21:12:35
2951,2951,MiraFlex 1,Stop,2024-03-25 21:12:35,2024-03-25 21:17:55,0 days 00:05:20,0.0,0.0,0.0,0,,544,5275,03/25/2024 21:17:55
2952,2952,MiraFlex 1,Running,2024-03-25 21:17:55,2024-03-25 21:34:15,0 days 00:16:20,0.0,0.0,0.0,1,,544,0,03/25/2024 21:34:15
2953,2953,MiraFlex 1,Stop,2024-03-25 21:34:15,2024-03-25 21:55:35,0 days 00:21:20,0.0,0.0,0.0,0,,544,5276,03/25/2024 21:55:35
2954,2954,MiraFlex 1,Running,2024-03-25 21:55:35,2024-03-25 22:26:36,0 days 00:31:01,0.0,0.0,0.0,1,,544,0,03/25/2024 22:26:36
2955,2955,MiraFlex 1,Stop,2024-03-25 22:26:36,2024-03-25 22:37:16,0 days 00:10:40,0.0,0.0,0.0,0,,544,5277,03/25/2024 22:37:16
2956,2956,MiraFlex 1,Running,2024-03-25 22:37:16,2024-03-25 22:55:56,0 days 00:18:40,0.0,0.0,0.0,1,,544,0,03/25/2024 22:55:56
2957,2957,MiraFlex 1,Stop,2024-03-25 22:55:56,2024-03-25 23:09:56,0 days 00:14:00,0.0,0.0,0.0,0,,544,0,03/25/2024 23:09:56
2958,2958,MiraFlex 1,Running,2024-03-25 23:09:56,2024-03-25 23:23:36,0 days 00:13:40,0.0,0.0,0.0,1,,544,0,03/25/2024 23:23:36
2959,2959,MiraFlex 1,Stop,2024-03-25 23:23:36,2024-03-25 23:30:16,0 days 00:06:40,0.0,0.0,0.0,0,,544,5293,03/25/2024 23:30:16
2960,2960,MiraFlex 1,Running,2024-03-25 23:30:16,2024-03-25 23:36:16,0 days 00:06:00,0.0,0.0,0.0,1,,544,0,03/25/2024 23:36:16
2961,2961,MiraFlex 1,Stop,2024-03-25 23:36:16,2024-03-25 23:58:16,0 days 00:22:00,0.0,0.0,0.0,0,,544,5294,03/25/2024 23:58:16
2962,2962,MiraFlex 1,Running,2024-03-25 23:58:16,2024-03-26 00:04:16,0 days 00:06:00,0.0,0.0,0.0,1,,544,0,03/26/2024 00:04:16
2963,2963,MiraFlex 1,Stop,2024-03-26 00:04:16,2024-03-26 00:04:36,0 days 00:00:20,0.0,0.0,0.0,0,,544,5494,03/26/2024 00:04:36
2964,2964,MiraFlex 1,Running,2024-03-26 00:04:36,2024-03-26 00:10:16,0 days 00:05:40,0.0,0.0,0.0,1,,544,0,03/26/2024 00:10:16
2965,2965,MiraFlex 1,Stop,2024-03-26 00:10:16,2024-03-26 00:37:57,0 days 00:27:41,0.0,0.0,0.0,0,,544,5495,03/26/2024 00:37:57
2966,2966,MiraFlex 1,Running,2024-03-26 00:37:57,2024-03-26 00:39:17,0 days 00:01:20,0.0,0.0,0.0,1,,544,0,03/26/2024 00:39:17
2967,2967,MiraFlex 1,Stop,2024-03-26 00:39:17,2024-03-26 00:52:57,0 days 00:13:40,0.0,0.0,0.0,0,,544,5496,03/26/2024 00:52:57
2968,2968,MiraFlex 1,Running,2024-03-26 00:52:57,2024-03-26 01:03:17,0 days 00:10:20,0.0,0.0,0.0,1,,544,0,03/26/2024 01:03:17
2969,2969,MiraFlex 1,Stop,2024-03-26 01:03:17,2024-03-26 01:20:57,0 days 00:17:40,0.0,0.0,0.0,0,,544,5497,03/26/2024 01:20:57
2970,2970,MiraFlex 1,Running,2024-03-26 01:20:57,2024-03-26 01:47:17,0 days 00:26:20,0.0,0.0,0.0,1,,544,0,03/26/2024 01:47:17
2971,2971,MiraFlex 1,Stop,2024-03-26 01:47:17,2024-03-26 01:56:17,0 days 00:09:00,0.0,0.0,0.0,0,,544,5498,03/26/2024 01:56:17
2972,2972,MiraFlex 1,Running,2024-03-26 01:56:17,2024-03-26 02:22:58,0 days 00:26:41,0.0,0.0,0.0,1,,544,0,03/26/2024 02:22:58
2973,2973,MiraFlex 1,Stop,2024-03-26 02:22:58,2024-03-26 02:32:18,0 days 00:09:20,0.0,0.0,0.0,0,,544,5499,03/26/2024 02:32:18
2974,2974,MiraFlex 1,Running,2024-03-26 02:32:18,2024-03-26 02:59:58,0 days 00:27:40,0.0,0.0,0.0,1,,544,0,03/26/2024 02:59:58
2975,2975,MiraFlex 1,Stop,2024-03-26 02:59:58,2024-03-26 03:09:18,0 days 00:09:20,0.0,0.0,0.0,0,,544,5500,03/26/2024 03:09:18
2976,2976,MiraFlex 1,Running,2024-03-26 03:09:18,2024-03-26 03:22:58,0 days 00:13:40,0.0,0.0,0.0,1,,544,0,03/26/2024 03:22:58
2977,2977,MiraFlex 1,Stop,2024-03-26 03:22:58,2024-03-26 04:22:39,0 days 00:59:41,0.0,0.0,0.0,0,,544,5501,03/26/2024 04:22:39
2978,2978,MiraFlex 1,Running,2024-03-26 04:22:39,2024-03-26 04:29:19,0 days 00:06:40,0.0,0.0,0.0,1,,544,0,03/26/2024 04:29:19
2979,2979,MiraFlex 1,Stop,2024-03-26 04:29:19,2024-03-26 04:34:19,0 days 00:05:00,0.0,0.0,0.0,0,,544,5502,03/26/2024 04:34:19
2980,2980,MiraFlex 1,Running,2024-03-26 04:34:19,2024-03-26 04:37:19,0 days 00:03:00,0.0,0.0,0.0,1,,544,0,03/26/2024 04:37:19
2981,2981,MiraFlex 1,Stop,2024-03-26 04:37:19,2024-03-26 04:37:59,0 days 00:00:40,0.0,0.0,0.0,0,,544,5503,03/26/2024 04:37:59
2982,2982,MiraFlex 1,Running,2024-03-26 04:37:59,2024-03-26 04:39:39,0 days 00:01:40,0.0,0.0,0.0,1,,544,0,03/26/2024 04:39:39
2983,2983,MiraFlex 1,Stop,2024-03-26 04:39:39,2024-03-26 05:15:39,0 days 00:36:00,0.0,0.0,0.0,0,,544,5504,03/26/2024 05:15:39
2984,2984,MiraFlex 1,Running,2024-03-26 05:15:39,2024-03-26 05:17:39,0 days 00:02:00,0.0,0.0,0.0,1,,544,0,03/26/2024 05:17:39
2985,2985,MiraFlex 1,Stop,2024-03-26 05:17:39,2024-03-26 05:20:39,0 days 00:03:00,0.0,0.0,0.0,0,,544,5505,03/26/2024 05:20:39
2986,2986,MiraFlex 1,Running,2024-03-26 05:20:39,2024-03-26 05:22:39,0 days 00:02:00,0.0,0.0,0.0,1,,544,0,03/26/2024 05:22:39
2987,2987,MiraFlex 1,Stop,2024-03-26 05:22:39,2024-03-26 05:32:19,0 days 00:09:40,0.0,0.0,0.0,0,,544,5506,03/26/2024 05:32:19
2988,2988,MiraFlex 1,Running,2024-03-26 05:32:19,2024-03-26 05:38:39,0 days 00:06:20,0.0,0.0,0.0,1,,544,0,03/26/2024 05:38:39
2989,2989,MiraFlex 1,Stop,2024-03-26 05:38:39,2024-03-26 06:08:39,0 days 00:30:00,0.0,0.0,0.0,0,,544,5507,03/26/2024 06:08:39
2990,2990,MiraFlex 1,Running,2024-03-26 06:08:39,2024-03-26 06:10:00,0 days 00:01:21,0.0,0.0,0.0,1,,544,0,03/26/2024 06:10:00
2991,2991,MiraFlex 1,Stop,2024-03-26 06:10:00,2024-03-26 06:27:00,0 days 00:17:00,0.0,0.0,0.0,0,,544,5508,03/26/2024 06:27:00
2992,2992,MiraFlex 1,Running,2024-03-26 06:27:00,2024-03-26 06:30:00,0 days 00:03:00,0.0,0.0,0.0,1,,544,0,03/26/2024 06:30:00
2993,2993,MiraFlex 1,Stop,2024-03-26 06:30:00,2024-03-26 07:23:40,0 days 00:53:40,0.0,0.0,0.0,0,,544,5509,03/26/2024 07:23:40
2994,2994,MiraFlex 1,Running,2024-03-26 07:23:40,2024-03-26 07:25:20,0 days 00:01:40,0.0,0.0,0.0,1,,544,0,03/26/2024 07:25:20
2995,2995,MiraFlex 1,Stop,2024-03-26 07:25:20,2024-03-26 07:30:20,0 days 00:05:00,0.0,0.0,0.0,0,,544,5296,03/26/2024 07:30:20
2996,2996,MiraFlex 1,Running,2024-03-26 07:30:20,2024-03-26 07:32:00,0 days 00:01:40,0.0,0.0,0.0,1,,544,0,03/26/2024 07:32:00
2997,2997,MiraFlex 1,Stop,2024-03-26 07:32:00,2024-03-26 07:44:20,0 days 00:12:20,0.0,0.0,0.0,0,,544,5297,03/26/2024 07:44:20
2998,2998,MiraFlex 1,Running,2024-03-26 07:44:20,2024-03-26 07:46:00,0 days 00:01:40,0.0,0.0,0.0,1,,544,0,03/26/2024 07:46:00
2999,2999,MiraFlex 1,Stop,2024-03-26 07:46:00,2024-03-26 09:21:41,0 days 01:35:41,0.0,0.0,0.0,0,,544,5298,03/26/2024 09:21:41
3000,3000,MiraFlex 1,Running,2024-03-26 09:21:41,2024-03-26 09:30:21,0 days 00:08:40,0.0,0.0,0.0,1,,544,0,03/26/2024 09:30:21
3001,3001,MiraFlex 1,Stop,2024-03-26 09:30:21,2024-03-26 10:04:41,0 days 00:34:20,0.0,0.0,0.0,0,,544,5299,03/26/2024 10:04:41
3002,3002,MiraFlex 1,Running,2024-03-26 10:04:41,2024-03-26 10:07:02,0 days 00:02:21,0.0,0.0,0.0,1,,544,0,03/26/2024 10:07:02
3003,3003,MiraFlex 1,Stop,2024-03-26 10:07:02,2024-03-26 10:41:42,0 days 00:34:40,0.0,0.0,0.0,0,,544,5300,03/26/2024 10:41:42
3004,3004,MiraFlex 1,Running,2024-03-26 10:41:42,2024-03-26 10:43:02,0 days 00:01:20,0.0,0.0,0.0,1,,544,0,03/26/2024 10:43:02
3005,3005,MiraFlex 1,Stop,2024-03-26 10:43:02,2024-03-26 11:17:42,0 days 00:34:40,38.0,0.0,38.0,0,,544,5301,03/26/2024 11:17:42
3006,3006,MiraFlex 1,Running,2024-03-26 11:17:42,2024-03-26 11:18:42,0 days 00:01:00,238.0,38.0,276.0,1,,544,0,03/26/2024 11:18:42
3007,3007,MiraFlex 1,Stop,2024-03-26 11:18:42,2024-03-26 11:34:42,0 days 00:16:00,52.0,276.0,328.0,0,,544,5302,03/26/2024 11:34:42
3008,3008,MiraFlex 1,Running,2024-03-26 11:34:42,2024-03-26 11:36:02,0 days 00:01:20,515.0,328.0,843.0,1,,544,0,03/26/2024 11:36:02
3009,3009,MiraFlex 1,Stop,2024-03-26 11:36:02,2024-03-26 11:46:42,0 days 00:10:40,1.0,843.0,844.0,0,,544,5303,03/26/2024 11:46:42
3010,3010,MiraFlex 1,Running,2024-03-26 11:46:42,2024-03-26 11:51:02,0 days 00:04:20,530.0,844.0,1374.0,1,,544,0,03/26/2024 11:51:02
3011,3011,MiraFlex 1,Stop,2024-03-26 11:51:02,2024-03-26 12:08:03,0 days 00:17:01,17.0,1374.0,1391.0,0,,544,5304,03/26/2024 12:08:03
3012,3012,MiraFlex 1,Running,2024-03-26 12:08:03,2024-03-26 12:18:23,0 days 00:10:20,684.0,1391.0,2075.0,1,,544,0,03/26/2024 12:18:23
3013,3013,MiraFlex 1,Stop,2024-03-26 12:18:23,2024-03-26 12:20:43,0 days 00:02:20,29.0,2075.0,2104.0,0,,544,5305,03/26/2024 12:20:43
3014,3014,MiraFlex 1,Running,2024-03-26 12:20:43,2024-03-26 12:24:23,0 days 00:03:40,634.0,2104.0,2738.0,1,,544,0,03/26/2024 12:24:23
3015,3015,MiraFlex 1,Stop,2024-03-26 12:24:23,2024-03-26 12:50:03,0 days 00:25:40,1.0,2738.0,2739.0,0,,544,5306,03/26/2024 12:50:03
3016,3016,MiraFlex 1,Running,2024-03-26 12:50:03,2024-03-26 13:05:23,0 days 00:15:20,5756.0,2739.0,8495.0,1,,544,0,03/26/2024 13:05:23
3017,3017,MiraFlex 1,Stop,2024-03-26 13:05:23,2024-03-26 13:10:23,0 days 00:05:00,55.0,8495.0,8550.0,0,,544,5307,03/26/2024 13:10:23
3018,3018,MiraFlex 1,Running,2024-03-26 13:10:23,2024-03-26 13:21:43,0 days 00:11:20,4448.0,8550.0,12998.0,1,,544,0,03/26/2024 13:21:43
3019,3019,MiraFlex 1,Stop,2024-03-26 13:21:43,2024-03-26 13:23:23,0 days 00:01:40,17.0,12998.0,13015.0,0,,544,5308,03/26/2024 13:23:23
3020,3020,MiraFlex 1,Running,2024-03-26 13:23:23,2024-03-26 13:53:43,0 days 00:30:20,12001.0,13015.0,25016.0,1,,544,0,03/26/2024 13:53:43
3021,3021,MiraFlex 1,Stop,2024-03-26 13:53:43,2024-03-26 13:55:43,0 days 00:02:00,34.0,25016.0,25050.0,0,,544,5309,03/26/2024 13:55:43
3022,3022,MiraFlex 1,Running,2024-03-26 13:55:43,2024-03-26 14:13:24,0 days 00:17:41,7025.0,25050.0,32075.0,1,,544,0,03/26/2024 14:13:24
3023,3023,MiraFlex 1,Stop,2024-03-26 14:13:24,2024-03-26 14:30:44,0 days 00:17:20,15.0,32075.0,32090.0,0,,544,5310,03/26/2024 14:30:44
3024,3024,MiraFlex 1,Running,2024-03-26 14:30:44,2024-03-26 15:07:44,0 days 00:37:00,-29136.0,32090.0,2954.0,1,,544,0,03/26/2024 15:07:44
3025,3025,MiraFlex 1,Stop,2024-03-26 15:07:44,2024-03-26 15:11:24,0 days 00:03:40,62.0,2954.0,3016.0,0,,544,5375,03/26/2024 15:11:24
3026,3026,MiraFlex 1,Running,2024-03-26 15:11:24,2024-03-26 15:46:24,0 days 00:35:00,13990.0,3016.0,17006.0,1,,544,0,03/26/2024 15:46:24
3027,3027,MiraFlex 1,Stop,2024-03-26 15:46:24,2024-03-26 15:48:44,0 days 00:02:20,33.0,17006.0,17039.0,0,,544,5376,03/26/2024 15:48:44
3028,3028,MiraFlex 1,Running,2024-03-26 15:48:44,2024-03-26 16:26:45,0 days 00:38:01,15131.0,17039.0,32170.0,1,,544,0,03/26/2024 16:26:45
3029,3029,MiraFlex 1,Stop,2024-03-26 16:26:45,2024-03-26 16:54:45,0 days 00:28:00,7.0,32170.0,32177.0,0,,544,5377,03/26/2024 16:54:45
3030,3030,MiraFlex 1,Running,2024-03-26 16:54:45,2024-03-26 17:40:25,0 days 00:45:40,18233.0,32177.0,50410.0,1,,544,0,03/26/2024 17:40:25
3031,3031,MiraFlex 1,Stop,2024-03-26 17:40:25,2024-03-26 18:13:46,0 days 00:33:21,7.0,50410.0,50417.0,0,,544,5378,03/26/2024 18:13:46
3032,3032,MiraFlex 1,Running,2024-03-26 18:13:46,2024-03-26 18:26:26,0 days 00:12:40,4815.0,50417.0,55232.0,1,,544,0,03/26/2024 18:26:26
3033,3033,MiraFlex 1,Stop,2024-03-26 18:26:26,2024-03-26 18:35:26,0 days 00:09:00,70.0,55232.0,55302.0,0,,544,5379,03/26/2024 18:35:26
3034,3034,MiraFlex 1,Running,2024-03-26 18:35:26,2024-03-26 18:38:26,0 days 00:03:00,1173.0,55302.0,56475.0,1,,544,0,03/26/2024 18:38:26
3035,3035,MiraFlex 1,Stop,2024-03-26 18:38:26,2024-03-26 19:04:26,0 days 00:26:00,32.0,56475.0,56507.0,0,,544,5380,03/26/2024 19:04:26
3036,3036,MiraFlex 1,Running,2024-03-26 19:04:26,2024-03-26 19:13:06,0 days 00:08:40,3346.0,56507.0,59853.0,1,,544,0,03/26/2024 19:13:06
3037,3037,MiraFlex 1,Stop,2024-03-26 19:13:06,2024-03-26 19:57:07,0 days 00:44:01,10.0,59853.0,59863.0,0,,544,5381,03/26/2024 19:57:07
3038,3038,MiraFlex 1,Running,2024-03-26 19:57:07,2024-03-26 20:07:47,0 days 00:10:40,1085.0,59863.0,60948.0,1,,544,0,03/26/2024 20:07:47
3039,3039,MiraFlex 1,Stop,2024-03-26 20:07:47,2024-03-26 20:51:27,0 days 00:43:40,13.0,60948.0,60961.0,0,,544,5382,03/26/2024 20:51:27
3040,3040,MiraFlex 1,Running,2024-03-26 20:51:27,2024-03-26 20:53:27,0 days 00:02:00,351.0,60961.0,61312.0,1,,544,0,03/26/2024 20:53:27
3041,3041,MiraFlex 1,Stop,2024-03-26 20:53:27,2024-03-26 21:37:27,0 days 00:44:00,49.0,61312.0,61361.0,0,,544,5383,03/26/2024 21:37:27
3042,3042,MiraFlex 1,Running,2024-03-26 21:37:27,2024-03-26 21:38:07,0 days 00:00:40,114.0,61361.0,61475.0,1,,544,0,03/26/2024 21:38:07
3043,3043,MiraFlex 1,Stop,2024-03-26 21:38:07,2024-03-26 23:16:28,0 days 01:38:21,-61457.0,61475.0,18.0,0,,544,5534,03/26/2024 23:16:28
3044,3044,MiraFlex 1,Running,2024-03-26 23:16:28,2024-03-26 23:19:28,0 days 00:03:00,356.0,18.0,374.0,1,,544,0,03/26/2024 23:19:28
3045,3045,MiraFlex 1,Stop,2024-03-26 23:19:28,2024-03-26 23:26:48,0 days 00:07:20,34.0,374.0,408.0,0,,544,5535,03/26/2024 23:26:48
3046,3046,MiraFlex 1,Running,2024-03-26 23:26:48,2024-03-26 23:33:08,0 days 00:06:20,677.0,408.0,1085.0,1,,544,0,03/26/2024 23:33:08
3047,3047,MiraFlex 1,Stop,2024-03-26 23:33:08,2024-03-26 23:47:08,0 days 00:14:00,34.0,1085.0,1119.0,0,,544,5536,03/26/2024 23:47:08
3048,3048,MiraFlex 1,Running,2024-03-26 23:47:08,2024-03-26 23:48:08,0 days 00:01:00,296.0,1119.0,1415.0,1,,544,0,03/26/2024 23:48:08
3049,3049,MiraFlex 1,Stop,2024-03-26 23:48:08,2024-03-26 23:59:29,0 days 00:11:21,37.0,1415.0,1452.0,0,,544,5537,03/26/2024 23:59:29
3050,3050,MiraFlex 1,Running,2024-03-26 23:59:29,2024-03-27 00:07:49,0 days 00:08:20,3290.0,1452.0,4742.0,1,,544,0,03/27/2024 00:07:49
3051,3051,MiraFlex 1,Stop,2024-03-27 00:07:49,2024-03-27 00:30:09,0 days 00:22:20,9.0,4742.0,4751.0,0,,544,5408,03/27/2024 00:30:09
3052,3052,MiraFlex 1,Running,2024-03-27 00:30:09,2024-03-27 00:30:49,0 days 00:00:40,145.0,4751.0,4896.0,1,,544,0,03/27/2024 00:30:49
3053,3053,MiraFlex 1,Stop,2024-03-27 00:30:49,2024-03-27 00:39:09,0 days 00:08:20,24.0,4896.0,4920.0,0,,544,5409,03/27/2024 00:39:09
3054,3054,MiraFlex 1,Running,2024-03-27 00:39:09,2024-03-27 00:40:09,0 days 00:01:00,356.0,4920.0,5276.0,1,,544,0,03/27/2024 00:40:09
3055,3055,MiraFlex 1,Stop,2024-03-27 00:40:09,2024-03-27 00:45:29,0 days 00:05:20,13.0,5276.0,5289.0,0,,544,5410,03/27/2024 00:45:29
3056,3056,MiraFlex 1,Running,2024-03-27 00:45:29,2024-03-27 00:46:29,0 days 00:01:00,219.0,5289.0,5508.0,1,,544,0,03/27/2024 00:46:29
3057,3057,MiraFlex 1,Stop,2024-03-27 00:46:29,2024-03-27 00:57:09,0 days 00:10:40,14.0,5508.0,5522.0,0,,544,5411,03/27/2024 00:57:09
3058,3058,MiraFlex 1,Running,2024-03-27 00:57:09,2024-03-27 00:57:49,0 days 00:00:40,165.0,5522.0,5687.0,1,,544,0,03/27/2024 00:57:49
3059,3059,MiraFlex 1,Stop,2024-03-27 00:57:49,2024-03-27 01:04:49,0 days 00:07:00,59.0,5687.0,5746.0,0,,544,5412,03/27/2024 01:04:49
3060,3060,MiraFlex 1,Running,2024-03-27 01:04:49,2024-03-27 01:34:29,0 days 00:29:40,11825.0,5746.0,17571.0,1,,544,0,03/27/2024 01:34:29
3061,3061,MiraFlex 1,Stop,2024-03-27 01:34:29,2024-03-27 02:28:50,0 days 00:54:21,17.0,17571.0,17588.0,0,,544,5413,03/27/2024 02:28:50
3062,3062,MiraFlex 1,Running,2024-03-27 02:28:50,2024-03-27 02:42:30,0 days 00:13:40,1757.0,17588.0,19345.0,1,,544,0,03/27/2024 02:42:30
3063,3063,MiraFlex 1,Stop,2024-03-27 02:42:30,2024-03-27 02:42:50,0 days 00:00:20,1.0,19345.0,19346.0,0,,544,5414,03/27/2024 02:42:50
3064,3064,MiraFlex 1,Running,2024-03-27 02:42:50,2024-03-27 02:44:50,0 days 00:02:00,496.0,19346.0,19842.0,1,,544,0,03/27/2024 02:44:50
3065,3065,MiraFlex 1,Stop,2024-03-27 02:44:50,2024-03-27 03:28:10,0 days 00:43:20,29.0,19842.0,19871.0,0,,544,5415,03/27/2024 03:28:10
3066,3066,MiraFlex 1,Running,2024-03-27 03:28:10,2024-03-27 03:30:10,0 days 00:02:00,193.0,19871.0,20064.0,1,,544,0,03/27/2024 03:30:10
3067,3067,MiraFlex 1,Stop,2024-03-27 03:30:10,2024-03-27 03:30:30,0 days 00:00:20,26.0,20064.0,20090.0,0,,544,5416,03/27/2024 03:30:30
3068,3068,MiraFlex 1,Running,2024-03-27 03:30:30,2024-03-27 03:36:10,0 days 00:05:40,1057.0,20090.0,21147.0,1,,544,0,03/27/2024 03:36:10
3069,3069,MiraFlex 1,Stop,2024-03-27 03:36:10,2024-03-27 03:43:50,0 days 00:07:40,71.0,21147.0,21218.0,0,,544,5417,03/27/2024 03:43:50
3070,3070,MiraFlex 1,Running,2024-03-27 03:43:50,2024-03-27 03:44:50,0 days 00:01:00,265.0,21218.0,21483.0,1,,544,0,03/27/2024 03:44:50
3071,3071,MiraFlex 1,Stop,2024-03-27 03:44:50,2024-03-27 03:50:31,0 days 00:05:41,18.0,21483.0,21501.0,0,,544,5418,03/27/2024 03:50:31
3072,3072,MiraFlex 1,Running,2024-03-27 03:50:31,2024-03-27 04:22:31,0 days 00:32:00,12729.0,21501.0,34230.0,1,,544,0,03/27/2024 04:22:31
3073,3073,MiraFlex 1,Stop,2024-03-27 04:22:31,2024-03-27 04:33:31,0 days 00:11:00,94.0,34230.0,34324.0,0,,544,5419,03/27/2024 04:33:31
3074,3074,MiraFlex 1,Running,2024-03-27 04:33:31,2024-03-27 04:33:51,0 days 00:00:20,33.0,34324.0,34357.0,1,,544,0,03/27/2024 04:33:51
3075,3075,MiraFlex 1,Stop,2024-03-27 04:33:51,2024-03-27 05:06:51,0 days 00:33:00,59.0,34357.0,34416.0,0,,544,5420,03/27/2024 05:06:51
3076,3076,MiraFlex 1,Running,2024-03-27 05:06:51,2024-03-27 05:49:52,0 days 00:43:01,17141.0,34416.0,51557.0,1,,544,0,03/27/2024 05:49:52
3077,3077,MiraFlex 1,Stop,2024-03-27 05:49:52,2024-03-27 06:13:52,0 days 00:24:00,7.0,51557.0,51564.0,0,,544,5421,03/27/2024 06:13:52
3078,3078,MiraFlex 1,Running,2024-03-27 06:13:52,2024-03-27 06:44:32,0 days 00:30:40,12239.0,51564.0,63803.0,1,,544,0,03/27/2024 06:44:32
3079,3079,MiraFlex 1,Stop,2024-03-27 06:44:32,2024-03-27 06:52:32,0 days 00:08:00,21.0,63803.0,63824.0,0,,544,5422,03/27/2024 06:52:32
3080,3080,MiraFlex 1,Running,2024-03-27 06:52:32,2024-03-27 06:57:12,0 days 00:04:40,1813.0,63824.0,65637.0,1,,544,0,03/27/2024 06:57:12
3081,3081,MiraFlex 1,Stop,2024-03-27 06:57:12,2024-03-27 08:03:33,0 days 01:06:21,-65626.0,65637.0,11.0,0,,544,5423,03/27/2024 08:03:33
3082,3082,MiraFlex 1,Running,2024-03-27 08:03:33,2024-03-27 08:17:13,0 days 00:13:40,1362.0,11.0,1373.0,1,,544,0,03/27/2024 08:17:13
3083,3083,MiraFlex 1,Stop,2024-03-27 08:17:13,2024-03-27 08:49:33,0 days 00:32:20,51.0,1373.0,1424.0,0,,544,5358,03/27/2024 08:49:33
3084,3084,MiraFlex 1,Running,2024-03-27 08:49:33,2024-03-27 08:51:13,0 days 00:01:40,389.0,1424.0,1813.0,1,,544,0,03/27/2024 08:51:13
3085,3085,MiraFlex 1,Stop,2024-03-27 08:51:13,2024-03-27 09:15:13,0 days 00:24:00,7.0,1813.0,1820.0,0,,544,5359,03/27/2024 09:15:13
3086,3086,MiraFlex 1,Running,2024-03-27 09:15:13,2024-03-27 09:28:33,0 days 00:13:20,4237.0,1820.0,6057.0,1,,544,0,03/27/2024 09:28:33
3087,3087,MiraFlex 1,Stop,2024-03-27 09:28:33,2024-03-27 09:50:34,0 days 00:22:01,64.0,6057.0,6121.0,0,,544,5360,03/27/2024 09:50:34
3088,3088,MiraFlex 1,Running,2024-03-27 09:50:34,2024-03-27 10:32:14,0 days 00:41:40,16763.0,6121.0,22884.0,1,,544,0,03/27/2024 10:32:14
3089,3089,MiraFlex 1,Stop,2024-03-27 10:32:14,2024-03-27 11:13:14,0 days 00:41:00,41.0,22884.0,22925.0,0,,544,5361,03/27/2024 11:13:14
3090,3090,MiraFlex 1,Running,2024-03-27 11:13:14,2024-03-27 11:44:35,0 days 00:31:21,12643.0,22925.0,35568.0,1,,544,0,03/27/2024 11:44:35
3091,3091,MiraFlex 1,Stop,2024-03-27 11:44:35,2024-03-27 12:00:55,0 days 00:16:20,273.0,35568.0,35841.0,0,,544,5362,03/27/2024 12:00:55
3092,3092,MiraFlex 1,Running,2024-03-27 12:00:55,2024-03-27 12:10:35,0 days 00:09:40,3808.0,35841.0,39649.0,1,,544,0,03/27/2024 12:10:35
3093,3093,MiraFlex 1,Stop,2024-03-27 12:10:35,2024-03-27 13:34:35,0 days 01:24:00,43.0,39649.0,39692.0,0,,544,5363,03/27/2024 13:34:35
3094,3094,MiraFlex 1,Running,2024-03-27 13:34:35,2024-03-27 14:03:16,0 days 00:28:41,11522.0,39692.0,51214.0,1,,544,0,03/27/2024 14:03:16
3095,3095,MiraFlex 1,Stop,2024-03-27 14:03:16,2024-03-27 14:20:16,0 days 00:17:00,61.0,51214.0,51275.0,0,,544,5364,03/27/2024 14:20:16
3096,3096,MiraFlex 1,Running,2024-03-27 14:20:16,2024-03-27 14:52:16,0 days 00:32:00,12790.0,51275.0,64065.0,1,,544,0,03/27/2024 14:52:16
3097,3097,MiraFlex 1,Stop,2024-03-27 14:52:16,2024-03-27 15:09:16,0 days 00:17:00,-64027.0,64065.0,38.0,0,,544,5431,03/27/2024 15:09:16
3098,3098,MiraFlex 1,Running,2024-03-27 15:09:16,2024-03-27 15:27:16,0 days 00:18:00,7104.0,38.0,7142.0,1,,544,0,03/27/2024 15:27:16
3099,3099,MiraFlex 1,Stop,2024-03-27 15:27:16,2024-03-27 15:30:56,0 days 00:03:40,25.0,7142.0,7167.0,0,,544,5366,03/27/2024 15:30:56
3100,3100,MiraFlex 1,Running,2024-03-27 15:30:56,2024-03-27 15:43:57,0 days 00:13:01,4243.0,7167.0,11410.0,1,,544,0,03/27/2024 15:43:57
3101,3101,MiraFlex 1,Stop,2024-03-27 15:43:57,2024-03-27 15:54:17,0 days 00:10:20,47.0,11410.0,11457.0,0,,544,5367,03/27/2024 15:54:17
3102,3102,MiraFlex 1,Running,2024-03-27 15:54:17,2024-03-27 16:41:37,0 days 00:47:20,18984.0,11457.0,30441.0,1,,544,0,03/27/2024 16:41:37
3103,3103,MiraFlex 1,Stop,2024-03-27 16:41:37,2024-03-27 16:47:37,0 days 00:06:00,18.0,30441.0,30459.0,0,,544,5368,03/27/2024 16:47:37
3104,3104,MiraFlex 1,Running,2024-03-27 16:47:37,2024-03-27 17:17:57,0 days 00:30:20,12084.0,30459.0,42543.0,1,,544,0,03/27/2024 17:17:57
3105,3105,MiraFlex 1,Stop,2024-03-27 17:17:57,2024-03-27 17:29:37,0 days 00:11:40,9.0,42543.0,42552.0,0,,544,5369,03/27/2024 17:29:37
3106,3106,MiraFlex 1,Running,2024-03-27 17:29:37,2024-03-27 17:45:38,0 days 00:16:01,6373.0,42552.0,48925.0,1,,544,0,03/27/2024 17:45:38
3107,3107,MiraFlex 1,Stop,2024-03-27 17:45:38,2024-03-27 19:33:58,0 days 01:48:20,35.0,48925.0,48960.0,0,,544,5370,03/27/2024 19:33:58
3108,3108,MiraFlex 1,Running,2024-03-27 19:33:58,2024-03-27 19:44:39,0 days 00:10:41,4238.0,48960.0,53198.0,1,,544,0,03/27/2024 19:44:39
3109,3109,MiraFlex 1,Stop,2024-03-27 19:44:39,2024-03-27 19:46:39,0 days 00:02:00,26.0,53198.0,53224.0,0,,544,5371,03/27/2024 19:46:39
3110,3110,MiraFlex 1,Running,2024-03-27 19:46:39,2024-03-27 20:48:19,0 days 01:01:40,24888.0,53224.0,78112.0,1,,544,0,03/27/2024 20:48:19
3111,3111,MiraFlex 1,Stop,2024-03-27 20:48:19,2024-03-27 21:11:39,0 days 00:23:20,23.0,78112.0,78135.0,0,,544,5372,03/27/2024 21:11:39
3112,3112,MiraFlex 1,Running,2024-03-27 21:11:39,2024-03-27 21:12:19,0 days 00:00:40,169.0,78135.0,78304.0,1,,544,0,03/27/2024 21:12:19
3113,3113,MiraFlex 1,Stop,2024-03-27 21:12:19,2024-03-27 21:13:39,0 days 00:01:20,56.0,78304.0,78360.0,0,,544,5373,03/27/2024 21:13:39
3114,3114,MiraFlex 1,Running,2024-03-27 21:13:39,2024-03-27 21:45:20,0 days 00:31:41,12725.0,78360.0,91085.0,1,,544,0,03/27/2024 21:45:20
3115,3115,MiraFlex 1,Stop,2024-03-27 21:45:20,2024-03-27 22:05:40,0 days 00:20:20,36.0,91085.0,91121.0,0,,544,5374,03/27/2024 22:05:40
3116,3116,MiraFlex 1,Running,2024-03-27 22:05:40,2024-03-27 22:52:40,0 days 00:47:00,18855.0,91121.0,109976.0,1,,544,0,03/27/2024 22:52:40
3117,3117,MiraFlex 1,Stop,2024-03-27 22:52:40,2024-03-27 23:10:00,0 days 00:17:20,-109896.0,109976.0,80.0,0,,544,5441,03/27/2024 23:10:00
3118,3118,MiraFlex 1,Running,2024-03-27 23:10:00,2024-03-27 23:43:41,0 days 00:33:41,13549.0,80.0,13629.0,1,,544,0,03/27/2024 23:43:41
3119,3119,MiraFlex 1,Stop,2024-03-27 23:43:41,2024-03-27 23:51:01,0 days 00:07:20,80.0,13629.0,13709.0,0,,544,5442,03/27/2024 23:51:01
3120,3120,MiraFlex 1,Running,2024-03-27 23:51:01,2024-03-28 00:32:01,0 days 00:41:00,16532.0,13709.0,30241.0,1,,544,0,03/28/2024 00:32:01
3121,3121,MiraFlex 1,Stop,2024-03-28 00:32:01,2024-03-28 00:39:41,0 days 00:07:40,105.0,30241.0,30346.0,0,,544,5456,03/28/2024 00:39:41
3122,3122,MiraFlex 1,Running,2024-03-28 00:39:41,2024-03-28 01:02:01,0 days 00:22:20,8990.0,30346.0,39336.0,1,,544,0,03/28/2024 01:02:01
3123,3123,MiraFlex 1,Stop,2024-03-28 01:02:01,2024-03-28 01:14:01,0 days 00:12:00,24.0,39336.0,39360.0,0,,544,5457,03/28/2024 01:14:01
3124,3124,MiraFlex 1,Running,2024-03-28 01:14:01,2024-03-28 01:30:02,0 days 00:16:01,6417.0,39360.0,45777.0,1,,544,0,03/28/2024 01:30:02
3125,3125,MiraFlex 1,Stop,2024-03-28 01:30:02,2024-03-28 01:52:22,0 days 00:22:20,5.0,45777.0,45782.0,0,,544,5458,03/28/2024 01:52:22
3126,3126,MiraFlex 1,Running,2024-03-28 01:52:22,2024-03-28 01:55:22,0 days 00:03:00,351.0,45782.0,46133.0,1,,544,0,03/28/2024 01:55:22
3127,3127,MiraFlex 1,Stop,2024-03-28 01:55:22,2024-03-28 01:56:02,0 days 00:00:40,14.0,46133.0,46147.0,0,,544,5459,03/28/2024 01:56:02
3128,3128,MiraFlex 1,Running,2024-03-28 01:56:02,2024-03-28 02:02:22,0 days 00:06:20,1090.0,46147.0,47237.0,1,,544,0,03/28/2024 02:02:22
3129,3129,MiraFlex 1,Stop,2024-03-28 02:02:22,2024-03-28 02:14:42,0 days 00:12:20,37.0,47237.0,47274.0,0,,544,5460,03/28/2024 02:14:42
3130,3130,MiraFlex 1,Running,2024-03-28 02:14:42,2024-03-28 02:15:22,0 days 00:00:40,71.0,47274.0,47345.0,1,,544,0,03/28/2024 02:15:22
3131,3131,MiraFlex 1,Stop,2024-03-28 02:15:22,2024-03-28 02:17:22,0 days 00:02:00,32.0,47345.0,47377.0,0,,544,5461,03/28/2024 02:17:22
3132,3132,MiraFlex 1,Running,2024-03-28 02:17:22,2024-03-28 02:19:02,0 days 00:01:40,330.0,47377.0,47707.0,1,,544,0,03/28/2024 02:19:02
3133,3133,MiraFlex 1,Stop,2024-03-28 02:19:02,2024-03-28 02:22:42,0 days 00:03:40,17.0,47707.0,47724.0,0,,544,5462,03/28/2024 02:22:42
3134,3134,MiraFlex 1,Running,2024-03-28 02:22:42,2024-03-28 02:56:22,0 days 00:33:40,13542.0,47724.0,61266.0,1,,544,0,03/28/2024 02:56:22
3135,3135,MiraFlex 1,Stop,2024-03-28 02:56:22,2024-03-28 03:05:22,0 days 00:09:00,102.0,61266.0,61368.0,0,,544,5463,03/28/2024 03:05:22
3136,3136,MiraFlex 1,Running,2024-03-28 03:05:22,2024-03-28 03:45:23,0 days 00:40:01,16116.0,61368.0,77484.0,1,,544,0,03/28/2024 03:45:23
3137,3137,MiraFlex 1,Stop,2024-03-28 03:45:23,2024-03-28 03:50:03,0 days 00:04:40,26.0,77484.0,77510.0,0,,544,5464,03/28/2024 03:50:03
3138,3138,MiraFlex 1,Running,2024-03-28 03:50:03,2024-03-28 04:34:03,0 days 00:44:00,17748.0,77510.0,95258.0,1,,544,0,03/28/2024 04:34:03
3139,3139,MiraFlex 1,Stop,2024-03-28 04:34:03,2024-03-28 05:09:43,0 days 00:35:40,109.0,95258.0,95367.0,0,,544,5465,03/28/2024 05:09:43
3140,3140,MiraFlex 1,Running,2024-03-28 05:09:43,2024-03-28 05:28:44,0 days 00:19:01,7662.0,95367.0,103029.0,1,,544,0,03/28/2024 05:28:44
3141,3141,MiraFlex 1,Stop,2024-03-28 05:28:44,2024-03-28 05:43:04,0 days 00:14:20,10.0,103029.0,103039.0,0,,544,5466,03/28/2024 05:43:04
3142,3142,MiraFlex 1,Running,2024-03-28 05:43:04,2024-03-28 05:51:24,0 days 00:08:20,940.0,103039.0,103979.0,1,,544,0,03/28/2024 05:51:24
3143,3143,MiraFlex 1,Stop,2024-03-28 05:51:24,2024-03-28 06:06:44,0 days 00:15:20,45.0,103979.0,104024.0,0,,544,5467,03/28/2024 06:06:44
3144,3144,MiraFlex 1,Running,2024-03-28 06:06:44,2024-03-28 06:07:24,0 days 00:00:40,176.0,104024.0,104200.0,1,,544,0,03/28/2024 06:07:24
3145,3145,MiraFlex 1,Stop,2024-03-28 06:07:24,2024-03-28 06:12:44,0 days 00:05:20,8.0,104200.0,104208.0,0,,544,5468,03/28/2024 06:12:44
3146,3146,MiraFlex 1,Running,2024-03-28 06:12:44,2024-03-28 06:42:24,0 days 00:29:40,11754.0,104208.0,115962.0,1,,544,0,03/28/2024 06:42:24
3147,3147,MiraFlex 1,Stop,2024-03-28 06:42:24,2024-03-28 06:44:04,0 days 00:01:40,118.0,115962.0,116080.0,0,,544,5469,03/28/2024 06:44:04
3148,3148,MiraFlex 1,Running,2024-03-28 06:44:04,2024-03-28 06:55:24,0 days 00:11:20,4420.0,116080.0,120500.0,1,,544,0,03/28/2024 06:55:24
3149,3149,MiraFlex 1,Stop,2024-03-28 06:55:24,2024-03-28 07:24:45,0 days 00:29:21,-120450.0,120500.0,50.0,0,,544,5470,03/28/2024 07:24:45
3150,3150,MiraFlex 1,Running,2024-03-28 07:24:45,2024-03-28 07:48:45,0 days 00:24:00,9518.0,50.0,9568.0,1,,544,0,03/28/2024 07:48:45
3151,3151,MiraFlex 1,Stop,2024-03-28 07:48:45,2024-03-28 08:42:45,0 days 00:54:00,1.0,9568.0,9569.0,0,,544,5385,03/28/2024 08:42:45
3152,3152,MiraFlex 1,Running,2024-03-28 08:42:45,2024-03-28 08:46:25,0 days 00:03:40,400.0,9569.0,9969.0,1,,544,0,03/28/2024 08:46:25
3153,3153,MiraFlex 1,Stop,2024-03-28 08:46:25,2024-03-28 08:55:25,0 days 00:09:00,24.0,9969.0,9993.0,0,,544,5386,03/28/2024 08:55:25
3154,3154,MiraFlex 1,Running,2024-03-28 08:55:25,2024-03-28 08:55:45,0 days 00:00:20,25.0,9993.0,10018.0,1,,544,0,03/28/2024 08:55:45
3155,3155,MiraFlex 1,Stop,2024-03-28 08:55:45,2024-03-28 08:57:25,0 days 00:01:40,26.0,10018.0,10044.0,0,,544,5387,03/28/2024 08:57:25
3156,3156,MiraFlex 1,Running,2024-03-28 08:57:25,2024-03-28 09:03:05,0 days 00:05:40,672.0,10044.0,10716.0,1,,544,0,03/28/2024 09:03:05
3157,3157,MiraFlex 1,Stop,2024-03-28 09:03:05,2024-03-28 09:23:26,0 days 00:20:21,44.0,10716.0,10760.0,0,,544,5388,03/28/2024 09:23:26
3158,3158,MiraFlex 1,Running,2024-03-28 09:23:26,2024-03-28 09:24:06,0 days 00:00:40,177.0,10760.0,10937.0,1,,544,0,03/28/2024 09:24:06
3159,3159,MiraFlex 1,Stop,2024-03-28 09:24:06,2024-03-28 09:41:26,0 days 00:17:20,55.0,10937.0,10992.0,0,,544,5389,03/28/2024 09:41:26
3160,3160,MiraFlex 1,Running,2024-03-28 09:41:26,2024-03-28 09:42:26,0 days 00:01:00,335.0,10992.0,11327.0,1,,544,0,03/28/2024 09:42:26
3161,3161,MiraFlex 1,Stop,2024-03-28 09:42:26,2024-03-28 10:16:26,0 days 00:34:00,61.0,11327.0,11388.0,0,,544,5390,03/28/2024 10:16:26
3162,3162,MiraFlex 1,Running,2024-03-28 10:16:26,2024-03-28 10:16:46,0 days 00:00:20,90.0,11388.0,11478.0,1,,544,0,03/28/2024 10:16:46
3163,3163,MiraFlex 1,Stop,2024-03-28 10:16:46,2024-03-28 10:25:46,0 days 00:09:00,29.0,11478.0,11507.0,0,,544,5391,03/28/2024 10:25:46
3164,3164,MiraFlex 1,Running,2024-03-28 10:25:46,2024-03-28 10:26:46,0 days 00:01:00,295.0,11507.0,11802.0,1,,544,0,03/28/2024 10:26:46
3165,3165,MiraFlex 1,Stop,2024-03-28 10:26:46,2024-03-28 10:42:06,0 days 00:15:20,23.0,11802.0,11825.0,0,,544,5392,03/28/2024 10:42:06
3166,3166,MiraFlex 1,Running,2024-03-28 10:42:06,2024-03-28 10:43:26,0 days 00:01:20,348.0,11825.0,12173.0,1,,544,0,03/28/2024 10:43:26
3167,3167,MiraFlex 1,Stop,2024-03-28 10:43:26,2024-03-28 11:32:27,0 days 00:49:01,19.0,12173.0,12192.0,0,,544,5393,03/28/2024 11:32:27
3168,3168,MiraFlex 1,Running,2024-03-28 11:32:27,2024-03-28 11:46:47,0 days 00:14:20,1327.0,12192.0,13519.0,1,,544,0,03/28/2024 11:46:47
3169,3169,MiraFlex 1,Stop,2024-03-28 11:46:47,2024-03-28 12:08:27,0 days 00:21:40,25.0,13519.0,13544.0,0,,544,5394,03/28/2024 12:08:27
3170,3170,MiraFlex 1,Running,2024-03-28 12:08:27,2024-03-28 12:13:47,0 days 00:05:20,741.0,13544.0,14285.0,1,,544,0,03/28/2024 12:13:47
3171,3171,MiraFlex 1,Stop,2024-03-28 12:13:47,2024-03-28 12:22:07,0 days 00:08:20,14.0,14285.0,14299.0,0,,544,5395,03/28/2024 12:22:07
3172,3172,MiraFlex 1,Running,2024-03-28 12:22:07,2024-03-28 12:22:27,0 days 00:00:20,22.0,14299.0,14321.0,1,,544,0,03/28/2024 12:22:27
3173,3173,MiraFlex 1,Stop,2024-03-28 12:22:27,2024-03-28 12:25:07,0 days 00:02:40,2.0,14321.0,14323.0,0,,544,5396,03/28/2024 12:25:07
3174,3174,MiraFlex 1,Running,2024-03-28 12:25:07,2024-03-28 12:29:07,0 days 00:04:00,573.0,14323.0,14896.0,1,,544,0,03/28/2024 12:29:07
3175,3175,MiraFlex 1,Stop,2024-03-28 12:29:07,2024-03-28 12:38:47,0 days 00:09:40,39.0,14896.0,14935.0,0,,544,5397,03/28/2024 12:38:47
3176,3176,MiraFlex 1,Running,2024-03-28 12:38:47,2024-03-28 12:50:07,0 days 00:11:20,4472.0,14935.0,19407.0,1,,544,0,03/28/2024 12:50:07
3177,3177,MiraFlex 1,Stop,2024-03-28 12:50:07,2024-03-28 13:05:07,0 days 00:15:00,14.0,19407.0,19421.0,0,,544,5398,03/28/2024 13:05:07
3178,3178,MiraFlex 1,Running,2024-03-28 13:05:07,2024-03-28 13:14:27,0 days 00:09:20,3454.0,19421.0,22875.0,1,,544,0,03/28/2024 13:14:27
3179,3179,MiraFlex 1,Stop,2024-03-28 13:14:27,2024-03-28 15:24:49,0 days 02:10:22,-22830.0,22875.0,45.0,0,,544,5485,03/28/2024 15:24:49
3180,3180,MiraFlex 1,Running,2024-03-28 15:24:49,2024-03-28 15:41:29,0 days 00:16:40,6151.0,45.0,6196.0,1,,544,0,03/28/2024 15:41:29
3181,3181,MiraFlex 1,Stop,2024-03-28 15:41:29,2024-03-28 16:02:09,0 days 00:20:40,13.0,6196.0,6209.0,0,,544,5400,03/28/2024 16:02:09
3182,3182,MiraFlex 1,Running,2024-03-28 16:02:09,2024-03-28 16:31:09,0 days 00:29:00,10766.0,6209.0,16975.0,1,,544,0,03/28/2024 16:31:09
3183,3183,MiraFlex 1,Stop,2024-03-28 16:31:09,2024-03-28 16:33:09,0 days 00:02:00,69.0,16975.0,17044.0,0,,544,5401,03/28/2024 16:33:09
3184,3184,MiraFlex 1,Running,2024-03-28 16:33:09,2024-03-28 16:40:09,0 days 00:07:00,2478.0,17044.0,19522.0,1,,544,0,03/28/2024 16:40:09
3185,3185,MiraFlex 1,Stop,2024-03-28 16:40:09,2024-03-28 17:00:09,0 days 00:20:00,18.0,19522.0,19540.0,0,,544,5402,03/28/2024 17:00:09
3186,3186,MiraFlex 1,Running,2024-03-28 17:00:09,2024-03-28 17:09:29,0 days 00:09:20,3438.0,19540.0,22978.0,1,,544,0,03/28/2024 17:09:29
3187,3187,MiraFlex 1,Stop,2024-03-28 17:09:29,2024-03-28 17:13:09,0 days 00:03:40,57.0,22978.0,23035.0,0,,544,5403,03/28/2024 17:13:09
3188,3188,MiraFlex 1,Running,2024-03-28 17:13:09,2024-03-28 18:01:50,0 days 00:48:41,18140.0,23035.0,41175.0,1,,544,0,03/28/2024 18:01:50
3189,3189,MiraFlex 1,Stop,2024-03-28 18:01:50,2024-03-28 18:31:50,0 days 00:30:00,29.0,41175.0,41204.0,0,,544,5404,03/28/2024 18:31:50
3190,3190,MiraFlex 1,Running,2024-03-28 18:31:50,2024-03-28 18:44:10,0 days 00:12:20,4500.0,41204.0,45704.0,1,,544,0,03/28/2024 18:44:10
3191,3191,MiraFlex 1,Stop,2024-03-28 18:44:10,2024-03-28 19:34:31,0 days 00:50:21,64.0,45704.0,45768.0,0,,544,5405,03/28/2024 19:34:31
3192,3192,MiraFlex 1,Running,2024-03-28 19:34:31,2024-03-28 20:19:11,0 days 00:44:40,16721.0,45768.0,62489.0,1,,544,0,03/28/2024 20:19:11
3193,3193,MiraFlex 1,Stop,2024-03-28 20:19:11,2024-03-28 21:15:12,0 days 00:56:01,14.0,62489.0,62503.0,0,,544,5406,03/28/2024 21:15:12
3194,3194,MiraFlex 1,Running,2024-03-28 21:15:12,2024-03-28 22:00:32,0 days 00:45:20,16722.0,62503.0,79225.0,1,,544,0,03/28/2024 22:00:32
3195,3195,MiraFlex 1,Stop,2024-03-28 22:00:32,2024-03-28 22:38:52,0 days 00:38:20,37.0,79225.0,79262.0,0,,544,5407,03/28/2024 22:38:52
3196,3196,MiraFlex 1,Running,2024-03-28 22:38:52,2024-03-28 23:28:53,0 days 00:50:01,-68604.0,79262.0,10658.0,1,,544,0,03/28/2024 23:28:53
3197,3197,MiraFlex 1,Stop,2024-03-28 23:28:53,2024-03-29 00:14:53,0 days 00:46:00,38.0,10658.0,10696.0,0,,544,0,03/29/2024 00:14:53
3198,3198,MiraFlex 1,Running,2024-03-29 00:14:53,2024-03-29 00:15:13,0 days 00:00:20,0.0,10696.0,10696.0,1,,544,0,03/29/2024 00:15:13
3199,3199,MiraFlex 1,Stop,2024-03-29 00:15:13,2024-03-29 00:15:33,0 days 00:00:20,6.0,10696.0,10702.0,0,,544,5634,03/29/2024 00:15:33
3200,3200,MiraFlex 1,Running,2024-03-29 00:15:33,2024-03-29 00:22:33,0 days 00:07:00,1077.0,10702.0,11779.0,1,,544,0,03/29/2024 00:22:33
3201,3201,MiraFlex 1,Stop,2024-03-29 00:22:33,2024-03-29 00:33:33,0 days 00:11:00,16.0,11779.0,11795.0,0,,544,5635,03/29/2024 00:33:33
3202,3202,MiraFlex 1,Running,2024-03-29 00:33:33,2024-03-29 00:36:53,0 days 00:03:20,1168.0,11795.0,12963.0,1,,544,0,03/29/2024 00:36:53
3203,3203,MiraFlex 1,Stop,2024-03-29 00:36:53,2024-03-29 00:49:13,0 days 00:12:20,38.0,12963.0,13001.0,0,,544,5636,03/29/2024 00:49:13
3204,3204,MiraFlex 1,Running,2024-03-29 00:49:13,2024-03-29 01:02:53,0 days 00:13:40,5365.0,13001.0,18366.0,1,,544,0,03/29/2024 01:02:53
3205,3205,MiraFlex 1,Stop,2024-03-29 01:02:53,2024-03-29 01:11:54,0 days 00:09:01,110.0,18366.0,18476.0,0,,544,5637,03/29/2024 01:11:54
3206,3206,MiraFlex 1,Running,2024-03-29 01:11:54,2024-03-29 01:25:54,0 days 00:14:00,5494.0,18476.0,23970.0,1,,544,0,03/29/2024 01:25:54
3207,3207,MiraFlex 1,Stop,2024-03-29 01:25:54,2024-03-29 01:28:34,0 days 00:02:40,35.0,23970.0,24005.0,0,,544,5638,03/29/2024 01:28:34
3208,3208,MiraFlex 1,Running,2024-03-29 01:28:34,2024-03-29 01:31:54,0 days 00:03:20,1186.0,24005.0,25191.0,1,,544,0,03/29/2024 01:31:54
3209,3209,MiraFlex 1,Stop,2024-03-29 01:31:54,2024-03-29 01:34:54,0 days 00:03:00,55.0,25191.0,25246.0,0,,544,5639,03/29/2024 01:34:54
3210,3210,MiraFlex 1,Running,2024-03-29 01:34:54,2024-03-29 01:50:14,0 days 00:15:20,6083.0,25246.0,31329.0,1,,544,0,03/29/2024 01:50:14
3211,3211,MiraFlex 1,Stop,2024-03-29 01:50:14,2024-03-29 01:59:14,0 days 00:09:00,26.0,31329.0,31355.0,0,,544,5640,03/29/2024 01:59:14
3212,3212,MiraFlex 1,Running,2024-03-29 01:59:14,2024-03-29 02:00:14,0 days 00:01:00,239.0,31355.0,31594.0,1,,544,0,03/29/2024 02:00:14
3213,3213,MiraFlex 1,Stop,2024-03-29 02:00:14,2024-03-29 02:28:34,0 days 00:28:20,54.0,31594.0,31648.0,0,,544,5641,03/29/2024 02:28:34
3214,3214,MiraFlex 1,Running,2024-03-29 02:28:34,2024-03-29 02:29:34,0 days 00:01:00,304.0,31648.0,31952.0,1,,544,0,03/29/2024 02:29:34
3215,3215,MiraFlex 1,Stop,2024-03-29 02:29:34,2024-03-29 02:38:34,0 days 00:09:00,89.0,31952.0,32041.0,0,,544,5642,03/29/2024 02:38:34
3216,3216,MiraFlex 1,Running,2024-03-29 02:38:34,2024-03-29 03:32:15,0 days 00:53:41,21423.0,32041.0,53464.0,1,,544,0,03/29/2024 03:32:15
3217,3217,MiraFlex 1,Stop,2024-03-29 03:32:15,2024-03-29 03:41:35,0 days 00:09:20,50.0,53464.0,53514.0,0,,544,5643,03/29/2024 03:41:35
3218,3218,MiraFlex 1,Running,2024-03-29 03:41:35,2024-03-29 03:42:55,0 days 00:01:20,387.0,53514.0,53901.0,1,,544,0,03/29/2024 03:42:55
3219,3219,MiraFlex 1,Stop,2024-03-29 03:42:55,2024-03-29 03:51:15,0 days 00:08:20,109.0,53901.0,54010.0,0,,544,5644,03/29/2024 03:51:15
3220,3220,MiraFlex 1,Running,2024-03-29 03:51:15,2024-03-29 04:29:15,0 days 00:38:00,15144.0,54010.0,69154.0,1,,544,0,03/29/2024 04:29:15
3221,3221,MiraFlex 1,Stop,2024-03-29 04:29:15,2024-03-29 05:06:36,0 days 00:37:21,21.0,69154.0,69175.0,0,,544,5645,03/29/2024 05:06:36
3222,3222,MiraFlex 1,Running,2024-03-29 05:06:36,2024-03-29 05:07:16,0 days 00:00:40,189.0,69175.0,69364.0,1,,544,0,03/29/2024 05:07:16
3223,3223,MiraFlex 1,Stop,2024-03-29 05:07:16,2024-03-29 05:22:36,0 days 00:15:20,29.0,69364.0,69393.0,0,,544,5646,03/29/2024 05:22:36
3224,3224,MiraFlex 1,Running,2024-03-29 05:22:36,2024-03-29 05:34:36,0 days 00:12:00,4653.0,69393.0,74046.0,1,,544,0,03/29/2024 05:34:36
3225,3225,MiraFlex 1,Stop,2024-03-29 05:34:36,2024-03-29 05:36:36,0 days 00:02:00,107.0,74046.0,74153.0,0,,544,5647,03/29/2024 05:36:36
3226,3226,MiraFlex 1,Running,2024-03-29 05:36:36,2024-03-29 05:52:56,0 days 00:16:20,6504.0,74153.0,80657.0,1,,544,0,03/29/2024 05:52:56
3227,3227,MiraFlex 1,Stop,2024-03-29 05:52:56,2024-03-29 07:55:37,0 days 02:02:41,-80637.0,80657.0,20.0,0,,544,5648,03/29/2024 07:55:37
3228,3228,MiraFlex 1,Running,2024-03-29 07:55:37,2024-03-29 08:09:57,0 days 00:14:20,1691.0,20.0,1711.0,1,,544,0,03/29/2024 08:09:57
3229,3229,MiraFlex 1,Stop,2024-03-29 08:09:57,2024-03-29 08:10:57,0 days 00:01:00,23.0,1711.0,1734.0,0,,544,5539,03/29/2024 08:10:57
3230,3230,MiraFlex 1,Running,2024-03-29 08:10:57,2024-03-29 08:11:57,0 days 00:01:00,261.0,1734.0,1995.0,1,,544,0,03/29/2024 08:11:57
3231,3231,MiraFlex 1,Stop,2024-03-29 08:11:57,2024-03-29 08:46:37,0 days 00:34:40,1.0,1995.0,1996.0,0,,544,5540,03/29/2024 08:46:37
3232,3232,MiraFlex 1,Running,2024-03-29 08:46:37,2024-03-29 08:50:37,0 days 00:04:00,1197.0,1996.0,3193.0,1,,544,0,03/29/2024 08:50:37
3233,3233,MiraFlex 1,Stop,2024-03-29 08:50:37,2024-03-29 10:02:58,0 days 01:12:21,9.0,3193.0,3202.0,0,,544,5541,03/29/2024 10:02:58
3234,3234,MiraFlex 1,Running,2024-03-29 10:02:58,2024-03-29 10:40:58,0 days 00:38:00,14457.0,3202.0,17659.0,1,,544,0,03/29/2024 10:40:58
3235,3235,MiraFlex 1,Stop,2024-03-29 10:40:58,2024-03-29 10:51:18,0 days 00:10:20,40.0,17659.0,17699.0,0,,544,5542,03/29/2024 10:51:18
3236,3236,MiraFlex 1,Running,2024-03-29 10:51:18,2024-03-29 11:03:19,0 days 00:12:01,4737.0,17699.0,22436.0,1,,544,0,03/29/2024 11:03:19
3237,3237,MiraFlex 1,Stop,2024-03-29 11:03:19,2024-03-29 11:11:39,0 days 00:08:20,8.0,22436.0,22444.0,0,,544,5543,03/29/2024 11:11:39
3238,3238,MiraFlex 1,Running,2024-03-29 11:11:39,2024-03-29 11:35:19,0 days 00:23:40,9477.0,22444.0,31921.0,1,,544,0,03/29/2024 11:35:19
3239,3239,MiraFlex 1,Stop,2024-03-29 11:35:19,2024-03-29 12:15:39,0 days 00:40:20,4.0,31921.0,31925.0,0,,544,5544,03/29/2024 12:15:39
3240,3240,MiraFlex 1,Running,2024-03-29 12:15:39,2024-03-29 12:42:59,0 days 00:27:20,10927.0,31925.0,42852.0,1,,544,0,03/29/2024 12:42:59
3241,3241,MiraFlex 1,Stop,2024-03-29 12:42:59,2024-03-29 12:48:59,0 days 00:06:00,59.0,42852.0,42911.0,0,,544,5545,03/29/2024 12:48:59
3242,3242,MiraFlex 1,Running,2024-03-29 12:48:59,2024-03-29 12:50:59,0 days 00:02:00,686.0,42911.0,43597.0,1,,544,0,03/29/2024 12:50:59
3243,3243,MiraFlex 1,Stop,2024-03-29 12:50:59,2024-03-29 14:40:00,0 days 01:49:01,3.0,43597.0,43600.0,0,,544,5546,03/29/2024 14:40:00
3244,3244,MiraFlex 1,Running,2024-03-29 14:40:00,2024-03-29 14:43:20,0 days 00:03:20,1274.0,43600.0,44874.0,1,,544,0,03/29/2024 14:43:20
3245,3245,MiraFlex 1,Stop,2024-03-29 14:43:20,2024-03-29 14:45:40,0 days 00:02:20,89.0,44874.0,44963.0,0,,544,5547,03/29/2024 14:45:40
3246,3246,MiraFlex 1,Running,2024-03-29 14:45:40,2024-03-29 15:41:01,0 days 00:55:21,-28581.0,44963.0,16382.0,1,,544,0,03/29/2024 15:41:01
3247,3247,MiraFlex 1,Stop,2024-03-29 15:41:01,2024-03-29 15:48:41,0 days 00:07:40,59.0,16382.0,16441.0,0,,544,5443,03/29/2024 15:48:41
3248,3248,MiraFlex 1,Running,2024-03-29 15:48:41,2024-03-29 16:09:01,0 days 00:20:20,8177.0,16441.0,24618.0,1,,544,0,03/29/2024 16:09:01
3249,3249,MiraFlex 1,Stop,2024-03-29 16:09:01,2024-03-29 16:22:01,0 days 00:13:00,16.0,24618.0,24634.0,0,,544,5444,03/29/2024 16:22:01
3250,3250,MiraFlex 1,Running,2024-03-29 16:22:01,2024-03-29 16:57:42,0 days 00:35:41,14200.0,24634.0,38834.0,1,,544,0,03/29/2024 16:57:42
3251,3251,MiraFlex 1,Stop,2024-03-29 16:57:42,2024-03-29 17:04:22,0 days 00:06:40,13.0,38834.0,38847.0,0,,544,5445,03/29/2024 17:04:22
3252,3252,MiraFlex 1,Running,2024-03-29 17:04:22,2024-03-29 17:15:42,0 days 00:11:20,3793.0,38847.0,42640.0,1,,544,0,03/29/2024 17:15:42
3253,3253,MiraFlex 1,Stop,2024-03-29 17:15:42,2024-03-29 17:32:42,0 days 00:17:00,38.0,42640.0,42678.0,0,,544,5446,03/29/2024 17:32:42
3254,3254,MiraFlex 1,Running,2024-03-29 17:32:42,2024-03-29 17:41:42,0 days 00:09:00,3515.0,42678.0,46193.0,1,,544,0,03/29/2024 17:41:42
3255,3255,MiraFlex 1,Stop,2024-03-29 17:41:42,2024-03-29 17:47:02,0 days 00:05:20,17.0,46193.0,46210.0,0,,544,5447,03/29/2024 17:47:02
3256,3256,MiraFlex 1,Running,2024-03-29 17:47:02,2024-03-29 18:24:42,0 days 00:37:40,15077.0,46210.0,61287.0,1,,544,0,03/29/2024 18:24:42
3257,3257,MiraFlex 1,Stop,2024-03-29 18:24:42,2024-03-29 18:29:02,0 days 00:04:20,58.0,61287.0,61345.0,0,,544,5448,03/29/2024 18:29:02
3258,3258,MiraFlex 1,Running,2024-03-29 18:29:02,2024-03-29 18:31:02,0 days 00:02:00,581.0,61345.0,61926.0,1,,544,0,03/29/2024 18:31:02
3259,3259,MiraFlex 1,Stop,2024-03-29 18:31:02,2024-03-29 18:33:02,0 days 00:02:00,20.0,61926.0,61946.0,0,,544,5449,03/29/2024 18:33:02
3260,3260,MiraFlex 1,Running,2024-03-29 18:33:02,2024-03-29 18:44:02,0 days 00:11:00,4413.0,61946.0,66359.0,1,,544,0,03/29/2024 18:44:02
3261,3261,MiraFlex 1,Stop,2024-03-29 18:44:02,2024-03-29 19:36:03,0 days 00:52:01,84.0,66359.0,66443.0,0,,544,5450,03/29/2024 19:36:03
3262,3262,MiraFlex 1,Running,2024-03-29 19:36:03,2024-03-29 20:18:43,0 days 00:42:40,17254.0,66443.0,83697.0,1,,544,0,03/29/2024 20:18:43
3263,3263,MiraFlex 1,Stop,2024-03-29 20:18:43,2024-03-29 20:21:43,0 days 00:03:00,23.0,83697.0,83720.0,0,,544,5451,03/29/2024 20:21:43
3264,3264,MiraFlex 1,Running,2024-03-29 20:21:43,2024-03-29 20:53:04,0 days 00:31:21,12604.0,83720.0,96324.0,1,,544,0,03/29/2024 20:53:04
3265,3265,MiraFlex 1,Stop,2024-03-29 20:53:04,2024-03-29 21:13:24,0 days 00:20:20,34.0,96324.0,96358.0,0,,544,5452,03/29/2024 21:13:24
3266,3266,MiraFlex 1,Running,2024-03-29 21:13:24,2024-03-29 21:13:44,0 days 00:00:20,28.0,96358.0,96386.0,1,,544,0,03/29/2024 21:13:44
3267,3267,MiraFlex 1,Stop,2024-03-29 21:13:44,2024-03-29 21:15:44,0 days 00:02:00,32.0,96386.0,96418.0,0,,544,5453,03/29/2024 21:15:44
3268,3268,MiraFlex 1,Running,2024-03-29 21:15:44,2024-03-29 21:44:24,0 days 00:28:40,11410.0,96418.0,107828.0,1,,544,0,03/29/2024 21:44:24
3269,3269,MiraFlex 1,Stop,2024-03-29 21:44:24,2024-03-29 21:47:04,0 days 00:02:40,12.0,107828.0,107840.0,0,,544,5454,03/29/2024 21:47:04
3270,3270,MiraFlex 1,Running,2024-03-29 21:47:04,2024-03-29 22:22:24,0 days 00:35:20,14279.0,107840.0,122119.0,1,,544,0,03/29/2024 22:22:24
3271,3271,MiraFlex 1,Stop,2024-03-29 22:22:24,2024-03-29 22:53:05,0 days 00:30:41,34.0,122119.0,122153.0,0,,544,5455,03/29/2024 22:53:05
3272,3272,MiraFlex 1,Running,2024-03-29 22:53:05,2024-03-29 23:17:45,0 days 00:24:40,-115194.0,122153.0,6959.0,1,,544,0,03/29/2024 23:17:45
3273,3273,MiraFlex 1,Stop,2024-03-29 23:17:45,2024-03-29 23:24:25,0 days 00:06:40,43.0,6959.0,7002.0,0,,544,5671,03/29/2024 23:24:25
3274,3274,MiraFlex 1,Running,2024-03-29 23:24:25,2024-03-30 00:21:45,0 days 00:57:20,23153.0,7002.0,30155.0,1,,544,0,03/30/2024 00:21:45
3275,3275,MiraFlex 1,Stop,2024-03-30 00:21:45,2024-03-30 00:53:46,0 days 00:32:01,111.0,30155.0,30266.0,0,,544,5548,03/30/2024 00:53:46
3276,3276,MiraFlex 1,Running,2024-03-30 00:53:46,2024-03-30 00:56:06,0 days 00:02:20,997.0,30266.0,31263.0,1,,544,0,03/30/2024 00:56:06
3277,3277,MiraFlex 1,Stop,2024-03-30 00:56:06,2024-03-30 01:15:06,0 days 00:19:00,22.0,31263.0,31285.0,0,,544,5549,03/30/2024 01:15:06
3278,3278,MiraFlex 1,Running,2024-03-30 01:15:06,2024-03-30 01:35:26,0 days 00:20:20,9327.0,31285.0,40612.0,1,,544,0,03/30/2024 01:35:26
3279,3279,MiraFlex 1,Stop,2024-03-30 01:35:26,2024-03-30 01:44:46,0 days 00:09:20,8.0,40612.0,40620.0,0,,544,5550,03/30/2024 01:44:46
3280,3280,MiraFlex 1,Running,2024-03-30 01:44:46,2024-03-30 01:45:26,0 days 00:00:40,164.0,40620.0,40784.0,1,,544,0,03/30/2024 01:45:26
3281,3281,MiraFlex 1,Stop,2024-03-30 01:45:26,2024-03-30 01:51:06,0 days 00:05:40,110.0,40784.0,40894.0,0,,544,5551,03/30/2024 01:51:06
3282,3282,MiraFlex 1,Running,2024-03-30 01:51:06,2024-03-30 02:16:06,0 days 00:25:00,12278.0,40894.0,53172.0,1,,544,0,03/30/2024 02:16:06
3283,3283,MiraFlex 1,Stop,2024-03-30 02:16:06,2024-03-30 02:40:46,0 days 00:24:40,5.0,53172.0,53177.0,0,,544,5552,03/30/2024 02:40:46
3284,3284,MiraFlex 1,Running,2024-03-30 02:40:46,2024-03-30 02:50:27,0 days 00:09:41,4179.0,53177.0,57356.0,1,,544,0,03/30/2024 02:50:27
3285,3285,MiraFlex 1,Stop,2024-03-30 02:50:27,2024-03-30 02:59:27,0 days 00:09:00,71.0,57356.0,57427.0,0,,544,5553,03/30/2024 02:59:27
3286,3286,MiraFlex 1,Running,2024-03-30 02:59:27,2024-03-30 03:31:07,0 days 00:31:40,14303.0,57427.0,71730.0,1,,544,0,03/30/2024 03:31:07
3287,3287,MiraFlex 1,Stop,2024-03-30 03:31:07,2024-03-30 03:37:27,0 days 00:06:20,43.0,71730.0,71773.0,0,,544,5554,03/30/2024 03:37:27
3288,3288,MiraFlex 1,Running,2024-03-30 03:37:27,2024-03-30 03:48:07,0 days 00:10:40,4699.0,71773.0,76472.0,1,,544,0,03/30/2024 03:48:07
3289,3289,MiraFlex 1,Stop,2024-03-30 03:48:07,2024-03-30 03:50:07,0 days 00:02:00,90.0,76472.0,76562.0,0,,544,5555,03/30/2024 03:50:07
3290,3290,MiraFlex 1,Running,2024-03-30 03:50:07,2024-03-30 04:32:27,0 days 00:42:20,19127.0,76562.0,95689.0,1,,544,0,03/30/2024 04:32:27
3291,3291,MiraFlex 1,Stop,2024-03-30 04:32:27,2024-03-30 05:15:28,0 days 00:43:01,78.0,95689.0,95767.0,0,,544,5556,03/30/2024 05:15:28
3292,3292,MiraFlex 1,Running,2024-03-30 05:15:28,2024-03-30 05:25:08,0 days 00:09:40,4365.0,95767.0,100132.0,1,,544,0,03/30/2024 05:25:08
3293,3293,MiraFlex 1,Stop,2024-03-30 05:25:08,2024-03-30 05:26:08,0 days 00:01:00,40.0,100132.0,100172.0,0,,544,5557,03/30/2024 05:26:08
3294,3294,MiraFlex 1,Running,2024-03-30 05:26:08,2024-03-30 05:41:48,0 days 00:15:40,7116.0,100172.0,107288.0,1,,544,0,03/30/2024 05:41:48
3295,3295,MiraFlex 1,Stop,2024-03-30 05:41:48,2024-03-30 05:55:48,0 days 00:14:00,86.0,107288.0,107374.0,0,,544,5558,03/30/2024 05:55:48
3296,3296,MiraFlex 1,Running,2024-03-30 05:55:48,2024-03-30 05:56:08,0 days 00:00:20,118.0,107374.0,107492.0,1,,544,0,03/30/2024 05:56:08
3297,3297,MiraFlex 1,Stop,2024-03-30 05:56:08,2024-03-30 06:02:28,0 days 00:06:20,65.0,107492.0,107557.0,0,,544,5559,03/30/2024 06:02:28
3298,3298,MiraFlex 1,Running,2024-03-30 06:02:28,2024-03-30 06:35:28,0 days 00:33:00,14963.0,107557.0,122520.0,1,,544,0,03/30/2024 06:35:28
3299,3299,MiraFlex 1,Stop,2024-03-30 06:35:28,2024-03-30 06:38:08,0 days 00:02:40,26.0,122520.0,122546.0,0,,544,5560,03/30/2024 06:38:08
3300,3300,MiraFlex 1,Running,2024-03-30 06:38:08,2024-03-30 07:12:49,0 days 00:34:41,-117002.0,122546.0,5544.0,1,,544,0,03/30/2024 07:12:49
3301,3301,MiraFlex 1,Stop,2024-03-30 07:12:49,2024-03-30 07:51:09,0 days 00:38:20,3.0,5544.0,5547.0,0,,544,5561,03/30/2024 07:51:09
3302,3302,MiraFlex 1,Running,2024-03-30 07:51:09,2024-03-30 07:56:49,0 days 00:05:40,2077.0,5547.0,7624.0,1,,544,0,03/30/2024 07:56:49
3303,3303,MiraFlex 1,Stop,2024-03-30 07:56:49,2024-03-30 08:05:49,0 days 00:09:00,8.0,7624.0,7632.0,0,,544,5562,03/30/2024 08:05:49
3304,3304,MiraFlex 1,Running,2024-03-30 08:05:49,2024-03-30 08:16:49,0 days 00:11:00,4858.0,7632.0,12490.0,1,,544,0,03/30/2024 08:16:49
3305,3305,MiraFlex 1,Stop,2024-03-30 08:16:49,2024-03-30 08:38:49,0 days 00:22:00,254.0,12490.0,12744.0,0,,544,5563,03/30/2024 08:38:49
3306,3306,MiraFlex 1,Running,2024-03-30 08:38:49,2024-03-30 08:47:30,0 days 00:08:41,3837.0,12744.0,16581.0,1,,544,0,03/30/2024 08:47:30
3307,3307,MiraFlex 1,Stop,2024-03-30 08:47:30,2024-03-30 08:50:10,0 days 00:02:40,7.0,16581.0,16588.0,0,,544,5564,03/30/2024 08:50:10
3308,3308,MiraFlex 1,Running,2024-03-30 08:50:10,2024-03-30 09:12:10,0 days 00:22:00,9774.0,16588.0,26362.0,1,,544,0,03/30/2024 09:12:10
3309,3309,MiraFlex 1,Stop,2024-03-30 09:12:10,2024-03-30 09:48:10,0 days 00:36:00,23.0,26362.0,26385.0,0,,544,5565,03/30/2024 09:48:10
3310,3310,MiraFlex 1,Running,2024-03-30 09:48:10,2024-03-30 10:05:10,0 days 00:17:00,7668.0,26385.0,34053.0,1,,544,0,03/30/2024 10:05:10
3311,3311,MiraFlex 1,Stop,2024-03-30 10:05:10,2024-03-30 11:17:11,0 days 01:12:01,14.0,34053.0,34067.0,0,,544,5566,03/30/2024 11:17:11
3312,3312,MiraFlex 1,Running,2024-03-30 11:17:11,2024-03-30 11:20:31,0 days 00:03:20,168.0,34067.0,34235.0,1,,544,0,03/30/2024 11:20:31
3313,3313,MiraFlex 1,Stop,2024-03-30 11:20:31,2024-03-30 11:34:11,0 days 00:13:40,5.0,34235.0,34240.0,0,,544,5567,03/30/2024 11:34:11
3314,3314,MiraFlex 1,Running,2024-03-30 11:34:11,2024-03-30 11:39:31,0 days 00:05:20,1063.0,34240.0,35303.0,1,,544,0,03/30/2024 11:39:31
3315,3315,MiraFlex 1,Stop,2024-03-30 11:39:31,2024-03-30 11:46:11,0 days 00:06:40,30.0,35303.0,35333.0,0,,544,5568,03/30/2024 11:46:11
3316,3316,MiraFlex 1,Running,2024-03-30 11:46:11,2024-03-30 11:49:31,0 days 00:03:20,1196.0,35333.0,36529.0,1,,544,0,03/30/2024 11:49:31
3317,3317,MiraFlex 1,Stop,2024-03-30 11:49:31,2024-03-30 12:25:11,0 days 00:35:40,30.0,36529.0,36559.0,0,,544,5569,03/30/2024 12:25:11
3318,3318,MiraFlex 1,Running,2024-03-30 12:25:11,2024-03-30 12:26:11,0 days 00:01:00,185.0,36559.0,36744.0,1,,544,0,03/30/2024 12:26:11
3319,3319,MiraFlex 1,Stop,2024-03-30 12:26:11,2024-03-30 12:27:31,0 days 00:01:20,69.0,36744.0,36813.0,0,,544,5570,03/30/2024 12:27:31
3320,3320,MiraFlex 1,Running,2024-03-30 12:27:31,2024-03-30 12:32:51,0 days 00:05:20,2095.0,36813.0,38908.0,1,,544,0,03/30/2024 12:32:51
3321,3321,MiraFlex 1,Stop,2024-03-30 12:32:51,2024-03-30 12:33:51,0 days 00:01:00,46.0,38908.0,38954.0,0,,544,5571,03/30/2024 12:33:51
3322,3322,MiraFlex 1,Running,2024-03-30 12:33:51,2024-03-30 13:29:52,0 days 00:56:01,22317.0,38954.0,61271.0,1,,544,0,03/30/2024 13:29:52
3323,3323,MiraFlex 1,Stop,2024-03-30 13:29:52,2024-03-30 13:31:52,0 days 00:02:00,44.0,61271.0,61315.0,0,,544,5572,03/30/2024 13:31:52
3324,3324,MiraFlex 1,Running,2024-03-30 13:31:52,2024-03-30 14:06:52,0 days 00:35:00,13908.0,61315.0,75223.0,1,,544,0,03/30/2024 14:06:52
3325,3325,MiraFlex 1,Stop,2024-03-30 14:06:52,2024-03-30 14:15:32,0 days 00:08:40,13.0,75223.0,75236.0,0,,544,5573,03/30/2024 14:15:32
3326,3326,MiraFlex 1,Running,2024-03-30 14:15:32,2024-03-30 14:25:12,0 days 00:09:40,3721.0,75236.0,78957.0,1,,544,0,03/30/2024 14:25:12
3327,3327,MiraFlex 1,Stop,2024-03-30 14:25:12,2024-03-30 14:31:12,0 days 00:06:00,10.0,78957.0,78967.0,0,,544,5574,03/30/2024 14:31:12
3328,3328,MiraFlex 1,Running,2024-03-30 14:31:12,2024-03-30 14:43:13,0 days 00:12:01,4679.0,78967.0,83646.0,1,,544,0,03/30/2024 14:43:13
3329,3329,MiraFlex 1,Stop,2024-03-30 14:43:13,2024-03-30 14:45:33,0 days 00:02:20,79.0,83646.0,83725.0,0,,544,5575,03/30/2024 14:45:33
3330,3330,MiraFlex 1,Running,2024-03-30 14:45:33,2024-03-30 15:26:13,0 days 00:40:40,-73481.0,83725.0,10244.0,1,,544,0,03/30/2024 15:26:13
3331,3331,MiraFlex 1,Stop,2024-03-30 15:26:13,2024-03-30 15:27:53,0 days 00:01:40,18.0,10244.0,10262.0,0,,544,5576,03/30/2024 15:27:53
3332,3332,MiraFlex 1,Running,2024-03-30 15:27:53,2024-03-30 15:41:13,0 days 00:13:20,6406.0,10262.0,16668.0,1,,544,0,03/30/2024 15:41:13
3333,3333,MiraFlex 1,Stop,2024-03-30 15:41:13,2024-03-30 16:14:33,0 days 00:33:20,3.0,16668.0,16671.0,0,,544,5577,03/30/2024 16:14:33
3334,3334,MiraFlex 1,Running,2024-03-30 16:14:33,2024-03-30 16:18:53,0 days 00:04:20,433.0,16671.0,17104.0,1,,544,0,03/30/2024 16:18:53
3335,3335,MiraFlex 1,Stop,2024-03-30 16:18:53,2024-03-30 17:01:54,0 days 00:43:01,13.0,17104.0,17117.0,0,,544,5578,03/30/2024 17:01:54
3336,3336,MiraFlex 1,Running,2024-03-30 17:01:54,2024-03-30 17:02:34,0 days 00:00:40,35.0,17117.0,17152.0,1,,544,0,03/30/2024 17:02:34
3337,3337,MiraFlex 1,Stop,2024-03-30 17:02:34,2024-03-30 17:03:34,0 days 00:01:00,7.0,17152.0,17159.0,0,,544,5579,03/30/2024 17:03:34
3338,3338,MiraFlex 1,Running,2024-03-30 17:03:34,2024-03-30 17:06:54,0 days 00:03:20,242.0,17159.0,17401.0,1,,544,0,03/30/2024 17:06:54
3339,3339,MiraFlex 1,Stop,2024-03-30 17:06:54,2024-03-30 18:20:34,0 days 01:13:40,26.0,17401.0,17427.0,0,,544,5580,03/30/2024 18:20:34
3340,3340,MiraFlex 1,Running,2024-03-30 18:20:34,2024-03-30 18:29:34,0 days 00:09:00,954.0,17427.0,18381.0,1,,544,0,03/30/2024 18:29:34
3341,3341,MiraFlex 1,Stop,2024-03-30 18:29:34,2024-03-30 18:31:14,0 days 00:01:40,40.0,18381.0,18421.0,0,,544,5581,03/30/2024 18:31:14
3342,3342,MiraFlex 1,Running,2024-03-30 18:31:14,2024-03-30 18:32:34,0 days 00:01:20,317.0,18421.0,18738.0,1,,544,0,03/30/2024 18:32:34
3343,3343,MiraFlex 1,Stop,2024-03-30 18:32:34,2024-03-30 19:43:35,0 days 01:11:01,25.0,18738.0,18763.0,0,,544,5582,03/30/2024 19:43:35
3344,3344,MiraFlex 1,Running,2024-03-30 19:43:35,2024-03-30 19:50:35,0 days 00:07:00,2483.0,18763.0,21246.0,1,,544,0,03/30/2024 19:50:35
3345,3345,MiraFlex 1,Stop,2024-03-30 19:50:35,2024-03-30 19:55:15,0 days 00:04:40,82.0,21246.0,21328.0,0,,544,5583,03/30/2024 19:55:15
3346,3346,MiraFlex 1,Running,2024-03-30 19:55:15,2024-03-30 20:01:15,0 days 00:06:00,2369.0,21328.0,23697.0,1,,544,0,03/30/2024 20:01:15
3347,3347,MiraFlex 1,Stop,2024-03-30 20:01:15,2024-03-30 20:03:35,0 days 00:02:20,56.0,23697.0,23753.0,0,,544,5584,03/30/2024 20:03:35
3348,3348,MiraFlex 1,Running,2024-03-30 20:03:35,2024-03-30 21:01:36,0 days 00:58:01,23648.0,23753.0,47401.0,1,,544,0,03/30/2024 21:01:36
3349,3349,MiraFlex 1,Stop,2024-03-30 21:01:36,2024-03-30 21:19:56,0 days 00:18:20,65.0,47401.0,47466.0,0,,544,5585,03/30/2024 21:19:56
3350,3350,MiraFlex 1,Running,2024-03-30 21:19:56,2024-03-30 21:23:16,0 days 00:03:20,1239.0,47466.0,48705.0,1,,544,0,03/30/2024 21:23:16
3351,3351,MiraFlex 1,Stop,2024-03-30 21:23:16,2024-03-30 21:23:56,0 days 00:00:40,2.0,48705.0,48707.0,0,,544,5586,03/30/2024 21:23:56
3352,3352,MiraFlex 1,Running,2024-03-30 21:23:56,2024-03-30 22:16:16,0 days 00:52:20,21281.0,48707.0,69988.0,1,,544,0,03/30/2024 22:16:16
3353,3353,MiraFlex 1,Stop,2024-03-30 22:16:16,2024-03-30 22:17:16,0 days 00:01:00,74.0,69988.0,70062.0,0,,544,5587,03/30/2024 22:17:16
3354,3354,MiraFlex 1,Running,2024-03-30 22:17:16,2024-03-30 22:52:17,0 days 00:35:01,14231.0,70062.0,84293.0,1,,544,0,03/30/2024 22:52:17
3355,3355,MiraFlex 1,Stop,2024-03-30 22:52:17,2024-03-30 23:23:37,0 days 00:31:20,-84267.0,84293.0,26.0,0,,544,5588,03/30/2024 23:23:37
3356,3356,MiraFlex 1,Running,2024-03-30 23:23:37,2024-03-30 23:23:57,0 days 00:00:20,113.0,26.0,139.0,1,,544,0,03/30/2024 23:23:57
3357,3357,MiraFlex 1,Stop,2024-03-30 23:23:57,2024-03-30 23:29:37,0 days 00:05:40,37.0,139.0,176.0,0,,544,5589,03/30/2024 23:29:37
3358,3358,MiraFlex 1,Running,2024-03-30 23:29:37,2024-03-30 23:51:37,0 days 00:22:00,9110.0,176.0,9286.0,1,,544,0,03/30/2024 23:51:37
3359,3359,MiraFlex 1,Stop,2024-03-30 23:51:37,2024-03-31 00:34:58,0 days 00:43:21,23.0,9286.0,9309.0,0,,544,0,03/31/2024 00:34:58
3360,3360,MiraFlex 1,Running,2024-03-31 00:34:58,2024-03-31 00:38:18,0 days 00:03:20,258.0,9309.0,9567.0,1,,544,0,03/31/2024 00:38:18
3361,3361,MiraFlex 1,Stop,2024-03-31 00:38:18,2024-03-31 00:49:38,0 days 00:11:20,36.0,9567.0,9603.0,0,,544,5750,03/31/2024 00:49:38
3362,3362,MiraFlex 1,Running,2024-03-31 00:49:38,2024-03-31 01:01:58,0 days 00:12:20,5484.0,9603.0,15087.0,1,,544,0,03/31/2024 01:01:58
3363,3363,MiraFlex 1,Stop,2024-03-31 01:01:58,2024-03-31 01:04:58,0 days 00:03:00,37.0,15087.0,15124.0,0,,544,5751,03/31/2024 01:04:58
3364,3364,MiraFlex 1,Running,2024-03-31 01:04:58,2024-03-31 01:09:58,0 days 00:05:00,2035.0,15124.0,17159.0,1,,544,0,03/31/2024 01:09:58
3365,3365,MiraFlex 1,Stop,2024-03-31 01:09:58,2024-03-31 01:12:38,0 days 00:02:40,54.0,17159.0,17213.0,0,,544,5752,03/31/2024 01:12:38
3366,3366,MiraFlex 1,Running,2024-03-31 01:12:38,2024-03-31 02:00:58,0 days 00:48:20,19732.0,17213.0,36945.0,1,,544,0,03/31/2024 02:00:58
3367,3367,MiraFlex 1,Stop,2024-03-31 02:00:58,2024-03-31 02:05:38,0 days 00:04:40,67.0,36945.0,37012.0,0,,544,5753,03/31/2024 02:05:38
3368,3368,MiraFlex 1,Running,2024-03-31 02:05:38,2024-03-31 02:31:39,0 days 00:26:01,10618.0,37012.0,47630.0,1,,544,0,03/31/2024 02:31:39
3369,3369,MiraFlex 1,Stop,2024-03-31 02:31:39,2024-03-31 02:39:59,0 days 00:08:20,115.0,47630.0,47745.0,0,,544,5754,03/31/2024 02:39:59
3370,3370,MiraFlex 1,Running,2024-03-31 02:39:59,2024-03-31 02:55:59,0 days 00:16:00,6548.0,47745.0,54293.0,1,,544,0,03/31/2024 02:55:59
3371,3371,MiraFlex 1,Stop,2024-03-31 02:55:59,2024-03-31 02:58:19,0 days 00:02:20,85.0,54293.0,54378.0,0,,544,5755,03/31/2024 02:58:19
3372,3372,MiraFlex 1,Running,2024-03-31 02:58:19,2024-03-31 03:09:19,0 days 00:11:00,4486.0,54378.0,58864.0,1,,544,0,03/31/2024 03:09:19
3373,3373,MiraFlex 1,Stop,2024-03-31 03:09:19,2024-03-31 03:29:59,0 days 00:20:40,33.0,58864.0,58897.0,0,,544,5756,03/31/2024 03:29:59
3374,3374,MiraFlex 1,Running,2024-03-31 03:29:59,2024-03-31 04:11:59,0 days 00:42:00,17706.0,58897.0,76603.0,1,,544,0,03/31/2024 04:11:59
3375,3375,MiraFlex 1,Stop,2024-03-31 04:11:59,2024-03-31 04:13:59,0 days 00:02:00,28.0,76603.0,76631.0,0,,544,5757,03/31/2024 04:13:59
3376,3376,MiraFlex 1,Running,2024-03-31 04:13:59,2024-03-31 04:16:59,0 days 00:03:00,1110.0,76631.0,77741.0,1,,544,0,03/31/2024 04:16:59
3377,3377,MiraFlex 1,Stop,2024-03-31 04:16:59,2024-03-31 04:17:39,0 days 00:00:40,42.0,77741.0,77783.0,0,,544,5758,03/31/2024 04:17:39
3378,3378,MiraFlex 1,Running,2024-03-31 04:17:39,2024-03-31 04:32:00,0 days 00:14:21,5778.0,77783.0,83561.0,1,,544,0,03/31/2024 04:32:00
3379,3379,MiraFlex 1,Stop,2024-03-31 04:32:00,2024-03-31 05:01:20,0 days 00:29:20,11.0,83561.0,83572.0,0,,544,5759,03/31/2024 05:01:20
3380,3380,MiraFlex 1,Running,2024-03-31 05:01:20,2024-03-31 05:10:00,0 days 00:08:40,3613.0,83572.0,87185.0,1,,544,0,03/31/2024 05:10:00
3381,3381,MiraFlex 1,Stop,2024-03-31 05:10:00,2024-03-31 05:13:00,0 days 00:03:00,75.0,87185.0,87260.0,0,,544,5760,03/31/2024 05:13:00
3382,3382,MiraFlex 1,Running,2024-03-31 05:13:00,2024-03-31 05:19:00,0 days 00:06:00,2537.0,87260.0,89797.0,1,,544,0,03/31/2024 05:19:00
3383,3383,MiraFlex 1,Stop,2024-03-31 05:19:00,2024-03-31 05:24:20,0 days 00:05:20,106.0,89797.0,89903.0,0,,544,5761,03/31/2024 05:24:20
3384,3384,MiraFlex 1,Running,2024-03-31 05:24:20,2024-03-31 05:50:40,0 days 00:26:20,11078.0,89903.0,100981.0,1,,544,0,03/31/2024 05:50:40
3385,3385,MiraFlex 1,Stop,2024-03-31 05:50:40,2024-03-31 06:08:00,0 days 00:17:20,22.0,100981.0,101003.0,0,,544,5762,03/31/2024 06:08:00
3386,3386,MiraFlex 1,Running,2024-03-31 06:08:00,2024-03-31 06:12:20,0 days 00:04:20,489.0,101003.0,101492.0,1,,544,0,03/31/2024 06:12:20
3387,3387,MiraFlex 1,Stop,2024-03-31 06:12:20,2024-03-31 06:13:00,0 days 00:00:40,26.0,101492.0,101518.0,0,,544,5763,03/31/2024 06:13:00
3388,3388,MiraFlex 1,Running,2024-03-31 06:13:00,2024-03-31 06:17:20,0 days 00:04:20,886.0,101518.0,102404.0,1,,544,0,03/31/2024 06:17:20
3389,3389,MiraFlex 1,Stop,2024-03-31 06:17:20,2024-03-31 06:45:21,0 days 00:28:01,29.0,102404.0,102433.0,0,,544,5764,03/31/2024 06:45:21
3390,3390,MiraFlex 1,Running,2024-03-31 06:45:21,2024-03-31 06:51:21,0 days 00:06:00,2301.0,102433.0,104734.0,1,,544,0,03/31/2024 06:51:21
3391,3391,MiraFlex 1,Stop,2024-03-31 06:51:21,2024-03-31 13:11:44,0 days 06:20:23,-104677.0,104734.0,57.0,0,,544,5765,03/31/2024 13:11:44
3392,3392,MiraFlex 1,Running,2024-03-31 13:11:44,2024-03-31 13:12:44,0 days 00:01:00,259.0,57.0,316.0,1,,544,0,03/31/2024 13:12:44
3393,3393,MiraFlex 1,Stop,2024-03-31 13:12:44,2024-03-31 13:20:24,0 days 00:07:40,30.0,316.0,346.0,0,,544,5591,03/31/2024 13:20:24
3394,3394,MiraFlex 1,Running,2024-03-31 13:20:24,2024-03-31 13:30:04,0 days 00:09:40,4052.0,346.0,4398.0,1,,544,0,03/31/2024 13:30:04
3395,3395,MiraFlex 1,Stop,2024-03-31 13:30:04,2024-03-31 13:52:44,0 days 00:22:40,54.0,4398.0,4452.0,0,,544,5592,03/31/2024 13:52:44
3396,3396,MiraFlex 1,Running,2024-03-31 13:52:44,2024-03-31 13:57:44,0 days 00:05:00,2175.0,4452.0,6627.0,1,,544,0,03/31/2024 13:57:44
3397,3397,MiraFlex 1,Stop,2024-03-31 13:57:44,2024-03-31 14:06:24,0 days 00:08:40,2.0,6627.0,6629.0,0,,544,5593,03/31/2024 14:06:24
3398,3398,MiraFlex 1,Running,2024-03-31 14:06:24,2024-03-31 14:12:04,0 days 00:05:40,2463.0,6629.0,9092.0,1,,544,0,03/31/2024 14:12:04
3399,3399,MiraFlex 1,Stop,2024-03-31 14:12:04,2024-03-31 14:15:04,0 days 00:03:00,92.0,9092.0,9184.0,0,,544,5594,03/31/2024 14:15:04
3400,3400,MiraFlex 1,Running,2024-03-31 14:15:04,2024-03-31 15:03:45,0 days 00:48:41,-7660.0,9184.0,1524.0,1,,544,0,03/31/2024 15:03:45
3401,3401,MiraFlex 1,Stop,2024-03-31 15:03:45,2024-03-31 15:05:45,0 days 00:02:00,20.0,1524.0,1544.0,0,,544,5607,03/31/2024 15:05:45
3402,3402,MiraFlex 1,Running,2024-03-31 15:05:45,2024-03-31 15:09:45,0 days 00:04:00,1649.0,1544.0,3193.0,1,,544,0,03/31/2024 15:09:45
3403,3403,MiraFlex 1,Stop,2024-03-31 15:09:45,2024-03-31 15:24:05,0 days 00:14:20,31.0,3193.0,3224.0,0,,544,5608,03/31/2024 15:24:05
3404,3404,MiraFlex 1,Running,2024-03-31 15:24:05,2024-03-31 15:25:05,0 days 00:01:00,328.0,3224.0,3552.0,1,,544,0,03/31/2024 15:25:05
3405,3405,MiraFlex 1,Stop,2024-03-31 15:25:05,2024-03-31 15:31:45,0 days 00:06:40,102.0,3552.0,3654.0,0,,544,5609,03/31/2024 15:31:45
3406,3406,MiraFlex 1,Running,2024-03-31 15:31:45,2024-03-31 15:55:25,0 days 00:23:40,10521.0,3654.0,14175.0,1,,544,0,03/31/2024 15:55:25
3407,3407,MiraFlex 1,Stop,2024-03-31 15:55:25,2024-03-31 16:07:45,0 days 00:12:20,1.0,14175.0,14176.0,0,,544,5610,03/31/2024 16:07:45
3408,3408,MiraFlex 1,Running,2024-03-31 16:07:45,2024-03-31 16:25:06,0 days 00:17:21,7700.0,14176.0,21876.0,1,,544,0,03/31/2024 16:25:06
3409,3409,MiraFlex 1,Stop,2024-03-31 16:25:06,2024-03-31 16:32:06,0 days 00:07:00,72.0,21876.0,21948.0,0,,544,5611,03/31/2024 16:32:06
3410,3410,MiraFlex 1,Running,2024-03-31 16:32:06,2024-03-31 16:41:06,0 days 00:09:00,3576.0,21948.0,25524.0,1,,544,0,03/31/2024 16:41:06
3411,3411,MiraFlex 1,Stop,2024-03-31 16:41:06,2024-03-31 16:42:26,0 days 00:01:20,95.0,25524.0,25619.0,0,,544,5612,03/31/2024 16:42:26
3412,3412,MiraFlex 1,Running,2024-03-31 16:42:26,2024-03-31 17:31:26,0 days 00:49:00,19856.0,25619.0,45475.0,1,,544,0,03/31/2024 17:31:26
3413,3413,MiraFlex 1,Stop,2024-03-31 17:31:26,2024-03-31 18:35:07,0 days 01:03:41,38.0,45475.0,45513.0,0,,544,5613,03/31/2024 18:35:07
3414,3414,MiraFlex 1,Running,2024-03-31 18:35:07,2024-03-31 18:41:47,0 days 00:06:40,2571.0,45513.0,48084.0,1,,544,0,03/31/2024 18:41:47
3415,3415,MiraFlex 1,Stop,2024-03-31 18:41:47,2024-03-31 19:36:47,0 days 00:55:00,205.0,48084.0,48289.0,0,,544,5614,03/31/2024 19:36:47
3416,3416,MiraFlex 1,Running,2024-03-31 19:36:47,2024-03-31 19:46:07,0 days 00:09:20,3626.0,48289.0,51915.0,1,,544,0,03/31/2024 19:46:07
3417,3417,MiraFlex 1,Stop,2024-03-31 19:46:07,2024-03-31 19:54:47,0 days 00:08:40,29.0,51915.0,51944.0,0,,544,5615,03/31/2024 19:54:47
3418,3418,MiraFlex 1,Running,2024-03-31 19:54:47,2024-03-31 20:12:27,0 days 00:17:40,6977.0,51944.0,58921.0,1,,544,0,03/31/2024 20:12:27
3419,3419,MiraFlex 1,Stop,2024-03-31 20:12:27,2024-03-31 21:19:08,0 days 01:06:41,6.0,58921.0,58927.0,0,,544,5616,03/31/2024 21:19:08
3420,3420,MiraFlex 1,Running,2024-03-31 21:19:08,2024-03-31 21:30:08,0 days 00:11:00,4321.0,58927.0,63248.0,1,,544,0,03/31/2024 21:30:08
3421,3421,MiraFlex 1,Stop,2024-03-31 21:30:08,2024-03-31 22:38:09,0 days 01:08:01,46.0,63248.0,63294.0,0,,544,5617,03/31/2024 22:38:09
3422,3422,MiraFlex 1,Running,2024-03-31 22:38:09,2024-03-31 22:49:49,0 days 00:11:40,4543.0,63294.0,67837.0,1,,544,0,03/31/2024 22:49:49
3423,3423,MiraFlex 1,Stop,2024-03-31 22:49:49,2024-03-31 23:11:49,0 days 00:22:00,-67806.0,67837.0,31.0,0,,544,5781,03/31/2024 23:11:49
3424,3424,MiraFlex 1,Running,2024-03-31 23:11:49,2024-03-31 23:15:29,0 days 00:03:40,857.0,31.0,888.0,1,,544,0,03/31/2024 23:15:29
3425,3425,MiraFlex 1,Stop,2024-03-31 23:15:29,2024-03-31 23:41:29,0 days 00:26:00,9.0,888.0,897.0,0,,544,5782,03/31/2024 23:41:29
3426,3426,MiraFlex 1,Running,2024-03-31 23:41:29,2024-03-31 23:44:29,0 days 00:03:00,907.0,897.0,1804.0,1,,544,0,03/31/2024 23:44:29
3427,3427,MiraFlex 1,Stop,2024-03-31 23:44:29,2024-03-31 23:51:09,0 days 00:06:40,70.0,1804.0,1874.0,0,,544,5783,03/31/2024 23:51:09
3428,3428,MiraFlex 1,Running,2024-03-31 23:51:09,2024-04-01 00:45:30,0 days 00:54:21,23041.0,1874.0,24915.0,1,,544,0,04/01/2024 00:45:30
3429,3429,MiraFlex 1,Stop,2024-04-01 00:45:30,2024-04-01 00:48:10,0 days 00:02:40,106.0,24915.0,25021.0,0,,544,5784,04/01/2024 00:48:10
3430,3430,MiraFlex 1,Running,2024-04-01 00:48:10,2024-04-01 01:26:10,0 days 00:38:00,17204.0,25021.0,42225.0,1,,544,0,04/01/2024 01:26:10
3431,3431,MiraFlex 1,Stop,2024-04-01 01:26:10,2024-04-01 02:05:10,0 days 00:39:00,29.0,42225.0,42254.0,0,,544,5785,04/01/2024 02:05:10
3432,3432,MiraFlex 1,Running,2024-04-01 02:05:10,2024-04-01 02:09:31,0 days 00:04:21,1809.0,42254.0,44063.0,1,,544,0,04/01/2024 02:09:31
3433,3433,MiraFlex 1,Stop,2024-04-01 02:09:31,2024-04-01 02:39:11,0 days 00:29:40,98.0,44063.0,44161.0,0,,544,5786,04/01/2024 02:39:11
3434,3434,MiraFlex 1,Running,2024-04-01 02:39:11,2024-04-01 03:24:31,0 days 00:45:20,19123.0,44161.0,63284.0,1,,544,0,04/01/2024 03:24:31
3435,3435,MiraFlex 1,Stop,2024-04-01 03:24:31,2024-04-01 03:31:51,0 days 00:07:20,17.0,63284.0,63301.0,0,,544,5787,04/01/2024 03:31:51
3436,3436,MiraFlex 1,Running,2024-04-01 03:31:51,2024-04-01 04:20:12,0 days 00:48:21,19327.0,63301.0,82628.0,1,,544,0,04/01/2024 04:20:12
3437,3437,MiraFlex 1,Stop,2024-04-01 04:20:12,2024-04-01 05:50:32,0 days 01:30:20,79.0,82628.0,82707.0,0,,544,5788,04/01/2024 05:50:32
3438,3438,MiraFlex 1,Running,2024-04-01 05:50:32,2024-04-01 06:27:13,0 days 00:36:41,14685.0,82707.0,97392.0,1,,544,0,04/01/2024 06:27:13
3439,3439,MiraFlex 1,Stop,2024-04-01 06:27:13,2024-04-01 07:55:13,0 days 01:28:00,-97372.0,97392.0,20.0,0,,544,5789,04/01/2024 07:55:13
3440,3440,MiraFlex 1,Running,2024-04-01 07:55:13,2024-04-01 08:06:34,0 days 00:11:21,4445.0,20.0,4465.0,1,,544,0,04/01/2024 08:06:34
3441,3441,MiraFlex 1,Stop,2024-04-01 08:06:34,2024-04-01 08:17:34,0 days 00:11:00,79.0,4465.0,4544.0,0,,544,5673,04/01/2024 08:17:34
3442,3442,MiraFlex 1,Running,2024-04-01 08:17:34,2024-04-01 09:12:34,0 days 00:55:00,22013.0,4544.0,26557.0,1,,544,0,04/01/2024 09:12:34
3443,3443,MiraFlex 1,Stop,2024-04-01 09:12:34,2024-04-01 09:13:54,0 days 00:01:20,103.0,26557.0,26660.0,0,,544,5674,04/01/2024 09:13:54
3444,3444,MiraFlex 1,Running,2024-04-01 09:13:54,2024-04-01 09:18:34,0 days 00:04:40,1793.0,26660.0,28453.0,1,,544,0,04/01/2024 09:18:34
3445,3445,MiraFlex 1,Stop,2024-04-01 09:18:34,2024-04-01 09:40:14,0 days 00:21:40,73.0,28453.0,28526.0,0,,544,5675,04/01/2024 09:40:14
3446,3446,MiraFlex 1,Running,2024-04-01 09:40:14,2024-04-01 10:33:55,0 days 00:53:41,21555.0,28526.0,50081.0,1,,544,0,04/01/2024 10:33:55
3447,3447,MiraFlex 1,Stop,2024-04-01 10:33:55,2024-04-01 11:23:15,0 days 00:49:20,5.0,50081.0,50086.0,0,,544,5676,04/01/2024 11:23:15
3448,3448,MiraFlex 1,Running,2024-04-01 11:23:15,2024-04-01 11:27:15,0 days 00:04:00,1394.0,50086.0,51480.0,1,,544,0,04/01/2024 11:27:15
3449,3449,MiraFlex 1,Stop,2024-04-01 11:27:15,2024-04-01 11:29:55,0 days 00:02:40,10.0,51480.0,51490.0,0,,544,5677,04/01/2024 11:29:55
3450,3450,MiraFlex 1,Running,2024-04-01 11:29:55,2024-04-01 12:23:36,0 days 00:53:41,22072.0,51490.0,73562.0,1,,544,0,04/01/2024 12:23:36
3451,3451,MiraFlex 1,Stop,2024-04-01 12:23:36,2024-04-01 12:34:36,0 days 00:11:00,86.0,73562.0,73648.0,0,,544,5678,04/01/2024 12:34:36
3452,3452,MiraFlex 1,Running,2024-04-01 12:34:36,2024-04-01 13:29:36,0 days 00:55:00,22046.0,73648.0,95694.0,1,,544,0,04/01/2024 13:29:36
3453,3453,MiraFlex 1,Stop,2024-04-01 13:29:36,2024-04-01 13:31:36,0 days 00:02:00,90.0,95694.0,95784.0,0,,544,5679,04/01/2024 13:31:36
3454,3454,MiraFlex 1,Running,2024-04-01 13:31:36,2024-04-01 13:52:56,0 days 00:21:20,8524.0,95784.0,104308.0,1,,544,0,04/01/2024 13:52:56
3455,3455,MiraFlex 1,Stop,2024-04-01 13:52:56,2024-04-01 14:21:37,0 days 00:28:41,18.0,104308.0,104326.0,0,,544,5680,04/01/2024 14:21:37
3456,3456,MiraFlex 1,Running,2024-04-01 14:21:37,2024-04-01 14:56:37,0 days 00:35:00,13961.0,104326.0,118287.0,1,,544,0,04/01/2024 14:56:37
3457,3457,MiraFlex 1,Stop,2024-04-01 14:56:37,2024-04-01 14:58:57,0 days 00:02:20,46.0,118287.0,118333.0,0,,544,5681,04/01/2024 14:58:57
3458,3458,MiraFlex 1,Running,2024-04-01 14:58:57,2024-04-01 15:42:37,0 days 00:43:40,-101450.0,118333.0,16883.0,1,,544,0,04/01/2024 15:42:37
3459,3459,MiraFlex 1,Stop,2024-04-01 15:42:37,2024-04-01 16:02:18,0 days 00:19:41,74.0,16883.0,16957.0,0,,544,5682,04/01/2024 16:02:18
3460,3460,MiraFlex 1,Running,2024-04-01 16:02:18,2024-04-01 16:17:18,0 days 00:15:00,5969.0,16957.0,22926.0,1,,544,0,04/01/2024 16:17:18
3461,3461,MiraFlex 1,Stop,2024-04-01 16:17:18,2024-04-01 16:23:18,0 days 00:06:00,60.0,22926.0,22986.0,0,,544,5683,04/01/2024 16:23:18
3462,3462,MiraFlex 1,Running,2024-04-01 16:23:18,2024-04-01 17:15:38,0 days 00:52:20,21000.0,22986.0,43986.0,1,,544,0,04/01/2024 17:15:38
3463,3463,MiraFlex 1,Stop,2024-04-01 17:15:38,2024-04-01 17:20:18,0 days 00:04:40,40.0,43986.0,44026.0,0,,544,5684,04/01/2024 17:20:18
3464,3464,MiraFlex 1,Running,2024-04-01 17:20:18,2024-04-01 17:40:58,0 days 00:20:40,8261.0,44026.0,52287.0,1,,544,0,04/01/2024 17:40:58
3465,3465,MiraFlex 1,Stop,2024-04-01 17:40:58,2024-04-01 18:16:19,0 days 00:35:21,7.0,52287.0,52294.0,0,,544,5685,04/01/2024 18:16:19
3466,3466,MiraFlex 1,Running,2024-04-01 18:16:19,2024-04-01 18:17:39,0 days 00:01:20,433.0,52294.0,52727.0,1,,544,0,04/01/2024 18:17:39
3467,3467,MiraFlex 1,Stop,2024-04-01 18:17:39,2024-04-01 18:27:19,0 days 00:09:40,20.0,52727.0,52747.0,0,,544,5686,04/01/2024 18:27:19
3468,3468,MiraFlex 1,Running,2024-04-01 18:27:19,2024-04-01 18:43:39,0 days 00:16:20,6282.0,52747.0,59029.0,1,,544,0,04/01/2024 18:43:39
3469,3469,MiraFlex 1,Stop,2024-04-01 18:43:39,2024-04-01 19:40:39,0 days 00:57:00,8.0,59029.0,59037.0,0,,544,5687,04/01/2024 19:40:39
3470,3470,MiraFlex 1,Running,2024-04-01 19:40:39,2024-04-01 20:02:00,0 days 00:21:21,8487.0,59037.0,67524.0,1,,544,0,04/01/2024 20:02:00
3471,3471,MiraFlex 1,Stop,2024-04-01 20:02:00,2024-04-01 20:06:00,0 days 00:04:00,0.0,67524.0,67524.0,0,,544,5688,04/01/2024 20:06:00
3472,3472,MiraFlex 1,Running,2024-04-01 20:06:00,2024-04-01 20:53:00,0 days 00:47:00,18776.0,67524.0,86300.0,1,,544,0,04/01/2024 20:53:00
3473,3473,MiraFlex 1,Stop,2024-04-01 20:53:00,2024-04-01 20:58:40,0 days 00:05:40,16.0,86300.0,86316.0,0,,544,5689,04/01/2024 20:58:40
3474,3474,MiraFlex 1,Running,2024-04-01 20:58:40,2024-04-01 21:08:40,0 days 00:10:00,3936.0,86316.0,90252.0,1,,544,0,04/01/2024 21:08:40
3475,3475,MiraFlex 1,Stop,2024-04-01 21:08:40,2024-04-01 21:19:00,0 days 00:10:20,15.0,90252.0,90267.0,0,,544,5690,04/01/2024 21:19:00
3476,3476,MiraFlex 1,Running,2024-04-01 21:19:00,2024-04-01 22:16:01,0 days 00:57:01,22799.0,90267.0,113066.0,1,,544,0,04/01/2024 22:16:01
3477,3477,MiraFlex 1,Stop,2024-04-01 22:16:01,2024-04-01 22:21:21,0 days 00:05:20,55.0,113066.0,113121.0,0,,544,5691,04/01/2024 22:21:21
3478,3478,MiraFlex 1,Running,2024-04-01 22:21:21,2024-04-01 22:43:41,0 days 00:22:20,8883.0,113121.0,122004.0,1,,544,0,04/01/2024 22:43:41
3479,3479,MiraFlex 1,Stop,2024-04-01 22:43:41,2024-04-01 23:03:41,0 days 00:20:00,-121965.0,122004.0,39.0,0,,544,5809,04/01/2024 23:03:41
3480,3480,MiraFlex 1,Running,2024-04-01 23:03:41,2024-04-01 23:04:21,0 days 00:00:40,242.0,39.0,281.0,1,,544,0,04/01/2024 23:04:21
3481,3481,MiraFlex 1,Stop,2024-04-01 23:04:21,2024-04-01 23:30:21,0 days 00:26:00,4.0,281.0,285.0,0,,544,5810,04/01/2024 23:30:21
3482,3482,MiraFlex 1,Running,2024-04-01 23:30:21,2024-04-01 23:36:01,0 days 00:05:40,352.0,285.0,637.0,1,,544,0,04/01/2024 23:36:01
3483,3483,MiraFlex 1,Stop,2024-04-01 23:36:01,2024-04-01 23:37:21,0 days 00:01:20,1.0,637.0,638.0,0,,544,5811,04/01/2024 23:37:21
3484,3484,MiraFlex 1,Running,2024-04-01 23:37:21,2024-04-01 23:42:21,0 days 00:05:00,783.0,638.0,1421.0,1,,544,0,04/01/2024 23:42:21
3485,3485,MiraFlex 1,Stop,2024-04-01 23:42:21,2024-04-02 00:05:02,0 days 00:22:41,32.0,1421.0,1453.0,0,,544,0,04/02/2024 00:05:02
3486,3486,MiraFlex 1,Running,2024-04-02 00:05:02,2024-04-02 00:07:42,0 days 00:02:40,842.0,1453.0,2295.0,1,,544,0,04/02/2024 00:07:42
3487,3487,MiraFlex 1,Stop,2024-04-02 00:07:42,2024-04-02 00:33:02,0 days 00:25:20,2.0,2295.0,2297.0,0,,544,5706,04/02/2024 00:33:02
3488,3488,MiraFlex 1,Running,2024-04-02 00:33:02,2024-04-02 00:40:02,0 days 00:07:00,2719.0,2297.0,5016.0,1,,544,0,04/02/2024 00:40:02
3489,3489,MiraFlex 1,Stop,2024-04-02 00:40:02,2024-04-02 01:12:42,0 days 00:32:40,7.0,5016.0,5023.0,0,,544,5707,04/02/2024 01:12:42
3490,3490,MiraFlex 1,Running,2024-04-02 01:12:42,2024-04-02 01:13:42,0 days 00:01:00,146.0,5023.0,5169.0,1,,544,0,04/02/2024 01:13:42
3491,3491,MiraFlex 1,Stop,2024-04-02 01:13:42,2024-04-02 01:26:42,0 days 00:13:00,53.0,5169.0,5222.0,0,,544,5708,04/02/2024 01:26:42
3492,3492,MiraFlex 1,Running,2024-04-02 01:26:42,2024-04-02 01:27:42,0 days 00:01:00,246.0,5222.0,5468.0,1,,544,0,04/02/2024 01:27:42
3493,3493,MiraFlex 1,Stop,2024-04-02 01:27:42,2024-04-02 01:34:02,0 days 00:06:20,67.0,5468.0,5535.0,0,,544,5709,04/02/2024 01:34:02
3494,3494,MiraFlex 1,Running,2024-04-02 01:34:02,2024-04-02 01:34:22,0 days 00:00:20,69.0,5535.0,5604.0,1,,544,0,04/02/2024 01:34:22
3495,3495,MiraFlex 1,Stop,2024-04-02 01:34:22,2024-04-02 01:41:42,0 days 00:07:20,7.0,5604.0,5611.0,0,,544,5710,04/02/2024 01:41:42
3496,3496,MiraFlex 1,Running,2024-04-02 01:41:42,2024-04-02 01:53:03,0 days 00:11:21,4401.0,5611.0,10012.0,1,,544,0,04/02/2024 01:53:03
3497,3497,MiraFlex 1,Stop,2024-04-02 01:53:03,2024-04-02 01:54:23,0 days 00:01:20,33.0,10012.0,10045.0,0,,544,5711,04/02/2024 01:54:23
3498,3498,MiraFlex 1,Running,2024-04-02 01:54:23,2024-04-02 02:16:23,0 days 00:22:00,8793.0,10045.0,18838.0,1,,544,0,04/02/2024 02:16:23
3499,3499,MiraFlex 1,Stop,2024-04-02 02:16:23,2024-04-02 02:20:03,0 days 00:03:40,77.0,18838.0,18915.0,0,,544,5712,04/02/2024 02:20:03
3500,3500,MiraFlex 1,Running,2024-04-02 02:20:03,2024-04-02 02:22:03,0 days 00:02:00,723.0,18915.0,19638.0,1,,544,0,04/02/2024 02:22:03
3501,3501,MiraFlex 1,Stop,2024-04-02 02:22:03,2024-04-02 02:25:43,0 days 00:03:40,46.0,19638.0,19684.0,0,,544,5713,04/02/2024 02:25:43
3502,3502,MiraFlex 1,Running,2024-04-02 02:25:43,2024-04-02 02:28:43,0 days 00:03:00,1119.0,19684.0,20803.0,1,,544,0,04/02/2024 02:28:43
3503,3503,MiraFlex 1,Stop,2024-04-02 02:28:43,2024-04-02 02:32:43,0 days 00:04:00,80.0,20803.0,20883.0,0,,544,5714,04/02/2024 02:32:43
3504,3504,MiraFlex 1,Running,2024-04-02 02:32:43,2024-04-02 02:59:23,0 days 00:26:40,10659.0,20883.0,31542.0,1,,544,0,04/02/2024 02:59:23
3505,3505,MiraFlex 1,Stop,2024-04-02 02:59:23,2024-04-02 03:10:43,0 days 00:11:20,94.0,31542.0,31636.0,0,,544,5715,04/02/2024 03:10:43
3506,3506,MiraFlex 1,Running,2024-04-02 03:10:43,2024-04-02 03:42:23,0 days 00:31:40,12620.0,31636.0,44256.0,1,,544,0,04/02/2024 03:42:23
3507,3507,MiraFlex 1,Stop,2024-04-02 03:42:23,2024-04-02 03:46:23,0 days 00:04:00,57.0,44256.0,44313.0,0,,544,5716,04/02/2024 03:46:23
3508,3508,MiraFlex 1,Running,2024-04-02 03:46:23,2024-04-02 04:24:24,0 days 00:38:01,15165.0,44313.0,59478.0,1,,544,0,04/02/2024 04:24:24
3509,3509,MiraFlex 1,Stop,2024-04-02 04:24:24,2024-04-02 05:21:04,0 days 00:56:40,48.0,59478.0,59526.0,0,,544,5717,04/02/2024 05:21:04
3510,3510,MiraFlex 1,Running,2024-04-02 05:21:04,2024-04-02 05:27:04,0 days 00:06:00,2302.0,59526.0,61828.0,1,,544,0,04/02/2024 05:27:04
3511,3511,MiraFlex 1,Stop,2024-04-02 05:27:04,2024-04-02 05:32:44,0 days 00:05:40,8.0,61828.0,61836.0,0,,544,5718,04/02/2024 05:32:44
3512,3512,MiraFlex 1,Running,2024-04-02 05:32:44,2024-04-02 05:48:05,0 days 00:15:21,6001.0,61836.0,67837.0,1,,544,0,04/02/2024 05:48:05
3513,3513,MiraFlex 1,Stop,2024-04-02 05:48:05,2024-04-02 05:53:05,0 days 00:05:00,84.0,67837.0,67921.0,0,,544,5719,04/02/2024 05:53:05
3514,3514,MiraFlex 1,Running,2024-04-02 05:53:05,2024-04-02 06:33:45,0 days 00:40:40,16331.0,67921.0,84252.0,1,,544,0,04/02/2024 06:33:45
3515,3515,MiraFlex 1,Stop,2024-04-02 06:33:45,2024-04-02 07:10:05,0 days 00:36:20,-84202.0,84252.0,50.0,0,,544,5720,04/02/2024 07:10:05
3516,3516,MiraFlex 1,Running,2024-04-02 07:10:05,2024-04-02 07:27:45,0 days 00:17:40,7054.0,50.0,7104.0,1,,544,0,04/02/2024 07:27:45
3517,3517,MiraFlex 1,Stop,2024-04-02 07:27:45,2024-04-02 07:34:05,0 days 00:06:20,76.0,7104.0,7180.0,0,,544,5693,04/02/2024 07:34:05
3518,3518,MiraFlex 1,Running,2024-04-02 07:34:05,2024-04-02 08:33:06,0 days 00:59:01,23619.0,7180.0,30799.0,1,,544,0,04/02/2024 08:33:06
3519,3519,MiraFlex 1,Stop,2024-04-02 08:33:06,2024-04-02 08:42:26,0 days 00:09:20,16.0,30799.0,30815.0,0,,544,5694,04/02/2024 08:42:26
3520,3520,MiraFlex 1,Running,2024-04-02 08:42:26,2024-04-02 09:31:46,0 days 00:49:20,21111.0,30815.0,51926.0,1,,544,0,04/02/2024 09:31:46
3521,3521,MiraFlex 1,Stop,2024-04-02 09:31:46,2024-04-02 10:10:07,0 days 00:38:21,2.0,51926.0,51928.0,0,,544,5695,04/02/2024 10:10:07
3522,3522,MiraFlex 1,Running,2024-04-02 10:10:07,2024-04-02 10:55:27,0 days 00:45:20,22450.0,51928.0,74378.0,1,,544,0,04/02/2024 10:55:27
3523,3523,MiraFlex 1,Stop,2024-04-02 10:55:27,2024-04-02 11:03:27,0 days 00:08:00,38.0,74378.0,74416.0,0,,544,5696,04/02/2024 11:03:27
3524,3524,MiraFlex 1,Running,2024-04-02 11:03:27,2024-04-02 11:53:28,0 days 00:50:01,22389.0,74416.0,96805.0,1,,544,0,04/02/2024 11:53:28
3525,3525,MiraFlex 1,Stop,2024-04-02 11:53:28,2024-04-02 11:55:28,0 days 00:02:00,46.0,96805.0,96851.0,0,,544,5697,04/02/2024 11:55:28
3526,3526,MiraFlex 1,Running,2024-04-02 11:55:28,2024-04-02 12:45:08,0 days 00:49:40,22238.0,96851.0,119089.0,1,,544,0,04/02/2024 12:45:08
3527,3527,MiraFlex 1,Stop,2024-04-02 12:45:08,2024-04-02 12:50:28,0 days 00:05:20,36.0,119089.0,119125.0,0,,544,5698,04/02/2024 12:50:28
3528,3528,MiraFlex 1,Running,2024-04-02 12:50:28,2024-04-02 12:56:48,0 days 00:06:20,2734.0,119125.0,121859.0,1,,544,0,04/02/2024 12:56:48
3529,3529,MiraFlex 1,Stop,2024-04-02 12:56:48,2024-04-02 13:11:48,0 days 00:15:00,33.0,121859.0,121892.0,0,,544,5699,04/02/2024 13:11:48
3530,3530,MiraFlex 1,Running,2024-04-02 13:11:48,2024-04-02 13:14:28,0 days 00:02:40,509.0,121892.0,122401.0,1,,544,0,04/02/2024 13:14:28
3531,3531,MiraFlex 1,Stop,2024-04-02 13:14:28,2024-04-02 13:26:08,0 days 00:11:40,56.0,122401.0,122457.0,0,,544,5700,04/02/2024 13:26:08
3532,3532,MiraFlex 1,Running,2024-04-02 13:26:08,2024-04-02 13:26:48,0 days 00:00:40,198.0,122457.0,122655.0,1,,544,0,04/02/2024 13:26:48
3533,3533,MiraFlex 1,Stop,2024-04-02 13:26:48,2024-04-02 13:31:08,0 days 00:04:20,49.0,122655.0,122704.0,0,,544,5701,04/02/2024 13:31:08
3534,3534,MiraFlex 1,Running,2024-04-02 13:31:08,2024-04-02 13:58:29,0 days 00:27:21,12231.0,122704.0,134935.0,1,,544,0,04/02/2024 13:58:29
3535,3535,MiraFlex 1,Stop,2024-04-02 13:58:29,2024-04-02 14:13:29,0 days 00:15:00,40.0,134935.0,134975.0,0,,544,5702,04/02/2024 14:13:29
3536,3536,MiraFlex 1,Running,2024-04-02 14:13:29,2024-04-02 14:28:09,0 days 00:14:40,6500.0,134975.0,141475.0,1,,544,0,04/02/2024 14:28:09
3537,3537,MiraFlex 1,Stop,2024-04-02 14:28:09,2024-04-02 14:34:29,0 days 00:06:20,4.0,141475.0,141479.0,0,,544,5703,04/02/2024 14:34:29
3538,3538,MiraFlex 1,Running,2024-04-02 14:34:29,2024-04-02 14:41:29,0 days 00:07:00,2229.0,141479.0,143708.0,1,,544,0,04/02/2024 14:41:29
3539,3539,MiraFlex 1,Stop,2024-04-02 14:41:29,2024-04-02 14:52:29,0 days 00:11:00,78.0,143708.0,143786.0,0,,544,5704,04/02/2024 14:52:29
3540,3540,MiraFlex 1,Running,2024-04-02 14:52:29,2024-04-02 15:25:49,0 days 00:33:20,-132312.0,143786.0,11474.0,1,,544,0,04/02/2024 15:25:49
3541,3541,MiraFlex 1,Stop,2024-04-02 15:25:49,2024-04-02 15:29:49,0 days 00:04:00,92.0,11474.0,11566.0,0,,544,5733,04/02/2024 15:29:49
3542,3542,MiraFlex 1,Running,2024-04-02 15:29:49,2024-04-02 15:39:10,0 days 00:09:21,4061.0,11566.0,15627.0,1,,544,0,04/02/2024 15:39:10
3543,3543,MiraFlex 1,Stop,2024-04-02 15:39:10,2024-04-02 15:49:50,0 days 00:10:40,66.0,15627.0,15693.0,0,,544,5734,04/02/2024 15:49:50
3544,3544,MiraFlex 1,Running,2024-04-02 15:49:50,2024-04-02 16:38:10,0 days 00:48:20,21674.0,15693.0,37367.0,1,,544,0,04/02/2024 16:38:10
3545,3545,MiraFlex 1,Stop,2024-04-02 16:38:10,2024-04-02 16:42:50,0 days 00:04:40,106.0,37367.0,37473.0,0,,544,5735,04/02/2024 16:42:50
3546,3546,MiraFlex 1,Running,2024-04-02 16:42:50,2024-04-02 17:32:30,0 days 00:49:40,22234.0,37473.0,59707.0,1,,544,0,04/02/2024 17:32:30
3547,3547,MiraFlex 1,Stop,2024-04-02 17:32:30,2024-04-02 17:37:11,0 days 00:04:41,38.0,59707.0,59745.0,0,,544,5736,04/02/2024 17:37:11
3548,3548,MiraFlex 1,Running,2024-04-02 17:37:11,2024-04-02 17:37:51,0 days 00:00:40,191.0,59745.0,59936.0,1,,544,0,04/02/2024 17:37:51
3549,3549,MiraFlex 1,Stop,2024-04-02 17:37:51,2024-04-02 17:49:31,0 days 00:11:40,16.0,59936.0,59952.0,0,,544,5737,04/02/2024 17:49:31
3550,3550,MiraFlex 1,Running,2024-04-02 17:49:31,2024-04-02 17:50:11,0 days 00:00:40,186.0,59952.0,60138.0,1,,544,0,04/02/2024 17:50:11
3551,3551,MiraFlex 1,Stop,2024-04-02 17:50:11,2024-04-02 17:55:51,0 days 00:05:40,96.0,60138.0,60234.0,0,,544,5738,04/02/2024 17:55:51
3552,3552,MiraFlex 1,Running,2024-04-02 17:55:51,2024-04-02 17:56:11,0 days 00:00:20,120.0,60234.0,60354.0,1,,544,0,04/02/2024 17:56:11
3553,3553,MiraFlex 1,Stop,2024-04-02 17:56:11,2024-04-02 18:07:11,0 days 00:11:00,19.0,60354.0,60373.0,0,,544,5739,04/02/2024 18:07:11
3554,3554,MiraFlex 1,Running,2024-04-02 18:07:11,2024-04-02 18:07:51,0 days 00:00:40,164.0,60373.0,60537.0,1,,544,0,04/02/2024 18:07:51
3555,3555,MiraFlex 1,Stop,2024-04-02 18:07:51,2024-04-02 20:29:32,0 days 02:21:41,29.0,60537.0,60566.0,0,,544,5740,04/02/2024 20:29:32
3556,3556,MiraFlex 1,Running,2024-04-02 20:29:32,2024-04-02 20:34:52,0 days 00:05:20,623.0,60566.0,61189.0,1,,544,0,04/02/2024 20:34:52
3557,3557,MiraFlex 1,Stop,2024-04-02 20:34:52,2024-04-02 20:37:12,0 days 00:02:20,25.0,61189.0,61214.0,0,,544,5741,04/02/2024 20:37:12
3558,3558,MiraFlex 1,Running,2024-04-02 20:37:12,2024-04-02 20:38:52,0 days 00:01:40,305.0,61214.0,61519.0,1,,544,0,04/02/2024 20:38:52
3559,3559,MiraFlex 1,Stop,2024-04-02 20:38:52,2024-04-02 20:54:52,0 days 00:16:00,35.0,61519.0,61554.0,0,,544,5742,04/02/2024 20:54:52
3560,3560,MiraFlex 1,Running,2024-04-02 20:54:52,2024-04-02 21:02:32,0 days 00:07:40,2995.0,61554.0,64549.0,1,,544,0,04/02/2024 21:02:32
3561,3561,MiraFlex 1,Stop,2024-04-02 21:02:32,2024-04-02 21:20:52,0 days 00:18:20,46.0,64549.0,64595.0,0,,544,5743,04/02/2024 21:20:52
3562,3562,MiraFlex 1,Running,2024-04-02 21:20:52,2024-04-02 21:40:53,0 days 00:20:01,8247.0,64595.0,72842.0,1,,544,0,04/02/2024 21:40:53
3563,3563,MiraFlex 1,Stop,2024-04-02 21:40:53,2024-04-02 21:49:33,0 days 00:08:40,10.0,72842.0,72852.0,0,,544,5744,04/02/2024 21:49:33
3564,3564,MiraFlex 1,Running,2024-04-02 21:49:33,2024-04-02 21:52:53,0 days 00:03:20,622.0,72852.0,73474.0,1,,544,0,04/02/2024 21:52:53
3565,3565,MiraFlex 1,Stop,2024-04-02 21:52:53,2024-04-02 22:00:33,0 days 00:07:40,9.0,73474.0,73483.0,0,,544,5745,04/02/2024 22:00:33
3566,3566,MiraFlex 1,Running,2024-04-02 22:00:33,2024-04-02 22:24:53,0 days 00:24:20,11856.0,73483.0,85339.0,1,,544,0,04/02/2024 22:24:53
3567,3567,MiraFlex 1,Stop,2024-04-02 22:24:53,2024-04-02 22:46:53,0 days 00:22:00,2.0,85339.0,85341.0,0,,544,5746,04/02/2024 22:46:53
3568,3568,MiraFlex 1,Running,2024-04-02 22:46:53,2024-04-02 22:58:53,0 days 00:12:00,5239.0,85341.0,90580.0,1,,544,0,04/02/2024 22:58:53
3569,3569,MiraFlex 1,Stop,2024-04-02 22:58:53,2024-04-02 23:29:33,0 days 00:30:40,-90559.0,90580.0,21.0,0,,544,5747,04/02/2024 23:29:33
3570,3570,MiraFlex 1,Running,2024-04-02 23:29:33,2024-04-02 23:36:54,0 days 00:07:21,3357.0,21.0,3378.0,1,,544,0,04/02/2024 23:36:54
3571,3571,MiraFlex 1,Stop,2024-04-02 23:36:54,2024-04-02 23:41:34,0 days 00:04:40,23.0,3378.0,3401.0,0,,544,5748,04/02/2024 23:41:34
3572,3572,MiraFlex 1,Running,2024-04-02 23:41:34,2024-04-03 00:17:34,0 days 00:36:00,17595.0,3401.0,20996.0,1,,544,0,04/03/2024 00:17:34
3573,3573,MiraFlex 1,Stop,2024-04-03 00:17:34,2024-04-03 00:19:14,0 days 00:01:40,59.0,20996.0,21055.0,0,,544,5865,04/03/2024 00:19:14
3574,3574,MiraFlex 1,Running,2024-04-03 00:19:14,2024-04-03 00:19:34,0 days 00:00:20,32.0,21055.0,21087.0,1,,544,0,04/03/2024 00:19:34
3575,3575,MiraFlex 1,Stop,2024-04-03 00:19:34,2024-04-03 00:20:14,0 days 00:00:40,57.0,21087.0,21144.0,0,,544,5866,04/03/2024 00:20:14
3576,3576,MiraFlex 1,Running,2024-04-03 00:20:14,2024-04-03 00:20:34,0 days 00:00:20,59.0,21144.0,21203.0,1,,544,0,04/03/2024 00:20:34
3577,3577,MiraFlex 1,Stop,2024-04-03 00:20:34,2024-04-03 00:25:54,0 days 00:05:20,18.0,21203.0,21221.0,0,,544,5867,04/03/2024 00:25:54
3578,3578,MiraFlex 1,Running,2024-04-03 00:25:54,2024-04-03 00:26:34,0 days 00:00:40,136.0,21221.0,21357.0,1,,544,0,04/03/2024 00:26:34
3579,3579,MiraFlex 1,Stop,2024-04-03 00:26:34,2024-04-03 00:43:14,0 days 00:16:40,105.0,21357.0,21462.0,0,,544,5868,04/03/2024 00:43:14
3580,3580,MiraFlex 1,Running,2024-04-03 00:43:14,2024-04-03 00:43:34,0 days 00:00:20,60.0,21462.0,21522.0,1,,544,0,04/03/2024 00:43:34
3581,3581,MiraFlex 1,Stop,2024-04-03 00:43:34,2024-04-03 00:49:54,0 days 00:06:20,44.0,21522.0,21566.0,0,,544,5869,04/03/2024 00:49:54
3582,3582,MiraFlex 1,Running,2024-04-03 00:49:54,2024-04-03 00:50:14,0 days 00:00:20,106.0,21566.0,21672.0,1,,544,0,04/03/2024 00:50:14
3583,3583,MiraFlex 1,Stop,2024-04-03 00:50:14,2024-04-03 02:07:15,0 days 01:17:01,46.0,21672.0,21718.0,0,,544,5870,04/03/2024 02:07:15
3584,3584,MiraFlex 1,Running,2024-04-03 02:07:15,2024-04-03 02:40:55,0 days 00:33:40,16479.0,21718.0,38197.0,1,,544,0,04/03/2024 02:40:55
3585,3585,MiraFlex 1,Stop,2024-04-03 02:40:55,2024-04-03 02:48:35,0 days 00:07:40,64.0,38197.0,38261.0,0,,544,5871,04/03/2024 02:48:35
3586,3586,MiraFlex 1,Running,2024-04-03 02:48:35,2024-04-03 04:30:16,0 days 01:41:41,50378.0,38261.0,88639.0,1,,544,0,04/03/2024 04:30:16
3587,3587,MiraFlex 1,Stop,2024-04-03 04:30:16,2024-04-03 05:37:17,0 days 01:07:01,72.0,88639.0,88711.0,0,,544,5872,04/03/2024 05:37:17
3588,3588,MiraFlex 1,Running,2024-04-03 05:37:17,2024-04-03 07:36:38,0 days 01:59:21,-70877.0,88711.0,17834.0,1,,544,0,04/03/2024 07:36:38
3589,3589,MiraFlex 1,Stop,2024-04-03 07:36:38,2024-04-03 08:15:58,0 days 00:39:20,48.0,17834.0,17882.0,0,,544,5826,04/03/2024 08:15:58
3590,3590,MiraFlex 1,Running,2024-04-03 08:15:58,2024-04-03 08:46:38,0 days 00:30:40,15185.0,17882.0,33067.0,1,,544,0,04/03/2024 08:46:38
3591,3591,MiraFlex 1,Stop,2024-04-03 08:46:38,2024-04-03 10:42:19,0 days 01:55:41,13.0,33067.0,33080.0,0,,544,5827,04/03/2024 10:42:19
3592,3592,MiraFlex 1,Running,2024-04-03 10:42:19,2024-04-03 10:49:39,0 days 00:07:20,792.0,33080.0,33872.0,1,,544,0,04/03/2024 10:49:39
3593,3593,MiraFlex 1,Stop,2024-04-03 10:49:39,2024-04-03 10:55:59,0 days 00:06:20,23.0,33872.0,33895.0,0,,544,5828,04/03/2024 10:55:59
3594,3594,MiraFlex 1,Running,2024-04-03 10:55:59,2024-04-03 10:57:19,0 days 00:01:20,358.0,33895.0,34253.0,1,,544,0,04/03/2024 10:57:19
3595,3595,MiraFlex 1,Stop,2024-04-03 10:57:19,2024-04-03 12:06:40,0 days 01:09:21,74.0,34253.0,34327.0,0,,544,5829,04/03/2024 12:06:40
3596,3596,MiraFlex 1,Running,2024-04-03 12:06:40,2024-04-03 12:07:40,0 days 00:01:00,263.0,34327.0,34590.0,1,,544,0,04/03/2024 12:07:40
3597,3597,MiraFlex 1,Stop,2024-04-03 12:07:40,2024-04-03 12:15:00,0 days 00:07:20,55.0,34590.0,34645.0,0,,544,5830,04/03/2024 12:15:00
3598,3598,MiraFlex 1,Running,2024-04-03 12:15:00,2024-04-03 12:15:20,0 days 00:00:20,69.0,34645.0,34714.0,1,,544,0,04/03/2024 12:15:20
3599,3599,MiraFlex 1,Stop,2024-04-03 12:15:20,2024-04-03 12:24:40,0 days 00:09:20,35.0,34714.0,34749.0,0,,544,5831,04/03/2024 12:24:40
3600,3600,MiraFlex 1,Running,2024-04-03 12:24:40,2024-04-03 12:25:40,0 days 00:01:00,308.0,34749.0,35057.0,1,,544,0,04/03/2024 12:25:40
3601,3601,MiraFlex 1,Stop,2024-04-03 12:25:40,2024-04-03 12:36:20,0 days 00:10:40,17.0,35057.0,35074.0,0,,544,5832,04/03/2024 12:36:20
3602,3602,MiraFlex 1,Running,2024-04-03 12:36:20,2024-04-03 12:37:00,0 days 00:00:40,153.0,35074.0,35227.0,1,,544,0,04/03/2024 12:37:00
3603,3603,MiraFlex 1,Stop,2024-04-03 12:37:00,2024-04-03 12:42:20,0 days 00:05:20,21.0,35227.0,35248.0,0,,544,5833,04/03/2024 12:42:20
3604,3604,MiraFlex 1,Running,2024-04-03 12:42:20,2024-04-03 12:43:00,0 days 00:00:40,212.0,35248.0,35460.0,1,,544,0,04/03/2024 12:43:00
3605,3605,MiraFlex 1,Stop,2024-04-03 12:43:00,2024-04-03 12:51:00,0 days 00:08:00,10.0,35460.0,35470.0,0,,544,5834,04/03/2024 12:51:00
3606,3606,MiraFlex 1,Running,2024-04-03 12:51:00,2024-04-03 12:52:20,0 days 00:01:20,359.0,35470.0,35829.0,1,,544,0,04/03/2024 12:52:20
3607,3607,MiraFlex 1,Stop,2024-04-03 12:52:20,2024-04-03 13:55:41,0 days 01:03:21,17.0,35829.0,35846.0,0,,544,5835,04/03/2024 13:55:41
3608,3608,MiraFlex 1,Running,2024-04-03 13:55:41,2024-04-03 14:03:01,0 days 00:07:20,830.0,35846.0,36676.0,1,,544,0,04/03/2024 14:03:01
3609,3609,MiraFlex 1,Stop,2024-04-03 14:03:01,2024-04-03 14:16:41,0 days 00:13:40,75.0,36676.0,36751.0,0,,544,5836,04/03/2024 14:16:41
3610,3610,MiraFlex 1,Running,2024-04-03 14:16:41,2024-04-03 14:27:41,0 days 00:11:00,4389.0,36751.0,41140.0,1,,544,0,04/03/2024 14:27:41
3611,3611,MiraFlex 1,Stop,2024-04-03 14:27:41,2024-04-03 15:03:21,0 days 00:35:40,-41104.0,41140.0,36.0,0,,544,5884,04/03/2024 15:03:21
3612,3612,MiraFlex 1,Running,2024-04-03 15:03:21,2024-04-03 16:17:02,0 days 01:13:41,29849.0,36.0,29885.0,1,,544,0,04/03/2024 16:17:02
3613,3613,MiraFlex 1,Stop,2024-04-03 16:17:02,2024-04-03 16:28:02,0 days 00:11:00,47.0,29885.0,29932.0,0,,544,5838,04/03/2024 16:28:02
3614,3614,MiraFlex 1,Running,2024-04-03 16:28:02,2024-04-03 17:09:42,0 days 00:41:40,17002.0,29932.0,46934.0,1,,544,0,04/03/2024 17:09:42
3615,3615,MiraFlex 1,Stop,2024-04-03 17:09:42,2024-04-03 17:25:23,0 days 00:15:41,26.0,46934.0,46960.0,0,,544,5839,04/03/2024 17:25:23
3616,3616,MiraFlex 1,Running,2024-04-03 17:25:23,2024-04-03 18:18:23,0 days 00:53:00,22440.0,46960.0,69400.0,1,,544,0,04/03/2024 18:18:23
3617,3617,MiraFlex 1,Stop,2024-04-03 18:18:23,2024-04-03 18:31:03,0 days 00:12:40,71.0,69400.0,69471.0,0,,544,5840,04/03/2024 18:31:03
3618,3618,MiraFlex 1,Running,2024-04-03 18:31:03,2024-04-03 18:40:43,0 days 00:09:40,4730.0,69471.0,74201.0,1,,544,0,04/03/2024 18:40:43
3619,3619,MiraFlex 1,Stop,2024-04-03 18:40:43,2024-04-03 19:31:04,0 days 00:50:21,67.0,74201.0,74268.0,0,,544,5841,04/03/2024 19:31:04
3620,3620,MiraFlex 1,Running,2024-04-03 19:31:04,2024-04-03 19:50:24,0 days 00:19:20,9652.0,74268.0,83920.0,1,,544,0,04/03/2024 19:50:24
3621,3621,MiraFlex 1,Stop,2024-04-03 19:50:24,2024-04-03 20:01:04,0 days 00:10:40,43.0,83920.0,83963.0,0,,544,5842,04/03/2024 20:01:04
3622,3622,MiraFlex 1,Running,2024-04-03 20:01:04,2024-04-03 20:01:24,0 days 00:00:20,47.0,83963.0,84010.0,1,,544,0,04/03/2024 20:01:24
3623,3623,MiraFlex 1,Stop,2024-04-03 20:01:24,2024-04-03 20:02:24,0 days 00:01:00,1.0,84010.0,84011.0,0,,544,5843,04/03/2024 20:02:24
3624,3624,MiraFlex 1,Running,2024-04-03 20:02:24,2024-04-03 20:03:04,0 days 00:00:40,120.0,84011.0,84131.0,1,,544,0,04/03/2024 20:03:04
3625,3625,MiraFlex 1,Stop,2024-04-03 20:03:04,2024-04-03 20:14:24,0 days 00:11:20,79.0,84131.0,84210.0,0,,544,5844,04/03/2024 20:14:24
3626,3626,MiraFlex 1,Running,2024-04-03 20:14:24,2024-04-03 20:14:44,0 days 00:00:20,21.0,84210.0,84231.0,1,,544,0,04/03/2024 20:14:44
3627,3627,MiraFlex 1,Stop,2024-04-03 20:14:44,2024-04-03 20:16:04,0 days 00:01:20,44.0,84231.0,84275.0,0,,544,5845,04/03/2024 20:16:04
3628,3628,MiraFlex 1,Running,2024-04-03 20:16:04,2024-04-03 20:17:04,0 days 00:01:00,310.0,84275.0,84585.0,1,,544,0,04/03/2024 20:17:04
3629,3629,MiraFlex 1,Stop,2024-04-03 20:17:04,2024-04-03 20:24:04,0 days 00:07:00,17.0,84585.0,84602.0,0,,544,5846,04/03/2024 20:24:04
3630,3630,MiraFlex 1,Running,2024-04-03 20:24:04,2024-04-03 20:24:44,0 days 00:00:40,200.0,84602.0,84802.0,1,,544,0,04/03/2024 20:24:44
3631,3631,MiraFlex 1,Stop,2024-04-03 20:24:44,2024-04-03 20:28:44,0 days 00:04:00,44.0,84802.0,84846.0,0,,544,5847,04/03/2024 20:28:44
3632,3632,MiraFlex 1,Running,2024-04-03 20:28:44,2024-04-03 20:29:24,0 days 00:00:40,270.0,84846.0,85116.0,1,,544,0,04/03/2024 20:29:24
3633,3633,MiraFlex 1,Stop,2024-04-03 20:29:24,2024-04-03 21:07:04,0 days 00:37:40,12.0,85116.0,85128.0,0,,544,5848,04/03/2024 21:07:04
3634,3634,MiraFlex 1,Running,2024-04-03 21:07:04,2024-04-03 21:11:24,0 days 00:04:20,433.0,85128.0,85561.0,1,,544,0,04/03/2024 21:11:24
3635,3635,MiraFlex 1,Stop,2024-04-03 21:11:24,2024-04-03 21:11:44,0 days 00:00:20,3.0,85561.0,85564.0,0,,544,5849,04/03/2024 21:11:44
3636,3636,MiraFlex 1,Running,2024-04-03 21:11:44,2024-04-03 21:16:05,0 days 00:04:21,1076.0,85564.0,86640.0,1,,544,0,04/03/2024 21:16:05
3637,3637,MiraFlex 1,Stop,2024-04-03 21:16:05,2024-04-03 21:39:05,0 days 00:23:00,97.0,86640.0,86737.0,0,,544,5850,04/03/2024 21:39:05
3638,3638,MiraFlex 1,Running,2024-04-03 21:39:05,2024-04-03 21:44:05,0 days 00:05:00,1953.0,86737.0,88690.0,1,,544,0,04/03/2024 21:44:05
3639,3639,MiraFlex 1,Stop,2024-04-03 21:44:05,2024-04-03 21:55:05,0 days 00:11:00,49.0,88690.0,88739.0,0,,544,5851,04/03/2024 21:55:05
3640,3640,MiraFlex 1,Running,2024-04-03 21:55:05,2024-04-03 22:07:45,0 days 00:12:40,5042.0,88739.0,93781.0,1,,544,0,04/03/2024 22:07:45
3641,3641,MiraFlex 1,Stop,2024-04-03 22:07:45,2024-04-03 22:11:45,0 days 00:04:00,0.0,93781.0,93781.0,0,,544,5852,04/03/2024 22:11:45
3642,3642,MiraFlex 1,Running,2024-04-03 22:11:45,2024-04-03 22:49:25,0 days 00:37:40,18490.0,93781.0,112271.0,1,,544,0,04/03/2024 22:49:25
3643,3643,MiraFlex 1,Stop,2024-04-03 22:49:25,2024-04-03 22:52:45,0 days 00:03:20,27.0,112271.0,112298.0,0,,544,5853,04/03/2024 22:52:45
3644,3644,MiraFlex 1,Running,2024-04-03 22:52:45,2024-04-04 00:34:46,0 days 01:42:01,-65360.0,112298.0,46938.0,1,,544,0,04/04/2024 00:34:46
3645,3645,MiraFlex 1,Stop,2024-04-04 00:34:46,2024-04-05 10:00:43,1 days 09:25:57,-46924.0,46938.0,14.0,0,,544,0,04/05/2024 10:00:43
3646,3646,MiraFlex 1,Running,2024-04-05 10:00:43,2024-04-05 10:08:43,0 days 00:08:00,616.0,14.0,630.0,1,,544,0,04/05/2024 10:08:43
3647,3647,MiraFlex 1,Stop,2024-04-05 10:08:43,2024-04-05 10:29:43,0 days 00:21:00,1.0,630.0,631.0,0,,544,5855,04/05/2024 10:29:43
3648,3648,MiraFlex 1,Running,2024-04-05 10:29:43,2024-04-05 10:33:23,0 days 00:03:40,483.0,631.0,1114.0,1,,544,0,04/05/2024 10:33:23
3649,3649,MiraFlex 1,Stop,2024-04-05 10:33:23,2024-04-05 10:38:23,0 days 00:05:00,24.0,1114.0,1138.0,0,,544,5856,04/05/2024 10:38:23
3650,3650,MiraFlex 1,Running,2024-04-05 10:38:23,2024-04-05 10:41:03,0 days 00:02:40,349.0,1138.0,1487.0,1,,544,0,04/05/2024 10:41:03
3651,3651,MiraFlex 1,Stop,2024-04-05 10:41:03,2024-04-05 12:05:04,0 days 01:24:01,21.0,1487.0,1508.0,0,,544,5857,04/05/2024 12:05:04
3652,3652,MiraFlex 1,Running,2024-04-05 12:05:04,2024-04-05 12:05:44,0 days 00:00:40,37.0,1508.0,1545.0,1,,544,0,04/05/2024 12:05:44
3653,3653,MiraFlex 1,Stop,2024-04-05 12:05:44,2024-04-05 12:09:44,0 days 00:04:00,22.0,1545.0,1567.0,0,,544,5858,04/05/2024 12:09:44
3654,3654,MiraFlex 1,Running,2024-04-05 12:09:44,2024-04-05 12:14:04,0 days 00:04:20,553.0,1567.0,2120.0,1,,544,0,04/05/2024 12:14:04
3655,3655,MiraFlex 1,Stop,2024-04-05 12:14:04,2024-04-05 12:42:44,0 days 00:28:40,43.0,2120.0,2163.0,0,,544,5859,04/05/2024 12:42:44
3656,3656,MiraFlex 1,Running,2024-04-05 12:42:44,2024-04-05 12:44:44,0 days 00:02:00,681.0,2163.0,2844.0,1,,544,0,04/05/2024 12:44:44
3657,3657,MiraFlex 1,Stop,2024-04-05 12:44:44,2024-04-05 13:51:45,0 days 01:07:01,11.0,2844.0,2855.0,0,,544,5860,04/05/2024 13:51:45
3658,3658,MiraFlex 1,Running,2024-04-05 13:51:45,2024-04-05 13:52:05,0 days 00:00:20,15.0,2855.0,2870.0,1,,544,0,04/05/2024 13:52:05
3659,3659,MiraFlex 1,Stop,2024-04-05 13:52:05,2024-04-05 13:53:45,0 days 00:01:40,4.0,2870.0,2874.0,0,,544,5861,04/05/2024 13:53:45
3660,3660,MiraFlex 1,Running,2024-04-05 13:53:45,2024-04-05 13:59:05,0 days 00:05:20,1633.0,2874.0,4507.0,1,,544,0,04/05/2024 13:59:05
3661,3661,MiraFlex 1,Stop,2024-04-05 13:59:05,2024-04-05 14:30:25,0 days 00:31:20,77.0,4507.0,4584.0,0,,544,5862,04/05/2024 14:30:25
3662,3662,MiraFlex 1,Running,2024-04-05 14:30:25,2024-04-05 14:30:45,0 days 00:00:20,36.0,4584.0,4620.0,1,,544,0,04/05/2024 14:30:45
3663,3663,MiraFlex 1,Stop,2024-04-05 14:30:45,2024-04-05 14:32:45,0 days 00:02:00,17.0,4620.0,4637.0,0,,544,5863,04/05/2024 14:32:45
3664,3664,MiraFlex 1,Running,2024-04-05 14:32:45,2024-04-05 14:36:45,0 days 00:04:00,1416.0,4637.0,6053.0,1,,544,0,04/05/2024 14:36:45
3665,3665,MiraFlex 1,Stop,2024-04-05 14:36:45,2024-04-05 14:44:25,0 days 00:07:40,17.0,6053.0,6070.0,0,,544,5864,04/05/2024 14:44:25
3666,3666,MiraFlex 1,Running,2024-04-05 14:44:25,2024-04-05 14:53:46,0 days 00:09:21,3359.0,6070.0,9429.0,1,,544,0,04/05/2024 14:53:46
3667,3667,MiraFlex 1,Stop,2024-04-05 14:53:46,2024-04-05 15:30:06,0 days 00:36:20,-9428.0,9429.0,1.0,0,,544,0,04/05/2024 15:30:06
3668,3668,MiraFlex 1,Running,2024-04-05 15:30:06,2024-04-05 15:30:26,0 days 00:00:20,24.0,1.0,25.0,1,,544,0,04/05/2024 15:30:26
3669,3669,MiraFlex 1,Stop,2024-04-05 15:30:26,2024-04-05 15:31:46,0 days 00:01:20,29.0,25.0,54.0,0,,544,5902,04/05/2024 15:31:46
3670,3670,MiraFlex 1,Running,2024-04-05 15:31:46,2024-04-05 15:41:46,0 days 00:10:00,3507.0,54.0,3561.0,1,,544,0,04/05/2024 15:41:46
3671,3671,MiraFlex 1,Stop,2024-04-05 15:41:46,2024-04-05 15:55:26,0 days 00:13:40,71.0,3561.0,3632.0,0,,544,5903,04/05/2024 15:55:26
3672,3672,MiraFlex 1,Running,2024-04-05 15:55:26,2024-04-05 16:17:46,0 days 00:22:20,8017.0,3632.0,11649.0,1,,544,0,04/05/2024 16:17:46
3673,3673,MiraFlex 1,Stop,2024-04-05 16:17:46,2024-04-05 16:28:46,0 days 00:11:00,22.0,11649.0,11671.0,0,,544,5904,04/05/2024 16:28:46
3674,3674,MiraFlex 1,Running,2024-04-05 16:28:46,2024-04-05 16:34:46,0 days 00:06:00,1910.0,11671.0,13581.0,1,,544,0,04/05/2024 16:34:46
3675,3675,MiraFlex 1,Stop,2024-04-05 16:34:46,2024-04-05 16:40:06,0 days 00:05:20,10.0,13581.0,13591.0,0,,544,5905,04/05/2024 16:40:06
3676,3676,MiraFlex 1,Running,2024-04-05 16:40:06,2024-04-05 16:48:07,0 days 00:08:01,2860.0,13591.0,16451.0,1,,544,0,04/05/2024 16:48:07
3677,3677,MiraFlex 1,Stop,2024-04-05 16:48:07,2024-04-05 17:06:47,0 days 00:18:40,21.0,16451.0,16472.0,0,,544,5906,04/05/2024 17:06:47
3678,3678,MiraFlex 1,Running,2024-04-05 17:06:47,2024-04-05 17:25:27,0 days 00:18:40,6591.0,16472.0,23063.0,1,,544,0,04/05/2024 17:25:27
3679,3679,MiraFlex 1,Stop,2024-04-05 17:25:27,2024-04-05 17:27:07,0 days 00:01:40,11.0,23063.0,23074.0,0,,544,5907,04/05/2024 17:27:07
3680,3680,MiraFlex 1,Running,2024-04-05 17:27:07,2024-04-05 17:28:47,0 days 00:01:40,470.0,23074.0,23544.0,1,,544,0,04/05/2024 17:28:47
3681,3681,MiraFlex 1,Stop,2024-04-05 17:28:47,2024-04-05 17:31:47,0 days 00:03:00,27.0,23544.0,23571.0,0,,544,5908,04/05/2024 17:31:47
3682,3682,MiraFlex 1,Running,2024-04-05 17:31:47,2024-04-05 17:49:47,0 days 00:18:00,6537.0,23571.0,30108.0,1,,544,0,04/05/2024 17:49:47
3683,3683,MiraFlex 1,Stop,2024-04-05 17:49:47,2024-04-05 17:56:47,0 days 00:07:00,92.0,30108.0,30200.0,0,,544,5909,04/05/2024 17:56:47
3684,3684,MiraFlex 1,Running,2024-04-05 17:56:47,2024-04-05 18:39:07,0 days 00:42:20,15196.0,30200.0,45396.0,1,,544,0,04/05/2024 18:39:07
3685,3685,MiraFlex 1,Stop,2024-04-05 18:39:07,2024-04-05 19:27:08,0 days 00:48:01,25.0,45396.0,45421.0,0,,544,5910,04/05/2024 19:27:08
3686,3686,MiraFlex 1,Running,2024-04-05 19:27:08,2024-04-05 19:46:48,0 days 00:19:40,7114.0,45421.0,52535.0,1,,544,0,04/05/2024 19:46:48
3687,3687,MiraFlex 1,Stop,2024-04-05 19:46:48,2024-04-05 19:52:48,0 days 00:06:00,7.0,52535.0,52542.0,0,,544,5911,04/05/2024 19:52:48
3688,3688,MiraFlex 1,Running,2024-04-05 19:52:48,2024-04-05 20:22:08,0 days 00:29:20,10605.0,52542.0,63147.0,1,,544,0,04/05/2024 20:22:08
3689,3689,MiraFlex 1,Stop,2024-04-05 20:22:08,2024-04-05 20:57:29,0 days 00:35:21,6.0,63147.0,63153.0,0,,544,5912,04/05/2024 20:57:29
3690,3690,MiraFlex 1,Running,2024-04-05 20:57:29,2024-04-05 21:05:09,0 days 00:07:40,686.0,63153.0,63839.0,1,,544,0,04/05/2024 21:05:09
3691,3691,MiraFlex 1,Stop,2024-04-05 21:05:09,2024-04-05 21:06:49,0 days 00:01:40,72.0,63839.0,63911.0,0,,544,5913,04/05/2024 21:06:49
3692,3692,MiraFlex 1,Running,2024-04-05 21:06:49,2024-04-05 21:08:09,0 days 00:01:20,453.0,63911.0,64364.0,1,,544,0,04/05/2024 21:08:09
3693,3693,MiraFlex 1,Stop,2024-04-05 21:08:09,2024-04-05 21:14:29,0 days 00:06:20,2.0,64364.0,64366.0,0,,544,5914,04/05/2024 21:14:29
3694,3694,MiraFlex 1,Running,2024-04-05 21:14:29,2024-04-05 21:15:29,0 days 00:01:00,263.0,64366.0,64629.0,1,,544,0,04/05/2024 21:15:29
3695,3695,MiraFlex 1,Stop,2024-04-05 21:15:29,2024-04-05 21:25:09,0 days 00:09:40,8.0,64629.0,64637.0,0,,544,5915,04/05/2024 21:25:09
3696,3696,MiraFlex 1,Running,2024-04-05 21:25:09,2024-04-05 21:26:09,0 days 00:01:00,266.0,64637.0,64903.0,1,,544,0,04/05/2024 21:26:09
3697,3697,MiraFlex 1,Stop,2024-04-05 21:26:09,2024-04-05 21:27:29,0 days 00:01:20,3.0,64903.0,64906.0,0,,544,5916,04/05/2024 21:27:29
3698,3698,MiraFlex 1,Running,2024-04-05 21:27:29,2024-04-05 21:33:49,0 days 00:06:20,2443.0,64906.0,67349.0,1,,544,0,04/05/2024 21:33:49
3699,3699,MiraFlex 1,Stop,2024-04-05 21:33:49,2024-04-05 21:51:29,0 days 00:17:40,35.0,67349.0,67384.0,0,,544,5917,04/05/2024 21:51:29
3700,3700,MiraFlex 1,Running,2024-04-05 21:51:29,2024-04-05 21:59:49,0 days 00:08:20,3259.0,67384.0,70643.0,1,,544,0,04/05/2024 21:59:49
3701,3701,MiraFlex 1,Stop,2024-04-05 21:59:49,2024-04-05 22:10:49,0 days 00:11:00,68.0,70643.0,70711.0,0,,544,5918,04/05/2024 22:10:49
3702,3702,MiraFlex 1,Running,2024-04-05 22:10:49,2024-04-05 22:11:29,0 days 00:00:40,60.0,70711.0,70771.0,1,,544,0,04/05/2024 22:11:29
3703,3703,MiraFlex 1,Stop,2024-04-05 22:11:29,2024-04-05 22:13:09,0 days 00:01:40,1.0,70771.0,70772.0,0,,544,5919,04/05/2024 22:13:09
3704,3704,MiraFlex 1,Running,2024-04-05 22:13:09,2024-04-05 22:27:49,0 days 00:14:40,5479.0,70772.0,76251.0,1,,544,0,04/05/2024 22:27:49
3705,3705,MiraFlex 1,Stop,2024-04-05 22:27:49,2024-04-05 22:33:49,0 days 00:06:00,37.0,76251.0,76288.0,0,,544,5920,04/05/2024 22:33:49
3706,3706,MiraFlex 1,Running,2024-04-05 22:33:49,2024-04-05 22:41:49,0 days 00:08:00,3092.0,76288.0,79380.0,1,,544,0,04/05/2024 22:41:49
3707,3707,MiraFlex 1,Stop,2024-04-05 22:41:49,2024-04-05 22:44:10,0 days 00:02:21,78.0,79380.0,79458.0,0,,544,5921,04/05/2024 22:44:10
3708,3708,MiraFlex 1,Running,2024-04-05 22:44:10,2024-04-05 22:58:50,0 days 00:14:40,5823.0,79458.0,85281.0,1,,544,0,04/05/2024 22:58:50
3709,3709,MiraFlex 1,Stop,2024-04-05 22:58:50,2024-04-05 23:26:30,0 days 00:27:40,-85182.0,85281.0,99.0,0,,544,0,04/05/2024 23:26:30
3710,3710,MiraFlex 1,Running,2024-04-05 23:26:30,2024-04-05 23:32:30,0 days 00:06:00,2393.0,99.0,2492.0,1,,544,0,04/05/2024 23:32:30
3711,3711,MiraFlex 1,Stop,2024-04-05 23:32:30,2024-04-05 23:48:10,0 days 00:15:40,52.0,2492.0,2544.0,0,,544,5923,04/05/2024 23:48:10
3712,3712,MiraFlex 1,Running,2024-04-05 23:48:10,2024-04-06 00:00:30,0 days 00:12:20,4839.0,2544.0,7383.0,1,,544,0,04/06/2024 00:00:30
3713,3713,MiraFlex 1,Stop,2024-04-06 00:00:30,2024-04-06 00:16:30,0 days 00:16:00,10.0,7383.0,7393.0,0,,544,5924,04/06/2024 00:16:30
3714,3714,MiraFlex 1,Running,2024-04-06 00:16:30,2024-04-06 00:17:10,0 days 00:00:40,164.0,7393.0,7557.0,1,,544,0,04/06/2024 00:17:10
3715,3715,MiraFlex 1,Stop,2024-04-06 00:17:10,2024-04-06 00:21:50,0 days 00:04:40,19.0,7557.0,7576.0,0,,544,5925,04/06/2024 00:21:50
3716,3716,MiraFlex 1,Running,2024-04-06 00:21:50,2024-04-06 00:37:30,0 days 00:15:40,6171.0,7576.0,13747.0,1,,544,0,04/06/2024 00:37:30
3717,3717,MiraFlex 1,Stop,2024-04-06 00:37:30,2024-04-06 00:51:31,0 days 00:14:01,16.0,13747.0,13763.0,0,,544,5926,04/06/2024 00:51:31
3718,3718,MiraFlex 1,Running,2024-04-06 00:51:31,2024-04-06 00:58:31,0 days 00:07:00,715.0,13763.0,14478.0,1,,544,0,04/06/2024 00:58:31
3719,3719,MiraFlex 1,Stop,2024-04-06 00:58:31,2024-04-06 00:59:11,0 days 00:00:40,29.0,14478.0,14507.0,0,,544,5927,04/06/2024 00:59:11
3720,3720,MiraFlex 1,Running,2024-04-06 00:59:11,2024-04-06 00:59:51,0 days 00:00:40,127.0,14507.0,14634.0,1,,544,0,04/06/2024 00:59:51
3721,3721,MiraFlex 1,Stop,2024-04-06 00:59:51,2024-04-06 01:11:51,0 days 00:12:00,2.0,14634.0,14636.0,0,,544,5928,04/06/2024 01:11:51
3722,3722,MiraFlex 1,Running,2024-04-06 01:11:51,2024-04-06 01:13:51,0 days 00:02:00,670.0,14636.0,15306.0,1,,544,0,04/06/2024 01:13:51
3723,3723,MiraFlex 1,Stop,2024-04-06 01:13:51,2024-04-06 01:20:31,0 days 00:06:40,17.0,15306.0,15323.0,0,,544,5929,04/06/2024 01:20:31
3724,3724,MiraFlex 1,Running,2024-04-06 01:20:31,2024-04-06 01:37:11,0 days 00:16:40,6631.0,15323.0,21954.0,1,,544,0,04/06/2024 01:37:11
3725,3725,MiraFlex 1,Stop,2024-04-06 01:37:11,2024-04-06 01:43:31,0 days 00:06:20,20.0,21954.0,21974.0,0,,544,5930,04/06/2024 01:43:31
3726,3726,MiraFlex 1,Running,2024-04-06 01:43:31,2024-04-06 02:00:31,0 days 00:17:00,6576.0,21974.0,28550.0,1,,544,0,04/06/2024 02:00:31
3727,3727,MiraFlex 1,Stop,2024-04-06 02:00:31,2024-04-06 02:01:11,0 days 00:00:40,7.0,28550.0,28557.0,0,,544,5931,04/06/2024 02:01:11
3728,3728,MiraFlex 1,Running,2024-04-06 02:01:11,2024-04-06 02:11:51,0 days 00:10:40,3708.0,28557.0,32265.0,1,,544,0,04/06/2024 02:11:51
3729,3729,MiraFlex 1,Stop,2024-04-06 02:11:51,2024-04-06 02:18:11,0 days 00:06:20,2.0,32265.0,32267.0,0,,544,5932,04/06/2024 02:18:11
3730,3730,MiraFlex 1,Running,2024-04-06 02:18:11,2024-04-06 02:18:31,0 days 00:00:20,19.0,32267.0,32286.0,1,,544,0,04/06/2024 02:18:31
3731,3731,MiraFlex 1,Stop,2024-04-06 02:18:31,2024-04-06 02:19:31,0 days 00:01:00,21.0,32286.0,32307.0,0,,544,5933,04/06/2024 02:19:31
3732,3732,MiraFlex 1,Running,2024-04-06 02:19:31,2024-04-06 02:28:31,0 days 00:09:00,932.0,32307.0,33239.0,1,,544,0,04/06/2024 02:28:31
3733,3733,MiraFlex 1,Stop,2024-04-06 02:28:31,2024-04-06 02:29:11,0 days 00:00:40,46.0,33239.0,33285.0,0,,544,5934,04/06/2024 02:29:11
3734,3734,MiraFlex 1,Running,2024-04-06 02:29:11,2024-04-06 02:29:51,0 days 00:00:40,126.0,33285.0,33411.0,1,,544,0,04/06/2024 02:29:51
3735,3735,MiraFlex 1,Stop,2024-04-06 02:29:51,2024-04-06 02:34:31,0 days 00:04:40,15.0,33411.0,33426.0,0,,544,5935,04/06/2024 02:34:31
3736,3736,MiraFlex 1,Running,2024-04-06 02:34:31,2024-04-06 02:41:32,0 days 00:07:01,2629.0,33426.0,36055.0,1,,544,0,04/06/2024 02:41:32
3737,3737,MiraFlex 1,Stop,2024-04-06 02:41:32,2024-04-06 02:48:12,0 days 00:06:40,62.0,36055.0,36117.0,0,,544,5936,04/06/2024 02:48:12
3738,3738,MiraFlex 1,Running,2024-04-06 02:48:12,2024-04-06 03:06:12,0 days 00:18:00,7085.0,36117.0,43202.0,1,,544,0,04/06/2024 03:06:12
3739,3739,MiraFlex 1,Stop,2024-04-06 03:06:12,2024-04-06 03:15:12,0 days 00:09:00,16.0,43202.0,43218.0,0,,544,5937,04/06/2024 03:15:12
3740,3740,MiraFlex 1,Running,2024-04-06 03:15:12,2024-04-06 03:19:32,0 days 00:04:20,1556.0,43218.0,44774.0,1,,544,0,04/06/2024 03:19:32
3741,3741,MiraFlex 1,Stop,2024-04-06 03:19:32,2024-04-06 03:23:52,0 days 00:04:20,11.0,44774.0,44785.0,0,,544,5938,04/06/2024 03:23:52
3742,3742,MiraFlex 1,Running,2024-04-06 03:23:52,2024-04-06 03:56:52,0 days 00:33:00,6730.0,44785.0,51515.0,1,,544,0,04/06/2024 03:56:52
3743,3743,MiraFlex 1,Stop,2024-04-06 03:56:52,2024-04-06 04:06:52,0 days 00:10:00,6.0,51515.0,51521.0,0,,544,5939,04/06/2024 04:06:52
3744,3744,MiraFlex 1,Running,2024-04-06 04:06:52,2024-04-06 04:09:52,0 days 00:03:00,998.0,51521.0,52519.0,1,,544,0,04/06/2024 04:09:52
3745,3745,MiraFlex 1,Stop,2024-04-06 04:09:52,2024-04-06 04:13:52,0 days 00:04:00,37.0,52519.0,52556.0,0,,544,5940,04/06/2024 04:13:52
3746,3746,MiraFlex 1,Running,2024-04-06 04:13:52,2024-04-06 04:33:52,0 days 00:20:00,7837.0,52556.0,60393.0,1,,544,0,04/06/2024 04:33:52
3747,3747,MiraFlex 1,Stop,2024-04-06 04:33:52,2024-04-06 05:39:33,0 days 01:05:41,11.0,60393.0,60404.0,0,,544,5941,04/06/2024 05:39:33
3748,3748,MiraFlex 1,Running,2024-04-06 05:39:33,2024-04-06 06:00:53,0 days 00:21:20,8540.0,60404.0,68944.0,1,,544,0,04/06/2024 06:00:53
3749,3749,MiraFlex 1,Stop,2024-04-06 06:00:53,2024-04-06 06:30:33,0 days 00:29:40,3.0,68944.0,68947.0,0,,544,5942,04/06/2024 06:30:33
3750,3750,MiraFlex 1,Running,2024-04-06 06:30:33,2024-04-06 06:37:54,0 days 00:07:21,608.0,68947.0,69555.0,1,,544,0,04/06/2024 06:37:54
3751,3751,MiraFlex 1,Stop,2024-04-06 06:37:54,2024-04-06 06:44:34,0 days 00:06:40,3.0,69555.0,69558.0,0,,544,5943,04/06/2024 06:44:34
3752,3752,MiraFlex 1,Running,2024-04-06 06:44:34,2024-04-06 06:45:14,0 days 00:00:40,116.0,69558.0,69674.0,1,,544,0,04/06/2024 06:45:14
3753,3753,MiraFlex 1,Stop,2024-04-06 06:45:14,2024-04-06 06:52:54,0 days 00:07:40,3.0,69674.0,69677.0,0,,544,5944,04/06/2024 06:52:54
3754,3754,MiraFlex 1,Running,2024-04-06 06:52:54,2024-04-06 07:04:14,0 days 00:11:20,-68163.0,69677.0,1514.0,1,,544,0,04/06/2024 07:04:14
3755,3755,MiraFlex 1,Stop,2024-04-06 07:04:14,2024-04-06 07:40:14,0 days 00:36:00,57.0,1514.0,1571.0,0,,544,5945,04/06/2024 07:40:14
3756,3756,MiraFlex 1,Running,2024-04-06 07:40:14,2024-04-06 07:40:54,0 days 00:00:40,132.0,1571.0,1703.0,1,,544,0,04/06/2024 07:40:54
3757,3757,MiraFlex 1,Stop,2024-04-06 07:40:54,2024-04-06 07:42:54,0 days 00:02:00,69.0,1703.0,1772.0,0,,544,5946,04/06/2024 07:42:54
3758,3758,MiraFlex 1,Running,2024-04-06 07:42:54,2024-04-06 08:50:35,0 days 01:07:41,29797.0,1772.0,31569.0,1,,544,0,04/06/2024 08:50:35
3759,3759,MiraFlex 1,Stop,2024-04-06 08:50:35,2024-04-06 09:49:35,0 days 00:59:00,23.0,31569.0,31592.0,0,,544,5947,04/06/2024 09:49:35
3760,3760,MiraFlex 1,Running,2024-04-06 09:49:35,2024-04-06 09:58:55,0 days 00:09:20,901.0,31592.0,32493.0,1,,544,0,04/06/2024 09:58:55
3761,3761,MiraFlex 1,Stop,2024-04-06 09:58:55,2024-04-06 10:15:35,0 days 00:16:40,5.0,32493.0,32498.0,0,,544,5948,04/06/2024 10:15:35
3762,3762,MiraFlex 1,Running,2024-04-06 10:15:35,2024-04-06 10:17:35,0 days 00:02:00,483.0,32498.0,32981.0,1,,544,0,04/06/2024 10:17:35
3763,3763,MiraFlex 1,Stop,2024-04-06 10:17:35,2024-04-06 11:06:56,0 days 00:49:21,24.0,32981.0,33005.0,0,,544,5949,04/06/2024 11:06:56
3764,3764,MiraFlex 1,Running,2024-04-06 11:06:56,2024-04-06 11:07:36,0 days 00:00:40,137.0,33005.0,33142.0,1,,544,0,04/06/2024 11:07:36
3765,3765,MiraFlex 1,Stop,2024-04-06 11:07:36,2024-04-06 11:11:56,0 days 00:04:20,0.0,33142.0,33142.0,0,,544,5950,04/06/2024 11:11:56
3766,3766,MiraFlex 1,Running,2024-04-06 11:11:56,2024-04-06 11:13:16,0 days 00:01:20,310.0,33142.0,33452.0,1,,544,0,04/06/2024 11:13:16
3767,3767,MiraFlex 1,Stop,2024-04-06 11:13:16,2024-04-06 11:26:36,0 days 00:13:20,15.0,33452.0,33467.0,0,,544,5951,04/06/2024 11:26:36
3768,3768,MiraFlex 1,Running,2024-04-06 11:26:36,2024-04-06 11:27:36,0 days 00:01:00,245.0,33467.0,33712.0,1,,544,0,04/06/2024 11:27:36
3769,3769,MiraFlex 1,Stop,2024-04-06 11:27:36,2024-04-06 11:44:36,0 days 00:17:00,46.0,33712.0,33758.0,0,,544,5952,04/06/2024 11:44:36
3770,3770,MiraFlex 1,Running,2024-04-06 11:44:36,2024-04-06 11:47:36,0 days 00:03:00,1090.0,33758.0,34848.0,1,,544,0,04/06/2024 11:47:36
3771,3771,MiraFlex 1,Stop,2024-04-06 11:47:36,2024-04-06 11:55:16,0 days 00:07:40,10.0,34848.0,34858.0,0,,544,5953,04/06/2024 11:55:16
3772,3772,MiraFlex 1,Running,2024-04-06 11:55:16,2024-04-06 12:27:56,0 days 00:32:40,13329.0,34858.0,48187.0,1,,544,0,04/06/2024 12:27:56
3773,3773,MiraFlex 1,Stop,2024-04-06 12:27:56,2024-04-06 12:43:57,0 days 00:16:01,3.0,48187.0,48190.0,0,,544,5954,04/06/2024 12:43:57
3774,3774,MiraFlex 1,Running,2024-04-06 12:43:57,2024-04-06 13:37:37,0 days 00:53:40,20990.0,48190.0,69180.0,1,,544,0,04/06/2024 13:37:37
3775,3775,MiraFlex 1,Stop,2024-04-06 13:37:37,2024-04-06 14:01:57,0 days 00:24:20,75.0,69180.0,69255.0,0,,544,5955,04/06/2024 14:01:57
3776,3776,MiraFlex 1,Running,2024-04-06 14:01:57,2024-04-06 14:02:37,0 days 00:00:40,193.0,69255.0,69448.0,1,,544,0,04/06/2024 14:02:37
3777,3777,MiraFlex 1,Stop,2024-04-06 14:02:37,2024-04-06 14:10:57,0 days 00:08:20,61.0,69448.0,69509.0,0,,544,5956,04/06/2024 14:10:57
3778,3778,MiraFlex 1,Running,2024-04-06 14:10:57,2024-04-06 14:27:37,0 days 00:16:40,6608.0,69509.0,76117.0,1,,544,0,04/06/2024 14:27:37
3779,3779,MiraFlex 1,Stop,2024-04-06 14:27:37,2024-04-06 14:29:18,0 days 00:01:41,56.0,76117.0,76173.0,0,,544,5957,04/06/2024 14:29:18
3780,3780,MiraFlex 1,Running,2024-04-06 14:29:18,2024-04-06 14:29:38,0 days 00:00:20,12.0,76173.0,76185.0,1,,544,0,04/06/2024 14:29:38
3781,3781,MiraFlex 1,Stop,2024-04-06 14:29:38,2024-04-06 14:35:58,0 days 00:06:20,24.0,76185.0,76209.0,0,,544,5958,04/06/2024 14:35:58
3782,3782,MiraFlex 1,Running,2024-04-06 14:35:58,2024-04-06 14:36:58,0 days 00:01:00,255.0,76209.0,76464.0,1,,544,0,04/06/2024 14:36:58
3783,3783,MiraFlex 1,Stop,2024-04-06 14:36:58,2024-04-06 14:44:58,0 days 00:08:00,41.0,76464.0,76505.0,0,,544,5959,04/06/2024 14:44:58
3784,3784,MiraFlex 1,Running,2024-04-06 14:44:58,2024-04-06 14:45:58,0 days 00:01:00,228.0,76505.0,76733.0,1,,544,0,04/06/2024 14:45:58
3785,3785,MiraFlex 1,Stop,2024-04-06 14:45:58,2024-04-06 14:50:18,0 days 00:04:20,88.0,76733.0,76821.0,0,,544,5960,04/06/2024 14:50:18
3786,3786,MiraFlex 1,Running,2024-04-06 14:50:18,2024-04-06 14:50:58,0 days 00:00:40,249.0,76821.0,77070.0,1,,544,0,04/06/2024 14:50:58
3787,3787,MiraFlex 1,Stop,2024-04-06 14:50:58,2024-04-06 15:57:38,0 days 01:06:40,-77061.0,77070.0,9.0,0,,544,0,04/06/2024 15:57:38
3788,3788,MiraFlex 1,Running,2024-04-06 15:57:38,2024-04-06 16:22:38,0 days 00:25:00,1764.0,9.0,1773.0,1,,544,0,04/06/2024 16:22:38
3789,3789,MiraFlex 1,Stop,2024-04-06 16:22:38,2024-04-06 17:14:59,0 days 00:52:21,22.0,1773.0,1795.0,0,,544,5978,04/06/2024 17:14:59
3790,3790,MiraFlex 1,Running,2024-04-06 17:14:59,2024-04-06 17:16:39,0 days 00:01:40,541.0,1795.0,2336.0,1,,544,0,04/06/2024 17:16:39
3791,3791,MiraFlex 1,Stop,2024-04-06 17:16:39,2024-04-06 17:28:39,0 days 00:12:00,68.0,2336.0,2404.0,0,,544,5979,04/06/2024 17:28:39
3792,3792,MiraFlex 1,Running,2024-04-06 17:28:39,2024-04-06 17:42:59,0 days 00:14:20,5226.0,2404.0,7630.0,1,,544,0,04/06/2024 17:42:59
3793,3793,MiraFlex 1,Stop,2024-04-06 17:42:59,2024-04-06 18:11:39,0 days 00:28:40,12.0,7630.0,7642.0,0,,544,5980,04/06/2024 18:11:39
3794,3794,MiraFlex 1,Running,2024-04-06 18:11:39,2024-04-06 18:13:19,0 days 00:01:40,267.0,7642.0,7909.0,1,,544,0,04/06/2024 18:13:19
3795,3795,MiraFlex 1,Stop,2024-04-06 18:13:19,2024-04-06 18:21:19,0 days 00:08:00,23.0,7909.0,7932.0,0,,544,5981,04/06/2024 18:21:19
3796,3796,MiraFlex 1,Running,2024-04-06 18:21:19,2024-04-06 18:39:40,0 days 00:18:21,6462.0,7932.0,14394.0,1,,544,0,04/06/2024 18:39:40
3797,3797,MiraFlex 1,Stop,2024-04-06 18:39:40,2024-04-06 19:49:40,0 days 01:10:00,22.0,14394.0,14416.0,0,,544,5982,04/06/2024 19:49:40
3798,3798,MiraFlex 1,Running,2024-04-06 19:49:40,2024-04-06 19:52:00,0 days 00:02:20,814.0,14416.0,15230.0,1,,544,0,04/06/2024 19:52:00
3799,3799,MiraFlex 1,Stop,2024-04-06 19:52:00,2024-04-06 19:55:00,0 days 00:03:00,85.0,15230.0,15315.0,0,,544,5983,04/06/2024 19:55:00
3800,3800,MiraFlex 1,Running,2024-04-06 19:55:00,2024-04-06 20:40:01,0 days 00:45:01,14807.0,15315.0,30122.0,1,,544,0,04/06/2024 20:40:01
3801,3801,MiraFlex 1,Stop,2024-04-06 20:40:01,2024-04-06 21:19:21,0 days 00:39:20,21.0,30122.0,30143.0,0,,544,5984,04/06/2024 21:19:21
3802,3802,MiraFlex 1,Running,2024-04-06 21:19:21,2024-04-06 21:23:21,0 days 00:04:00,698.0,30143.0,30841.0,1,,544,0,04/06/2024 21:23:21
3803,3803,MiraFlex 1,Stop,2024-04-06 21:23:21,2024-04-06 21:44:21,0 days 00:21:00,68.0,30841.0,30909.0,0,,544,5985,04/06/2024 21:44:21
3804,3804,MiraFlex 1,Running,2024-04-06 21:44:21,2024-04-06 21:45:21,0 days 00:01:00,286.0,30909.0,31195.0,1,,544,0,04/06/2024 21:45:21
3805,3805,MiraFlex 1,Stop,2024-04-06 21:45:21,2024-04-06 21:54:21,0 days 00:09:00,5.0,31195.0,31200.0,0,,544,5986,04/06/2024 21:54:21
3806,3806,MiraFlex 1,Running,2024-04-06 21:54:21,2024-04-06 22:09:21,0 days 00:15:00,5511.0,31200.0,36711.0,1,,544,0,04/06/2024 22:09:21
3807,3807,MiraFlex 1,Stop,2024-04-06 22:09:21,2024-04-06 22:15:01,0 days 00:05:40,24.0,36711.0,36735.0,0,,544,5987,04/06/2024 22:15:01
3808,3808,MiraFlex 1,Running,2024-04-06 22:15:01,2024-04-06 22:48:42,0 days 00:33:41,12529.0,36735.0,49264.0,1,,544,0,04/06/2024 22:48:42
3809,3809,MiraFlex 1,Stop,2024-04-06 22:48:42,2024-04-06 22:53:22,0 days 00:04:40,22.0,49264.0,49286.0,0,,544,5988,04/06/2024 22:53:22
3810,3810,MiraFlex 1,Running,2024-04-06 22:53:22,2024-04-06 23:45:02,0 days 00:51:40,-32505.0,49286.0,16781.0,1,,544,0,04/06/2024 23:45:02
3811,3811,MiraFlex 1,Stop,2024-04-06 23:45:02,2024-04-06 23:57:22,0 days 00:12:20,10.0,16781.0,16791.0,0,,544,5989,04/06/2024 23:57:22
3812,3812,MiraFlex 1,Running,2024-04-06 23:57:22,2024-04-07 00:02:02,0 days 00:04:40,891.0,16791.0,17682.0,1,,544,0,04/07/2024 00:02:02
3813,3813,MiraFlex 1,Stop,2024-04-07 00:02:02,2024-04-07 00:15:02,0 days 00:13:00,9.0,17682.0,17691.0,0,,544,5990,04/07/2024 00:15:02
3814,3814,MiraFlex 1,Running,2024-04-07 00:15:02,2024-04-07 00:31:03,0 days 00:16:01,6324.0,17691.0,24015.0,1,,544,0,04/07/2024 00:31:03
3815,3815,MiraFlex 1,Stop,2024-04-07 00:31:03,2024-04-07 00:36:03,0 days 00:05:00,11.0,24015.0,24026.0,0,,544,5991,04/07/2024 00:36:03
3816,3816,MiraFlex 1,Running,2024-04-07 00:36:03,2024-04-07 00:59:23,0 days 00:23:20,9204.0,24026.0,33230.0,1,,544,0,04/07/2024 00:59:23
3817,3817,MiraFlex 1,Stop,2024-04-07 00:59:23,2024-04-07 01:03:43,0 days 00:04:20,11.0,33230.0,33241.0,0,,544,5992,04/07/2024 01:03:43
3818,3818,MiraFlex 1,Running,2024-04-07 01:03:43,2024-04-07 01:04:43,0 days 00:01:00,199.0,33241.0,33440.0,1,,544,0,04/07/2024 01:04:43
3819,3819,MiraFlex 1,Stop,2024-04-07 01:04:43,2024-04-07 01:12:03,0 days 00:07:20,40.0,33440.0,33480.0,0,,544,5993,04/07/2024 01:12:03
3820,3820,MiraFlex 1,Running,2024-04-07 01:12:03,2024-04-07 01:18:23,0 days 00:06:20,2428.0,33480.0,35908.0,1,,544,0,04/07/2024 01:18:23
3821,3821,MiraFlex 1,Stop,2024-04-07 01:18:23,2024-04-07 01:22:43,0 days 00:04:20,45.0,35908.0,35953.0,0,,544,5994,04/07/2024 01:22:43
3822,3822,MiraFlex 1,Running,2024-04-07 01:22:43,2024-04-07 02:00:23,0 days 00:37:40,14921.0,35953.0,50874.0,1,,544,0,04/07/2024 02:00:23
3823,3823,MiraFlex 1,Stop,2024-04-07 02:00:23,2024-04-07 02:09:03,0 days 00:08:40,19.0,50874.0,50893.0,0,,544,5995,04/07/2024 02:09:03
3824,3824,MiraFlex 1,Running,2024-04-07 02:09:03,2024-04-07 02:13:03,0 days 00:04:00,592.0,50893.0,51485.0,1,,544,0,04/07/2024 02:13:03
3825,3825,MiraFlex 1,Stop,2024-04-07 02:13:03,2024-04-07 02:28:24,0 days 00:15:21,21.0,51485.0,51506.0,0,,544,5996,04/07/2024 02:28:24
3826,3826,MiraFlex 1,Running,2024-04-07 02:28:24,2024-04-07 02:29:24,0 days 00:01:00,269.0,51506.0,51775.0,1,,544,0,04/07/2024 02:29:24
3827,3827,MiraFlex 1,Stop,2024-04-07 02:29:24,2024-04-07 02:37:04,0 days 00:07:40,43.0,51775.0,51818.0,0,,544,5997,04/07/2024 02:37:04
3828,3828,MiraFlex 1,Running,2024-04-07 02:37:04,2024-04-07 02:50:04,0 days 00:13:00,5148.0,51818.0,56966.0,1,,544,0,04/07/2024 02:50:04
3829,3829,MiraFlex 1,Stop,2024-04-07 02:50:04,2024-04-07 02:57:24,0 days 00:07:20,25.0,56966.0,56991.0,0,,544,5998,04/07/2024 02:57:24
3830,3830,MiraFlex 1,Running,2024-04-07 02:57:24,2024-04-07 03:30:24,0 days 00:33:00,13018.0,56991.0,70009.0,1,,544,0,04/07/2024 03:30:24
3831,3831,MiraFlex 1,Stop,2024-04-07 03:30:24,2024-04-07 03:40:44,0 days 00:10:20,52.0,70009.0,70061.0,0,,544,5999,04/07/2024 03:40:44
3832,3832,MiraFlex 1,Running,2024-04-07 03:40:44,2024-04-07 03:41:24,0 days 00:00:40,87.0,70061.0,70148.0,1,,544,0,04/07/2024 03:41:24
3833,3833,MiraFlex 1,Stop,2024-04-07 03:41:24,2024-04-07 03:42:04,0 days 00:00:40,38.0,70148.0,70186.0,0,,544,6000,04/07/2024 03:42:04
3834,3834,MiraFlex 1,Running,2024-04-07 03:42:04,2024-04-07 04:18:45,0 days 00:36:41,14586.0,70186.0,84772.0,1,,544,0,04/07/2024 04:18:45
3835,3835,MiraFlex 1,Stop,2024-04-07 04:18:45,2024-04-07 05:13:05,0 days 00:54:20,47.0,84772.0,84819.0,0,,544,6001,04/07/2024 05:13:05
3836,3836,MiraFlex 1,Running,2024-04-07 05:13:05,2024-04-07 05:25:05,0 days 00:12:00,4602.0,84819.0,89421.0,1,,544,0,04/07/2024 05:25:05
3837,3837,MiraFlex 1,Stop,2024-04-07 05:25:05,2024-04-07 05:46:25,0 days 00:21:20,31.0,89421.0,89452.0,0,,544,6002,04/07/2024 05:46:25
3838,3838,MiraFlex 1,Running,2024-04-07 05:46:25,2024-04-07 05:47:25,0 days 00:01:00,221.0,89452.0,89673.0,1,,544,0,04/07/2024 05:47:25
3839,3839,MiraFlex 1,Stop,2024-04-07 05:47:25,2024-04-07 05:50:05,0 days 00:02:40,37.0,89673.0,89710.0,0,,544,6003,04/07/2024 05:50:05
3840,3840,MiraFlex 1,Running,2024-04-07 05:50:05,2024-04-07 05:59:45,0 days 00:09:40,3794.0,89710.0,93504.0,1,,544,0,04/07/2024 05:59:45
3841,3841,MiraFlex 1,Stop,2024-04-07 05:59:45,2024-04-07 06:17:26,0 days 00:17:41,3.0,93504.0,93507.0,0,,544,6004,04/07/2024 06:17:26
3842,3842,MiraFlex 1,Running,2024-04-07 06:17:26,2024-04-07 06:29:46,0 days 00:12:20,4650.0,93507.0,98157.0,1,,544,0,04/07/2024 06:29:46
3843,3843,MiraFlex 1,Stop,2024-04-07 06:29:46,2024-04-08 08:56:36,1 days 02:26:50,-98142.0,98157.0,15.0,0,,544,0,04/08/2024 08:56:36
3844,3844,MiraFlex 1,Running,2024-04-08 08:56:36,2024-04-08 08:58:16,0 days 00:01:40,197.0,15.0,212.0,1,,544,0,04/08/2024 08:58:16
3845,3845,MiraFlex 1,Stop,2024-04-08 08:58:16,2024-04-08 08:59:16,0 days 00:01:00,8.0,212.0,220.0,0,,544,5962,04/08/2024 08:59:16
3846,3846,MiraFlex 1,Running,2024-04-08 08:59:16,2024-04-08 09:13:56,0 days 00:14:40,2468.0,220.0,2688.0,1,,544,0,04/08/2024 09:13:56
3847,3847,MiraFlex 1,Stop,2024-04-08 09:13:56,2024-04-08 09:24:16,0 days 00:10:20,25.0,2688.0,2713.0,0,,544,5963,04/08/2024 09:24:16
3848,3848,MiraFlex 1,Running,2024-04-08 09:24:16,2024-04-08 09:43:16,0 days 00:19:00,7540.0,2713.0,10253.0,1,,544,0,04/08/2024 09:43:16
3849,3849,MiraFlex 1,Stop,2024-04-08 09:43:16,2024-04-08 09:47:16,0 days 00:04:00,1.0,10253.0,10254.0,0,,544,5964,04/08/2024 09:47:16
3850,3850,MiraFlex 1,Running,2024-04-08 09:47:16,2024-04-08 10:07:36,0 days 00:20:20,7983.0,10254.0,18237.0,1,,544,0,04/08/2024 10:07:36
3851,3851,MiraFlex 1,Stop,2024-04-08 10:07:36,2024-04-08 10:11:36,0 days 00:04:00,88.0,18237.0,18325.0,0,,544,5965,04/08/2024 10:11:36
3852,3852,MiraFlex 1,Running,2024-04-08 10:11:36,2024-04-08 10:46:37,0 days 00:35:01,13873.0,18325.0,32198.0,1,,544,0,04/08/2024 10:46:37
3853,3853,MiraFlex 1,Stop,2024-04-08 10:46:37,2024-04-08 10:51:37,0 days 00:05:00,28.0,32198.0,32226.0,0,,544,5966,04/08/2024 10:51:37
3854,3854,MiraFlex 1,Running,2024-04-08 10:51:37,2024-04-08 10:52:17,0 days 00:00:40,164.0,32226.0,32390.0,1,,544,0,04/08/2024 10:52:17
3855,3855,MiraFlex 1,Stop,2024-04-08 10:52:17,2024-04-08 10:58:17,0 days 00:06:00,46.0,32390.0,32436.0,0,,544,5967,04/08/2024 10:58:17
3856,3856,MiraFlex 1,Running,2024-04-08 10:58:17,2024-04-08 10:59:37,0 days 00:01:20,386.0,32436.0,32822.0,1,,544,0,04/08/2024 10:59:37
3857,3857,MiraFlex 1,Stop,2024-04-08 10:59:37,2024-04-08 11:03:37,0 days 00:04:00,82.0,32822.0,32904.0,0,,544,5968,04/08/2024 11:03:37
3858,3858,MiraFlex 1,Running,2024-04-08 11:03:37,2024-04-08 11:14:17,0 days 00:10:40,4372.0,32904.0,37276.0,1,,544,0,04/08/2024 11:14:17
3859,3859,MiraFlex 1,Stop,2024-04-08 11:14:17,2024-04-08 11:18:17,0 days 00:04:00,21.0,37276.0,37297.0,0,,544,5969,04/08/2024 11:18:17
3860,3860,MiraFlex 1,Running,2024-04-08 11:18:17,2024-04-08 11:57:37,0 days 00:39:20,16488.0,37297.0,53785.0,1,,544,0,04/08/2024 11:57:37
3861,3861,MiraFlex 1,Stop,2024-04-08 11:57:37,2024-04-08 13:31:18,0 days 01:33:41,26.0,53785.0,53811.0,0,,544,5970,04/08/2024 13:31:18
3862,3862,MiraFlex 1,Running,2024-04-08 13:31:18,2024-04-08 13:38:38,0 days 00:07:20,915.0,53811.0,54726.0,1,,544,0,04/08/2024 13:38:38
3863,3863,MiraFlex 1,Stop,2024-04-08 13:38:38,2024-04-08 13:47:58,0 days 00:09:20,42.0,54726.0,54768.0,0,,544,5971,04/08/2024 13:47:58
3864,3864,MiraFlex 1,Running,2024-04-08 13:47:58,2024-04-08 13:48:58,0 days 00:01:00,234.0,54768.0,55002.0,1,,544,0,04/08/2024 13:48:58
3865,3865,MiraFlex 1,Stop,2024-04-08 13:48:58,2024-04-08 13:55:18,0 days 00:06:20,23.0,55002.0,55025.0,0,,544,5972,04/08/2024 13:55:18
3866,3866,MiraFlex 1,Running,2024-04-08 13:55:18,2024-04-08 13:58:38,0 days 00:03:20,1224.0,55025.0,56249.0,1,,544,0,04/08/2024 13:58:38
3867,3867,MiraFlex 1,Stop,2024-04-08 13:58:38,2024-04-08 14:04:38,0 days 00:06:00,86.0,56249.0,56335.0,0,,544,5973,04/08/2024 14:04:38
3868,3868,MiraFlex 1,Running,2024-04-08 14:04:38,2024-04-08 14:17:39,0 days 00:13:01,5188.0,56335.0,61523.0,1,,544,0,04/08/2024 14:17:39
3869,3869,MiraFlex 1,Stop,2024-04-08 14:17:39,2024-04-08 14:23:59,0 days 00:06:20,36.0,61523.0,61559.0,0,,544,5974,04/08/2024 14:23:59
3870,3870,MiraFlex 1,Running,2024-04-08 14:23:59,2024-04-08 14:24:19,0 days 00:00:20,16.0,61559.0,61575.0,1,,544,0,04/08/2024 14:24:19
3871,3871,MiraFlex 1,Stop,2024-04-08 14:24:19,2024-04-08 14:25:59,0 days 00:01:40,12.0,61575.0,61587.0,0,,544,5975,04/08/2024 14:25:59
3872,3872,MiraFlex 1,Running,2024-04-08 14:25:59,2024-04-08 14:38:19,0 days 00:12:20,5019.0,61587.0,66606.0,1,,544,0,04/08/2024 14:38:19
3873,3873,MiraFlex 1,Stop,2024-04-08 14:38:19,2024-04-08 14:45:19,0 days 00:07:00,17.0,66606.0,66623.0,0,,544,5976,04/08/2024 14:45:19
3874,3874,MiraFlex 1,Running,2024-04-08 14:45:19,2024-04-08 15:00:39,0 days 00:15:20,-66612.0,66623.0,11.0,1,,544,0,04/08/2024 15:00:39
3875,3875,MiraFlex 1,Stop,2024-04-08 15:00:39,2024-04-08 15:03:39,0 days 00:03:00,26.0,11.0,37.0,0,,544,6038,04/08/2024 15:03:39
3876,3876,MiraFlex 1,Running,2024-04-08 15:03:39,2024-04-08 15:12:39,0 days 00:09:00,3552.0,37.0,3589.0,1,,544,0,04/08/2024 15:12:39
3877,3877,MiraFlex 1,Stop,2024-04-08 15:12:39,2024-04-08 15:30:19,0 days 00:17:40,23.0,3589.0,3612.0,0,,544,6039,04/08/2024 15:30:19
3878,3878,MiraFlex 1,Running,2024-04-08 15:30:19,2024-04-08 15:42:59,0 days 00:12:40,4913.0,3612.0,8525.0,1,,544,0,04/08/2024 15:42:59
3879,3879,MiraFlex 1,Stop,2024-04-08 15:42:59,2024-04-08 15:44:59,0 days 00:02:00,31.0,8525.0,8556.0,0,,544,6040,04/08/2024 15:44:59
3880,3880,MiraFlex 1,Running,2024-04-08 15:44:59,2024-04-08 16:01:39,0 days 00:16:40,6565.0,8556.0,15121.0,1,,544,0,04/08/2024 16:01:39
3881,3881,MiraFlex 1,Stop,2024-04-08 16:01:39,2024-04-08 16:08:39,0 days 00:07:00,36.0,15121.0,15157.0,0,,544,6041,04/08/2024 16:08:39
3882,3882,MiraFlex 1,Running,2024-04-08 16:08:39,2024-04-08 16:09:20,0 days 00:00:41,65.0,15157.0,15222.0,1,,544,0,04/08/2024 16:09:20
3883,3883,MiraFlex 1,Stop,2024-04-08 16:09:20,2024-04-08 16:10:40,0 days 00:01:20,55.0,15222.0,15277.0,0,,544,6042,04/08/2024 16:10:40
3884,3884,MiraFlex 1,Running,2024-04-08 16:10:40,2024-04-08 16:22:00,0 days 00:11:20,4396.0,15277.0,19673.0,1,,544,0,04/08/2024 16:22:00
3885,3885,MiraFlex 1,Stop,2024-04-08 16:22:00,2024-04-08 16:25:00,0 days 00:03:00,33.0,19673.0,19706.0,0,,544,6043,04/08/2024 16:25:00
3886,3886,MiraFlex 1,Running,2024-04-08 16:25:00,2024-04-08 16:46:20,0 days 00:21:20,8400.0,19706.0,28106.0,1,,544,0,04/08/2024 16:46:20
3887,3887,MiraFlex 1,Stop,2024-04-08 16:46:20,2024-04-08 17:04:20,0 days 00:18:00,6.0,28106.0,28112.0,0,,544,6044,04/08/2024 17:04:20
3888,3888,MiraFlex 1,Running,2024-04-08 17:04:20,2024-04-08 17:31:40,0 days 00:27:20,10776.0,28112.0,38888.0,1,,544,0,04/08/2024 17:31:40
3889,3889,MiraFlex 1,Stop,2024-04-08 17:31:40,2024-04-08 18:01:40,0 days 00:30:00,1.0,38888.0,38889.0,0,,544,6045,04/08/2024 18:01:40
3890,3890,MiraFlex 1,Running,2024-04-08 18:01:40,2024-04-08 18:23:21,0 days 00:21:41,8589.0,38889.0,47478.0,1,,544,0,04/08/2024 18:23:21
3891,3891,MiraFlex 1,Stop,2024-04-08 18:23:21,2024-04-08 18:26:41,0 days 00:03:20,9.0,47478.0,47487.0,0,,544,6046,04/08/2024 18:26:41
3892,3892,MiraFlex 1,Running,2024-04-08 18:26:41,2024-04-08 18:43:21,0 days 00:16:40,6498.0,47487.0,53985.0,1,,544,0,04/08/2024 18:43:21
3893,3893,MiraFlex 1,Stop,2024-04-08 18:43:21,2024-04-08 19:53:41,0 days 01:10:20,8.0,53985.0,53993.0,0,,544,6047,04/08/2024 19:53:41
3894,3894,MiraFlex 1,Running,2024-04-08 19:53:41,2024-04-08 20:53:02,0 days 00:59:21,23629.0,53993.0,77622.0,1,,544,0,04/08/2024 20:53:02
3895,3895,MiraFlex 1,Stop,2024-04-08 20:53:02,2024-04-08 20:56:42,0 days 00:03:40,56.0,77622.0,77678.0,0,,544,6048,04/08/2024 20:56:42
3896,3896,MiraFlex 1,Running,2024-04-08 20:56:42,2024-04-08 21:03:42,0 days 00:07:00,2689.0,77678.0,80367.0,1,,544,0,04/08/2024 21:03:42
3897,3897,MiraFlex 1,Stop,2024-04-08 21:03:42,2024-04-08 21:23:02,0 days 00:19:20,4.0,80367.0,80371.0,0,,544,6049,04/08/2024 21:23:02
3898,3898,MiraFlex 1,Running,2024-04-08 21:23:02,2024-04-08 22:00:02,0 days 00:37:00,14682.0,80371.0,95053.0,1,,544,0,04/08/2024 22:00:02
3899,3899,MiraFlex 1,Stop,2024-04-08 22:00:02,2024-04-08 22:13:23,0 days 00:13:21,29.0,95053.0,95082.0,0,,544,6050,04/08/2024 22:13:23
3900,3900,MiraFlex 1,Running,2024-04-08 22:13:23,2024-04-08 22:42:43,0 days 00:29:20,11676.0,95082.0,106758.0,1,,544,0,04/08/2024 22:42:43
3901,3901,MiraFlex 1,Stop,2024-04-08 22:42:43,2024-04-08 23:01:03,0 days 00:18:20,-106700.0,106758.0,58.0,0,,544,0,04/08/2024 23:01:03
3902,3902,MiraFlex 1,Running,2024-04-08 23:01:03,2024-04-08 23:10:03,0 days 00:09:00,3581.0,58.0,3639.0,1,,544,0,04/08/2024 23:10:03
3903,3903,MiraFlex 1,Stop,2024-04-08 23:10:03,2024-04-08 23:11:43,0 days 00:01:40,8.0,3639.0,3647.0,0,,544,6023,04/08/2024 23:11:43
3904,3904,MiraFlex 1,Running,2024-04-08 23:11:43,2024-04-08 23:25:43,0 days 00:14:00,5469.0,3647.0,9116.0,1,,544,0,04/08/2024 23:25:43
3905,3905,MiraFlex 1,Stop,2024-04-08 23:25:43,2024-04-08 23:40:23,0 days 00:14:40,3.0,9116.0,9119.0,0,,544,6024,04/08/2024 23:40:23
3906,3906,MiraFlex 1,Running,2024-04-08 23:40:23,2024-04-08 23:52:23,0 days 00:12:00,4732.0,9119.0,13851.0,1,,544,0,04/08/2024 23:52:23
3907,3907,MiraFlex 1,Stop,2024-04-08 23:52:23,2024-04-09 00:13:04,0 days 00:20:41,28.0,13851.0,13879.0,0,,544,6025,04/09/2024 00:13:04
3908,3908,MiraFlex 1,Running,2024-04-09 00:13:04,2024-04-09 00:43:44,0 days 00:30:40,12071.0,13879.0,25950.0,1,,544,0,04/09/2024 00:43:44
3909,3909,MiraFlex 1,Stop,2024-04-09 00:43:44,2024-04-09 00:50:44,0 days 00:07:00,54.0,25950.0,26004.0,0,,544,6026,04/09/2024 00:50:44
3910,3910,MiraFlex 1,Running,2024-04-09 00:50:44,2024-04-09 01:11:04,0 days 00:20:20,8090.0,26004.0,34094.0,1,,544,0,04/09/2024 01:11:04
3911,3911,MiraFlex 1,Stop,2024-04-09 01:11:04,2024-04-09 01:29:44,0 days 00:18:40,25.0,34094.0,34119.0,0,,544,6027,04/09/2024 01:29:44
3912,3912,MiraFlex 1,Running,2024-04-09 01:29:44,2024-04-09 01:36:04,0 days 00:06:20,2378.0,34119.0,36497.0,1,,544,0,04/09/2024 01:36:04
3913,3913,MiraFlex 1,Stop,2024-04-09 01:36:04,2024-04-09 01:39:44,0 days 00:03:40,28.0,36497.0,36525.0,0,,544,6028,04/09/2024 01:39:44
3914,3914,MiraFlex 1,Running,2024-04-09 01:39:44,2024-04-09 01:40:04,0 days 00:00:20,82.0,36525.0,36607.0,1,,544,0,04/09/2024 01:40:04
3915,3915,MiraFlex 1,Stop,2024-04-09 01:40:04,2024-04-09 01:51:24,0 days 00:11:20,0.0,36607.0,36607.0,0,,544,6029,04/09/2024 01:51:24
3916,3916,MiraFlex 1,Running,2024-04-09 01:51:24,2024-04-09 01:54:04,0 days 00:02:40,296.0,36607.0,36903.0,1,,544,0,04/09/2024 01:54:04
3917,3917,MiraFlex 1,Stop,2024-04-09 01:54:04,2024-04-09 02:13:25,0 days 00:19:21,34.0,36903.0,36937.0,0,,544,6030,04/09/2024 02:13:25
3918,3918,MiraFlex 1,Running,2024-04-09 02:13:25,2024-04-09 02:50:45,0 days 00:37:20,14817.0,36937.0,51754.0,1,,544,0,04/09/2024 02:50:45
3919,3919,MiraFlex 1,Stop,2024-04-09 02:50:45,2024-04-09 02:57:05,0 days 00:06:20,66.0,51754.0,51820.0,0,,544,6031,04/09/2024 02:57:05
3920,3920,MiraFlex 1,Running,2024-04-09 02:57:05,2024-04-09 03:10:25,0 days 00:13:20,5214.0,51820.0,57034.0,1,,544,0,04/09/2024 03:10:25
3921,3921,MiraFlex 1,Stop,2024-04-09 03:10:25,2024-04-09 03:22:45,0 days 00:12:20,1.0,57034.0,57035.0,0,,544,6032,04/09/2024 03:22:45
3922,3922,MiraFlex 1,Running,2024-04-09 03:22:45,2024-04-09 03:45:45,0 days 00:23:00,8615.0,57035.0,65650.0,1,,544,0,04/09/2024 03:45:45
3923,3923,MiraFlex 1,Stop,2024-04-09 03:45:45,2024-04-09 04:02:06,0 days 00:16:21,28.0,65650.0,65678.0,0,,544,6033,04/09/2024 04:02:06
3924,3924,MiraFlex 1,Running,2024-04-09 04:02:06,2024-04-09 04:19:26,0 days 00:17:20,6839.0,65678.0,72517.0,1,,544,0,04/09/2024 04:19:26
3925,3925,MiraFlex 1,Stop,2024-04-09 04:19:26,2024-04-09 04:52:46,0 days 00:33:20,8.0,72517.0,72525.0,0,,544,6034,04/09/2024 04:52:46
3926,3926,MiraFlex 1,Running,2024-04-09 04:52:46,2024-04-09 05:06:06,0 days 00:13:20,5163.0,72525.0,77688.0,1,,544,0,04/09/2024 05:06:06
3927,3927,MiraFlex 1,Stop,2024-04-09 05:06:06,2024-04-09 05:09:26,0 days 00:03:20,5.0,77688.0,77693.0,0,,544,6035,04/09/2024 05:09:26
3928,3928,MiraFlex 1,Running,2024-04-09 05:09:26,2024-04-09 05:43:26,0 days 00:34:00,13390.0,77693.0,91083.0,1,,544,0,04/09/2024 05:43:26
3929,3929,MiraFlex 1,Stop,2024-04-09 05:43:26,2024-04-09 05:53:06,0 days 00:09:40,6.0,91083.0,91089.0,0,,544,6036,04/09/2024 05:53:06
3930,3930,MiraFlex 1,Running,2024-04-09 05:53:06,2024-04-09 06:03:07,0 days 00:10:01,3806.0,91089.0,94895.0,1,,544,0,04/09/2024 06:03:07
3931,3931,MiraFlex 1,Stop,2024-04-09 06:03:07,2024-04-09 06:06:07,0 days 00:03:00,4.0,94895.0,94899.0,0,,544,6037,04/09/2024 06:06:07
3932,3932,MiraFlex 1,Running,2024-04-09 06:06:07,2024-04-09 06:12:47,0 days 00:06:40,2583.0,94899.0,97482.0,1,,544,0,04/09/2024 06:12:47
3933,3933,MiraFlex 1,Stop,2024-04-09 06:12:47,2024-04-09 07:06:47,0 days 00:54:00,-97474.0,97482.0,8.0,0,,544,0,04/09/2024 07:06:47
3934,3934,MiraFlex 1,Running,2024-04-09 07:06:47,2024-04-09 07:13:07,0 days 00:06:20,661.0,8.0,669.0,1,,544,0,04/09/2024 07:13:07
3935,3935,MiraFlex 1,Stop,2024-04-09 07:13:07,2024-04-09 07:23:07,0 days 00:10:00,5.0,669.0,674.0,0,,544,6006,04/09/2024 07:23:07
3936,3936,MiraFlex 1,Running,2024-04-09 07:23:07,2024-04-09 07:25:27,0 days 00:02:20,701.0,674.0,1375.0,1,,544,0,04/09/2024 07:25:27
3937,3937,MiraFlex 1,Stop,2024-04-09 07:25:27,2024-04-09 07:31:07,0 days 00:05:40,24.0,1375.0,1399.0,0,,544,6007,04/09/2024 07:31:07
3938,3938,MiraFlex 1,Running,2024-04-09 07:31:07,2024-04-09 07:49:47,0 days 00:18:40,7464.0,1399.0,8863.0,1,,544,0,04/09/2024 07:49:47
3939,3939,MiraFlex 1,Stop,2024-04-09 07:49:47,2024-04-09 08:09:08,0 days 00:19:21,27.0,8863.0,8890.0,0,,544,6008,04/09/2024 08:09:08
3940,3940,MiraFlex 1,Running,2024-04-09 08:09:08,2024-04-09 08:23:48,0 days 00:14:40,5641.0,8890.0,14531.0,1,,544,0,04/09/2024 08:23:48
3941,3941,MiraFlex 1,Stop,2024-04-09 08:23:48,2024-04-09 08:51:48,0 days 00:28:00,24.0,14531.0,14555.0,0,,544,6009,04/09/2024 08:51:48
3942,3942,MiraFlex 1,Running,2024-04-09 08:51:48,2024-04-09 08:53:08,0 days 00:01:20,137.0,14555.0,14692.0,1,,544,0,04/09/2024 08:53:08
3943,3943,MiraFlex 1,Stop,2024-04-09 08:53:08,2024-04-09 08:55:08,0 days 00:02:00,30.0,14692.0,14722.0,0,,544,6010,04/09/2024 08:55:08
3944,3944,MiraFlex 1,Running,2024-04-09 08:55:08,2024-04-09 08:56:08,0 days 00:01:00,292.0,14722.0,15014.0,1,,544,0,04/09/2024 08:56:08
3945,3945,MiraFlex 1,Stop,2024-04-09 08:56:08,2024-04-09 08:59:48,0 days 00:03:40,60.0,15014.0,15074.0,0,,544,6011,04/09/2024 08:59:48
3946,3946,MiraFlex 1,Running,2024-04-09 08:59:48,2024-04-09 09:00:08,0 days 00:00:20,5.0,15074.0,15079.0,1,,544,0,04/09/2024 09:00:08
3947,3947,MiraFlex 1,Stop,2024-04-09 09:00:08,2024-04-09 09:05:48,0 days 00:05:40,77.0,15079.0,15156.0,0,,544,6012,04/09/2024 09:05:48
3948,3948,MiraFlex 1,Running,2024-04-09 09:05:48,2024-04-09 09:12:28,0 days 00:06:40,2814.0,15156.0,17970.0,1,,544,0,04/09/2024 09:12:28
3949,3949,MiraFlex 1,Stop,2024-04-09 09:12:28,2024-04-09 09:14:48,0 days 00:02:20,5.0,17970.0,17975.0,0,,544,6013,04/09/2024 09:14:48
3950,3950,MiraFlex 1,Running,2024-04-09 09:14:48,2024-04-09 09:33:08,0 days 00:18:20,7229.0,17975.0,25204.0,1,,544,0,04/09/2024 09:33:08
3951,3951,MiraFlex 1,Stop,2024-04-09 09:33:08,2024-04-09 09:35:08,0 days 00:02:00,9.0,25204.0,25213.0,0,,544,6014,04/09/2024 09:35:08
3952,3952,MiraFlex 1,Running,2024-04-09 09:35:08,2024-04-09 09:41:48,0 days 00:06:40,2550.0,25213.0,27763.0,1,,544,0,04/09/2024 09:41:48
3953,3953,MiraFlex 1,Stop,2024-04-09 09:41:48,2024-04-09 09:43:28,0 days 00:01:40,50.0,27763.0,27813.0,0,,544,6015,04/09/2024 09:43:28
3954,3954,MiraFlex 1,Running,2024-04-09 09:43:28,2024-04-09 09:45:48,0 days 00:02:20,882.0,27813.0,28695.0,1,,544,0,04/09/2024 09:45:48
3955,3955,MiraFlex 1,Stop,2024-04-09 09:45:48,2024-04-09 09:53:08,0 days 00:07:20,51.0,28695.0,28746.0,0,,544,6016,04/09/2024 09:53:08
3956,3956,MiraFlex 1,Running,2024-04-09 09:53:08,2024-04-09 10:02:09,0 days 00:09:01,3511.0,28746.0,32257.0,1,,544,0,04/09/2024 10:02:09
3957,3957,MiraFlex 1,Stop,2024-04-09 10:02:09,2024-04-09 10:32:29,0 days 00:30:20,12.0,32257.0,32269.0,0,,544,6017,04/09/2024 10:32:29
3958,3958,MiraFlex 1,Running,2024-04-09 10:32:29,2024-04-09 10:38:09,0 days 00:05:40,767.0,32269.0,33036.0,1,,544,0,04/09/2024 10:38:09
3959,3959,MiraFlex 1,Stop,2024-04-09 10:38:09,2024-04-09 10:56:49,0 days 00:18:40,72.0,33036.0,33108.0,0,,544,6018,04/09/2024 10:56:49
3960,3960,MiraFlex 1,Running,2024-04-09 10:56:49,2024-04-09 10:57:29,0 days 00:00:40,127.0,33108.0,33235.0,1,,544,0,04/09/2024 10:57:29
3961,3961,MiraFlex 1,Stop,2024-04-09 10:57:29,2024-04-09 11:14:49,0 days 00:17:20,57.0,33235.0,33292.0,0,,544,6019,04/09/2024 11:14:49
3962,3962,MiraFlex 1,Running,2024-04-09 11:14:49,2024-04-09 11:18:09,0 days 00:03:20,1243.0,33292.0,34535.0,1,,544,0,04/09/2024 11:18:09
3963,3963,MiraFlex 1,Stop,2024-04-09 11:18:09,2024-04-09 11:25:29,0 days 00:07:20,48.0,34535.0,34583.0,0,,544,6020,04/09/2024 11:25:29
3964,3964,MiraFlex 1,Running,2024-04-09 11:25:29,2024-04-09 11:26:09,0 days 00:00:40,141.0,34583.0,34724.0,1,,544,0,04/09/2024 11:26:09
3965,3965,MiraFlex 1,Stop,2024-04-09 11:26:09,2024-04-09 11:48:29,0 days 00:22:20,7928.0,34724.0,42652.0,0,,544,6021,04/09/2024 11:48:29
3966,3966,MiraFlex 1,Running,2024-04-09 11:48:29,2024-04-09 12:06:10,0 days 00:17:41,7734.0,42652.0,50386.0,1,,544,0,04/09/2024 12:06:10
3967,3967,MiraFlex 1,Stop,2024-04-09 12:06:10,,,,50386.0,,0,,544,0,
3968,3968,,,,,,,,,,,,,
3969,3969,,,,,,,,,,,,,
3970,3970,,,,,,,,,,,,,
3971,3971,,,,,,,,,,,,,
3972,3972,,,,,,,,,,,,,
3973,3973,,,,,,,,,,,,,
3974,3974,,,,,,,,,,,,,
3975,3975,,,,,,,,,,,,,
3976,3976,,,,,,,,,,,,,
3977,3977,,,,,,,,,,,,,
3978,3978,,,,,,,,,,,,,
3979,3979,,,,,,,,,,,,,
3980,3980,,,,,,,,,,,,,
3981,3981,,,,,,,,,,,,,
3982,3982,,,,,,,,,,,,,
3983,3983,,,,,,,,,,,,,
3984,3984,,,,,,,,,,,,,
3985,3985,,,,,,,,,,,,,
3986,3986,,,,,,,,,,,,,
3987,3987,,,,,,,,,,,,,
3988,3988,,,,,,,,,,,,,
3989,3989,,,,,,,,,,,,,
3990,3990,,,,,,,,,,,,,
3991,3991,,,,,,,,,,,,,
3992,3992,,,,,,,,,,,,,
3993,3993,,,,,,,,,,,,,
3994,3994,,,,,,,,,,,,,
3995,3995,,,,,,,,,,,,,
3996,3996,,,,,,,,,,,,,
3997,3997,,,,,,,,,,,,,
3998,3998,,,,,,,,,,,,,
3999,3999,,,,,,,,,,,,,
