,id,startTime,endTime,downtime,orderStart,orderEnd,stopUpdatedTime,stopUpdatedBy,categoryName,causeOne,causeTwo,causeThree,causeFour,causeFive,childDeviceName,deviceName,shiftName,shiftStartTime,shiftEndTime,deviceDataId,orderId,mainStopId,skuName,comment,reasonOne,reasonTwo,Status
0,0,,,550,12/21/2023 12:48:18,12/21/2023 13:58:59,,,Unplanned,,,,,,MiraFlex 1,MiraFlex 1,A,07:00:00,15:00:00,,325,,Material 1 (Speed 400),,,,
1,1,,,0,12/21/2023 13:59:09,12/21/2023 13:59:58,,,Unplanned,,,,,,MiraFlex 1,MiraFlex 1,A,07:00:00,15:00:00,,326,,Material 1 (Speed 400),,,,
2,2,,,300,12/21/2023 13:25:08,12/21/2023 13:54:49,,,Unplanned,,,,,,MiraFlex 1,MiraFlex 1,A,07:00:00,15:00:00,,327,,Materail 2 (Speed 350),,,,
3,3,,,0,12/21/2023 13:54:59,12/21/2023 13:55:28,,,Unplanned,,,,,,MiraFlex 1,MiraFlex 1,A,07:00:00,15:00:00,,328,,Materail 2 (Speed 350),,,,
4,4,,,1540,12/27/2023 14:00:26,12/27/2023 14:59:56,,,Unplanned,,,,,,MiraFlex 1,MiraFlex 1,A,07:00:00,15:00:00,,329,,Materail 2 (Speed 350),,,,
5,5,,,6320,12/27/2023 15:00:06,12/27/2023 18:12:22,,,Unplanned,,,,,,MiraFlex 1,MiraFlex 1,B,15:00:00,23:00:00,,330,,Materail 2 (Speed 350),,,,
6,6,,,0,12/27/2023 15:24:21,12/27/2023 15:29:50,,,Unplanned,,,,,,MiraFlex 1,MiraFlex 1,B,15:00:00,23:00:00,,331,,,,,,
7,7,,,0,12/27/2023 18:11:36,12/27/2023 18:11:46,,,Unplanned,,,,,,MiraFlex 1,MiraFlex 1,B,15:00:00,23:00:00,,332,,,,,,
8,8,,,3852,12/28/2023 15:54:40,12/28/2023 18:52:25,,,Unplanned,,,,,,MiraFlex 1,MiraFlex 1,B,15:00:00,23:00:00,,333,,Materail 2 (Speed 350),,,,
9,9,,,0,12/28/2023 18:52:35,12/28/2023 19:04:34,,,Unplanned,,,,,,MiraFlex 1,MiraFlex 1,B,15:00:00,23:00:00,,334,,Materail 2 (Speed 350),,,,
10,10,,,35,12/28/2023 19:04:45,12/28/2023 19:27:25,,,Unplanned,,,,,,MiraFlex 1,MiraFlex 1,B,15:00:00,23:00:00,,335,,Material 1 (Speed 400),,,,
11,11,,,0,12/28/2023 19:27:36,12/28/2023 20:09:15,,,Unplanned,,,,,,MiraFlex 1,MiraFlex 1,B,15:00:00,23:00:00,,336,,Material 1 (Speed 400),,,,
12,12,,,5658,12/30/2023 10:08:57,12/30/2023 14:14:11,,,Unplanned,,,,,,MiraFlex 1,MiraFlex 1,A,07:00:00,15:00:00,,337,,Materail 2 (Speed 350),,,,
13,13,,,0,12/30/2023 14:14:21,12/30/2023 14:15:40,,,Unplanned,,,,,,MiraFlex 1,MiraFlex 1,A,07:00:00,15:00:00,,338,,Materail 2 (Speed 350),,,,
14,14,,,114,12/30/2023 14:15:51,12/30/2023 14:59:59,,,Unplanned,,,,,,MiraFlex 1,MiraFlex 1,A,07:00:00,15:00:00,,339,,Materail 2 (Speed 350),,,,
15,15,,,2680,12/30/2023 15:00:09,12/30/2023 17:23:10,,,Unplanned,,,,,,MiraFlex 1,MiraFlex 1,B,15:00:00,23:00:00,,340,,Materail 2 (Speed 350),,,,
16,16,,,0,12/30/2023 17:23:21,12/30/2023 17:53:09,,,Unplanned,,,,,,MiraFlex 1,MiraFlex 1,B,15:00:00,23:00:00,,341,,Materail 2 (Speed 350),,,,
17,17,,,19294,02/01/2024 00:00:15,02/01/2024 06:59:56,,,Unplanned,,,,,,MiraFlex 1,MiraFlex 1,C,23:00:00,07:00:00,,416,,PET (400),,,,
18,18,,,17607,02/01/2024 07:00:19,02/01/2024 14:59:50,,,Unplanned,,,,,,MiraFlex 1,MiraFlex 1,A,07:00:00,15:00:00,,417,,PET (400),,,,
19,19,,,20089,02/01/2024 15:00:09,02/01/2024 22:59:43,,,Unplanned,,,,,,MiraFlex 1,MiraFlex 1,B,15:00:00,23:00:00,,418,,PET (400),,,,
20,20,,,0,02/01/2024 23:00:03,02/02/2024 06:59:59,,,Unplanned,,,,,,MiraFlex 1,MiraFlex 1,C,23:00:00,07:00:00,,419,,PET (400),,,,
21,21,,,26774,02/02/2024 07:00:18,02/02/2024 14:53:41,,,Unplanned,,,,,,MiraFlex 1,MiraFlex 1,A,07:00:00,15:00:00,,420,,PET (400),,,,
22,22,,,14138,02/02/2024 15:14:39,02/02/2024 22:59:53,,,Unplanned,,,,,,MiraFlex 1,MiraFlex 1,B,15:00:00,23:00:00,,421,,PET (400),,,,
23,23,,,25134,02/03/2024 07:00:17,02/03/2024 14:59:50,,,Unplanned,,,,,,MiraFlex 1,MiraFlex 1,A,07:00:00,15:00:00,,422,,PET (400),,,,
24,24,,,21234,02/03/2024 07:00:17,02/03/2024 14:59:50,,,Unplanned,,,,,,MiraFlex 1,MiraFlex 1,A,07:00:00,15:00:00,,423,,PET (400),,,,
25,25,,,0,02/03/2024 15:00:10,02/03/2024 22:59:54,,,Unplanned,,,,,,MiraFlex 1,MiraFlex 1,B,15:00:00,23:00:00,,424,,PET (400),,,,
26,26,,,0,02/03/2024 23:00:14,02/03/2024 23:18:30,,,Unplanned,,,,,,MiraFlex 1,MiraFlex 1,C,23:00:00,07:00:00,,425,,PET (400),,,,
27,27,,,25315,02/06/2024 07:50:26,02/06/2024 14:56:06,,,Unplanned,,,,,,MiraFlex 1,MiraFlex 1,A,07:00:00,15:00:00,,426,,PET (400),,,,
28,28,,,18251,02/06/2024 15:33:27,02/06/2024 22:59:47,,,Unplanned,,,,,,MiraFlex 1,MiraFlex 1,B,15:00:00,23:00:00,,428,,PET (400),,,,
29,29,,,9918,02/06/2024 23:00:08,02/07/2024 02:13:41,,,Unplanned,,,,,,MiraFlex 1,MiraFlex 1,C,23:00:00,07:00:00,,430,,PET (400),,,,
30,30,,,0,02/07/2024 02:13:41,02/07/2024 02:13:41,,,Unplanned,,,,,,MiraFlex 1,MiraFlex 1,C,23:00:00,07:00:00,,431,,PET (400),,,,
31,31,,,13053,02/07/2024 10:02:40,02/07/2024 14:59:47,,,Unplanned,,,,,,MiraFlex 1,MiraFlex 1,A,07:00:00,15:00:00,,432,,PET (400),,,,
32,32,,,16231,02/07/2024 15:00:13,02/07/2024 22:59:48,,,Unplanned,,,,,,MiraFlex 1,MiraFlex 1,B,15:00:00,23:00:00,,433,,PET (400),,,,
33,33,,,0,02/08/2024 07:00:14,02/08/2024 07:05:22,,,Unplanned,,,,,,MiraFlex 1,MiraFlex 1,A,07:00:00,15:00:00,,434,,PET (400),,,,
34,34,,,0,02/08/2024 07:00:14,02/08/2024 07:05:22,,,Unplanned,,,,,,MiraFlex 1,MiraFlex 1,A,07:00:00,15:00:00,,435,,PET (400),,,,
35,35,,,9641,02/12/2024 18:52:16,02/12/2024 22:59:48,,,Unplanned,,,,,,MiraFlex 1,MiraFlex 1,B,15:00:00,23:00:00,,436,,PET (400),,,,
36,36,,,15100,02/12/2024 23:00:09,02/13/2024 06:59:42,,,Unplanned,,,,,,MiraFlex 1,MiraFlex 1,C,23:00:00,07:00:00,,437,,PET (400),,,,
37,37,,,18762,02/13/2024 07:00:04,02/13/2024 14:59:57,,,Unplanned,,,,,,MiraFlex 1,MiraFlex 1,A,07:00:00,15:00:00,,438,,PET (400),,,,
38,38,,,14035,02/13/2024 15:00:18,02/13/2024 22:59:35,,,Unplanned,,,,,,MiraFlex 1,MiraFlex 1,B,15:00:00,23:00:00,,439,,PET (400),,,,
39,39,,,20157,02/13/2024 23:00:00,02/14/2024 06:59:49,,,Unplanned,,,,,,MiraFlex 1,MiraFlex 1,C,23:00:00,07:00:00,,440,,PET (400),,,,
40,40,,,9227,02/14/2024 07:00:14,02/14/2024 10:41:39,,,Unplanned,,,,,,MiraFlex 1,MiraFlex 1,A,07:00:00,15:00:00,,441,,PET (400),,,,
41,41,,,0,02/14/2024 10:42:03,02/14/2024 10:42:03,,,Unplanned,,,,,,MiraFlex 1,MiraFlex 1,A,07:00:00,15:00:00,,442,,PET (400),,,,
42,42,,,9097,02/14/2024 10:42:24,02/14/2024 14:59:58,,,Unplanned,,,,,,MiraFlex 1,MiraFlex 1,A,07:00:00,15:00:00,,443,,PET (400),,,,
43,43,,,17155,02/14/2024 15:00:19,02/14/2024 22:59:40,,,Unplanned,,,,,,MiraFlex 1,MiraFlex 1,B,15:00:00,23:00:00,,444,,PET (400),,,,
44,44,,,18889,02/14/2024 23:00:01,02/15/2024 06:59:46,,,Unplanned,,,,,,MiraFlex 1,MiraFlex 1,C,23:00:00,07:00:00,,445,,PET (400),,,,
45,45,,,20700,02/15/2024 07:00:08,02/15/2024 14:21:12,,,Unplanned,,,,,,MiraFlex 1,MiraFlex 1,A,07:00:00,15:00:00,,446,,PET (400),,,,
46,46,,,0,02/15/2024 14:59:09,02/15/2024 14:59:51,,,Unplanned,,,,,,MiraFlex 1,MiraFlex 1,A,07:00:00,15:00:00,,448,,PET (400),,,,
47,47,,,18139,02/15/2024 15:00:12,02/15/2024 22:59:53,,,Unplanned,,,,,,MiraFlex 1,MiraFlex 1,B,15:00:00,23:00:00,,449,,PET (400),,,,
48,48,,,17709,02/15/2024 23:00:13,02/16/2024 06:59:59,,,Unplanned,,,,,,MiraFlex 1,MiraFlex 1,C,23:00:00,07:00:00,,450,,PET (400),,,,
49,49,,,16643,02/16/2024 07:00:26,02/16/2024 14:59:44,,,Unplanned,,,,,,MiraFlex 1,MiraFlex 1,A,07:00:00,15:00:00,,451,,PET (400),,,,
50,50,,,21458,02/16/2024 15:00:10,02/16/2024 22:59:58,,,Unplanned,,,,,,MiraFlex 1,MiraFlex 1,B,15:00:00,23:00:00,,452,,PET (400),,,,
51,51,,,0,02/17/2024 07:00:10,02/17/2024 11:56:25,,,Unplanned,,,,,,MiraFlex 1,MiraFlex 1,A,07:00:00,15:00:00,,453,,PET (400),,,,
52,52,,,0,02/17/2024 07:00:10,02/17/2024 11:56:25,,,Unplanned,,,,,,MiraFlex 1,MiraFlex 1,A,07:00:00,15:00:00,,454,,PET (400),,,,
53,53,,,5351,02/17/2024 12:39:48,02/17/2024 14:59:59,,,Unplanned,,,,,,MiraFlex 1,MiraFlex 1,A,07:00:00,15:00:00,,455,,PET (400),,,,
54,54,,,699,02/17/2024 15:00:20,02/17/2024 16:01:04,,,Unplanned,,,,,,MiraFlex 1,MiraFlex 1,B,15:00:00,23:00:00,,456,,PET (400),,,,
55,55,,,25069,02/17/2024 16:01:29,02/17/2024 22:59:39,,,Unplanned,,,,,,MiraFlex 1,MiraFlex 1,B,15:00:00,23:00:00,,457,,PET (400),,,,
56,56,,,0,02/17/2024 23:00:00,02/18/2024 03:29:48,,,Unplanned,,,,,,MiraFlex 1,MiraFlex 1,C,23:00:00,07:00:00,,458,,PET (400),,,,
57,57,,,12407,02/19/2024 08:54:35,02/19/2024 14:59:43,,,Unplanned,,,,,,MiraFlex 1,MiraFlex 1,A,07:00:00,15:00:00,,459,,PET (400),,,,
58,58,,,8764,02/19/2024 15:00:04,02/19/2024 22:59:56,,,Unplanned,,,,,,MiraFlex 1,MiraFlex 1,B,15:00:00,23:00:00,,460,,PET (400),,,,
59,59,,,12921,02/19/2024 23:00:16,02/20/2024 06:59:40,,,Unplanned,,,,,,MiraFlex 1,MiraFlex 1,C,23:00:00,07:00:00,,461,,PET (400),,,,
60,60,,,22364,02/20/2024 07:00:00,02/20/2024 14:59:44,,,Unplanned,,,,,,MiraFlex 1,MiraFlex 1,A,07:00:00,15:00:00,,462,,PET (400),,,,
61,61,,,600,02/20/2024 15:00:04,02/20/2024 16:17:24,,,Unplanned,,,,,,MiraFlex 1,MiraFlex 1,B,15:00:00,23:00:00,,463,,PET (400),,,,
62,62,,,7501,02/20/2024 16:17:44,02/20/2024 19:30:26,,,Unplanned,,,,,,MiraFlex 1,MiraFlex 1,B,15:00:00,23:00:00,,464,,PET (400),,,,
63,63,,,40,02/20/2024 16:18:04,02/20/2024 17:24:45,,,Unplanned,,,,,,MiraFlex 1,MiraFlex 1,B,15:00:00,23:00:00,,465,,PET (400),,,,
64,64,,,3486,02/20/2024 17:27:25,02/20/2024 19:24:26,,,Unplanned,,,,,,MiraFlex 1,MiraFlex 1,B,15:00:00,23:00:00,,466,,PET (400),,,,
65,65,,,3426,02/20/2024 17:27:25,02/20/2024 19:24:26,,,Unplanned,,,,,,MiraFlex 1,MiraFlex 1,B,15:00:00,23:00:00,,467,,PET (400),,,,
66,66,,,0,02/20/2024 19:24:46,02/20/2024 19:25:06,,,Unplanned,,,,,,MiraFlex 1,MiraFlex 1,B,15:00:00,23:00:00,,468,,PET (400),,,,
67,67,,,0,02/20/2024 19:24:46,02/20/2024 19:25:06,,,Unplanned,,,,,,MiraFlex 1,MiraFlex 1,B,15:00:00,23:00:00,,469,,PET (400),,,,
68,68,,,3281,02/20/2024 19:30:46,02/20/2024 21:03:27,,,Unplanned,,,,,,MiraFlex 1,MiraFlex 1,B,15:00:00,23:00:00,,470,,PET(400),,,,
69,69,,,3301,02/20/2024 21:04:27,02/20/2024 22:59:48,,,Unplanned,,,,,,MiraFlex 1,MiraFlex 1,B,15:00:00,23:00:00,,471,,undefined,,,,
70,70,,,23623,02/21/2024 07:00:12,02/21/2024 14:59:56,,,Unplanned,,,,,,MiraFlex 1,MiraFlex 1,A,07:00:00,15:00:00,,472,,undefined,,,,
71,71,,,18202,02/21/2024 15:00:16,02/21/2024 22:59:40,,,Unplanned,,,,,,MiraFlex 1,MiraFlex 1,B,15:00:00,23:00:00,,473,,undefined,,,,
72,72,,,4361,02/21/2024 23:00:00,02/22/2024 06:29:44,,,Unplanned,,,,,,MiraFlex 1,MiraFlex 1,C,23:00:00,07:00:00,,474,,undefined,,,,
73,73,,,18202,02/21/2024 15:00:16,02/21/2024 22:59:40,,,Unplanned,,,,,,MiraFlex 1,MiraFlex 1,B,15:00:00,23:00:00,,475,,undefined,,,,
74,74,,,4221,02/22/2024 07:00:04,02/22/2024 11:30:06,,,Unplanned,,,,,,MiraFlex 1,MiraFlex 1,A,07:00:00,15:00:00,,476,,undefined,,,,
75,75,,,3400,02/22/2024 11:31:06,02/22/2024 14:59:48,,,Unplanned,,,,,,MiraFlex 1,MiraFlex 1,A,07:00:00,15:00:00,,478,,PET (400),,,,
76,76,,,3841,02/22/2024 15:00:08,02/22/2024 22:59:52,,,Unplanned,,,,,,MiraFlex 1,MiraFlex 1,B,15:00:00,23:00:00,,479,,PET (400),,,,
77,77,,,11443,02/22/2024 23:00:12,02/23/2024 05:36:15,,,Unplanned,,,,,,MiraFlex 1,MiraFlex 1,C,23:00:00,07:00:00,,480,,PET (400),,,,
78,78,,,5089,02/23/2024 07:00:04,02/23/2024 08:40:53,,,Unplanned,,,,,,MiraFlex 1,MiraFlex 1,A,07:00:00,15:00:00,,481,,PET (400),,,,
79,79,,,140,02/23/2024 08:41:13,02/23/2024 08:45:53,,,Unplanned,,,,,,MiraFlex 1,MiraFlex 1,A,07:00:00,15:00:00,,482,,PET (400),,,,
80,80,,,7881,02/23/2024 08:46:13,02/23/2024 14:59:56,,,Unplanned,,,,,,MiraFlex 1,MiraFlex 1,A,07:00:00,15:00:00,,483,,PET (400),,,,
81,81,,,60,02/23/2024 15:00:16,02/23/2024 16:36:17,,,Unplanned,,,,,,MiraFlex 1,MiraFlex 1,B,15:00:00,23:00:00,,484,,PET (400),,,,
82,82,,,9900,02/23/2024 16:36:37,02/23/2024 22:59:40,,,Unplanned,,,,,,MiraFlex 1,MiraFlex 1,B,15:00:00,23:00:00,,485,,undefined,,,,
83,83,,,0,02/23/2024 23:00:00,02/23/2024 23:11:40,,,Unplanned,,,,,,MiraFlex 1,MiraFlex 1,C,23:00:00,07:00:00,,487,,undefined,,,,
84,84,,,0,02/23/2024 23:12:00,02/23/2024 23:12:20,,,Unplanned,,,,,,MiraFlex 1,MiraFlex 1,C,23:00:00,07:00:00,,488,,PET (400),,,,
85,85,,,1440,02/24/2024 07:00:04,02/24/2024 08:23:25,,,Unplanned,,,,,,MiraFlex 1,MiraFlex 1,A,07:00:00,15:00:00,,489,,PET (400),,,,
86,86,,,12201,02/24/2024 08:23:45,02/24/2024 13:50:47,,,Unplanned,,,,,,MiraFlex 1,MiraFlex 1,A,07:00:00,15:00:00,,490,,PET (400),,,,
87,87,,,0,02/24/2024 08:28:25,02/24/2024 08:32:45,,,Unplanned,,,,,,MiraFlex 1,MiraFlex 1,A,07:00:00,15:00:00,,491,,PET (400),,,,
88,88,,,0,02/24/2024 08:33:05,02/24/2024 08:33:45,,,Unplanned,,,,,,MiraFlex 1,MiraFlex 1,A,07:00:00,15:00:00,,492,,PET (400),,,,
89,89,,,6240,02/24/2024 08:36:25,02/24/2024 11:54:26,,,Unplanned,,,,,,MiraFlex 1,MiraFlex 1,A,07:00:00,15:00:00,,493,,PET (400),,,,
90,90,,,4546,02/24/2024 11:55:06,02/24/2024 13:50:27,,,Unplanned,,,,,,MiraFlex 1,MiraFlex 1,A,07:00:00,15:00:00,,494,,PET (400),,,,
91,91,,,4406,02/24/2024 11:55:06,02/24/2024 13:50:27,,,Unplanned,,,,,,MiraFlex 1,MiraFlex 1,A,07:00:00,15:00:00,,495,,PET (400),,,,
92,92,,,3581,02/24/2024 13:51:07,02/24/2024 14:59:48,,,Unplanned,,,,,,MiraFlex 1,MiraFlex 1,A,07:00:00,15:00:00,,496,,PET (400),,,,
93,93,,,3581,02/24/2024 13:51:07,02/24/2024 14:59:48,,,Unplanned,,,,,,MiraFlex 1,MiraFlex 1,A,07:00:00,15:00:00,,497,,PET (400),,,,
94,94,,,2566,02/24/2024 15:00:08,02/24/2024 16:16:29,,,Unplanned,,,,,,MiraFlex 1,MiraFlex 1,B,15:00:00,23:00:00,,498,,PET (400),,,,
95,95,,,0,02/24/2024 16:16:49,02/24/2024 16:17:09,,,Unplanned,,,,,,MiraFlex 1,MiraFlex 1,B,15:00:00,23:00:00,,499,,PET (400),,,,
96,96,,,380,02/24/2024 16:17:29,02/24/2024 16:55:49,,,Unplanned,,,,,,MiraFlex 1,MiraFlex 1,B,15:00:00,23:00:00,,500,,undefined,,,,
97,97,,,9562,02/24/2024 16:56:09,02/24/2024 20:52:51,,,Unplanned,,,,,,MiraFlex 1,MiraFlex 1,B,15:00:00,23:00:00,,501,,undefined,,,,
98,98,,,4659,02/24/2024 20:53:11,02/24/2024 22:59:52,,,Unplanned,,,,,,MiraFlex 1,MiraFlex 1,B,15:00:00,23:00:00,,502,,undefined,,,,
99,99,,,400,02/24/2024 23:00:12,02/24/2024 23:08:52,,,Unplanned,,,,,,MiraFlex 1,MiraFlex 1,C,23:00:00,07:00:00,,503,,undefined,,,,
100,100,,,10780,02/25/2024 07:00:16,02/25/2024 14:59:40,,,Unplanned,,,,,,MiraFlex 1,MiraFlex 1,A,07:00:00,15:00:00,,504,,undefined,,,,
101,101,,,6166,02/25/2024 15:00:00,02/25/2024 20:46:43,,,Unplanned,,,,,,MiraFlex 1,MiraFlex 1,B,15:00:00,23:00:00,,505,,undefined,,,,
102,102,,,5486,02/25/2024 15:00:00,02/25/2024 20:46:43,,,Unplanned,,,,,,MiraFlex 1,MiraFlex 1,B,15:00:00,23:00:00,,506,,undefined,,,,
103,103,,,240,02/27/2024 14:55:04,02/27/2024 14:59:44,,,Unplanned,,,,,,MiraFlex 1,MiraFlex 1,A,07:00:00,15:00:00,,507,,PET (400),,,,
104,104,,,15445,02/27/2024 15:00:04,02/27/2024 22:59:48,,,Unplanned,,,,,,MiraFlex 1,MiraFlex 1,B,15:00:00,23:00:00,,508,,PET (400),,,,
105,105,,,16823,02/28/2024 07:00:12,02/28/2024 14:59:56,,,Unplanned,,,,,,MiraFlex 1,MiraFlex 1,A,07:00:00,15:00:00,,509,,PET (400),,,,
106,106,,,15982,02/28/2024 15:00:16,02/28/2024 22:15:00,,,Unplanned,,,,,,MiraFlex 1,MiraFlex 1,B,15:00:00,23:00:00,,510,,PET (400),,,,
107,107,,,400,02/29/2024 11:45:47,02/29/2024 12:15:47,,,Unplanned,,,,,,MiraFlex 1,MiraFlex 1,A,07:00:00,15:00:00,,511,,LDPE (400),,,,
108,108,,,7221,02/29/2024 12:18:47,02/29/2024 14:59:29,,,Unplanned,,,,,,MiraFlex 1,MiraFlex 1,A,07:00:00,15:00:00,,512,,LDPE (400),,,,
109,109,,,14964,02/29/2024 15:00:09,02/29/2024 22:59:53,,,Unplanned,,,,,,MiraFlex 1,MiraFlex 1,B,15:00:00,23:00:00,,513,,LDPE (400),,,,
110,110,,,8140,03/01/2024 17:57:42,03/01/2024 22:59:45,,,Unplanned,,,,,,MiraFlex 1,MiraFlex 1,B,15:00:00,23:00:00,,514,,PET (400),,,,
111,111,,,2920,03/01/2024 23:00:05,03/01/2024 23:59:45,,,Unplanned,,,,,,MiraFlex 1,MiraFlex 1,C,23:00:00,07:00:00,,515,,PET (400),,,,
112,112,,,14461,03/02/2024 00:00:05,03/02/2024 06:59:49,,,Unplanned,,,,,,MiraFlex 1,MiraFlex 1,C,23:00:00,07:00:00,,516,,PET (400),,,,
113,113,,,9960,03/02/2024 07:00:09,03/02/2024 14:59:53,,,Unplanned,,,,,,MiraFlex 1,MiraFlex 1,A,07:00:00,15:00:00,,517,,PET (400),,,,
114,114,,,140,03/02/2024 15:00:13,03/02/2024 15:06:53,,,Unplanned,,,,,,MiraFlex 1,MiraFlex 1,B,15:00:00,23:00:00,,518,,PET (400),,,,
115,115,,,80,03/02/2024 15:07:13,03/02/2024 15:08:53,,,Unplanned,,,,,,MiraFlex 1,MiraFlex 1,B,15:00:00,23:00:00,,519,,PET (400),,,,
116,116,,,24843,03/02/2024 15:09:13,03/02/2024 22:59:57,,,Unplanned,,,,,,MiraFlex 1,MiraFlex 1,B,15:00:00,23:00:00,,520,,PET (400),,,,
117,117,,,3200,03/02/2024 23:00:17,03/02/2024 23:59:57,,,Unplanned,,,,,,MiraFlex 1,MiraFlex 1,C,23:00:00,07:00:00,,521,,PET (400),,,,
118,118,,,17243,03/03/2024 00:00:17,03/03/2024 06:18:20,,,Unplanned,,,,,,MiraFlex 1,MiraFlex 1,C,23:00:00,07:00:00,,522,,PET (400),,,,
119,119,,,13002,03/08/2024 10:19:27,03/08/2024 14:59:49,,,Unplanned,,,,,,MiraFlex 1,MiraFlex 1,A,07:00:00,15:00:00,,523,,PET (400),,,,
120,120,,,13124,03/08/2024 15:00:09,03/08/2024 21:54:33,,,Unplanned,,,,,,MiraFlex 1,MiraFlex 1,B,15:00:00,23:00:00,,524,,PET (400),,,,
121,121,,,0,03/08/2024 21:54:53,03/08/2024 21:54:53,,,Unplanned,,,,,,MiraFlex 1,MiraFlex 1,B,15:00:00,23:00:00,,525,,PET (400),,,,
122,122,,,2720,03/08/2024 21:55:13,03/08/2024 22:59:53,,,Unplanned,,,,,,MiraFlex 1,MiraFlex 1,B,15:00:00,23:00:00,,526,,PET (400),,,,
123,123,,,1901,03/08/2024 23:00:13,03/08/2024 23:59:54,,,Unplanned,,,,,,MiraFlex 1,MiraFlex 1,C,23:00:00,07:00:00,,527,,PET (400),,,,
124,124,,,2981,03/09/2024 00:00:14,03/09/2024 01:48:35,,,Unplanned,,,,,,MiraFlex 1,MiraFlex 1,C,23:00:00,07:00:00,,528,,PET (400),,,,
125,125,,,0,03/09/2024 01:48:55,03/09/2024 01:49:15,,,Unplanned,,,,,,MiraFlex 1,MiraFlex 1,C,23:00:00,07:00:00,,529,,PET (400),,,,
126,126,,,75311,03/09/2024 01:50:15,03/09/2024 23:59:46,,,Unplanned,,,,,,MiraFlex 1,MiraFlex 1,C,23:00:00,07:00:00,,530,,undefined,,,,
127,127,,,5881,03/09/2024 12:07:20,03/09/2024 14:59:41,,,Unplanned,,,,,,MiraFlex 1,MiraFlex 1,A,07:00:00,15:00:00,,531,,undefined,,,,
128,128,,,16181,03/09/2024 15:00:01,03/09/2024 22:59:45,,,Unplanned,,,,,,MiraFlex 1,MiraFlex 1,B,15:00:00,23:00:00,,532,,undefined,,,,
129,129,,,70811,03/10/2024 00:00:06,03/10/2024 23:59:58,,,Unplanned,,,,,,MiraFlex 1,MiraFlex 1,C,23:00:00,07:00:00,,533,,undefined,,,,
130,130,,,18482,03/10/2024 07:00:09,03/10/2024 14:59:53,,,Unplanned,,,,,,MiraFlex 1,MiraFlex 1,A,07:00:00,15:00:00,,534,,undefined,,,,
131,131,,,21004,03/10/2024 15:00:13,03/10/2024 22:59:57,,,Unplanned,,,,,,MiraFlex 1,MiraFlex 1,B,15:00:00,23:00:00,,535,,undefined,,,,
132,132,,,10362,03/11/2024 00:00:18,03/11/2024 06:59:41,,,Unplanned,,,,,,MiraFlex 1,MiraFlex 1,C,23:00:00,07:00:00,,536,,undefined,,,,
133,133,,,21525,03/11/2024 07:00:01,03/11/2024 14:59:46,,,Unplanned,,,,,,MiraFlex 1,MiraFlex 1,A,07:00:00,15:00:00,,537,,undefined,,,,
134,134,,,1780,03/11/2024 15:00:06,03/11/2024 15:31:46,,,Unplanned,,,,,,MiraFlex 1,MiraFlex 1,B,15:00:00,23:00:00,,538,,undefined,,,,
135,135,,,100,03/11/2024 15:32:06,03/11/2024 15:34:06,,,Unplanned,,,,,,MiraFlex 1,MiraFlex 1,B,15:00:00,23:00:00,,539,,PET (400),,,,
136,136,,,19284,03/11/2024 15:34:26,03/11/2024 22:59:50,,,Unplanned,,,,,,MiraFlex 1,MiraFlex 1,B,15:00:00,23:00:00,,540,,PET (400),,,,
137,137,03/11/2024 23:53:10,03/11/2024 23:52:30,3220,03/11/2024 23:00:10,03/11/2024 23:59:50,,,Unplanned,,,,,,MiraFlex 1,MiraFlex 1,C,23:00:00,07:00:00,,541,,PET (400),,,,
138,138,03/12/2024 23:02:42,03/12/2024 23:28:02,17003,03/12/2024 00:00:10,03/12/2024 23:59:42,,,Unplanned,,,,,,MiraFlex 1,MiraFlex 1,C,23:00:00,07:00:00,,542,,PET (400),,,,
139,139,03/12/2024 14:25:17,03/12/2024 14:11:17,16062,03/12/2024 07:00:14,03/12/2024 14:59:58,,,Unplanned,,,,,,MiraFlex 1,MiraFlex 1,A,07:00:00,15:00:00,,543,,PET (400),,,,
140,140,03/12/2024 22:47:42,03/12/2024 22:51:42,15584,03/12/2024 15:00:18,03/12/2024 22:59:42,,,Unplanned,,,,,,MiraFlex 1,MiraFlex 1,B,15:00:00,23:00:00,,544,,PET (400),,,,
141,141,03/13/2024 23:43:34,03/13/2024 23:46:34,15522,03/13/2024 00:00:02,03/13/2024 23:59:54,,,Unplanned,,,,,,MiraFlex 1,MiraFlex 1,C,23:00:00,07:00:00,,545,,PET (400),,,,
142,142,03/13/2024 14:42:50,03/13/2024 14:48:10,15762,03/13/2024 07:00:06,03/13/2024 14:59:50,,,Unplanned,,,,,,MiraFlex 1,MiraFlex 1,A,07:00:00,15:00:00,,546,,PET (400),,,,
143,143,03/13/2024 21:39:53,03/13/2024 22:01:33,16781,03/13/2024 15:00:10,03/13/2024 22:59:54,,,Unplanned,,,,,,MiraFlex 1,MiraFlex 1,B,15:00:00,23:00:00,,547,,PET (400),,,,
144,144,03/14/2024 23:53:06,03/14/2024 23:36:06,71169,03/14/2024 00:00:14,03/14/2024 23:59:46,,,Unplanned,,,,,,MiraFlex 1,MiraFlex 1,C,23:00:00,07:00:00,,548,,PET (400),,,,
145,145,03/14/2024 14:58:42,03/14/2024 14:57:02,8082,03/14/2024 07:00:18,03/14/2024 14:59:42,,,Unplanned,,,,,,MiraFlex 1,MiraFlex 1,A,07:00:00,15:00:00,,549,,PET (400),,,,
146,146,03/14/2024 22:28:26,03/14/2024 22:43:26,18323,03/14/2024 15:00:02,03/14/2024 22:59:46,,,Unplanned,,,,,,MiraFlex 1,MiraFlex 1,B,15:00:00,23:00:00,,550,,PET (400),,,,
147,147,03/15/2024 23:55:39,03/15/2024 23:22:58,73711,03/15/2024 00:00:06,03/15/2024 23:59:59,,,Unplanned,,,,,,MiraFlex 1,MiraFlex 1,C,23:00:00,07:00:00,,551,,PET (400),,,,
148,148,03/15/2024 14:48:54,03/15/2024 14:33:34,22183,03/15/2024 07:00:10,03/15/2024 14:59:54,,,Unplanned,,,,,,MiraFlex 1,MiraFlex 1,A,07:00:00,15:00:00,,552,,PET (400),,,,
149,149,03/15/2024 22:41:58,03/15/2024 22:44:58,16023,03/15/2024 15:00:14,03/15/2024 22:59:58,,,Unplanned,,,,,,MiraFlex 1,MiraFlex 1,B,15:00:00,23:00:00,,553,,PET (400),,,,
150,150,03/16/2024 06:40:42,03/16/2024 06:45:42,15023,03/16/2024 00:00:19,03/16/2024 06:59:42,,,Unplanned,,,,,,MiraFlex 1,MiraFlex 1,C,23:00:00,07:00:00,,554,,PET (400),,,,
151,151,03/16/2024 10:41:04,03/16/2024 10:44:44,400,03/16/2024 07:00:02,03/16/2024 10:48:04,,,Unplanned,,,,,,MiraFlex 1,MiraFlex 1,A,07:00:00,15:00:00,,555,,PET (400),,,,
152,152,03/16/2024 14:58:26,03/16/2024 14:41:26,3841,03/16/2024 10:48:24,03/16/2024 14:59:46,,,Unplanned,,,,,,MiraFlex 1,MiraFlex 1,A,07:00:00,15:00:00,,556,,LDPE (400),,,,
153,153,03/16/2024 21:18:09,03/16/2024 21:18:49,8321,03/16/2024 15:00:06,03/16/2024 22:59:50,,,Unplanned,,,,,,MiraFlex 1,MiraFlex 1,B,15:00:00,23:00:00,,557,,LDPE (400),,,,
154,154,03/16/2024 23:03:50,,3341,03/16/2024 23:00:10,03/16/2024 23:59:51,,,Unplanned,,,,,,MiraFlex 1,MiraFlex 1,C,23:00:00,07:00:00,,558,,LDPE (400),,,,
155,155,03/17/2024 23:35:23,03/17/2024 23:20:03,78371,03/17/2024 00:00:11,03/17/2024 23:59:43,,,Unplanned,,,,,,MiraFlex 1,MiraFlex 1,C,23:00:00,07:00:00,,559,,LDPE (400),,,,
156,156,03/17/2024 14:51:18,03/17/2024 14:59:38,10860,03/17/2024 07:00:14,03/17/2024 14:59:58,,,Unplanned,,,,,,MiraFlex 1,MiraFlex 1,A,07:00:00,15:00:00,,560,,LDPE (400),,,,
157,157,03/17/2024 22:51:22,03/17/2024 22:51:42,24503,03/17/2024 15:00:18,03/17/2024 22:59:42,,,Unplanned,,,,,,MiraFlex 1,MiraFlex 1,B,15:00:00,23:00:00,,561,,LDPE (400),,,,
158,158,03/18/2024 06:23:46,03/18/2024 05:52:26,17863,03/18/2024 00:00:03,03/18/2024 06:59:46,,,Unplanned,,,,,,MiraFlex 1,MiraFlex 1,C,23:00:00,07:00:00,,562,,LDPE (400),,,,
159,159,03/18/2024 10:13:48,03/18/2024 09:25:08,9042,03/18/2024 07:00:06,03/18/2024 11:20:49,,,Unplanned,,,,,,MiraFlex 1,MiraFlex 1,A,07:00:00,15:00:00,,563,,LDPE (400),,,,
160,160,03/18/2024 14:49:10,03/18/2024 14:48:50,12141,03/18/2024 11:25:29,03/18/2024 14:59:50,,,Unplanned,,,,,,MiraFlex 1,MiraFlex 1,A,07:00:00,15:00:00,,565,,PET (400),,,,
161,161,03/18/2024 22:34:54,03/18/2024 22:35:34,17764,03/18/2024 15:00:10,03/18/2024 22:59:54,,,Unplanned,,,,,,MiraFlex 1,MiraFlex 1,B,15:00:00,23:00:00,,566,,PET (400),,,,
162,162,,,0,03/18/2024 23:00:14,03/18/2024 23:59:55,,,Unplanned,,,,,,MiraFlex 1,MiraFlex 1,C,23:00:00,07:00:00,,567,,PET (400),,,,
163,163,03/19/2024 06:28:58,03/19/2024 06:30:58,10101,03/19/2024 00:00:15,03/19/2024 06:59:59,,,Unplanned,,,,,,MiraFlex 1,MiraFlex 1,C,23:00:00,07:00:00,,568,,PET (400),,,,
164,164,03/19/2024 10:25:20,03/19/2024 11:23:01,8742,03/19/2024 07:00:19,03/19/2024 11:51:41,,,Unplanned,,,,,,MiraFlex 1,MiraFlex 1,A,07:00:00,15:00:00,,569,,PET (400),,,,
165,165,,,0,03/19/2024 11:52:01,03/19/2024 11:54:01,,,Unplanned,,,,,,MiraFlex 1,MiraFlex 1,A,07:00:00,15:00:00,,570,,PET (400),,,,
166,166,03/19/2024 14:28:42,03/19/2024 14:26:42,5381,03/19/2024 11:54:21,03/19/2024 14:59:43,,,Unplanned,,,,,,MiraFlex 1,MiraFlex 1,A,07:00:00,15:00:00,,571,,LDPE (400),,,,
167,167,03/19/2024 22:44:47,03/19/2024 22:27:46,17721,03/19/2024 15:00:03,03/19/2024 22:59:47,,,Unplanned,,,,,,MiraFlex 1,MiraFlex 1,B,15:00:00,23:00:00,,572,,LDPE (400),,,,
168,168,03/19/2024 23:31:07,03/19/2024 23:10:47,2080,03/19/2024 23:00:07,03/19/2024 23:59:47,,,Unplanned,,,,,,MiraFlex 1,MiraFlex 1,C,23:00:00,07:00:00,,573,,LDPE (400),,,,
169,169,03/20/2024 22:40:39,03/20/2024 23:24:19,73150,03/20/2024 00:00:07,03/20/2024 23:59:59,,,Unplanned,,,,,,MiraFlex 1,MiraFlex 1,C,23:00:00,07:00:00,,574,,LDPE (400),,,,
170,170,03/20/2024 14:08:14,03/20/2024 14:01:34,22444,03/20/2024 07:00:11,03/20/2024 14:59:55,,,Unplanned,,,,,,MiraFlex 1,MiraFlex 1,A,07:00:00,15:00:00,,575,,LDPE (400),,,,
171,171,03/20/2024 22:40:39,03/20/2024 21:48:38,16401,03/20/2024 15:00:15,03/20/2024 22:59:59,,,Unplanned,,,,,,MiraFlex 1,MiraFlex 1,B,15:00:00,23:00:00,,576,,LDPE (400),,,,
172,172,03/21/2024 00:11:39,,24464,03/21/2024 00:00:19,03/21/2024 06:59:43,,,Unplanned,,,,,,MiraFlex 1,MiraFlex 1,C,23:00:00,07:00:00,,577,,LDPE (400),,,,
173,173,03/21/2024 14:34:47,03/21/2024 13:34:06,24283,03/21/2024 07:00:03,03/21/2024 14:59:47,,,Unplanned,,,,,,MiraFlex 1,MiraFlex 1,A,07:00:00,15:00:00,,578,,LDPE (400),,,,
174,174,03/21/2024 15:00:07,,26464,03/21/2024 15:00:07,03/21/2024 22:21:31,,,Unplanned,,,,,,MiraFlex 1,MiraFlex 1,B,15:00:00,23:00:00,,579,,LDPE (400),,,,
175,175,03/25/2024 22:55:56,03/25/2024 22:37:16,10261,03/25/2024 18:28:54,03/25/2024 22:59:56,,,Unplanned,,,,,,MiraFlex 1,MiraFlex 1,B,15:00:00,23:00:00,,580,,LDPE (400),,,,
176,176,03/25/2024 23:36:16,03/25/2024 23:58:16,2300,03/25/2024 23:00:16,03/25/2024 23:59:56,,,Unplanned,,,,,,MiraFlex 1,MiraFlex 1,C,23:00:00,07:00:00,,581,,LDPE (400),,,,
177,177,03/26/2024 23:48:08,03/26/2024 23:59:29,77231,03/26/2024 00:00:16,03/26/2024 23:59:49,,,Unplanned,,,,,,MiraFlex 1,MiraFlex 1,C,23:00:00,07:00:00,,582,,LDPE (400),,,,
178,178,03/26/2024 14:13:24,03/26/2024 14:30:44,20282,03/26/2024 07:00:00,03/26/2024 14:59:44,,,Unplanned,,,,,,MiraFlex 1,MiraFlex 1,A,07:00:00,15:00:00,,583,,LDPE (400),,,,
179,179,03/26/2024 21:38:07,03/26/2024 21:37:27,18923,03/26/2024 15:00:04,03/26/2024 22:59:48,,,Unplanned,,,,,,MiraFlex 1,MiraFlex 1,B,15:00:00,23:00:00,,584,,LDPE (400),,,,
180,180,03/27/2024 23:43:41,03/27/2024 23:51:01,73290,03/27/2024 00:00:09,03/27/2024 23:59:41,,,Unplanned,,,,,,MiraFlex 1,MiraFlex 1,C,23:00:00,07:00:00,,585,,LDPE (400),,,,
181,181,03/27/2024 14:52:16,03/27/2024 14:20:16,18442,03/27/2024 07:00:12,03/27/2024 14:59:56,,,Unplanned,,,,,,MiraFlex 1,MiraFlex 1,A,07:00:00,15:00:00,,586,,LDPE (400),,,,
182,182,03/27/2024 22:52:40,03/27/2024 22:05:40,12160,03/27/2024 15:00:16,03/27/2024 22:59:40,,,Unplanned,,,,,,MiraFlex 1,MiraFlex 1,B,15:00:00,23:00:00,,587,,LDPE (400),,,,
183,183,03/28/2024 23:28:53,03/28/2024 22:38:52,68528,03/28/2024 00:00:01,03/28/2024 23:59:53,,,Unplanned,,,,,,MiraFlex 1,MiraFlex 1,C,23:00:00,07:00:00,,588,,LDPE (400),,,,
184,184,03/28/2024 13:14:27,03/28/2024 13:05:07,23804,03/28/2024 07:00:04,03/28/2024 14:59:48,,,Unplanned,,,,,,MiraFlex 1,MiraFlex 1,A,07:00:00,15:00:00,,589,,LDPE (400),,,,
185,185,03/28/2024 22:00:32,03/28/2024 22:38:52,14743,03/28/2024 15:00:08,03/28/2024 22:59:52,,,Unplanned,,,,,,MiraFlex 1,MiraFlex 1,B,15:00:00,23:00:00,,590,,LDPE (400),,,,
186,186,03/29/2024 23:17:45,03/29/2024 23:24:25,72331,03/29/2024 00:00:13,03/29/2024 23:59:45,,,Unplanned,,,,,,MiraFlex 1,MiraFlex 1,C,23:00:00,07:00:00,,591,,LDPE (400),,,,
187,187,03/29/2024 14:43:20,03/29/2024 14:45:40,20383,03/29/2024 07:00:16,03/29/2024 14:59:21,,,Unplanned,,,,,,MiraFlex 1,MiraFlex 1,A,07:00:00,15:00:00,,592,,LDPE (400),,,,
188,188,03/29/2024 22:22:24,03/29/2024 22:53:05,10002,03/29/2024 15:00:21,03/29/2024 22:59:25,,,Unplanned,,,,,,MiraFlex 1,MiraFlex 1,B,15:00:00,23:00:00,,593,,LDPE (400),,,,
189,189,03/30/2024 23:51:37,03/30/2024 23:29:37,12722,03/30/2024 00:00:05,03/30/2024 23:59:57,,,Unplanned,,,,,,MiraFlex 1,MiraFlex 1,C,23:00:00,07:00:00,,594,,LDPE (400),,,,
190,190,03/30/2024 14:43:13,03/30/2024 14:45:33,15441,03/30/2024 07:00:09,03/30/2024 14:59:53,,,Unplanned,,,,,,MiraFlex 1,MiraFlex 1,A,07:00:00,15:00:00,,595,,LDPE (400),,,,
191,191,03/30/2024 22:52:17,03/30/2024 22:17:16,15582,03/30/2024 15:00:13,03/30/2024 22:59:57,,,Unplanned,,,,,,MiraFlex 1,MiraFlex 1,B,15:00:00,23:00:00,,596,,LDPE (400),,,,
192,192,03/31/2024 23:44:29,03/31/2024 23:51:09,71230,03/31/2024 00:00:17,03/31/2024 23:59:49,,,Unplanned,,,,,,MiraFlex 1,MiraFlex 1,C,23:00:00,07:00:00,,597,,LDPE (400),,,,
193,193,03/31/2024 14:12:04,03/31/2024 14:15:04,24823,03/31/2024 07:00:01,03/31/2024 14:59:45,,,Unplanned,,,,,,MiraFlex 1,MiraFlex 1,A,07:00:00,15:00:00,,598,,LDPE (400),,,,
194,194,03/31/2024 22:49:49,03/31/2024 22:38:09,18923,03/31/2024 15:00:05,03/31/2024 22:59:49,,,Unplanned,,,,,,MiraFlex 1,MiraFlex 1,B,15:00:00,23:00:00,,599,,LDPE (400),,,,
195,195,04/01/2024 23:42:21,04/01/2024 23:37:21,72589,04/01/2024 00:00:09,04/01/2024 23:59:42,,,Unplanned,,,,,,MiraFlex 1,MiraFlex 1,C,23:00:00,07:00:00,,600,,LDPE (400),,,,
196,196,04/01/2024 14:56:37,04/01/2024 14:58:57,11101,04/01/2024 07:00:13,04/01/2024 14:59:57,,,Unplanned,,,,,,MiraFlex 1,MiraFlex 1,A,07:00:00,15:00:00,,601,,LDPE (400),,,,
197,197,04/01/2024 22:43:41,04/01/2024 22:21:21,10402,04/01/2024 15:00:17,04/01/2024 22:59:41,,,Unplanned,,,,,,MiraFlex 1,MiraFlex 1,B,15:00:00,23:00:00,,602,,LDPE (400),,,,
198,198,04/02/2024 23:36:54,04/02/2024 23:41:34,72328,04/02/2024 00:00:02,04/02/2024 23:59:54,,,Unplanned,,,,,,MiraFlex 1,MiraFlex 1,C,23:00:00,07:00:00,,603,,LDPE (400),,,,
199,199,04/02/2024 14:41:29,04/02/2024 14:52:29,8561,04/02/2024 07:00:05,04/02/2024 14:59:49,,,Unplanned,,,,,,MiraFlex 1,MiraFlex 1,A,07:00:00,15:00:00,,604,,LDPE (400),,,,
200,200,04/02/2024 22:58:53,04/02/2024 22:46:53,16182,04/02/2024 15:00:09,04/02/2024 22:59:53,,,Unplanned,,,,,,MiraFlex 1,MiraFlex 1,B,15:00:00,23:00:00,,605,,LDPE (400),,,,
201,201,04/04/2024 00:34:46,04/03/2024 22:52:45,34025,04/03/2024 00:00:14,04/04/2024 06:59:49,,,Unplanned,,,,,,MiraFlex 1,MiraFlex 1,C,23:00:00,07:00:00,,606,,LDPE (400),,,,
202,202,04/03/2024 14:27:41,04/03/2024 14:16:41,22803,04/03/2024 07:00:17,04/03/2024 14:59:41,,,Unplanned,,,,,,MiraFlex 1,MiraFlex 1,A,07:00:00,15:00:00,,607,,LDPE (400),,,,
203,203,04/03/2024 22:49:25,04/03/2024 22:52:45,12462,04/03/2024 15:00:01,04/03/2024 22:59:45,,,Unplanned,,,,,,MiraFlex 1,MiraFlex 1,B,15:00:00,23:00:00,,608,,LDPE (400),,,,
204,204,04/04/2024 07:00:09,,28764,04/04/2024 07:00:09,04/04/2024 14:59:53,,,Unplanned,,,,,,MiraFlex 1,MiraFlex 1,A,07:00:00,15:00:00,,609,,LDPE (400),,,,
205,205,04/04/2024 15:00:13,,28765,04/04/2024 15:00:13,04/04/2024 22:59:58,,,Unplanned,,,,,,MiraFlex 1,MiraFlex 1,B,15:00:00,23:00:00,,610,,LDPE (400),,,,
206,206,04/04/2024 23:00:18,,28744,04/04/2024 23:00:18,04/05/2024 06:59:42,,,Unplanned,,,,,,MiraFlex 1,MiraFlex 1,C,23:00:00,07:00:00,,611,,LDPE (400),,,,
207,207,04/05/2024 14:53:46,04/05/2024 14:44:25,26323,04/05/2024 07:00:02,04/05/2024 14:59:46,,,Unplanned,,,,,,MiraFlex 1,MiraFlex 1,A,07:00:00,15:00:00,,612,,LDPE (400),,,,
208,208,04/05/2024 22:58:50,04/05/2024 22:44:10,14343,04/05/2024 15:00:06,04/05/2024 22:59:30,,,Unplanned,,,,,,MiraFlex 1,MiraFlex 1,B,15:00:00,23:00:00,,613,,LDPE (400),,,,
209,209,04/06/2024 06:45:14,04/06/2024 06:52:54,15562,04/05/2024 23:00:10,04/06/2024 06:59:54,,,Unplanned,,,,,,MiraFlex 1,MiraFlex 1,C,23:00:00,07:00:00,,614,,LDPE (400),,,,
210,210,04/06/2024 14:50:58,04/06/2024 14:50:18,16983,04/06/2024 07:00:14,04/06/2024 14:59:58,,,Unplanned,,,,,,MiraFlex 1,MiraFlex 1,A,07:00:00,15:00:00,,615,,LDPE (400),,,,
211,211,04/06/2024 22:48:42,04/06/2024 22:53:22,18661,04/06/2024 15:00:18,04/06/2024 22:59:42,,,Unplanned,,,,,,MiraFlex 1,MiraFlex 1,B,15:00:00,23:00:00,,616,,LDPE (400),,,,
212,212,04/07/2024 06:29:46,04/07/2024 06:17:26,13322,04/06/2024 23:00:02,04/07/2024 06:59:46,,,Unplanned,,,,,,MiraFlex 1,MiraFlex 1,C,23:00:00,07:00:00,,617,,LDPE (400),,,,
213,213,04/07/2024 07:00:06,,2600,04/07/2024 07:00:06,04/07/2024 07:43:46,,,Unplanned,,,,,,MiraFlex 1,MiraFlex 1,A,07:00:00,15:00:00,,618,,LDPE (400),,,,
214,214,04/08/2024 14:38:19,04/08/2024 14:45:19,15102,04/08/2024 07:33:35,04/08/2024 14:59:59,,,Unplanned,,,,,,MiraFlex 1,MiraFlex 1,A,07:00:00,15:00:00,,619,,LDPE (400),,,,
215,215,04/08/2024 22:42:43,04/08/2024 22:13:23,12521,04/08/2024 15:00:19,04/08/2024 22:59:43,,,Unplanned,,,,,,MiraFlex 1,MiraFlex 1,B,15:00:00,23:00:00,,620,,LDPE (400),,,,
216,216,04/09/2024 06:12:47,04/09/2024 06:06:07,13743,04/08/2024 23:00:03,04/09/2024 06:59:47,,,Unplanned,,,,,,MiraFlex 1,MiraFlex 1,C,23:00:00,07:00:00,,621,,LDPE (400),,,,
217,217,04/09/2024 12:06:10,04/09/2024 11:48:29,21022,04/09/2024 07:00:07,04/09/2024 14:46:31,,,Unplanned,,,,,,MiraFlex 1,MiraFlex 1,A,07:00:00,15:00:00,,622,,LDPE (400),,,,
218,218,,,,,,,,Unplanned,,,,,,MiraFlex 1,MiraFlex 1,,,,,,,,,,,
219,219,,,,,,,,Unplanned,,,,,,MiraFlex 1,MiraFlex 1,,,,,,,,,,,
220,220,,,,,,,,Unplanned,,,,,,MiraFlex 1,MiraFlex 1,,,,,,,,,,,
221,221,,,,,,,,Unplanned,,,,,,MiraFlex 1,MiraFlex 1,,,,,,,,,,,
222,222,,,,,,,,Unplanned,,,,,,MiraFlex 1,MiraFlex 1,,,,,,,,,,,
223,223,,,,,,,,Unplanned,,,,,,MiraFlex 1,MiraFlex 1,,,,,,,,,,,
224,224,,,,,,,,Unplanned,,,,,,MiraFlex 1,MiraFlex 1,,,,,,,,,,,
225,225,,,,,,,,Unplanned,,,,,,MiraFlex 1,MiraFlex 1,,,,,,,,,,,
226,226,,,,,,,,Unplanned,,,,,,MiraFlex 1,MiraFlex 1,,,,,,,,,,,
227,227,,,,,,,,Unplanned,,,,,,MiraFlex 1,MiraFlex 1,,,,,,,,,,,
228,228,,,,,,,,Unplanned,,,,,,MiraFlex 1,MiraFlex 1,,,,,,,,,,,
229,229,,,,,,,,Unplanned,,,,,,MiraFlex 1,MiraFlex 1,,,,,,,,,,,
230,230,,,,,,,,Unplanned,,,,,,MiraFlex 1,MiraFlex 1,,,,,,,,,,,
231,231,,,,,,,,Unplanned,,,,,,MiraFlex 1,MiraFlex 1,,,,,,,,,,,
232,232,,,,,,,,Unplanned,,,,,,MiraFlex 1,MiraFlex 1,,,,,,,,,,,
233,233,,,,,,,,Unplanned,,,,,,MiraFlex 1,MiraFlex 1,,,,,,,,,,,
234,234,,,,,,,,Unplanned,,,,,,MiraFlex 1,MiraFlex 1,,,,,,,,,,,
235,235,,,,,,,,Unplanned,,,,,,MiraFlex 1,MiraFlex 1,,,,,,,,,,,
236,236,,,,,,,,Unplanned,,,,,,MiraFlex 1,MiraFlex 1,,,,,,,,,,,
237,237,,,,,,,,Unplanned,,,,,,MiraFlex 1,MiraFlex 1,,,,,,,,,,,
238,238,,,,,,,,Unplanned,,,,,,MiraFlex 1,MiraFlex 1,,,,,,,,,,,
239,239,,,,,,,,Unplanned,,,,,,MiraFlex 1,MiraFlex 1,,,,,,,,,,,
240,240,,,,,,,,Unplanned,,,,,,MiraFlex 1,MiraFlex 1,,,,,,,,,,,
241,241,,,,,,,,Unplanned,,,,,,MiraFlex 1,MiraFlex 1,,,,,,,,,,,
242,242,,,,,,,,Unplanned,,,,,,MiraFlex 1,MiraFlex 1,,,,,,,,,,,
243,243,,,,,,,,Unplanned,,,,,,MiraFlex 1,MiraFlex 1,,,,,,,,,,,
244,244,,,,,,,,Unplanned,,,,,,MiraFlex 1,MiraFlex 1,,,,,,,,,,,
245,245,,,,,,,,Unplanned,,,,,,MiraFlex 1,MiraFlex 1,,,,,,,,,,,
246,246,,,,,,,,Unplanned,,,,,,MiraFlex 1,MiraFlex 1,,,,,,,,,,,
247,247,,,,,,,,Unplanned,,,,,,MiraFlex 1,MiraFlex 1,,,,,,,,,,,
248,248,,,,,,,,Unplanned,,,,,,MiraFlex 1,MiraFlex 1,,,,,,,,,,,
249,249,,,,,,,,Unplanned,,,,,,MiraFlex 1,MiraFlex 1,,,,,,,,,,,
250,250,,,,,,,,Unplanned,,,,,,MiraFlex 1,MiraFlex 1,,,,,,,,,,,
251,251,,,,,,,,Unplanned,,,,,,MiraFlex 1,MiraFlex 1,,,,,,,,,,,
252,252,,,,,,,,Unplanned,,,,,,MiraFlex 1,MiraFlex 1,,,,,,,,,,,
253,253,,,,,,,,Unplanned,,,,,,MiraFlex 1,MiraFlex 1,,,,,,,,,,,
254,254,,,,,,,,Unplanned,,,,,,MiraFlex 1,MiraFlex 1,,,,,,,,,,,
255,255,,,,,,,,Unplanned,,,,,,MiraFlex 1,MiraFlex 1,,,,,,,,,,,
256,256,,,,,,,,Unplanned,,,,,,MiraFlex 1,MiraFlex 1,,,,,,,,,,,
257,257,,,,,,,,Unplanned,,,,,,MiraFlex 1,MiraFlex 1,,,,,,,,,,,
258,258,,,,,,,,Unplanned,,,,,,MiraFlex 1,MiraFlex 1,,,,,,,,,,,
259,259,,,,,,,,Unplanned,,,,,,MiraFlex 1,MiraFlex 1,,,,,,,,,,,
260,260,,,,,,,,Unplanned,,,,,,MiraFlex 1,MiraFlex 1,,,,,,,,,,,
261,261,,,,,,,,Unplanned,,,,,,MiraFlex 1,MiraFlex 1,,,,,,,,,,,
262,262,,,,,,,,Unplanned,,,,,,MiraFlex 1,MiraFlex 1,,,,,,,,,,,
263,263,,,,,,,,Unplanned,,,,,,MiraFlex 1,MiraFlex 1,,,,,,,,,,,
264,264,,,,,,,,Unplanned,,,,,,MiraFlex 1,MiraFlex 1,,,,,,,,,,,
265,265,,,,,,,,Unplanned,,,,,,MiraFlex 1,MiraFlex 1,,,,,,,,,,,
266,266,,,,,,,,Unplanned,,,,,,MiraFlex 1,MiraFlex 1,,,,,,,,,,,
267,267,,,,,,,,Unplanned,,,,,,MiraFlex 1,MiraFlex 1,,,,,,,,,,,
268,268,,,,,,,,Unplanned,,,,,,MiraFlex 1,MiraFlex 1,,,,,,,,,,,
269,269,,,,,,,,Unplanned,,,,,,MiraFlex 1,MiraFlex 1,,,,,,,,,,,
270,270,,,,,,,,Unplanned,,,,,,MiraFlex 1,MiraFlex 1,,,,,,,,,,,
271,271,,,,,,,,Unplanned,,,,,,MiraFlex 1,MiraFlex 1,,,,,,,,,,,
272,272,,,,,,,,Unplanned,,,,,,MiraFlex 1,MiraFlex 1,,,,,,,,,,,
273,273,,,,,,,,Unplanned,,,,,,MiraFlex 1,MiraFlex 1,,,,,,,,,,,
274,274,,,,,,,,Unplanned,,,,,,MiraFlex 1,MiraFlex 1,,,,,,,,,,,
275,275,,,,,,,,Unplanned,,,,,,MiraFlex 1,MiraFlex 1,,,,,,,,,,,
276,276,,,,,,,,Unplanned,,,,,,MiraFlex 1,MiraFlex 1,,,,,,,,,,,
277,277,,,,,,,,Unplanned,,,,,,MiraFlex 1,MiraFlex 1,,,,,,,,,,,
278,278,,,,,,,,Unplanned,,,,,,MiraFlex 1,MiraFlex 1,,,,,,,,,,,
279,279,,,,,,,,Unplanned,,,,,,MiraFlex 1,MiraFlex 1,,,,,,,,,,,
280,280,,,,,,,,Unplanned,,,,,,MiraFlex 1,MiraFlex 1,,,,,,,,,,,
281,281,,,,,,,,Unplanned,,,,,,MiraFlex 1,MiraFlex 1,,,,,,,,,,,
282,282,,,,,,,,Unplanned,,,,,,MiraFlex 1,MiraFlex 1,,,,,,,,,,,
283,283,,,,,,,,Unplanned,,,,,,MiraFlex 1,MiraFlex 1,,,,,,,,,,,
284,284,,,,,,,,Unplanned,,,,,,MiraFlex 1,MiraFlex 1,,,,,,,,,,,
285,285,,,,,,,,Unplanned,,,,,,MiraFlex 1,MiraFlex 1,,,,,,,,,,,
286,286,,,,,,,,Unplanned,,,,,,MiraFlex 1,MiraFlex 1,,,,,,,,,,,
287,287,,,,,,,,Unplanned,,,,,,MiraFlex 1,MiraFlex 1,,,,,,,,,,,
288,288,,,,,,,,Unplanned,,,,,,MiraFlex 1,MiraFlex 1,,,,,,,,,,,
289,289,,,,,,,,Unplanned,,,,,,MiraFlex 1,MiraFlex 1,,,,,,,,,,,
290,290,,,,,,,,Unplanned,,,,,,MiraFlex 1,MiraFlex 1,,,,,,,,,,,
291,291,,,,,,,,Unplanned,,,,,,MiraFlex 1,MiraFlex 1,,,,,,,,,,,
292,292,,,,,,,,Unplanned,,,,,,MiraFlex 1,MiraFlex 1,,,,,,,,,,,
293,293,,,,,,,,Unplanned,,,,,,MiraFlex 1,MiraFlex 1,,,,,,,,,,,
294,294,,,,,,,,Unplanned,,,,,,MiraFlex 1,MiraFlex 1,,,,,,,,,,,
295,295,,,,,,,,Unplanned,,,,,,MiraFlex 1,MiraFlex 1,,,,,,,,,,,
296,296,,,,,,,,Unplanned,,,,,,MiraFlex 1,MiraFlex 1,,,,,,,,,,,
297,297,,,,,,,,Unplanned,,,,,,MiraFlex 1,MiraFlex 1,,,,,,,,,,,
298,298,,,,,,,,Unplanned,,,,,,MiraFlex 1,MiraFlex 1,,,,,,,,,,,
299,299,,,,,,,,Unplanned,,,,,,MiraFlex 1,MiraFlex 1,,,,,,,,,,,
300,300,,,,,,,,Unplanned,,,,,,MiraFlex 1,MiraFlex 1,,,,,,,,,,,
301,301,,,,,,,,Unplanned,,,,,,MiraFlex 1,MiraFlex 1,,,,,,,,,,,
302,302,,,,,,,,Unplanned,,,,,,MiraFlex 1,MiraFlex 1,,,,,,,,,,,
303,303,,,,,,,,Unplanned,,,,,,MiraFlex 1,MiraFlex 1,,,,,,,,,,,
304,304,,,,,,,,Unplanned,,,,,,MiraFlex 1,MiraFlex 1,,,,,,,,,,,
305,305,,,,,,,,Unplanned,,,,,,MiraFlex 1,MiraFlex 1,,,,,,,,,,,
306,306,,,,,,,,Unplanned,,,,,,MiraFlex 1,MiraFlex 1,,,,,,,,,,,
307,307,,,,,,,,Unplanned,,,,,,MiraFlex 1,MiraFlex 1,,,,,,,,,,,
308,308,,,,,,,,Unplanned,,,,,,MiraFlex 1,MiraFlex 1,,,,,,,,,,,
309,309,,,,,,,,Unplanned,,,,,,MiraFlex 1,MiraFlex 1,,,,,,,,,,,
310,310,,,,,,,,Unplanned,,,,,,MiraFlex 1,MiraFlex 1,,,,,,,,,,,
311,311,,,,,,,,Unplanned,,,,,,MiraFlex 1,MiraFlex 1,,,,,,,,,,,
312,312,,,,,,,,Unplanned,,,,,,MiraFlex 1,MiraFlex 1,,,,,,,,,,,
313,313,,,,,,,,Unplanned,,,,,,MiraFlex 1,MiraFlex 1,,,,,,,,,,,
314,314,,,,,,,,Unplanned,,,,,,MiraFlex 1,MiraFlex 1,,,,,,,,,,,
315,315,,,,,,,,Unplanned,,,,,,MiraFlex 1,MiraFlex 1,,,,,,,,,,,
316,316,,,,,,,,Unplanned,,,,,,MiraFlex 1,MiraFlex 1,,,,,,,,,,,
317,317,,,,,,,,Unplanned,,,,,,MiraFlex 1,MiraFlex 1,,,,,,,,,,,
318,318,,,,,,,,Unplanned,,,,,,MiraFlex 1,MiraFlex 1,,,,,,,,,,,
319,319,,,,,,,,Unplanned,,,,,,MiraFlex 1,MiraFlex 1,,,,,,,,,,,
320,320,,,,,,,,Unplanned,,,,,,MiraFlex 1,MiraFlex 1,,,,,,,,,,,
321,321,,,,,,,,Unplanned,,,,,,MiraFlex 1,MiraFlex 1,,,,,,,,,,,
322,322,,,,,,,,Unplanned,,,,,,MiraFlex 1,MiraFlex 1,,,,,,,,,,,
323,323,,,,,,,,Unplanned,,,,,,MiraFlex 1,MiraFlex 1,,,,,,,,,,,
324,324,,,,,,,,Unplanned,,,,,,MiraFlex 1,MiraFlex 1,,,,,,,,,,,
325,325,,,,,,,,Unplanned,,,,,,MiraFlex 1,MiraFlex 1,,,,,,,,,,,
326,326,,,,,,,,Unplanned,,,,,,MiraFlex 1,MiraFlex 1,,,,,,,,,,,
327,327,,,,,,,,Unplanned,,,,,,MiraFlex 1,MiraFlex 1,,,,,,,,,,,
328,328,,,,,,,,Unplanned,,,,,,MiraFlex 1,MiraFlex 1,,,,,,,,,,,
329,329,,,,,,,,Unplanned,,,,,,MiraFlex 1,MiraFlex 1,,,,,,,,,,,
330,330,,,,,,,,Unplanned,,,,,,MiraFlex 1,MiraFlex 1,,,,,,,,,,,
331,331,,,,,,,,Unplanned,,,,,,MiraFlex 1,MiraFlex 1,,,,,,,,,,,
332,332,,,,,,,,Unplanned,,,,,,MiraFlex 1,MiraFlex 1,,,,,,,,,,,
333,333,,,,,,,,Unplanned,,,,,,MiraFlex 1,MiraFlex 1,,,,,,,,,,,
334,334,,,,,,,,Unplanned,,,,,,MiraFlex 1,MiraFlex 1,,,,,,,,,,,
335,335,,,,,,,,Unplanned,,,,,,MiraFlex 1,MiraFlex 1,,,,,,,,,,,
336,336,,,,,,,,Unplanned,,,,,,MiraFlex 1,MiraFlex 1,,,,,,,,,,,
337,337,,,,,,,,Unplanned,,,,,,MiraFlex 1,MiraFlex 1,,,,,,,,,,,
338,338,,,,,,,,Unplanned,,,,,,MiraFlex 1,MiraFlex 1,,,,,,,,,,,
339,339,,,,,,,,Unplanned,,,,,,MiraFlex 1,MiraFlex 1,,,,,,,,,,,
340,340,,,,,,,,Unplanned,,,,,,MiraFlex 1,MiraFlex 1,,,,,,,,,,,
341,341,,,,,,,,Unplanned,,,,,,MiraFlex 1,MiraFlex 1,,,,,,,,,,,
342,342,,,,,,,,Unplanned,,,,,,MiraFlex 1,MiraFlex 1,,,,,,,,,,,
343,343,,,,,,,,Unplanned,,,,,,MiraFlex 1,MiraFlex 1,,,,,,,,,,,
344,344,,,,,,,,Unplanned,,,,,,MiraFlex 1,MiraFlex 1,,,,,,,,,,,
345,345,,,,,,,,Unplanned,,,,,,MiraFlex 1,MiraFlex 1,,,,,,,,,,,
346,346,,,,,,,,Unplanned,,,,,,MiraFlex 1,MiraFlex 1,,,,,,,,,,,
347,347,,,,,,,,Unplanned,,,,,,MiraFlex 1,MiraFlex 1,,,,,,,,,,,
348,348,,,,,,,,Unplanned,,,,,,MiraFlex 1,MiraFlex 1,,,,,,,,,,,
349,349,,,,,,,,Unplanned,,,,,,MiraFlex 1,MiraFlex 1,,,,,,,,,,,
350,350,,,,,,,,Unplanned,,,,,,MiraFlex 1,MiraFlex 1,,,,,,,,,,,
351,351,,,,,,,,Unplanned,,,,,,MiraFlex 1,MiraFlex 1,,,,,,,,,,,
352,352,,,,,,,,Unplanned,,,,,,MiraFlex 1,MiraFlex 1,,,,,,,,,,,
353,353,,,,,,,,Unplanned,,,,,,MiraFlex 1,MiraFlex 1,,,,,,,,,,,
354,354,,,,,,,,Unplanned,,,,,,MiraFlex 1,MiraFlex 1,,,,,,,,,,,
355,355,,,,,,,,Unplanned,,,,,,MiraFlex 1,MiraFlex 1,,,,,,,,,,,
356,356,,,,,,,,Unplanned,,,,,,MiraFlex 1,MiraFlex 1,,,,,,,,,,,
357,357,,,,,,,,Unplanned,,,,,,MiraFlex 1,MiraFlex 1,,,,,,,,,,,
358,358,,,,,,,,Unplanned,,,,,,MiraFlex 1,MiraFlex 1,,,,,,,,,,,
359,359,,,,,,,,Unplanned,,,,,,MiraFlex 1,MiraFlex 1,,,,,,,,,,,
360,360,,,,,,,,Unplanned,,,,,,MiraFlex 1,MiraFlex 1,,,,,,,,,,,
361,361,,,,,,,,Unplanned,,,,,,MiraFlex 1,MiraFlex 1,,,,,,,,,,,
362,362,,,,,,,,Unplanned,,,,,,MiraFlex 1,MiraFlex 1,,,,,,,,,,,
363,363,,,,,,,,Unplanned,,,,,,MiraFlex 1,MiraFlex 1,,,,,,,,,,,
364,364,,,,,,,,Unplanned,,,,,,MiraFlex 1,MiraFlex 1,,,,,,,,,,,
365,365,,,,,,,,Unplanned,,,,,,MiraFlex 1,MiraFlex 1,,,,,,,,,,,
366,366,,,,,,,,Unplanned,,,,,,MiraFlex 1,MiraFlex 1,,,,,,,,,,,
367,367,,,,,,,,Unplanned,,,,,,MiraFlex 1,MiraFlex 1,,,,,,,,,,,
368,368,,,,,,,,Unplanned,,,,,,MiraFlex 1,MiraFlex 1,,,,,,,,,,,
369,369,,,,,,,,Unplanned,,,,,,MiraFlex 1,MiraFlex 1,,,,,,,,,,,
370,370,,,,,,,,Unplanned,,,,,,MiraFlex 1,MiraFlex 1,,,,,,,,,,,
371,371,,,,,,,,Unplanned,,,,,,MiraFlex 1,MiraFlex 1,,,,,,,,,,,
372,372,,,,,,,,Unplanned,,,,,,MiraFlex 1,MiraFlex 1,,,,,,,,,,,
373,373,,,,,,,,Unplanned,,,,,,MiraFlex 1,MiraFlex 1,,,,,,,,,,,
374,374,,,,,,,,Unplanned,,,,,,MiraFlex 1,MiraFlex 1,,,,,,,,,,,
375,375,,,,,,,,Unplanned,,,,,,MiraFlex 1,MiraFlex 1,,,,,,,,,,,
376,376,,,,,,,,Unplanned,,,,,,MiraFlex 1,MiraFlex 1,,,,,,,,,,,
377,377,,,,,,,,Unplanned,,,,,,MiraFlex 1,MiraFlex 1,,,,,,,,,,,
378,378,,,,,,,,Unplanned,,,,,,MiraFlex 1,MiraFlex 1,,,,,,,,,,,
379,379,,,,,,,,Unplanned,,,,,,MiraFlex 1,MiraFlex 1,,,,,,,,,,,
380,380,,,,,,,,Unplanned,,,,,,MiraFlex 1,MiraFlex 1,,,,,,,,,,,
381,381,,,,,,,,Unplanned,,,,,,MiraFlex 1,MiraFlex 1,,,,,,,,,,,
382,382,,,,,,,,Unplanned,,,,,,MiraFlex 1,MiraFlex 1,,,,,,,,,,,
383,383,,,,,,,,Unplanned,,,,,,MiraFlex 1,MiraFlex 1,,,,,,,,,,,
384,384,,,,,,,,Unplanned,,,,,,MiraFlex 1,MiraFlex 1,,,,,,,,,,,
385,385,,,,,,,,Unplanned,,,,,,MiraFlex 1,MiraFlex 1,,,,,,,,,,,
386,386,,,,,,,,Unplanned,,,,,,MiraFlex 1,MiraFlex 1,,,,,,,,,,,
387,387,,,,,,,,Unplanned,,,,,,MiraFlex 1,MiraFlex 1,,,,,,,,,,,
388,388,,,,,,,,Unplanned,,,,,,MiraFlex 1,MiraFlex 1,,,,,,,,,,,
389,389,,,,,,,,Unplanned,,,,,,MiraFlex 1,MiraFlex 1,,,,,,,,,,,
390,390,,,,,,,,Unplanned,,,,,,MiraFlex 1,MiraFlex 1,,,,,,,,,,,
391,391,,,,,,,,Unplanned,,,,,,MiraFlex 1,MiraFlex 1,,,,,,,,,,,
392,392,,,,,,,,Unplanned,,,,,,MiraFlex 1,MiraFlex 1,,,,,,,,,,,
393,393,,,,,,,,Unplanned,,,,,,MiraFlex 1,MiraFlex 1,,,,,,,,,,,
394,394,,,,,,,,Unplanned,,,,,,MiraFlex 1,MiraFlex 1,,,,,,,,,,,
395,395,,,,,,,,Unplanned,,,,,,MiraFlex 1,MiraFlex 1,,,,,,,,,,,
396,396,,,,,,,,Unplanned,,,,,,MiraFlex 1,MiraFlex 1,,,,,,,,,,,
397,397,,,,,,,,Unplanned,,,,,,MiraFlex 1,MiraFlex 1,,,,,,,,,,,
398,398,,,,,,,,Unplanned,,,,,,MiraFlex 1,MiraFlex 1,,,,,,,,,,,
399,399,,,,,,,,Unplanned,,,,,,MiraFlex 1,MiraFlex 1,,,,,,,,,,,
400,400,,,,,,,,Unplanned,,,,,,MiraFlex 1,MiraFlex 1,,,,,,,,,,,
401,401,,,,,,,,Unplanned,,,,,,MiraFlex 1,MiraFlex 1,,,,,,,,,,,
402,402,,,,,,,,Unplanned,,,,,,MiraFlex 1,MiraFlex 1,,,,,,,,,,,
403,403,,,,,,,,Unplanned,,,,,,MiraFlex 1,MiraFlex 1,,,,,,,,,,,
404,404,,,,,,,,Unplanned,,,,,,MiraFlex 1,MiraFlex 1,,,,,,,,,,,
405,405,,,,,,,,Unplanned,,,,,,MiraFlex 1,MiraFlex 1,,,,,,,,,,,
406,406,,,,,,,,Unplanned,,,,,,MiraFlex 1,MiraFlex 1,,,,,,,,,,,
407,407,,,,,,,,Unplanned,,,,,,MiraFlex 1,MiraFlex 1,,,,,,,,,,,
408,408,,,,,,,,Unplanned,,,,,,MiraFlex 1,MiraFlex 1,,,,,,,,,,,
409,409,,,,,,,,Unplanned,,,,,,MiraFlex 1,MiraFlex 1,,,,,,,,,,,
410,410,,,,,,,,Unplanned,,,,,,MiraFlex 1,MiraFlex 1,,,,,,,,,,,
411,411,,,,,,,,Unplanned,,,,,,MiraFlex 1,MiraFlex 1,,,,,,,,,,,
412,412,,,,,,,,Unplanned,,,,,,MiraFlex 1,MiraFlex 1,,,,,,,,,,,
413,413,,,,,,,,Unplanned,,,,,,MiraFlex 1,MiraFlex 1,,,,,,,,,,,
414,414,,,,,,,,Unplanned,,,,,,MiraFlex 1,MiraFlex 1,,,,,,,,,,,
415,415,,,,,,,,Unplanned,,,,,,MiraFlex 1,MiraFlex 1,,,,,,,,,,,
416,416,,,,,,,,Unplanned,,,,,,MiraFlex 1,MiraFlex 1,,,,,,,,,,,
417,417,,,,,,,,Unplanned,,,,,,MiraFlex 1,MiraFlex 1,,,,,,,,,,,
418,418,,,,,,,,Unplanned,,,,,,MiraFlex 1,MiraFlex 1,,,,,,,,,,,
419,419,,,,,,,,Unplanned,,,,,,MiraFlex 1,MiraFlex 1,,,,,,,,,,,
420,420,,,,,,,,Unplanned,,,,,,MiraFlex 1,MiraFlex 1,,,,,,,,,,,
421,421,,,,,,,,Unplanned,,,,,,MiraFlex 1,MiraFlex 1,,,,,,,,,,,
422,422,,,,,,,,Unplanned,,,,,,MiraFlex 1,MiraFlex 1,,,,,,,,,,,
423,423,,,,,,,,Unplanned,,,,,,MiraFlex 1,MiraFlex 1,,,,,,,,,,,
424,424,,,,,,,,Unplanned,,,,,,MiraFlex 1,MiraFlex 1,,,,,,,,,,,
425,425,,,,,,,,Unplanned,,,,,,MiraFlex 1,MiraFlex 1,,,,,,,,,,,
426,426,,,,,,,,Unplanned,,,,,,MiraFlex 1,MiraFlex 1,,,,,,,,,,,
427,427,,,,,,,,Unplanned,,,,,,MiraFlex 1,MiraFlex 1,,,,,,,,,,,
428,428,,,,,,,,Unplanned,,,,,,MiraFlex 1,MiraFlex 1,,,,,,,,,,,
429,429,,,,,,,,Unplanned,,,,,,MiraFlex 1,MiraFlex 1,,,,,,,,,,,
430,430,,,,,,,,Unplanned,,,,,,MiraFlex 1,MiraFlex 1,,,,,,,,,,,
431,431,,,,,,,,Unplanned,,,,,,MiraFlex 1,MiraFlex 1,,,,,,,,,,,
432,432,,,,,,,,Unplanned,,,,,,MiraFlex 1,MiraFlex 1,,,,,,,,,,,
433,433,,,,,,,,Unplanned,,,,,,MiraFlex 1,MiraFlex 1,,,,,,,,,,,
434,434,,,,,,,,Unplanned,,,,,,MiraFlex 1,MiraFlex 1,,,,,,,,,,,
435,435,,,,,,,,Unplanned,,,,,,MiraFlex 1,MiraFlex 1,,,,,,,,,,,
436,436,,,,,,,,Unplanned,,,,,,MiraFlex 1,MiraFlex 1,,,,,,,,,,,
437,437,,,,,,,,Unplanned,,,,,,MiraFlex 1,MiraFlex 1,,,,,,,,,,,
438,438,,,,,,,,Unplanned,,,,,,MiraFlex 1,MiraFlex 1,,,,,,,,,,,
439,439,,,,,,,,Unplanned,,,,,,MiraFlex 1,MiraFlex 1,,,,,,,,,,,
440,440,,,,,,,,Unplanned,,,,,,MiraFlex 1,MiraFlex 1,,,,,,,,,,,
441,441,,,,,,,,Unplanned,,,,,,MiraFlex 1,MiraFlex 1,,,,,,,,,,,
442,442,,,,,,,,Unplanned,,,,,,MiraFlex 1,MiraFlex 1,,,,,,,,,,,
443,443,,,,,,,,Unplanned,,,,,,MiraFlex 1,MiraFlex 1,,,,,,,,,,,
444,444,,,,,,,,Unplanned,,,,,,MiraFlex 1,MiraFlex 1,,,,,,,,,,,
445,445,,,,,,,,Unplanned,,,,,,MiraFlex 1,MiraFlex 1,,,,,,,,,,,
446,446,,,,,,,,Unplanned,,,,,,MiraFlex 1,MiraFlex 1,,,,,,,,,,,
447,447,,,,,,,,Unplanned,,,,,,MiraFlex 1,MiraFlex 1,,,,,,,,,,,
448,448,,,,,,,,Unplanned,,,,,,MiraFlex 1,MiraFlex 1,,,,,,,,,,,
449,449,,,,,,,,Unplanned,,,,,,MiraFlex 1,MiraFlex 1,,,,,,,,,,,
450,450,,,,,,,,Unplanned,,,,,,MiraFlex 1,MiraFlex 1,,,,,,,,,,,
451,451,,,,,,,,Unplanned,,,,,,MiraFlex 1,MiraFlex 1,,,,,,,,,,,
452,452,,,,,,,,Unplanned,,,,,,MiraFlex 1,MiraFlex 1,,,,,,,,,,,
453,453,,,,,,,,Unplanned,,,,,,MiraFlex 1,MiraFlex 1,,,,,,,,,,,
454,454,,,,,,,,Unplanned,,,,,,MiraFlex 1,MiraFlex 1,,,,,,,,,,,
455,455,,,,,,,,Unplanned,,,,,,MiraFlex 1,MiraFlex 1,,,,,,,,,,,
456,456,,,,,,,,Unplanned,,,,,,MiraFlex 1,MiraFlex 1,,,,,,,,,,,
457,457,,,,,,,,Unplanned,,,,,,MiraFlex 1,MiraFlex 1,,,,,,,,,,,
458,458,,,,,,,,Unplanned,,,,,,MiraFlex 1,MiraFlex 1,,,,,,,,,,,
459,459,,,,,,,,Unplanned,,,,,,MiraFlex 1,MiraFlex 1,,,,,,,,,,,
460,460,,,,,,,,Unplanned,,,,,,MiraFlex 1,MiraFlex 1,,,,,,,,,,,
461,461,,,,,,,,Unplanned,,,,,,MiraFlex 1,MiraFlex 1,,,,,,,,,,,
462,462,,,,,,,,Unplanned,,,,,,MiraFlex 1,MiraFlex 1,,,,,,,,,,,
463,463,,,,,,,,Unplanned,,,,,,MiraFlex 1,MiraFlex 1,,,,,,,,,,,
464,464,,,,,,,,Unplanned,,,,,,MiraFlex 1,MiraFlex 1,,,,,,,,,,,
465,465,,,,,,,,Unplanned,,,,,,MiraFlex 1,MiraFlex 1,,,,,,,,,,,
466,466,,,,,,,,Unplanned,,,,,,MiraFlex 1,MiraFlex 1,,,,,,,,,,,
467,467,,,,,,,,Unplanned,,,,,,MiraFlex 1,MiraFlex 1,,,,,,,,,,,
468,468,,,,,,,,Unplanned,,,,,,MiraFlex 1,MiraFlex 1,,,,,,,,,,,
469,469,,,,,,,,Unplanned,,,,,,MiraFlex 1,MiraFlex 1,,,,,,,,,,,
470,470,,,,,,,,Unplanned,,,,,,MiraFlex 1,MiraFlex 1,,,,,,,,,,,
471,471,,,,,,,,Unplanned,,,,,,MiraFlex 1,MiraFlex 1,,,,,,,,,,,
472,472,,,,,,,,Unplanned,,,,,,MiraFlex 1,MiraFlex 1,,,,,,,,,,,
473,473,,,,,,,,Unplanned,,,,,,MiraFlex 1,MiraFlex 1,,,,,,,,,,,
474,474,,,,,,,,Unplanned,,,,,,MiraFlex 1,MiraFlex 1,,,,,,,,,,,
475,475,,,,,,,,Unplanned,,,,,,MiraFlex 1,MiraFlex 1,,,,,,,,,,,
476,476,,,,,,,,Unplanned,,,,,,MiraFlex 1,MiraFlex 1,,,,,,,,,,,
477,477,,,,,,,,Unplanned,,,,,,MiraFlex 1,MiraFlex 1,,,,,,,,,,,
478,478,,,,,,,,Unplanned,,,,,,MiraFlex 1,MiraFlex 1,,,,,,,,,,,
479,479,,,,,,,,Unplanned,,,,,,MiraFlex 1,MiraFlex 1,,,,,,,,,,,
480,480,,,,,,,,Unplanned,,,,,,MiraFlex 1,MiraFlex 1,,,,,,,,,,,
481,481,,,,,,,,Unplanned,,,,,,MiraFlex 1,MiraFlex 1,,,,,,,,,,,
482,482,,,,,,,,Unplanned,,,,,,MiraFlex 1,MiraFlex 1,,,,,,,,,,,
483,483,,,,,,,,Unplanned,,,,,,MiraFlex 1,MiraFlex 1,,,,,,,,,,,
484,484,,,,,,,,Unplanned,,,,,,MiraFlex 1,MiraFlex 1,,,,,,,,,,,
485,485,,,,,,,,Unplanned,,,,,,MiraFlex 1,MiraFlex 1,,,,,,,,,,,
486,486,,,,,,,,Unplanned,,,,,,MiraFlex 1,MiraFlex 1,,,,,,,,,,,
487,487,,,,,,,,Unplanned,,,,,,MiraFlex 1,MiraFlex 1,,,,,,,,,,,
488,488,,,,,,,,Unplanned,,,,,,MiraFlex 1,MiraFlex 1,,,,,,,,,,,
489,489,,,,,,,,Unplanned,,,,,,MiraFlex 1,MiraFlex 1,,,,,,,,,,,
490,490,,,,,,,,Unplanned,,,,,,MiraFlex 1,MiraFlex 1,,,,,,,,,,,
491,491,,,,,,,,Unplanned,,,,,,MiraFlex 1,MiraFlex 1,,,,,,,,,,,
492,492,,,,,,,,Unplanned,,,,,,MiraFlex 1,MiraFlex 1,,,,,,,,,,,
493,493,,,,,,,,Unplanned,,,,,,MiraFlex 1,MiraFlex 1,,,,,,,,,,,
494,494,,,,,,,,Unplanned,,,,,,MiraFlex 1,MiraFlex 1,,,,,,,,,,,
495,495,,,,,,,,Unplanned,,,,,,MiraFlex 1,MiraFlex 1,,,,,,,,,,,
496,496,,,,,,,,Unplanned,,,,,,MiraFlex 1,MiraFlex 1,,,,,,,,,,,
497,497,,,,,,,,Unplanned,,,,,,MiraFlex 1,MiraFlex 1,,,,,,,,,,,
498,498,,,,,,,,Unplanned,,,,,,MiraFlex 1,MiraFlex 1,,,,,,,,,,,
499,499,,,,,,,,Unplanned,,,,,,MiraFlex 1,MiraFlex 1,,,,,,,,,,,
500,500,,,,,,,,Unplanned,,,,,,MiraFlex 1,MiraFlex 1,,,,,,,,,,,
501,501,,,,,,,,Unplanned,,,,,,MiraFlex 1,MiraFlex 1,,,,,,,,,,,
502,502,,,,,,,,Unplanned,,,,,,MiraFlex 1,MiraFlex 1,,,,,,,,,,,
503,503,,,,,,,,Unplanned,,,,,,MiraFlex 1,MiraFlex 1,,,,,,,,,,,
504,504,,,,,,,,Unplanned,,,,,,MiraFlex 1,MiraFlex 1,,,,,,,,,,,
505,505,,,,,,,,Unplanned,,,,,,MiraFlex 1,MiraFlex 1,,,,,,,,,,,
506,506,,,,,,,,Unplanned,,,,,,MiraFlex 1,MiraFlex 1,,,,,,,,,,,
507,507,,,,,,,,Unplanned,,,,,,MiraFlex 1,MiraFlex 1,,,,,,,,,,,
508,508,,,,,,,,Unplanned,,,,,,MiraFlex 1,MiraFlex 1,,,,,,,,,,,
509,509,,,,,,,,Unplanned,,,,,,MiraFlex 1,MiraFlex 1,,,,,,,,,,,
510,510,,,,,,,,Unplanned,,,,,,MiraFlex 1,MiraFlex 1,,,,,,,,,,,
511,511,,,,,,,,Unplanned,,,,,,MiraFlex 1,MiraFlex 1,,,,,,,,,,,
512,512,,,,,,,,Unplanned,,,,,,MiraFlex 1,MiraFlex 1,,,,,,,,,,,
513,513,,,,,,,,Unplanned,,,,,,MiraFlex 1,MiraFlex 1,,,,,,,,,,,
514,514,,,,,,,,Unplanned,,,,,,MiraFlex 1,MiraFlex 1,,,,,,,,,,,
515,515,,,,,,,,Unplanned,,,,,,MiraFlex 1,MiraFlex 1,,,,,,,,,,,
516,516,,,,,,,,Unplanned,,,,,,MiraFlex 1,MiraFlex 1,,,,,,,,,,,
517,517,,,,,,,,Unplanned,,,,,,MiraFlex 1,MiraFlex 1,,,,,,,,,,,
518,518,,,,,,,,Unplanned,,,,,,MiraFlex 1,MiraFlex 1,,,,,,,,,,,
519,519,,,,,,,,Unplanned,,,,,,MiraFlex 1,MiraFlex 1,,,,,,,,,,,
520,520,,,,,,,,Unplanned,,,,,,MiraFlex 1,MiraFlex 1,,,,,,,,,,,
521,521,,,,,,,,Unplanned,,,,,,MiraFlex 1,MiraFlex 1,,,,,,,,,,,
522,522,,,,,,,,Unplanned,,,,,,MiraFlex 1,MiraFlex 1,,,,,,,,,,,
523,523,,,,,,,,Unplanned,,,,,,MiraFlex 1,MiraFlex 1,,,,,,,,,,,
524,524,,,,,,,,Unplanned,,,,,,MiraFlex 1,MiraFlex 1,,,,,,,,,,,
525,525,,,,,,,,Unplanned,,,,,,MiraFlex 1,MiraFlex 1,,,,,,,,,,,
526,526,,,,,,,,Unplanned,,,,,,MiraFlex 1,MiraFlex 1,,,,,,,,,,,
527,527,,,,,,,,Unplanned,,,,,,MiraFlex 1,MiraFlex 1,,,,,,,,,,,
528,528,,,,,,,,Unplanned,,,,,,MiraFlex 1,MiraFlex 1,,,,,,,,,,,
529,529,,,,,,,,Unplanned,,,,,,MiraFlex 1,MiraFlex 1,,,,,,,,,,,
530,530,,,,,,,,Unplanned,,,,,,MiraFlex 1,MiraFlex 1,,,,,,,,,,,
531,531,,,,,,,,Unplanned,,,,,,MiraFlex 1,MiraFlex 1,,,,,,,,,,,
532,532,,,,,,,,Unplanned,,,,,,MiraFlex 1,MiraFlex 1,,,,,,,,,,,
533,533,,,,,,,,Unplanned,,,,,,MiraFlex 1,MiraFlex 1,,,,,,,,,,,
534,534,,,,,,,,Unplanned,,,,,,MiraFlex 1,MiraFlex 1,,,,,,,,,,,
535,535,,,,,,,,Unplanned,,,,,,MiraFlex 1,MiraFlex 1,,,,,,,,,,,
536,536,,,,,,,,Unplanned,,,,,,MiraFlex 1,MiraFlex 1,,,,,,,,,,,
537,537,,,,,,,,Unplanned,,,,,,MiraFlex 1,MiraFlex 1,,,,,,,,,,,
538,538,,,,,,,,Unplanned,,,,,,MiraFlex 1,MiraFlex 1,,,,,,,,,,,
539,539,,,,,,,,Unplanned,,,,,,MiraFlex 1,MiraFlex 1,,,,,,,,,,,
540,540,,,,,,,,Unplanned,,,,,,MiraFlex 1,MiraFlex 1,,,,,,,,,,,
541,541,,,,,,,,Unplanned,,,,,,MiraFlex 1,MiraFlex 1,,,,,,,,,,,
542,542,,,,,,,,Unplanned,,,,,,MiraFlex 1,MiraFlex 1,,,,,,,,,,,
543,543,,,,,,,,Unplanned,,,,,,MiraFlex 1,MiraFlex 1,,,,,,,,,,,
544,544,,,,,,,,Unplanned,,,,,,MiraFlex 1,MiraFlex 1,,,,,,,,,,,
545,545,,,,,,,,Unplanned,,,,,,MiraFlex 1,MiraFlex 1,,,,,,,,,,,
546,546,,,,,,,,Unplanned,,,,,,MiraFlex 1,MiraFlex 1,,,,,,,,,,,
547,547,,,,,,,,Unplanned,,,,,,MiraFlex 1,MiraFlex 1,,,,,,,,,,,
548,548,,,,,,,,Unplanned,,,,,,MiraFlex 1,MiraFlex 1,,,,,,,,,,,
549,549,,,,,,,,Unplanned,,,,,,MiraFlex 1,MiraFlex 1,,,,,,,,,,,
550,550,,,,,,,,Unplanned,,,,,,MiraFlex 1,MiraFlex 1,,,,,,,,,,,
551,551,,,,,,,,Unplanned,,,,,,MiraFlex 1,MiraFlex 1,,,,,,,,,,,
552,552,,,,,,,,Unplanned,,,,,,MiraFlex 1,MiraFlex 1,,,,,,,,,,,
553,553,,,,,,,,Unplanned,,,,,,MiraFlex 1,MiraFlex 1,,,,,,,,,,,
554,554,,,,,,,,Unplanned,,,,,,MiraFlex 1,MiraFlex 1,,,,,,,,,,,
555,555,,,,,,,,Unplanned,,,,,,MiraFlex 1,MiraFlex 1,,,,,,,,,,,
556,556,,,,,,,,Unplanned,,,,,,MiraFlex 1,MiraFlex 1,,,,,,,,,,,
557,557,,,,,,,,Unplanned,,,,,,MiraFlex 1,MiraFlex 1,,,,,,,,,,,
558,558,,,,,,,,Unplanned,,,,,,MiraFlex 1,MiraFlex 1,,,,,,,,,,,
559,559,,,,,,,,Unplanned,,,,,,MiraFlex 1,MiraFlex 1,,,,,,,,,,,
560,560,,,,,,,,Unplanned,,,,,,MiraFlex 1,MiraFlex 1,,,,,,,,,,,
561,561,,,,,,,,Unplanned,,,,,,MiraFlex 1,MiraFlex 1,,,,,,,,,,,
562,562,,,,,,,,Unplanned,,,,,,MiraFlex 1,MiraFlex 1,,,,,,,,,,,
563,563,,,,,,,,Unplanned,,,,,,MiraFlex 1,MiraFlex 1,,,,,,,,,,,
564,564,,,,,,,,Unplanned,,,,,,MiraFlex 1,MiraFlex 1,,,,,,,,,,,
565,565,,,,,,,,Unplanned,,,,,,MiraFlex 1,MiraFlex 1,,,,,,,,,,,
566,566,,,,,,,,Unplanned,,,,,,MiraFlex 1,MiraFlex 1,,,,,,,,,,,
567,567,,,,,,,,Unplanned,,,,,,MiraFlex 1,MiraFlex 1,,,,,,,,,,,
568,568,,,,,,,,Unplanned,,,,,,MiraFlex 1,MiraFlex 1,,,,,,,,,,,
569,569,,,,,,,,Unplanned,,,,,,MiraFlex 1,MiraFlex 1,,,,,,,,,,,
570,570,,,,,,,,Unplanned,,,,,,MiraFlex 1,MiraFlex 1,,,,,,,,,,,
571,571,,,,,,,,Unplanned,,,,,,MiraFlex 1,MiraFlex 1,,,,,,,,,,,
572,572,,,,,,,,Unplanned,,,,,,MiraFlex 1,MiraFlex 1,,,,,,,,,,,
573,573,,,,,,,,Unplanned,,,,,,MiraFlex 1,MiraFlex 1,,,,,,,,,,,
574,574,,,,,,,,Unplanned,,,,,,MiraFlex 1,MiraFlex 1,,,,,,,,,,,
575,575,,,,,,,,Unplanned,,,,,,MiraFlex 1,MiraFlex 1,,,,,,,,,,,
576,576,,,,,,,,Unplanned,,,,,,MiraFlex 1,MiraFlex 1,,,,,,,,,,,
577,577,,,,,,,,Unplanned,,,,,,MiraFlex 1,MiraFlex 1,,,,,,,,,,,
578,578,,,,,,,,Unplanned,,,,,,MiraFlex 1,MiraFlex 1,,,,,,,,,,,
579,579,,,,,,,,Unplanned,,,,,,MiraFlex 1,MiraFlex 1,,,,,,,,,,,
580,580,,,,,,,,Unplanned,,,,,,MiraFlex 1,MiraFlex 1,,,,,,,,,,,
581,581,,,,,,,,Unplanned,,,,,,MiraFlex 1,MiraFlex 1,,,,,,,,,,,
582,582,,,,,,,,Unplanned,,,,,,MiraFlex 1,MiraFlex 1,,,,,,,,,,,
583,583,,,,,,,,Unplanned,,,,,,MiraFlex 1,MiraFlex 1,,,,,,,,,,,
584,584,,,,,,,,Unplanned,,,,,,MiraFlex 1,MiraFlex 1,,,,,,,,,,,
585,585,,,,,,,,Unplanned,,,,,,MiraFlex 1,MiraFlex 1,,,,,,,,,,,
586,586,,,,,,,,Unplanned,,,,,,MiraFlex 1,MiraFlex 1,,,,,,,,,,,
587,587,,,,,,,,Unplanned,,,,,,MiraFlex 1,MiraFlex 1,,,,,,,,,,,
588,588,,,,,,,,Unplanned,,,,,,MiraFlex 1,MiraFlex 1,,,,,,,,,,,
589,589,,,,,,,,Unplanned,,,,,,MiraFlex 1,MiraFlex 1,,,,,,,,,,,
590,590,,,,,,,,Unplanned,,,,,,MiraFlex 1,MiraFlex 1,,,,,,,,,,,
591,591,,,,,,,,Unplanned,,,,,,MiraFlex 1,MiraFlex 1,,,,,,,,,,,
592,592,,,,,,,,Unplanned,,,,,,MiraFlex 1,MiraFlex 1,,,,,,,,,,,
593,593,,,,,,,,Unplanned,,,,,,MiraFlex 1,MiraFlex 1,,,,,,,,,,,
594,594,,,,,,,,Unplanned,,,,,,MiraFlex 1,MiraFlex 1,,,,,,,,,,,
595,595,,,,,,,,Unplanned,,,,,,MiraFlex 1,MiraFlex 1,,,,,,,,,,,
596,596,,,,,,,,Unplanned,,,,,,MiraFlex 1,MiraFlex 1,,,,,,,,,,,
597,597,,,,,,,,Unplanned,,,,,,MiraFlex 1,MiraFlex 1,,,,,,,,,,,
598,598,,,,,,,,Unplanned,,,,,,MiraFlex 1,MiraFlex 1,,,,,,,,,,,
599,599,,,,,,,,Unplanned,,,,,,MiraFlex 1,MiraFlex 1,,,,,,,,,,,
600,600,,,,,,,,Unplanned,,,,,,MiraFlex 1,MiraFlex 1,,,,,,,,,,,
601,601,,,,,,,,Unplanned,,,,,,MiraFlex 1,MiraFlex 1,,,,,,,,,,,
602,602,,,,,,,,Unplanned,,,,,,MiraFlex 1,MiraFlex 1,,,,,,,,,,,
603,603,,,,,,,,Unplanned,,,,,,MiraFlex 1,MiraFlex 1,,,,,,,,,,,
604,604,,,,,,,,Unplanned,,,,,,MiraFlex 1,MiraFlex 1,,,,,,,,,,,
605,605,,,,,,,,Unplanned,,,,,,MiraFlex 1,MiraFlex 1,,,,,,,,,,,
606,606,,,,,,,,Unplanned,,,,,,MiraFlex 1,MiraFlex 1,,,,,,,,,,,
607,607,,,,,,,,Unplanned,,,,,,MiraFlex 1,MiraFlex 1,,,,,,,,,,,
608,608,,,,,,,,Unplanned,,,,,,MiraFlex 1,MiraFlex 1,,,,,,,,,,,
609,609,,,,,,,,Unplanned,,,,,,MiraFlex 1,MiraFlex 1,,,,,,,,,,,
610,610,,,,,,,,Unplanned,,,,,,MiraFlex 1,MiraFlex 1,,,,,,,,,,,
611,611,,,,,,,,Unplanned,,,,,,MiraFlex 1,MiraFlex 1,,,,,,,,,,,
612,612,,,,,,,,Unplanned,,,,,,MiraFlex 1,MiraFlex 1,,,,,,,,,,,
613,613,,,,,,,,Unplanned,,,,,,MiraFlex 1,MiraFlex 1,,,,,,,,,,,
614,614,,,,,,,,Unplanned,,,,,,MiraFlex 1,MiraFlex 1,,,,,,,,,,,
615,615,,,,,,,,Unplanned,,,,,,MiraFlex 1,MiraFlex 1,,,,,,,,,,,
616,616,,,,,,,,Unplanned,,,,,,MiraFlex 1,MiraFlex 1,,,,,,,,,,,
617,617,,,,,,,,Unplanned,,,,,,MiraFlex 1,MiraFlex 1,,,,,,,,,,,
618,618,,,,,,,,Unplanned,,,,,,MiraFlex 1,MiraFlex 1,,,,,,,,,,,
619,619,,,,,,,,Unplanned,,,,,,MiraFlex 1,MiraFlex 1,,,,,,,,,,,
620,620,,,,,,,,Unplanned,,,,,,MiraFlex 1,MiraFlex 1,,,,,,,,,,,
621,621,,,,,,,,Unplanned,,,,,,MiraFlex 1,MiraFlex 1,,,,,,,,,,,
622,622,,,,,,,,Unplanned,,,,,,MiraFlex 1,MiraFlex 1,,,,,,,,,,,
623,623,,,,,,,,Unplanned,,,,,,MiraFlex 1,MiraFlex 1,,,,,,,,,,,
624,624,,,,,,,,Unplanned,,,,,,MiraFlex 1,MiraFlex 1,,,,,,,,,,,
625,625,,,,,,,,Unplanned,,,,,,MiraFlex 1,MiraFlex 1,,,,,,,,,,,
626,626,,,,,,,,Unplanned,,,,,,MiraFlex 1,MiraFlex 1,,,,,,,,,,,
627,627,,,,,,,,Unplanned,,,,,,MiraFlex 1,MiraFlex 1,,,,,,,,,,,
628,628,,,,,,,,Unplanned,,,,,,MiraFlex 1,MiraFlex 1,,,,,,,,,,,
629,629,,,,,,,,Unplanned,,,,,,MiraFlex 1,MiraFlex 1,,,,,,,,,,,
630,630,,,,,,,,Unplanned,,,,,,MiraFlex 1,MiraFlex 1,,,,,,,,,,,
631,631,,,,,,,,Unplanned,,,,,,MiraFlex 1,MiraFlex 1,,,,,,,,,,,
632,632,,,,,,,,Unplanned,,,,,,MiraFlex 1,MiraFlex 1,,,,,,,,,,,
633,633,,,,,,,,Unplanned,,,,,,MiraFlex 1,MiraFlex 1,,,,,,,,,,,
634,634,,,,,,,,Unplanned,,,,,,MiraFlex 1,MiraFlex 1,,,,,,,,,,,
635,635,,,,,,,,Unplanned,,,,,,MiraFlex 1,MiraFlex 1,,,,,,,,,,,
636,636,,,,,,,,Unplanned,,,,,,MiraFlex 1,MiraFlex 1,,,,,,,,,,,
637,637,,,,,,,,Unplanned,,,,,,MiraFlex 1,MiraFlex 1,,,,,,,,,,,
638,638,,,,,,,,Unplanned,,,,,,MiraFlex 1,MiraFlex 1,,,,,,,,,,,
639,639,,,,,,,,Unplanned,,,,,,MiraFlex 1,MiraFlex 1,,,,,,,,,,,
640,640,,,,,,,,Unplanned,,,,,,MiraFlex 1,MiraFlex 1,,,,,,,,,,,
641,641,,,,,,,,Unplanned,,,,,,MiraFlex 1,MiraFlex 1,,,,,,,,,,,
642,642,,,,,,,,Unplanned,,,,,,MiraFlex 1,MiraFlex 1,,,,,,,,,,,
643,643,,,,,,,,Unplanned,,,,,,MiraFlex 1,MiraFlex 1,,,,,,,,,,,
644,644,,,,,,,,Unplanned,,,,,,MiraFlex 1,MiraFlex 1,,,,,,,,,,,
645,645,,,,,,,,Unplanned,,,,,,MiraFlex 1,MiraFlex 1,,,,,,,,,,,
646,646,,,,,,,,Unplanned,,,,,,MiraFlex 1,MiraFlex 1,,,,,,,,,,,
647,647,,,,,,,,Unplanned,,,,,,MiraFlex 1,MiraFlex 1,,,,,,,,,,,
648,648,,,,,,,,Unplanned,,,,,,MiraFlex 1,MiraFlex 1,,,,,,,,,,,
649,649,,,,,,,,Unplanned,,,,,,MiraFlex 1,MiraFlex 1,,,,,,,,,,,
650,650,,,,,,,,Unplanned,,,,,,MiraFlex 1,MiraFlex 1,,,,,,,,,,,
651,651,,,,,,,,Unplanned,,,,,,MiraFlex 1,MiraFlex 1,,,,,,,,,,,
652,652,,,,,,,,Unplanned,,,,,,MiraFlex 1,MiraFlex 1,,,,,,,,,,,
653,653,,,,,,,,Unplanned,,,,,,MiraFlex 1,MiraFlex 1,,,,,,,,,,,
654,654,,,,,,,,Unplanned,,,,,,MiraFlex 1,MiraFlex 1,,,,,,,,,,,
655,655,,,,,,,,Unplanned,,,,,,MiraFlex 1,MiraFlex 1,,,,,,,,,,,
656,656,,,,,,,,Unplanned,,,,,,MiraFlex 1,MiraFlex 1,,,,,,,,,,,
657,657,,,,,,,,Unplanned,,,,,,MiraFlex 1,MiraFlex 1,,,,,,,,,,,
658,658,,,,,,,,Unplanned,,,,,,MiraFlex 1,MiraFlex 1,,,,,,,,,,,
659,659,,,,,,,,Unplanned,,,,,,MiraFlex 1,MiraFlex 1,,,,,,,,,,,
660,660,,,,,,,,Unplanned,,,,,,MiraFlex 1,MiraFlex 1,,,,,,,,,,,
661,661,,,,,,,,Unplanned,,,,,,MiraFlex 1,MiraFlex 1,,,,,,,,,,,
662,662,,,,,,,,Unplanned,,,,,,MiraFlex 1,MiraFlex 1,,,,,,,,,,,
663,663,,,,,,,,Unplanned,,,,,,MiraFlex 1,MiraFlex 1,,,,,,,,,,,
664,664,,,,,,,,Unplanned,,,,,,MiraFlex 1,MiraFlex 1,,,,,,,,,,,
665,665,,,,,,,,Unplanned,,,,,,MiraFlex 1,MiraFlex 1,,,,,,,,,,,
666,666,,,,,,,,Unplanned,,,,,,MiraFlex 1,MiraFlex 1,,,,,,,,,,,
667,667,,,,,,,,Unplanned,,,,,,MiraFlex 1,MiraFlex 1,,,,,,,,,,,
668,668,,,,,,,,Unplanned,,,,,,MiraFlex 1,MiraFlex 1,,,,,,,,,,,
669,669,,,,,,,,Unplanned,,,,,,MiraFlex 1,MiraFlex 1,,,,,,,,,,,
670,670,,,,,,,,Unplanned,,,,,,MiraFlex 1,MiraFlex 1,,,,,,,,,,,
671,671,,,,,,,,Unplanned,,,,,,MiraFlex 1,MiraFlex 1,,,,,,,,,,,
672,672,,,,,,,,Unplanned,,,,,,MiraFlex 1,MiraFlex 1,,,,,,,,,,,
673,673,,,,,,,,Unplanned,,,,,,MiraFlex 1,MiraFlex 1,,,,,,,,,,,
674,674,,,,,,,,Unplanned,,,,,,MiraFlex 1,MiraFlex 1,,,,,,,,,,,
675,675,,,,,,,,Unplanned,,,,,,MiraFlex 1,MiraFlex 1,,,,,,,,,,,
676,676,,,,,,,,Unplanned,,,,,,MiraFlex 1,MiraFlex 1,,,,,,,,,,,
677,677,,,,,,,,Unplanned,,,,,,MiraFlex 1,MiraFlex 1,,,,,,,,,,,
678,678,,,,,,,,Unplanned,,,,,,MiraFlex 1,MiraFlex 1,,,,,,,,,,,
679,679,,,,,,,,Unplanned,,,,,,MiraFlex 1,MiraFlex 1,,,,,,,,,,,
680,680,,,,,,,,Unplanned,,,,,,MiraFlex 1,MiraFlex 1,,,,,,,,,,,
681,681,,,,,,,,Unplanned,,,,,,MiraFlex 1,MiraFlex 1,,,,,,,,,,,
682,682,,,,,,,,Unplanned,,,,,,MiraFlex 1,MiraFlex 1,,,,,,,,,,,
683,683,,,,,,,,Unplanned,,,,,,MiraFlex 1,MiraFlex 1,,,,,,,,,,,
684,684,,,,,,,,Unplanned,,,,,,MiraFlex 1,MiraFlex 1,,,,,,,,,,,
685,685,,,,,,,,Unplanned,,,,,,MiraFlex 1,MiraFlex 1,,,,,,,,,,,
686,686,,,,,,,,Unplanned,,,,,,MiraFlex 1,MiraFlex 1,,,,,,,,,,,
687,687,,,,,,,,Unplanned,,,,,,MiraFlex 1,MiraFlex 1,,,,,,,,,,,
688,688,,,,,,,,Unplanned,,,,,,MiraFlex 1,MiraFlex 1,,,,,,,,,,,
689,689,,,,,,,,Unplanned,,,,,,MiraFlex 1,MiraFlex 1,,,,,,,,,,,
690,690,,,,,,,,Unplanned,,,,,,MiraFlex 1,MiraFlex 1,,,,,,,,,,,
691,691,,,,,,,,Unplanned,,,,,,MiraFlex 1,MiraFlex 1,,,,,,,,,,,
692,692,,,,,,,,Unplanned,,,,,,MiraFlex 1,MiraFlex 1,,,,,,,,,,,
693,693,,,,,,,,Unplanned,,,,,,MiraFlex 1,MiraFlex 1,,,,,,,,,,,
694,694,,,,,,,,Unplanned,,,,,,MiraFlex 1,MiraFlex 1,,,,,,,,,,,
695,695,,,,,,,,Unplanned,,,,,,MiraFlex 1,MiraFlex 1,,,,,,,,,,,
696,696,,,,,,,,Unplanned,,,,,,MiraFlex 1,MiraFlex 1,,,,,,,,,,,
697,697,,,,,,,,Unplanned,,,,,,MiraFlex 1,MiraFlex 1,,,,,,,,,,,
698,698,,,,,,,,Unplanned,,,,,,MiraFlex 1,MiraFlex 1,,,,,,,,,,,
699,699,,,,,,,,Unplanned,,,,,,MiraFlex 1,MiraFlex 1,,,,,,,,,,,
700,700,,,,,,,,Unplanned,,,,,,MiraFlex 1,MiraFlex 1,,,,,,,,,,,
701,701,,,,,,,,Unplanned,,,,,,MiraFlex 1,MiraFlex 1,,,,,,,,,,,
702,702,,,,,,,,Unplanned,,,,,,MiraFlex 1,MiraFlex 1,,,,,,,,,,,
703,703,,,,,,,,Unplanned,,,,,,MiraFlex 1,MiraFlex 1,,,,,,,,,,,
704,704,,,,,,,,Unplanned,,,,,,MiraFlex 1,MiraFlex 1,,,,,,,,,,,
705,705,,,,,,,,Unplanned,,,,,,MiraFlex 1,MiraFlex 1,,,,,,,,,,,
706,706,,,,,,,,Unplanned,,,,,,MiraFlex 1,MiraFlex 1,,,,,,,,,,,
707,707,,,,,,,,Unplanned,,,,,,MiraFlex 1,MiraFlex 1,,,,,,,,,,,
708,708,,,,,,,,Unplanned,,,,,,MiraFlex 1,MiraFlex 1,,,,,,,,,,,
709,709,,,,,,,,Unplanned,,,,,,MiraFlex 1,MiraFlex 1,,,,,,,,,,,
710,710,,,,,,,,Unplanned,,,,,,MiraFlex 1,MiraFlex 1,,,,,,,,,,,
711,711,,,,,,,,Unplanned,,,,,,MiraFlex 1,MiraFlex 1,,,,,,,,,,,
712,712,,,,,,,,Unplanned,,,,,,MiraFlex 1,MiraFlex 1,,,,,,,,,,,
713,713,,,,,,,,Unplanned,,,,,,MiraFlex 1,MiraFlex 1,,,,,,,,,,,
714,714,,,,,,,,Unplanned,,,,,,MiraFlex 1,MiraFlex 1,,,,,,,,,,,
715,715,,,,,,,,Unplanned,,,,,,MiraFlex 1,MiraFlex 1,,,,,,,,,,,
716,716,,,,,,,,Unplanned,,,,,,MiraFlex 1,MiraFlex 1,,,,,,,,,,,
717,717,,,,,,,,Unplanned,,,,,,MiraFlex 1,MiraFlex 1,,,,,,,,,,,
718,718,,,,,,,,Unplanned,,,,,,MiraFlex 1,MiraFlex 1,,,,,,,,,,,
719,719,,,,,,,,Unplanned,,,,,,MiraFlex 1,MiraFlex 1,,,,,,,,,,,
720,720,,,,,,,,Unplanned,,,,,,MiraFlex 1,MiraFlex 1,,,,,,,,,,,
721,721,,,,,,,,Unplanned,,,,,,MiraFlex 1,MiraFlex 1,,,,,,,,,,,
722,722,,,,,,,,Unplanned,,,,,,MiraFlex 1,MiraFlex 1,,,,,,,,,,,
723,723,,,,,,,,Unplanned,,,,,,MiraFlex 1,MiraFlex 1,,,,,,,,,,,
724,724,,,,,,,,Unplanned,,,,,,MiraFlex 1,MiraFlex 1,,,,,,,,,,,
725,725,,,,,,,,Unplanned,,,,,,MiraFlex 1,MiraFlex 1,,,,,,,,,,,
726,726,,,,,,,,Unplanned,,,,,,MiraFlex 1,MiraFlex 1,,,,,,,,,,,
727,727,,,,,,,,Unplanned,,,,,,MiraFlex 1,MiraFlex 1,,,,,,,,,,,
728,728,,,,,,,,Unplanned,,,,,,MiraFlex 1,MiraFlex 1,,,,,,,,,,,
729,729,,,,,,,,Unplanned,,,,,,MiraFlex 1,MiraFlex 1,,,,,,,,,,,
730,730,,,,,,,,Unplanned,,,,,,MiraFlex 1,MiraFlex 1,,,,,,,,,,,
731,731,,,,,,,,Unplanned,,,,,,MiraFlex 1,MiraFlex 1,,,,,,,,,,,
732,732,,,,,,,,Unplanned,,,,,,MiraFlex 1,MiraFlex 1,,,,,,,,,,,
733,733,,,,,,,,Unplanned,,,,,,MiraFlex 1,MiraFlex 1,,,,,,,,,,,
734,734,,,,,,,,Unplanned,,,,,,MiraFlex 1,MiraFlex 1,,,,,,,,,,,
735,735,,,,,,,,Unplanned,,,,,,MiraFlex 1,MiraFlex 1,,,,,,,,,,,
736,736,,,,,,,,Unplanned,,,,,,MiraFlex 1,MiraFlex 1,,,,,,,,,,,
737,737,,,,,,,,Unplanned,,,,,,MiraFlex 1,MiraFlex 1,,,,,,,,,,,
738,738,,,,,,,,Unplanned,,,,,,MiraFlex 1,MiraFlex 1,,,,,,,,,,,
739,739,,,,,,,,Unplanned,,,,,,MiraFlex 1,MiraFlex 1,,,,,,,,,,,
740,740,,,,,,,,Unplanned,,,,,,MiraFlex 1,MiraFlex 1,,,,,,,,,,,
741,741,,,,,,,,Unplanned,,,,,,MiraFlex 1,MiraFlex 1,,,,,,,,,,,
742,742,,,,,,,,Unplanned,,,,,,MiraFlex 1,MiraFlex 1,,,,,,,,,,,
743,743,,,,,,,,Unplanned,,,,,,MiraFlex 1,MiraFlex 1,,,,,,,,,,,
744,744,,,,,,,,Unplanned,,,,,,MiraFlex 1,MiraFlex 1,,,,,,,,,,,
745,745,,,,,,,,Unplanned,,,,,,MiraFlex 1,MiraFlex 1,,,,,,,,,,,
746,746,,,,,,,,Unplanned,,,,,,MiraFlex 1,MiraFlex 1,,,,,,,,,,,
747,747,,,,,,,,Unplanned,,,,,,MiraFlex 1,MiraFlex 1,,,,,,,,,,,
748,748,,,,,,,,Unplanned,,,,,,MiraFlex 1,MiraFlex 1,,,,,,,,,,,
749,749,,,,,,,,Unplanned,,,,,,MiraFlex 1,MiraFlex 1,,,,,,,,,,,
750,750,,,,,,,,Unplanned,,,,,,MiraFlex 1,MiraFlex 1,,,,,,,,,,,
751,751,,,,,,,,Unplanned,,,,,,MiraFlex 1,MiraFlex 1,,,,,,,,,,,
752,752,,,,,,,,Unplanned,,,,,,MiraFlex 1,MiraFlex 1,,,,,,,,,,,
753,753,,,,,,,,Unplanned,,,,,,MiraFlex 1,MiraFlex 1,,,,,,,,,,,
754,754,,,,,,,,Unplanned,,,,,,MiraFlex 1,MiraFlex 1,,,,,,,,,,,
755,755,,,,,,,,Unplanned,,,,,,MiraFlex 1,MiraFlex 1,,,,,,,,,,,
756,756,,,,,,,,Unplanned,,,,,,MiraFlex 1,MiraFlex 1,,,,,,,,,,,
757,757,,,,,,,,Unplanned,,,,,,MiraFlex 1,MiraFlex 1,,,,,,,,,,,
758,758,,,,,,,,Unplanned,,,,,,MiraFlex 1,MiraFlex 1,,,,,,,,,,,
759,759,,,,,,,,Unplanned,,,,,,MiraFlex 1,MiraFlex 1,,,,,,,,,,,
760,760,,,,,,,,Unplanned,,,,,,MiraFlex 1,MiraFlex 1,,,,,,,,,,,
761,761,,,,,,,,Unplanned,,,,,,MiraFlex 1,MiraFlex 1,,,,,,,,,,,
762,762,,,,,,,,Unplanned,,,,,,MiraFlex 1,MiraFlex 1,,,,,,,,,,,
763,763,,,,,,,,Unplanned,,,,,,MiraFlex 1,MiraFlex 1,,,,,,,,,,,
764,764,,,,,,,,Unplanned,,,,,,MiraFlex 1,MiraFlex 1,,,,,,,,,,,
765,765,,,,,,,,Unplanned,,,,,,MiraFlex 1,MiraFlex 1,,,,,,,,,,,
766,766,,,,,,,,Unplanned,,,,,,MiraFlex 1,MiraFlex 1,,,,,,,,,,,
767,767,,,,,,,,Unplanned,,,,,,MiraFlex 1,MiraFlex 1,,,,,,,,,,,
768,768,,,,,,,,Unplanned,,,,,,MiraFlex 1,MiraFlex 1,,,,,,,,,,,
769,769,,,,,,,,Unplanned,,,,,,MiraFlex 1,MiraFlex 1,,,,,,,,,,,
770,770,,,,,,,,Unplanned,,,,,,MiraFlex 1,MiraFlex 1,,,,,,,,,,,
771,771,,,,,,,,Unplanned,,,,,,MiraFlex 1,MiraFlex 1,,,,,,,,,,,
772,772,,,,,,,,Unplanned,,,,,,MiraFlex 1,MiraFlex 1,,,,,,,,,,,
773,773,,,,,,,,Unplanned,,,,,,MiraFlex 1,MiraFlex 1,,,,,,,,,,,
774,774,,,,,,,,Unplanned,,,,,,MiraFlex 1,MiraFlex 1,,,,,,,,,,,
775,775,,,,,,,,Unplanned,,,,,,MiraFlex 1,MiraFlex 1,,,,,,,,,,,
776,776,,,,,,,,Unplanned,,,,,,MiraFlex 1,MiraFlex 1,,,,,,,,,,,
777,777,,,,,,,,Unplanned,,,,,,MiraFlex 1,MiraFlex 1,,,,,,,,,,,
778,778,,,,,,,,Unplanned,,,,,,MiraFlex 1,MiraFlex 1,,,,,,,,,,,
779,779,,,,,,,,Unplanned,,,,,,MiraFlex 1,MiraFlex 1,,,,,,,,,,,
780,780,,,,,,,,Unplanned,,,,,,MiraFlex 1,MiraFlex 1,,,,,,,,,,,
781,781,,,,,,,,Unplanned,,,,,,MiraFlex 1,MiraFlex 1,,,,,,,,,,,
782,782,,,,,,,,Unplanned,,,,,,MiraFlex 1,MiraFlex 1,,,,,,,,,,,
783,783,,,,,,,,Unplanned,,,,,,MiraFlex 1,MiraFlex 1,,,,,,,,,,,
784,784,,,,,,,,Unplanned,,,,,,MiraFlex 1,MiraFlex 1,,,,,,,,,,,
785,785,,,,,,,,Unplanned,,,,,,MiraFlex 1,MiraFlex 1,,,,,,,,,,,
786,786,,,,,,,,Unplanned,,,,,,MiraFlex 1,MiraFlex 1,,,,,,,,,,,
787,787,,,,,,,,Unplanned,,,,,,MiraFlex 1,MiraFlex 1,,,,,,,,,,,
788,788,,,,,,,,Unplanned,,,,,,MiraFlex 1,MiraFlex 1,,,,,,,,,,,
789,789,,,,,,,,Unplanned,,,,,,MiraFlex 1,MiraFlex 1,,,,,,,,,,,
790,790,,,,,,,,Unplanned,,,,,,MiraFlex 1,MiraFlex 1,,,,,,,,,,,
791,791,,,,,,,,Unplanned,,,,,,MiraFlex 1,MiraFlex 1,,,,,,,,,,,
792,792,,,,,,,,Unplanned,,,,,,MiraFlex 1,MiraFlex 1,,,,,,,,,,,
793,793,,,,,,,,Unplanned,,,,,,MiraFlex 1,MiraFlex 1,,,,,,,,,,,
794,794,,,,,,,,Unplanned,,,,,,MiraFlex 1,MiraFlex 1,,,,,,,,,,,
795,795,,,,,,,,Unplanned,,,,,,MiraFlex 1,MiraFlex 1,,,,,,,,,,,
796,796,,,,,,,,Unplanned,,,,,,MiraFlex 1,MiraFlex 1,,,,,,,,,,,
797,797,,,,,,,,Unplanned,,,,,,MiraFlex 1,MiraFlex 1,,,,,,,,,,,
798,798,,,,,,,,Unplanned,,,,,,MiraFlex 1,MiraFlex 1,,,,,,,,,,,
799,799,,,,,,,,Unplanned,,,,,,MiraFlex 1,MiraFlex 1,,,,,,,,,,,
800,800,,,,,,,,Unplanned,,,,,,MiraFlex 1,MiraFlex 1,,,,,,,,,,,
801,801,,,,,,,,Unplanned,,,,,,MiraFlex 1,MiraFlex 1,,,,,,,,,,,
802,802,,,,,,,,Unplanned,,,,,,MiraFlex 1,MiraFlex 1,,,,,,,,,,,
803,803,,,,,,,,Unplanned,,,,,,MiraFlex 1,MiraFlex 1,,,,,,,,,,,
804,804,,,,,,,,Unplanned,,,,,,MiraFlex 1,MiraFlex 1,,,,,,,,,,,
805,805,,,,,,,,Unplanned,,,,,,MiraFlex 1,MiraFlex 1,,,,,,,,,,,
806,806,,,,,,,,Unplanned,,,,,,MiraFlex 1,MiraFlex 1,,,,,,,,,,,
807,807,,,,,,,,Unplanned,,,,,,MiraFlex 1,MiraFlex 1,,,,,,,,,,,
808,808,,,,,,,,Unplanned,,,,,,MiraFlex 1,MiraFlex 1,,,,,,,,,,,
809,809,,,,,,,,Unplanned,,,,,,MiraFlex 1,MiraFlex 1,,,,,,,,,,,
810,810,,,,,,,,Unplanned,,,,,,MiraFlex 1,MiraFlex 1,,,,,,,,,,,
811,811,,,,,,,,Unplanned,,,,,,MiraFlex 1,MiraFlex 1,,,,,,,,,,,
812,812,,,,,,,,Unplanned,,,,,,MiraFlex 1,MiraFlex 1,,,,,,,,,,,
813,813,,,,,,,,Unplanned,,,,,,MiraFlex 1,MiraFlex 1,,,,,,,,,,,
814,814,,,,,,,,Unplanned,,,,,,MiraFlex 1,MiraFlex 1,,,,,,,,,,,
815,815,,,,,,,,Unplanned,,,,,,MiraFlex 1,MiraFlex 1,,,,,,,,,,,
816,816,,,,,,,,Unplanned,,,,,,MiraFlex 1,MiraFlex 1,,,,,,,,,,,
817,817,,,,,,,,Unplanned,,,,,,MiraFlex 1,MiraFlex 1,,,,,,,,,,,
818,818,,,,,,,,Unplanned,,,,,,MiraFlex 1,MiraFlex 1,,,,,,,,,,,
819,819,,,,,,,,Unplanned,,,,,,MiraFlex 1,MiraFlex 1,,,,,,,,,,,
820,820,,,,,,,,Unplanned,,,,,,MiraFlex 1,MiraFlex 1,,,,,,,,,,,
821,821,,,,,,,,Unplanned,,,,,,MiraFlex 1,MiraFlex 1,,,,,,,,,,,
822,822,,,,,,,,Unplanned,,,,,,MiraFlex 1,MiraFlex 1,,,,,,,,,,,
823,823,,,,,,,,Unplanned,,,,,,MiraFlex 1,MiraFlex 1,,,,,,,,,,,
824,824,,,,,,,,Unplanned,,,,,,MiraFlex 1,MiraFlex 1,,,,,,,,,,,
825,825,,,,,,,,Unplanned,,,,,,MiraFlex 1,MiraFlex 1,,,,,,,,,,,
826,826,,,,,,,,Unplanned,,,,,,MiraFlex 1,MiraFlex 1,,,,,,,,,,,
827,827,,,,,,,,Unplanned,,,,,,MiraFlex 1,MiraFlex 1,,,,,,,,,,,
828,828,,,,,,,,Unplanned,,,,,,MiraFlex 1,MiraFlex 1,,,,,,,,,,,
829,829,,,,,,,,Unplanned,,,,,,MiraFlex 1,MiraFlex 1,,,,,,,,,,,
830,830,,,,,,,,Unplanned,,,,,,MiraFlex 1,MiraFlex 1,,,,,,,,,,,
831,831,,,,,,,,Unplanned,,,,,,MiraFlex 1,MiraFlex 1,,,,,,,,,,,
832,832,,,,,,,,Unplanned,,,,,,MiraFlex 1,MiraFlex 1,,,,,,,,,,,
833,833,,,,,,,,Unplanned,,,,,,MiraFlex 1,MiraFlex 1,,,,,,,,,,,
834,834,,,,,,,,Unplanned,,,,,,MiraFlex 1,MiraFlex 1,,,,,,,,,,,
835,835,,,,,,,,Unplanned,,,,,,MiraFlex 1,MiraFlex 1,,,,,,,,,,,
836,836,,,,,,,,Unplanned,,,,,,MiraFlex 1,MiraFlex 1,,,,,,,,,,,
837,837,,,,,,,,Unplanned,,,,,,MiraFlex 1,MiraFlex 1,,,,,,,,,,,
838,838,,,,,,,,Unplanned,,,,,,MiraFlex 1,MiraFlex 1,,,,,,,,,,,
839,839,,,,,,,,Unplanned,,,,,,MiraFlex 1,MiraFlex 1,,,,,,,,,,,
840,840,,,,,,,,Unplanned,,,,,,MiraFlex 1,MiraFlex 1,,,,,,,,,,,
841,841,,,,,,,,Unplanned,,,,,,MiraFlex 1,MiraFlex 1,,,,,,,,,,,
842,842,,,,,,,,Unplanned,,,,,,MiraFlex 1,MiraFlex 1,,,,,,,,,,,
843,843,,,,,,,,Unplanned,,,,,,MiraFlex 1,MiraFlex 1,,,,,,,,,,,
844,844,,,,,,,,Unplanned,,,,,,MiraFlex 1,MiraFlex 1,,,,,,,,,,,
845,845,,,,,,,,Unplanned,,,,,,MiraFlex 1,MiraFlex 1,,,,,,,,,,,
846,846,,,,,,,,Unplanned,,,,,,MiraFlex 1,MiraFlex 1,,,,,,,,,,,
847,847,,,,,,,,Unplanned,,,,,,MiraFlex 1,MiraFlex 1,,,,,,,,,,,
848,848,,,,,,,,Unplanned,,,,,,MiraFlex 1,MiraFlex 1,,,,,,,,,,,
849,849,,,,,,,,Unplanned,,,,,,MiraFlex 1,MiraFlex 1,,,,,,,,,,,
850,850,,,,,,,,Unplanned,,,,,,MiraFlex 1,MiraFlex 1,,,,,,,,,,,
851,851,,,,,,,,Unplanned,,,,,,MiraFlex 1,MiraFlex 1,,,,,,,,,,,
852,852,,,,,,,,Unplanned,,,,,,MiraFlex 1,MiraFlex 1,,,,,,,,,,,
853,853,,,,,,,,Unplanned,,,,,,MiraFlex 1,MiraFlex 1,,,,,,,,,,,
854,854,,,,,,,,Unplanned,,,,,,MiraFlex 1,MiraFlex 1,,,,,,,,,,,
855,855,,,,,,,,Unplanned,,,,,,MiraFlex 1,MiraFlex 1,,,,,,,,,,,
856,856,,,,,,,,Unplanned,,,,,,MiraFlex 1,MiraFlex 1,,,,,,,,,,,
857,857,,,,,,,,Unplanned,,,,,,MiraFlex 1,MiraFlex 1,,,,,,,,,,,
858,858,,,,,,,,Unplanned,,,,,,MiraFlex 1,MiraFlex 1,,,,,,,,,,,
859,859,,,,,,,,Unplanned,,,,,,MiraFlex 1,MiraFlex 1,,,,,,,,,,,
860,860,,,,,,,,Unplanned,,,,,,MiraFlex 1,MiraFlex 1,,,,,,,,,,,
861,861,,,,,,,,Unplanned,,,,,,MiraFlex 1,MiraFlex 1,,,,,,,,,,,
862,862,,,,,,,,Unplanned,,,,,,MiraFlex 1,MiraFlex 1,,,,,,,,,,,
863,863,,,,,,,,Unplanned,,,,,,MiraFlex 1,MiraFlex 1,,,,,,,,,,,
864,864,,,,,,,,Unplanned,,,,,,MiraFlex 1,MiraFlex 1,,,,,,,,,,,
865,865,,,,,,,,Unplanned,,,,,,MiraFlex 1,MiraFlex 1,,,,,,,,,,,
866,866,,,,,,,,Unplanned,,,,,,MiraFlex 1,MiraFlex 1,,,,,,,,,,,
867,867,,,,,,,,Unplanned,,,,,,MiraFlex 1,MiraFlex 1,,,,,,,,,,,
868,868,,,,,,,,Unplanned,,,,,,MiraFlex 1,MiraFlex 1,,,,,,,,,,,
869,869,,,,,,,,Unplanned,,,,,,MiraFlex 1,MiraFlex 1,,,,,,,,,,,
870,870,,,,,,,,Unplanned,,,,,,MiraFlex 1,MiraFlex 1,,,,,,,,,,,
871,871,,,,,,,,Unplanned,,,,,,MiraFlex 1,MiraFlex 1,,,,,,,,,,,
872,872,,,,,,,,Unplanned,,,,,,MiraFlex 1,MiraFlex 1,,,,,,,,,,,
873,873,,,,,,,,Unplanned,,,,,,MiraFlex 1,MiraFlex 1,,,,,,,,,,,
874,874,,,,,,,,Unplanned,,,,,,MiraFlex 1,MiraFlex 1,,,,,,,,,,,
875,875,,,,,,,,Unplanned,,,,,,MiraFlex 1,MiraFlex 1,,,,,,,,,,,
876,876,,,,,,,,Unplanned,,,,,,MiraFlex 1,MiraFlex 1,,,,,,,,,,,
877,877,,,,,,,,Unplanned,,,,,,MiraFlex 1,MiraFlex 1,,,,,,,,,,,
878,878,,,,,,,,Unplanned,,,,,,MiraFlex 1,MiraFlex 1,,,,,,,,,,,
879,879,,,,,,,,Unplanned,,,,,,MiraFlex 1,MiraFlex 1,,,,,,,,,,,
880,880,,,,,,,,Unplanned,,,,,,MiraFlex 1,MiraFlex 1,,,,,,,,,,,
881,881,,,,,,,,Unplanned,,,,,,MiraFlex 1,MiraFlex 1,,,,,,,,,,,
882,882,,,,,,,,Unplanned,,,,,,MiraFlex 1,MiraFlex 1,,,,,,,,,,,
883,883,,,,,,,,Unplanned,,,,,,MiraFlex 1,MiraFlex 1,,,,,,,,,,,
884,884,,,,,,,,Unplanned,,,,,,MiraFlex 1,MiraFlex 1,,,,,,,,,,,
885,885,,,,,,,,Unplanned,,,,,,MiraFlex 1,MiraFlex 1,,,,,,,,,,,
886,886,,,,,,,,Unplanned,,,,,,MiraFlex 1,MiraFlex 1,,,,,,,,,,,
887,887,,,,,,,,Unplanned,,,,,,MiraFlex 1,MiraFlex 1,,,,,,,,,,,
888,888,,,,,,,,Unplanned,,,,,,MiraFlex 1,MiraFlex 1,,,,,,,,,,,
889,889,,,,,,,,Unplanned,,,,,,MiraFlex 1,MiraFlex 1,,,,,,,,,,,
890,890,,,,,,,,Unplanned,,,,,,MiraFlex 1,MiraFlex 1,,,,,,,,,,,
891,891,,,,,,,,Unplanned,,,,,,MiraFlex 1,MiraFlex 1,,,,,,,,,,,
892,892,,,,,,,,Unplanned,,,,,,MiraFlex 1,MiraFlex 1,,,,,,,,,,,
893,893,,,,,,,,Unplanned,,,,,,MiraFlex 1,MiraFlex 1,,,,,,,,,,,
894,894,,,,,,,,Unplanned,,,,,,MiraFlex 1,MiraFlex 1,,,,,,,,,,,
895,895,,,,,,,,Unplanned,,,,,,MiraFlex 1,MiraFlex 1,,,,,,,,,,,
896,896,,,,,,,,Unplanned,,,,,,MiraFlex 1,MiraFlex 1,,,,,,,,,,,
897,897,,,,,,,,Unplanned,,,,,,MiraFlex 1,MiraFlex 1,,,,,,,,,,,
898,898,,,,,,,,Unplanned,,,,,,MiraFlex 1,MiraFlex 1,,,,,,,,,,,
899,899,,,,,,,,Unplanned,,,,,,MiraFlex 1,MiraFlex 1,,,,,,,,,,,
900,900,,,,,,,,Unplanned,,,,,,MiraFlex 1,MiraFlex 1,,,,,,,,,,,
901,901,,,,,,,,Unplanned,,,,,,MiraFlex 1,MiraFlex 1,,,,,,,,,,,
902,902,,,,,,,,Unplanned,,,,,,MiraFlex 1,MiraFlex 1,,,,,,,,,,,
903,903,,,,,,,,Unplanned,,,,,,MiraFlex 1,MiraFlex 1,,,,,,,,,,,
904,904,,,,,,,,Unplanned,,,,,,MiraFlex 1,MiraFlex 1,,,,,,,,,,,
905,905,,,,,,,,Unplanned,,,,,,MiraFlex 1,MiraFlex 1,,,,,,,,,,,
906,906,,,,,,,,Unplanned,,,,,,MiraFlex 1,MiraFlex 1,,,,,,,,,,,
907,907,,,,,,,,Unplanned,,,,,,MiraFlex 1,MiraFlex 1,,,,,,,,,,,
908,908,,,,,,,,Unplanned,,,,,,MiraFlex 1,MiraFlex 1,,,,,,,,,,,
909,909,,,,,,,,Unplanned,,,,,,MiraFlex 1,MiraFlex 1,,,,,,,,,,,
910,910,,,,,,,,Unplanned,,,,,,MiraFlex 1,MiraFlex 1,,,,,,,,,,,
911,911,,,,,,,,Unplanned,,,,,,MiraFlex 1,MiraFlex 1,,,,,,,,,,,
912,912,,,,,,,,Unplanned,,,,,,MiraFlex 1,MiraFlex 1,,,,,,,,,,,
913,913,,,,,,,,Unplanned,,,,,,MiraFlex 1,MiraFlex 1,,,,,,,,,,,
914,914,,,,,,,,Unplanned,,,,,,MiraFlex 1,MiraFlex 1,,,,,,,,,,,
915,915,,,,,,,,Unplanned,,,,,,MiraFlex 1,MiraFlex 1,,,,,,,,,,,
916,916,,,,,,,,Unplanned,,,,,,MiraFlex 1,MiraFlex 1,,,,,,,,,,,
917,917,,,,,,,,Unplanned,,,,,,MiraFlex 1,MiraFlex 1,,,,,,,,,,,
918,918,,,,,,,,Unplanned,,,,,,MiraFlex 1,MiraFlex 1,,,,,,,,,,,
919,919,,,,,,,,Unplanned,,,,,,MiraFlex 1,MiraFlex 1,,,,,,,,,,,
920,920,,,,,,,,Unplanned,,,,,,MiraFlex 1,MiraFlex 1,,,,,,,,,,,
921,921,,,,,,,,Unplanned,,,,,,MiraFlex 1,MiraFlex 1,,,,,,,,,,,
922,922,,,,,,,,Unplanned,,,,,,MiraFlex 1,MiraFlex 1,,,,,,,,,,,
923,923,,,,,,,,Unplanned,,,,,,MiraFlex 1,MiraFlex 1,,,,,,,,,,,
924,924,,,,,,,,Unplanned,,,,,,MiraFlex 1,MiraFlex 1,,,,,,,,,,,
925,925,,,,,,,,Unplanned,,,,,,MiraFlex 1,MiraFlex 1,,,,,,,,,,,
926,926,,,,,,,,Unplanned,,,,,,MiraFlex 1,MiraFlex 1,,,,,,,,,,,
927,927,,,,,,,,Unplanned,,,,,,MiraFlex 1,MiraFlex 1,,,,,,,,,,,
928,928,,,,,,,,Unplanned,,,,,,MiraFlex 1,MiraFlex 1,,,,,,,,,,,
929,929,,,,,,,,Unplanned,,,,,,MiraFlex 1,MiraFlex 1,,,,,,,,,,,
930,930,,,,,,,,Unplanned,,,,,,MiraFlex 1,MiraFlex 1,,,,,,,,,,,
931,931,,,,,,,,Unplanned,,,,,,MiraFlex 1,MiraFlex 1,,,,,,,,,,,
932,932,,,,,,,,Unplanned,,,,,,MiraFlex 1,MiraFlex 1,,,,,,,,,,,
933,933,,,,,,,,Unplanned,,,,,,MiraFlex 1,MiraFlex 1,,,,,,,,,,,
934,934,,,,,,,,Unplanned,,,,,,MiraFlex 1,MiraFlex 1,,,,,,,,,,,
935,935,,,,,,,,Unplanned,,,,,,MiraFlex 1,MiraFlex 1,,,,,,,,,,,
936,936,,,,,,,,Unplanned,,,,,,MiraFlex 1,MiraFlex 1,,,,,,,,,,,
937,937,,,,,,,,Unplanned,,,,,,MiraFlex 1,MiraFlex 1,,,,,,,,,,,
938,938,,,,,,,,Unplanned,,,,,,MiraFlex 1,MiraFlex 1,,,,,,,,,,,
939,939,,,,,,,,Unplanned,,,,,,MiraFlex 1,MiraFlex 1,,,,,,,,,,,
940,940,,,,,,,,Unplanned,,,,,,MiraFlex 1,MiraFlex 1,,,,,,,,,,,
941,941,,,,,,,,Unplanned,,,,,,MiraFlex 1,MiraFlex 1,,,,,,,,,,,
942,942,,,,,,,,Unplanned,,,,,,MiraFlex 1,MiraFlex 1,,,,,,,,,,,
943,943,,,,,,,,Unplanned,,,,,,MiraFlex 1,MiraFlex 1,,,,,,,,,,,
944,944,,,,,,,,Unplanned,,,,,,MiraFlex 1,MiraFlex 1,,,,,,,,,,,
945,945,,,,,,,,Unplanned,,,,,,MiraFlex 1,MiraFlex 1,,,,,,,,,,,
946,946,,,,,,,,Unplanned,,,,,,MiraFlex 1,MiraFlex 1,,,,,,,,,,,
947,947,,,,,,,,Unplanned,,,,,,MiraFlex 1,MiraFlex 1,,,,,,,,,,,
948,948,,,,,,,,Unplanned,,,,,,MiraFlex 1,MiraFlex 1,,,,,,,,,,,
949,949,,,,,,,,Unplanned,,,,,,MiraFlex 1,MiraFlex 1,,,,,,,,,,,
950,950,,,,,,,,Unplanned,,,,,,MiraFlex 1,MiraFlex 1,,,,,,,,,,,
951,951,,,,,,,,Unplanned,,,,,,MiraFlex 1,MiraFlex 1,,,,,,,,,,,
952,952,,,,,,,,Unplanned,,,,,,MiraFlex 1,MiraFlex 1,,,,,,,,,,,
953,953,,,,,,,,Unplanned,,,,,,MiraFlex 1,MiraFlex 1,,,,,,,,,,,
954,954,,,,,,,,Unplanned,,,,,,MiraFlex 1,MiraFlex 1,,,,,,,,,,,
955,955,,,,,,,,Unplanned,,,,,,MiraFlex 1,MiraFlex 1,,,,,,,,,,,
956,956,,,,,,,,Unplanned,,,,,,MiraFlex 1,MiraFlex 1,,,,,,,,,,,
957,957,,,,,,,,Unplanned,,,,,,MiraFlex 1,MiraFlex 1,,,,,,,,,,,
958,958,,,,,,,,Unplanned,,,,,,MiraFlex 1,MiraFlex 1,,,,,,,,,,,
959,959,,,,,,,,Unplanned,,,,,,MiraFlex 1,MiraFlex 1,,,,,,,,,,,
960,960,,,,,,,,Unplanned,,,,,,MiraFlex 1,MiraFlex 1,,,,,,,,,,,
961,961,,,,,,,,Unplanned,,,,,,MiraFlex 1,MiraFlex 1,,,,,,,,,,,
962,962,,,,,,,,Unplanned,,,,,,MiraFlex 1,MiraFlex 1,,,,,,,,,,,
963,963,,,,,,,,Unplanned,,,,,,MiraFlex 1,MiraFlex 1,,,,,,,,,,,
964,964,,,,,,,,Unplanned,,,,,,MiraFlex 1,MiraFlex 1,,,,,,,,,,,
965,965,,,,,,,,Unplanned,,,,,,MiraFlex 1,MiraFlex 1,,,,,,,,,,,
966,966,,,,,,,,Unplanned,,,,,,MiraFlex 1,MiraFlex 1,,,,,,,,,,,
967,967,,,,,,,,Unplanned,,,,,,MiraFlex 1,MiraFlex 1,,,,,,,,,,,
968,968,,,,,,,,Unplanned,,,,,,MiraFlex 1,MiraFlex 1,,,,,,,,,,,
969,969,,,,,,,,Unplanned,,,,,,MiraFlex 1,MiraFlex 1,,,,,,,,,,,
970,970,,,,,,,,Unplanned,,,,,,MiraFlex 1,MiraFlex 1,,,,,,,,,,,
971,971,,,,,,,,Unplanned,,,,,,MiraFlex 1,MiraFlex 1,,,,,,,,,,,
972,972,,,,,,,,Unplanned,,,,,,MiraFlex 1,MiraFlex 1,,,,,,,,,,,
973,973,,,,,,,,Unplanned,,,,,,MiraFlex 1,MiraFlex 1,,,,,,,,,,,
974,974,,,,,,,,Unplanned,,,,,,MiraFlex 1,MiraFlex 1,,,,,,,,,,,
975,975,,,,,,,,Unplanned,,,,,,MiraFlex 1,MiraFlex 1,,,,,,,,,,,
976,976,,,,,,,,Unplanned,,,,,,MiraFlex 1,MiraFlex 1,,,,,,,,,,,
977,977,,,,,,,,Unplanned,,,,,,MiraFlex 1,MiraFlex 1,,,,,,,,,,,
978,978,,,,,,,,Unplanned,,,,,,MiraFlex 1,MiraFlex 1,,,,,,,,,,,
979,979,,,,,,,,Unplanned,,,,,,MiraFlex 1,MiraFlex 1,,,,,,,,,,,
980,980,,,,,,,,Unplanned,,,,,,MiraFlex 1,MiraFlex 1,,,,,,,,,,,
981,981,,,,,,,,Unplanned,,,,,,MiraFlex 1,MiraFlex 1,,,,,,,,,,,
982,982,,,,,,,,Unplanned,,,,,,MiraFlex 1,MiraFlex 1,,,,,,,,,,,
983,983,,,,,,,,Unplanned,,,,,,MiraFlex 1,MiraFlex 1,,,,,,,,,,,
984,984,,,,,,,,Unplanned,,,,,,MiraFlex 1,MiraFlex 1,,,,,,,,,,,
985,985,,,,,,,,Unplanned,,,,,,MiraFlex 1,MiraFlex 1,,,,,,,,,,,
986,986,,,,,,,,Unplanned,,,,,,MiraFlex 1,MiraFlex 1,,,,,,,,,,,
987,987,,,,,,,,Unplanned,,,,,,MiraFlex 1,MiraFlex 1,,,,,,,,,,,
988,988,,,,,,,,Unplanned,,,,,,MiraFlex 1,MiraFlex 1,,,,,,,,,,,
989,989,,,,,,,,Unplanned,,,,,,MiraFlex 1,MiraFlex 1,,,,,,,,,,,
990,990,,,,,,,,Unplanned,,,,,,MiraFlex 1,MiraFlex 1,,,,,,,,,,,
991,991,,,,,,,,Unplanned,,,,,,MiraFlex 1,MiraFlex 1,,,,,,,,,,,
992,992,,,,,,,,Unplanned,,,,,,MiraFlex 1,MiraFlex 1,,,,,,,,,,,
993,993,,,,,,,,Unplanned,,,,,,MiraFlex 1,MiraFlex 1,,,,,,,,,,,
994,994,,,,,,,,Unplanned,,,,,,MiraFlex 1,MiraFlex 1,,,,,,,,,,,
995,995,,,,,,,,Unplanned,,,,,,MiraFlex 1,MiraFlex 1,,,,,,,,,,,
996,996,,,,,,,,Unplanned,,,,,,MiraFlex 1,MiraFlex 1,,,,,,,,,,,
997,997,,,,,,,,Unplanned,,,,,,MiraFlex 1,MiraFlex 1,,,,,,,,,,,
998,998,,,,,,,,Unplanned,,,,,,MiraFlex 1,MiraFlex 1,,,,,,,,,,,
999,999,,,,,,,,Unplanned,,,,,,MiraFlex 1,MiraFlex 1,,,,,,,,,,,
1000,1000,,,,,,,,Unplanned,,,,,,MiraFlex 1,MiraFlex 1,,,,,,,,,,,
1001,1001,,,,,,,,Unplanned,,,,,,MiraFlex 1,MiraFlex 1,,,,,,,,,,,
1002,1002,,,,,,,,Unplanned,,,,,,MiraFlex 1,MiraFlex 1,,,,,,,,,,,
1003,1003,,,,,,,,Unplanned,,,,,,MiraFlex 1,MiraFlex 1,,,,,,,,,,,
1004,1004,,,,,,,,Unplanned,,,,,,MiraFlex 1,MiraFlex 1,,,,,,,,,,,
1005,1005,,,,,,,,Unplanned,,,,,,MiraFlex 1,MiraFlex 1,,,,,,,,,,,
1006,1006,,,,,,,,Unplanned,,,,,,MiraFlex 1,MiraFlex 1,,,,,,,,,,,
1007,1007,,,,,,,,Unplanned,,,,,,MiraFlex 1,MiraFlex 1,,,,,,,,,,,
1008,1008,,,,,,,,Unplanned,,,,,,MiraFlex 1,MiraFlex 1,,,,,,,,,,,
1009,1009,,,,,,,,Unplanned,,,,,,MiraFlex 1,MiraFlex 1,,,,,,,,,,,
1010,1010,,,,,,,,Unplanned,,,,,,MiraFlex 1,MiraFlex 1,,,,,,,,,,,
1011,1011,,,,,,,,Unplanned,,,,,,MiraFlex 1,MiraFlex 1,,,,,,,,,,,
1012,1012,,,,,,,,Unplanned,,,,,,MiraFlex 1,MiraFlex 1,,,,,,,,,,,
1013,1013,,,,,,,,Unplanned,,,,,,MiraFlex 1,MiraFlex 1,,,,,,,,,,,
1014,1014,,,,,,,,Unplanned,,,,,,MiraFlex 1,MiraFlex 1,,,,,,,,,,,
1015,1015,,,,,,,,Unplanned,,,,,,MiraFlex 1,MiraFlex 1,,,,,,,,,,,
1016,1016,,,,,,,,Unplanned,,,,,,MiraFlex 1,MiraFlex 1,,,,,,,,,,,
1017,1017,,,,,,,,Unplanned,,,,,,MiraFlex 1,MiraFlex 1,,,,,,,,,,,
1018,1018,,,,,,,,Unplanned,,,,,,MiraFlex 1,MiraFlex 1,,,,,,,,,,,
1019,1019,,,,,,,,Unplanned,,,,,,MiraFlex 1,MiraFlex 1,,,,,,,,,,,
1020,1020,,,,,,,,Unplanned,,,,,,MiraFlex 1,MiraFlex 1,,,,,,,,,,,
1021,1021,,,,,,,,Unplanned,,,,,,MiraFlex 1,MiraFlex 1,,,,,,,,,,,
1022,1022,,,,,,,,Unplanned,,,,,,MiraFlex 1,MiraFlex 1,,,,,,,,,,,
1023,1023,,,,,,,,Unplanned,,,,,,MiraFlex 1,MiraFlex 1,,,,,,,,,,,
1024,1024,,,,,,,,Unplanned,,,,,,MiraFlex 1,MiraFlex 1,,,,,,,,,,,
1025,1025,,,,,,,,Unplanned,,,,,,MiraFlex 1,MiraFlex 1,,,,,,,,,,,
1026,1026,,,,,,,,Unplanned,,,,,,MiraFlex 1,MiraFlex 1,,,,,,,,,,,
1027,1027,,,,,,,,Unplanned,,,,,,MiraFlex 1,MiraFlex 1,,,,,,,,,,,
1028,1028,,,,,,,,Unplanned,,,,,,MiraFlex 1,MiraFlex 1,,,,,,,,,,,
1029,1029,,,,,,,,Unplanned,,,,,,MiraFlex 1,MiraFlex 1,,,,,,,,,,,
1030,1030,,,,,,,,Unplanned,,,,,,MiraFlex 1,MiraFlex 1,,,,,,,,,,,
1031,1031,,,,,,,,Unplanned,,,,,,MiraFlex 1,MiraFlex 1,,,,,,,,,,,
1032,1032,,,,,,,,Unplanned,,,,,,MiraFlex 1,MiraFlex 1,,,,,,,,,,,
1033,1033,,,,,,,,Unplanned,,,,,,MiraFlex 1,MiraFlex 1,,,,,,,,,,,
1034,1034,,,,,,,,Unplanned,,,,,,MiraFlex 1,MiraFlex 1,,,,,,,,,,,
1035,1035,,,,,,,,Unplanned,,,,,,MiraFlex 1,MiraFlex 1,,,,,,,,,,,
1036,1036,,,,,,,,Unplanned,,,,,,MiraFlex 1,MiraFlex 1,,,,,,,,,,,
1037,1037,,,,,,,,Unplanned,,,,,,MiraFlex 1,MiraFlex 1,,,,,,,,,,,
1038,1038,,,,,,,,Unplanned,,,,,,MiraFlex 1,MiraFlex 1,,,,,,,,,,,
1039,1039,,,,,,,,Unplanned,,,,,,MiraFlex 1,MiraFlex 1,,,,,,,,,,,
1040,1040,,,,,,,,Unplanned,,,,,,MiraFlex 1,MiraFlex 1,,,,,,,,,,,
1041,1041,,,,,,,,Unplanned,,,,,,MiraFlex 1,MiraFlex 1,,,,,,,,,,,
1042,1042,,,,,,,,Unplanned,,,,,,MiraFlex 1,MiraFlex 1,,,,,,,,,,,
1043,1043,,,,,,,,Unplanned,,,,,,MiraFlex 1,MiraFlex 1,,,,,,,,,,,
1044,1044,,,,,,,,Unplanned,,,,,,MiraFlex 1,MiraFlex 1,,,,,,,,,,,
1045,1045,,,,,,,,Unplanned,,,,,,MiraFlex 1,MiraFlex 1,,,,,,,,,,,
1046,1046,,,,,,,,Unplanned,,,,,,MiraFlex 1,MiraFlex 1,,,,,,,,,,,
1047,1047,,,,,,,,Unplanned,,,,,,MiraFlex 1,MiraFlex 1,,,,,,,,,,,
1048,1048,,,,,,,,Unplanned,,,,,,MiraFlex 1,MiraFlex 1,,,,,,,,,,,
1049,1049,,,,,,,,Unplanned,,,,,,MiraFlex 1,MiraFlex 1,,,,,,,,,,,
1050,1050,,,,,,,,Unplanned,,,,,,MiraFlex 1,MiraFlex 1,,,,,,,,,,,
1051,1051,,,,,,,,Unplanned,,,,,,MiraFlex 1,MiraFlex 1,,,,,,,,,,,
1052,1052,,,,,,,,Unplanned,,,,,,MiraFlex 1,MiraFlex 1,,,,,,,,,,,
1053,1053,,,,,,,,Unplanned,,,,,,MiraFlex 1,MiraFlex 1,,,,,,,,,,,
1054,1054,,,,,,,,Unplanned,,,,,,MiraFlex 1,MiraFlex 1,,,,,,,,,,,
1055,1055,,,,,,,,Unplanned,,,,,,MiraFlex 1,MiraFlex 1,,,,,,,,,,,
1056,1056,,,,,,,,Unplanned,,,,,,MiraFlex 1,MiraFlex 1,,,,,,,,,,,
1057,1057,,,,,,,,Unplanned,,,,,,MiraFlex 1,MiraFlex 1,,,,,,,,,,,
1058,1058,,,,,,,,Unplanned,,,,,,MiraFlex 1,MiraFlex 1,,,,,,,,,,,
1059,1059,,,,,,,,Unplanned,,,,,,MiraFlex 1,MiraFlex 1,,,,,,,,,,,
1060,1060,,,,,,,,Unplanned,,,,,,MiraFlex 1,MiraFlex 1,,,,,,,,,,,
1061,1061,,,,,,,,Unplanned,,,,,,MiraFlex 1,MiraFlex 1,,,,,,,,,,,
1062,1062,,,,,,,,Unplanned,,,,,,MiraFlex 1,MiraFlex 1,,,,,,,,,,,
1063,1063,,,,,,,,Unplanned,,,,,,MiraFlex 1,MiraFlex 1,,,,,,,,,,,
1064,1064,,,,,,,,Unplanned,,,,,,MiraFlex 1,MiraFlex 1,,,,,,,,,,,
1065,1065,,,,,,,,Unplanned,,,,,,MiraFlex 1,MiraFlex 1,,,,,,,,,,,
1066,1066,,,,,,,,Unplanned,,,,,,MiraFlex 1,MiraFlex 1,,,,,,,,,,,
1067,1067,,,,,,,,Unplanned,,,,,,MiraFlex 1,MiraFlex 1,,,,,,,,,,,
1068,1068,,,,,,,,Unplanned,,,,,,MiraFlex 1,MiraFlex 1,,,,,,,,,,,
1069,1069,,,,,,,,Unplanned,,,,,,MiraFlex 1,MiraFlex 1,,,,,,,,,,,
1070,1070,,,,,,,,Unplanned,,,,,,MiraFlex 1,MiraFlex 1,,,,,,,,,,,
1071,1071,,,,,,,,Unplanned,,,,,,MiraFlex 1,MiraFlex 1,,,,,,,,,,,
1072,1072,,,,,,,,Unplanned,,,,,,MiraFlex 1,MiraFlex 1,,,,,,,,,,,
1073,1073,,,,,,,,Unplanned,,,,,,MiraFlex 1,MiraFlex 1,,,,,,,,,,,
1074,1074,,,,,,,,Unplanned,,,,,,MiraFlex 1,MiraFlex 1,,,,,,,,,,,
1075,1075,,,,,,,,Unplanned,,,,,,MiraFlex 1,MiraFlex 1,,,,,,,,,,,
1076,1076,,,,,,,,Unplanned,,,,,,MiraFlex 1,MiraFlex 1,,,,,,,,,,,
1077,1077,,,,,,,,Unplanned,,,,,,MiraFlex 1,MiraFlex 1,,,,,,,,,,,
1078,1078,,,,,,,,Unplanned,,,,,,MiraFlex 1,MiraFlex 1,,,,,,,,,,,
1079,1079,,,,,,,,Unplanned,,,,,,MiraFlex 1,MiraFlex 1,,,,,,,,,,,
1080,1080,,,,,,,,Unplanned,,,,,,MiraFlex 1,MiraFlex 1,,,,,,,,,,,
1081,1081,,,,,,,,Unplanned,,,,,,MiraFlex 1,MiraFlex 1,,,,,,,,,,,
1082,1082,,,,,,,,Unplanned,,,,,,MiraFlex 1,MiraFlex 1,,,,,,,,,,,
1083,1083,,,,,,,,Unplanned,,,,,,MiraFlex 1,MiraFlex 1,,,,,,,,,,,
1084,1084,,,,,,,,Unplanned,,,,,,MiraFlex 1,MiraFlex 1,,,,,,,,,,,
1085,1085,,,,,,,,Unplanned,,,,,,MiraFlex 1,MiraFlex 1,,,,,,,,,,,
1086,1086,,,,,,,,Unplanned,,,,,,MiraFlex 1,MiraFlex 1,,,,,,,,,,,
1087,1087,,,,,,,,Unplanned,,,,,,MiraFlex 1,MiraFlex 1,,,,,,,,,,,
1088,1088,,,,,,,,Unplanned,,,,,,MiraFlex 1,MiraFlex 1,,,,,,,,,,,
1089,1089,,,,,,,,Unplanned,,,,,,MiraFlex 1,MiraFlex 1,,,,,,,,,,,
1090,1090,,,,,,,,Unplanned,,,,,,MiraFlex 1,MiraFlex 1,,,,,,,,,,,
1091,1091,,,,,,,,Unplanned,,,,,,MiraFlex 1,MiraFlex 1,,,,,,,,,,,
1092,1092,,,,,,,,Unplanned,,,,,,MiraFlex 1,MiraFlex 1,,,,,,,,,,,
1093,1093,,,,,,,,Unplanned,,,,,,MiraFlex 1,MiraFlex 1,,,,,,,,,,,
1094,1094,,,,,,,,Unplanned,,,,,,MiraFlex 1,MiraFlex 1,,,,,,,,,,,
1095,1095,,,,,,,,Unplanned,,,,,,MiraFlex 1,MiraFlex 1,,,,,,,,,,,
1096,1096,,,,,,,,Unplanned,,,,,,MiraFlex 1,MiraFlex 1,,,,,,,,,,,
1097,1097,,,,,,,,Unplanned,,,,,,MiraFlex 1,MiraFlex 1,,,,,,,,,,,
1098,1098,,,,,,,,Unplanned,,,,,,MiraFlex 1,MiraFlex 1,,,,,,,,,,,
1099,1099,,,,,,,,Unplanned,,,,,,MiraFlex 1,MiraFlex 1,,,,,,,,,,,
1100,1100,,,,,,,,Unplanned,,,,,,MiraFlex 1,MiraFlex 1,,,,,,,,,,,
1101,1101,,,,,,,,Unplanned,,,,,,MiraFlex 1,MiraFlex 1,,,,,,,,,,,
1102,1102,,,,,,,,Unplanned,,,,,,MiraFlex 1,MiraFlex 1,,,,,,,,,,,
1103,1103,,,,,,,,Unplanned,,,,,,MiraFlex 1,MiraFlex 1,,,,,,,,,,,
1104,1104,,,,,,,,Unplanned,,,,,,MiraFlex 1,MiraFlex 1,,,,,,,,,,,
1105,1105,,,,,,,,Unplanned,,,,,,MiraFlex 1,MiraFlex 1,,,,,,,,,,,
1106,1106,,,,,,,,Unplanned,,,,,,MiraFlex 1,MiraFlex 1,,,,,,,,,,,
1107,1107,,,,,,,,Unplanned,,,,,,MiraFlex 1,MiraFlex 1,,,,,,,,,,,
1108,1108,,,,,,,,Unplanned,,,,,,MiraFlex 1,MiraFlex 1,,,,,,,,,,,
1109,1109,,,,,,,,Unplanned,,,,,,MiraFlex 1,MiraFlex 1,,,,,,,,,,,
1110,1110,,,,,,,,Unplanned,,,,,,MiraFlex 1,MiraFlex 1,,,,,,,,,,,
1111,1111,,,,,,,,Unplanned,,,,,,MiraFlex 1,MiraFlex 1,,,,,,,,,,,
1112,1112,,,,,,,,Unplanned,,,,,,MiraFlex 1,MiraFlex 1,,,,,,,,,,,
1113,1113,,,,,,,,Unplanned,,,,,,MiraFlex 1,MiraFlex 1,,,,,,,,,,,
1114,1114,,,,,,,,Unplanned,,,,,,MiraFlex 1,MiraFlex 1,,,,,,,,,,,
1115,1115,,,,,,,,Unplanned,,,,,,MiraFlex 1,MiraFlex 1,,,,,,,,,,,
1116,1116,,,,,,,,Unplanned,,,,,,MiraFlex 1,MiraFlex 1,,,,,,,,,,,
1117,1117,,,,,,,,Unplanned,,,,,,MiraFlex 1,MiraFlex 1,,,,,,,,,,,
1118,1118,,,,,,,,Unplanned,,,,,,MiraFlex 1,MiraFlex 1,,,,,,,,,,,
1119,1119,,,,,,,,Unplanned,,,,,,MiraFlex 1,MiraFlex 1,,,,,,,,,,,
1120,1120,,,,,,,,Unplanned,,,,,,MiraFlex 1,MiraFlex 1,,,,,,,,,,,
1121,1121,,,,,,,,Unplanned,,,,,,MiraFlex 1,MiraFlex 1,,,,,,,,,,,
1122,1122,,,,,,,,Unplanned,,,,,,MiraFlex 1,MiraFlex 1,,,,,,,,,,,
1123,1123,,,,,,,,Unplanned,,,,,,MiraFlex 1,MiraFlex 1,,,,,,,,,,,
1124,1124,,,,,,,,Unplanned,,,,,,MiraFlex 1,MiraFlex 1,,,,,,,,,,,
1125,1125,,,,,,,,Unplanned,,,,,,MiraFlex 1,MiraFlex 1,,,,,,,,,,,
1126,1126,,,,,,,,Unplanned,,,,,,MiraFlex 1,MiraFlex 1,,,,,,,,,,,
1127,1127,,,,,,,,Unplanned,,,,,,MiraFlex 1,MiraFlex 1,,,,,,,,,,,
1128,1128,,,,,,,,Unplanned,,,,,,MiraFlex 1,MiraFlex 1,,,,,,,,,,,
1129,1129,,,,,,,,Unplanned,,,,,,MiraFlex 1,MiraFlex 1,,,,,,,,,,,
1130,1130,,,,,,,,Unplanned,,,,,,MiraFlex 1,MiraFlex 1,,,,,,,,,,,
1131,1131,,,,,,,,Unplanned,,,,,,MiraFlex 1,MiraFlex 1,,,,,,,,,,,
1132,1132,,,,,,,,Unplanned,,,,,,MiraFlex 1,MiraFlex 1,,,,,,,,,,,
1133,1133,,,,,,,,Unplanned,,,,,,MiraFlex 1,MiraFlex 1,,,,,,,,,,,
1134,1134,,,,,,,,Unplanned,,,,,,MiraFlex 1,MiraFlex 1,,,,,,,,,,,
1135,1135,,,,,,,,Unplanned,,,,,,MiraFlex 1,MiraFlex 1,,,,,,,,,,,
1136,1136,,,,,,,,Unplanned,,,,,,MiraFlex 1,MiraFlex 1,,,,,,,,,,,
1137,1137,,,,,,,,Unplanned,,,,,,MiraFlex 1,MiraFlex 1,,,,,,,,,,,
1138,1138,,,,,,,,Unplanned,,,,,,MiraFlex 1,MiraFlex 1,,,,,,,,,,,
1139,1139,,,,,,,,Unplanned,,,,,,MiraFlex 1,MiraFlex 1,,,,,,,,,,,
1140,1140,,,,,,,,Unplanned,,,,,,MiraFlex 1,MiraFlex 1,,,,,,,,,,,
1141,1141,,,,,,,,Unplanned,,,,,,MiraFlex 1,MiraFlex 1,,,,,,,,,,,
1142,1142,,,,,,,,Unplanned,,,,,,MiraFlex 1,MiraFlex 1,,,,,,,,,,,
1143,1143,,,,,,,,Unplanned,,,,,,MiraFlex 1,MiraFlex 1,,,,,,,,,,,
1144,1144,,,,,,,,Unplanned,,,,,,MiraFlex 1,MiraFlex 1,,,,,,,,,,,
1145,1145,,,,,,,,Unplanned,,,,,,MiraFlex 1,MiraFlex 1,,,,,,,,,,,
1146,1146,,,,,,,,Unplanned,,,,,,MiraFlex 1,MiraFlex 1,,,,,,,,,,,
1147,1147,,,,,,,,Unplanned,,,,,,MiraFlex 1,MiraFlex 1,,,,,,,,,,,
1148,1148,,,,,,,,Unplanned,,,,,,MiraFlex 1,MiraFlex 1,,,,,,,,,,,
1149,1149,,,,,,,,Unplanned,,,,,,MiraFlex 1,MiraFlex 1,,,,,,,,,,,
1150,1150,,,,,,,,Unplanned,,,,,,MiraFlex 1,MiraFlex 1,,,,,,,,,,,
1151,1151,,,,,,,,Unplanned,,,,,,MiraFlex 1,MiraFlex 1,,,,,,,,,,,
1152,1152,,,,,,,,Unplanned,,,,,,MiraFlex 1,MiraFlex 1,,,,,,,,,,,
1153,1153,,,,,,,,Unplanned,,,,,,MiraFlex 1,MiraFlex 1,,,,,,,,,,,
1154,1154,,,,,,,,Unplanned,,,,,,MiraFlex 1,MiraFlex 1,,,,,,,,,,,
1155,1155,,,,,,,,Unplanned,,,,,,MiraFlex 1,MiraFlex 1,,,,,,,,,,,
1156,1156,,,,,,,,Unplanned,,,,,,MiraFlex 1,MiraFlex 1,,,,,,,,,,,
1157,1157,,,,,,,,Unplanned,,,,,,MiraFlex 1,MiraFlex 1,,,,,,,,,,,
1158,1158,,,,,,,,Unplanned,,,,,,MiraFlex 1,MiraFlex 1,,,,,,,,,,,
1159,1159,,,,,,,,Unplanned,,,,,,MiraFlex 1,MiraFlex 1,,,,,,,,,,,
1160,1160,,,,,,,,Unplanned,,,,,,MiraFlex 1,MiraFlex 1,,,,,,,,,,,
1161,1161,,,,,,,,Unplanned,,,,,,MiraFlex 1,MiraFlex 1,,,,,,,,,,,
1162,1162,,,,,,,,Unplanned,,,,,,MiraFlex 1,MiraFlex 1,,,,,,,,,,,
1163,1163,,,,,,,,Unplanned,,,,,,MiraFlex 1,MiraFlex 1,,,,,,,,,,,
1164,1164,,,,,,,,Unplanned,,,,,,MiraFlex 1,MiraFlex 1,,,,,,,,,,,
1165,1165,,,,,,,,Unplanned,,,,,,MiraFlex 1,MiraFlex 1,,,,,,,,,,,
1166,1166,,,,,,,,Unplanned,,,,,,MiraFlex 1,MiraFlex 1,,,,,,,,,,,
1167,1167,,,,,,,,Unplanned,,,,,,MiraFlex 1,MiraFlex 1,,,,,,,,,,,
1168,1168,,,,,,,,Unplanned,,,,,,MiraFlex 1,MiraFlex 1,,,,,,,,,,,
1169,1169,,,,,,,,Unplanned,,,,,,MiraFlex 1,MiraFlex 1,,,,,,,,,,,
1170,1170,,,,,,,,Unplanned,,,,,,MiraFlex 1,MiraFlex 1,,,,,,,,,,,
1171,1171,,,,,,,,Unplanned,,,,,,MiraFlex 1,MiraFlex 1,,,,,,,,,,,
1172,1172,,,,,,,,Unplanned,,,,,,MiraFlex 1,MiraFlex 1,,,,,,,,,,,
1173,1173,,,,,,,,Unplanned,,,,,,MiraFlex 1,MiraFlex 1,,,,,,,,,,,
1174,1174,,,,,,,,Unplanned,,,,,,MiraFlex 1,MiraFlex 1,,,,,,,,,,,
1175,1175,,,,,,,,Unplanned,,,,,,MiraFlex 1,MiraFlex 1,,,,,,,,,,,
1176,1176,,,,,,,,Unplanned,,,,,,MiraFlex 1,MiraFlex 1,,,,,,,,,,,
1177,1177,,,,,,,,Unplanned,,,,,,MiraFlex 1,MiraFlex 1,,,,,,,,,,,
1178,1178,,,,,,,,Unplanned,,,,,,MiraFlex 1,MiraFlex 1,,,,,,,,,,,
1179,1179,,,,,,,,Unplanned,,,,,,MiraFlex 1,MiraFlex 1,,,,,,,,,,,
1180,1180,,,,,,,,Unplanned,,,,,,MiraFlex 1,MiraFlex 1,,,,,,,,,,,
1181,1181,,,,,,,,Unplanned,,,,,,MiraFlex 1,MiraFlex 1,,,,,,,,,,,
1182,1182,,,,,,,,Unplanned,,,,,,MiraFlex 1,MiraFlex 1,,,,,,,,,,,
1183,1183,,,,,,,,Unplanned,,,,,,MiraFlex 1,MiraFlex 1,,,,,,,,,,,
1184,1184,,,,,,,,Unplanned,,,,,,MiraFlex 1,MiraFlex 1,,,,,,,,,,,
1185,1185,,,,,,,,Unplanned,,,,,,MiraFlex 1,MiraFlex 1,,,,,,,,,,,
1186,1186,,,,,,,,Unplanned,,,,,,MiraFlex 1,MiraFlex 1,,,,,,,,,,,
1187,1187,,,,,,,,Unplanned,,,,,,MiraFlex 1,MiraFlex 1,,,,,,,,,,,
1188,1188,,,,,,,,Unplanned,,,,,,MiraFlex 1,MiraFlex 1,,,,,,,,,,,
1189,1189,,,,,,,,Unplanned,,,,,,MiraFlex 1,MiraFlex 1,,,,,,,,,,,
1190,1190,,,,,,,,Unplanned,,,,,,MiraFlex 1,MiraFlex 1,,,,,,,,,,,
1191,1191,,,,,,,,Unplanned,,,,,,MiraFlex 1,MiraFlex 1,,,,,,,,,,,
1192,1192,,,,,,,,Unplanned,,,,,,MiraFlex 1,MiraFlex 1,,,,,,,,,,,
1193,1193,,,,,,,,Unplanned,,,,,,MiraFlex 1,MiraFlex 1,,,,,,,,,,,
1194,1194,,,,,,,,Unplanned,,,,,,MiraFlex 1,MiraFlex 1,,,,,,,,,,,
1195,1195,,,,,,,,Unplanned,,,,,,MiraFlex 1,MiraFlex 1,,,,,,,,,,,
1196,1196,,,,,,,,Unplanned,,,,,,MiraFlex 1,MiraFlex 1,,,,,,,,,,,
1197,1197,,,,,,,,Unplanned,,,,,,MiraFlex 1,MiraFlex 1,,,,,,,,,,,
1198,1198,,,,,,,,Unplanned,,,,,,MiraFlex 1,MiraFlex 1,,,,,,,,,,,
1199,1199,,,,,,,,Unplanned,,,,,,MiraFlex 1,MiraFlex 1,,,,,,,,,,,
1200,1200,,,,,,,,Unplanned,,,,,,MiraFlex 1,MiraFlex 1,,,,,,,,,,,
1201,1201,,,,,,,,Unplanned,,,,,,MiraFlex 1,MiraFlex 1,,,,,,,,,,,
1202,1202,,,,,,,,Unplanned,,,,,,MiraFlex 1,MiraFlex 1,,,,,,,,,,,
1203,1203,,,,,,,,Unplanned,,,,,,MiraFlex 1,MiraFlex 1,,,,,,,,,,,
1204,1204,,,,,,,,Unplanned,,,,,,MiraFlex 1,MiraFlex 1,,,,,,,,,,,
1205,1205,,,,,,,,Unplanned,,,,,,MiraFlex 1,MiraFlex 1,,,,,,,,,,,
1206,1206,,,,,,,,Unplanned,,,,,,MiraFlex 1,MiraFlex 1,,,,,,,,,,,
1207,1207,,,,,,,,Unplanned,,,,,,MiraFlex 1,MiraFlex 1,,,,,,,,,,,
1208,1208,,,,,,,,Unplanned,,,,,,MiraFlex 1,MiraFlex 1,,,,,,,,,,,
1209,1209,,,,,,,,Unplanned,,,,,,MiraFlex 1,MiraFlex 1,,,,,,,,,,,
1210,1210,,,,,,,,Unplanned,,,,,,MiraFlex 1,MiraFlex 1,,,,,,,,,,,
1211,1211,,,,,,,,Unplanned,,,,,,MiraFlex 1,MiraFlex 1,,,,,,,,,,,
1212,1212,,,,,,,,Unplanned,,,,,,MiraFlex 1,MiraFlex 1,,,,,,,,,,,
1213,1213,,,,,,,,Unplanned,,,,,,MiraFlex 1,MiraFlex 1,,,,,,,,,,,
1214,1214,,,,,,,,Unplanned,,,,,,MiraFlex 1,MiraFlex 1,,,,,,,,,,,
1215,1215,,,,,,,,Unplanned,,,,,,MiraFlex 1,MiraFlex 1,,,,,,,,,,,
1216,1216,,,,,,,,Unplanned,,,,,,MiraFlex 1,MiraFlex 1,,,,,,,,,,,
1217,1217,,,,,,,,Unplanned,,,,,,MiraFlex 1,MiraFlex 1,,,,,,,,,,,
1218,1218,,,,,,,,Unplanned,,,,,,MiraFlex 1,MiraFlex 1,,,,,,,,,,,
1219,1219,,,,,,,,Unplanned,,,,,,MiraFlex 1,MiraFlex 1,,,,,,,,,,,
1220,1220,,,,,,,,Unplanned,,,,,,MiraFlex 1,MiraFlex 1,,,,,,,,,,,
1221,1221,,,,,,,,Unplanned,,,,,,MiraFlex 1,MiraFlex 1,,,,,,,,,,,
1222,1222,,,,,,,,Unplanned,,,,,,MiraFlex 1,MiraFlex 1,,,,,,,,,,,
1223,1223,,,,,,,,Unplanned,,,,,,MiraFlex 1,MiraFlex 1,,,,,,,,,,,
1224,1224,,,,,,,,Unplanned,,,,,,MiraFlex 1,MiraFlex 1,,,,,,,,,,,
1225,1225,,,,,,,,Unplanned,,,,,,MiraFlex 1,MiraFlex 1,,,,,,,,,,,
1226,1226,,,,,,,,Unplanned,,,,,,MiraFlex 1,MiraFlex 1,,,,,,,,,,,
1227,1227,,,,,,,,Unplanned,,,,,,MiraFlex 1,MiraFlex 1,,,,,,,,,,,
1228,1228,,,,,,,,Unplanned,,,,,,MiraFlex 1,MiraFlex 1,,,,,,,,,,,
1229,1229,,,,,,,,Unplanned,,,,,,MiraFlex 1,MiraFlex 1,,,,,,,,,,,
1230,1230,,,,,,,,Unplanned,,,,,,MiraFlex 1,MiraFlex 1,,,,,,,,,,,
1231,1231,,,,,,,,Unplanned,,,,,,MiraFlex 1,MiraFlex 1,,,,,,,,,,,
1232,1232,,,,,,,,Unplanned,,,,,,MiraFlex 1,MiraFlex 1,,,,,,,,,,,
1233,1233,,,,,,,,Unplanned,,,,,,MiraFlex 1,MiraFlex 1,,,,,,,,,,,
1234,1234,,,,,,,,Unplanned,,,,,,MiraFlex 1,MiraFlex 1,,,,,,,,,,,
1235,1235,,,,,,,,Unplanned,,,,,,MiraFlex 1,MiraFlex 1,,,,,,,,,,,
1236,1236,,,,,,,,Unplanned,,,,,,MiraFlex 1,MiraFlex 1,,,,,,,,,,,
1237,1237,,,,,,,,Unplanned,,,,,,MiraFlex 1,MiraFlex 1,,,,,,,,,,,
1238,1238,,,,,,,,Unplanned,,,,,,MiraFlex 1,MiraFlex 1,,,,,,,,,,,
1239,1239,,,,,,,,Unplanned,,,,,,MiraFlex 1,MiraFlex 1,,,,,,,,,,,
1240,1240,,,,,,,,Unplanned,,,,,,MiraFlex 1,MiraFlex 1,,,,,,,,,,,
1241,1241,,,,,,,,Unplanned,,,,,,MiraFlex 1,MiraFlex 1,,,,,,,,,,,
1242,1242,,,,,,,,Unplanned,,,,,,MiraFlex 1,MiraFlex 1,,,,,,,,,,,
1243,1243,,,,,,,,Unplanned,,,,,,MiraFlex 1,MiraFlex 1,,,,,,,,,,,
1244,1244,,,,,,,,Unplanned,,,,,,MiraFlex 1,MiraFlex 1,,,,,,,,,,,
1245,1245,,,,,,,,Unplanned,,,,,,MiraFlex 1,MiraFlex 1,,,,,,,,,,,
1246,1246,,,,,,,,Unplanned,,,,,,MiraFlex 1,MiraFlex 1,,,,,,,,,,,
1247,1247,,,,,,,,Unplanned,,,,,,MiraFlex 1,MiraFlex 1,,,,,,,,,,,
1248,1248,,,,,,,,Unplanned,,,,,,MiraFlex 1,MiraFlex 1,,,,,,,,,,,
1249,1249,,,,,,,,Unplanned,,,,,,MiraFlex 1,MiraFlex 1,,,,,,,,,,,
1250,1250,,,,,,,,Unplanned,,,,,,MiraFlex 1,MiraFlex 1,,,,,,,,,,,
1251,1251,,,,,,,,Unplanned,,,,,,MiraFlex 1,MiraFlex 1,,,,,,,,,,,
1252,1252,,,,,,,,Unplanned,,,,,,MiraFlex 1,MiraFlex 1,,,,,,,,,,,
1253,1253,,,,,,,,Unplanned,,,,,,MiraFlex 1,MiraFlex 1,,,,,,,,,,,
1254,1254,,,,,,,,Unplanned,,,,,,MiraFlex 1,MiraFlex 1,,,,,,,,,,,
1255,1255,,,,,,,,Unplanned,,,,,,MiraFlex 1,MiraFlex 1,,,,,,,,,,,
1256,1256,,,,,,,,Unplanned,,,,,,MiraFlex 1,MiraFlex 1,,,,,,,,,,,
1257,1257,,,,,,,,Unplanned,,,,,,MiraFlex 1,MiraFlex 1,,,,,,,,,,,
1258,1258,,,,,,,,Unplanned,,,,,,MiraFlex 1,MiraFlex 1,,,,,,,,,,,
1259,1259,,,,,,,,Unplanned,,,,,,MiraFlex 1,MiraFlex 1,,,,,,,,,,,
1260,1260,,,,,,,,Unplanned,,,,,,MiraFlex 1,MiraFlex 1,,,,,,,,,,,
1261,1261,,,,,,,,Unplanned,,,,,,MiraFlex 1,MiraFlex 1,,,,,,,,,,,
1262,1262,,,,,,,,Unplanned,,,,,,MiraFlex 1,MiraFlex 1,,,,,,,,,,,
1263,1263,,,,,,,,Unplanned,,,,,,MiraFlex 1,MiraFlex 1,,,,,,,,,,,
1264,1264,,,,,,,,Unplanned,,,,,,MiraFlex 1,MiraFlex 1,,,,,,,,,,,
1265,1265,,,,,,,,Unplanned,,,,,,MiraFlex 1,MiraFlex 1,,,,,,,,,,,
1266,1266,,,,,,,,Unplanned,,,,,,MiraFlex 1,MiraFlex 1,,,,,,,,,,,
1267,1267,,,,,,,,Unplanned,,,,,,MiraFlex 1,MiraFlex 1,,,,,,,,,,,
1268,1268,,,,,,,,Unplanned,,,,,,MiraFlex 1,MiraFlex 1,,,,,,,,,,,
1269,1269,,,,,,,,Unplanned,,,,,,MiraFlex 1,MiraFlex 1,,,,,,,,,,,
1270,1270,,,,,,,,Unplanned,,,,,,MiraFlex 1,MiraFlex 1,,,,,,,,,,,
1271,1271,,,,,,,,Unplanned,,,,,,MiraFlex 1,MiraFlex 1,,,,,,,,,,,
1272,1272,,,,,,,,Unplanned,,,,,,MiraFlex 1,MiraFlex 1,,,,,,,,,,,
1273,1273,,,,,,,,Unplanned,,,,,,MiraFlex 1,MiraFlex 1,,,,,,,,,,,
1274,1274,,,,,,,,Unplanned,,,,,,MiraFlex 1,MiraFlex 1,,,,,,,,,,,
1275,1275,,,,,,,,Unplanned,,,,,,MiraFlex 1,MiraFlex 1,,,,,,,,,,,
1276,1276,,,,,,,,Unplanned,,,,,,MiraFlex 1,MiraFlex 1,,,,,,,,,,,
1277,1277,,,,,,,,Unplanned,,,,,,MiraFlex 1,MiraFlex 1,,,,,,,,,,,
1278,1278,,,,,,,,Unplanned,,,,,,MiraFlex 1,MiraFlex 1,,,,,,,,,,,
1279,1279,,,,,,,,Unplanned,,,,,,MiraFlex 1,MiraFlex 1,,,,,,,,,,,
1280,1280,,,,,,,,Unplanned,,,,,,MiraFlex 1,MiraFlex 1,,,,,,,,,,,
1281,1281,,,,,,,,Unplanned,,,,,,MiraFlex 1,MiraFlex 1,,,,,,,,,,,
1282,1282,,,,,,,,Unplanned,,,,,,MiraFlex 1,MiraFlex 1,,,,,,,,,,,
1283,1283,,,,,,,,Unplanned,,,,,,MiraFlex 1,MiraFlex 1,,,,,,,,,,,
1284,1284,,,,,,,,Unplanned,,,,,,MiraFlex 1,MiraFlex 1,,,,,,,,,,,
1285,1285,,,,,,,,Unplanned,,,,,,MiraFlex 1,MiraFlex 1,,,,,,,,,,,
1286,1286,,,,,,,,Unplanned,,,,,,MiraFlex 1,MiraFlex 1,,,,,,,,,,,
1287,1287,,,,,,,,Unplanned,,,,,,MiraFlex 1,MiraFlex 1,,,,,,,,,,,
1288,1288,,,,,,,,Unplanned,,,,,,MiraFlex 1,MiraFlex 1,,,,,,,,,,,
1289,1289,,,,,,,,Unplanned,,,,,,MiraFlex 1,MiraFlex 1,,,,,,,,,,,
1290,1290,,,,,,,,Unplanned,,,,,,MiraFlex 1,MiraFlex 1,,,,,,,,,,,
1291,1291,,,,,,,,Unplanned,,,,,,MiraFlex 1,MiraFlex 1,,,,,,,,,,,
1292,1292,,,,,,,,Unplanned,,,,,,MiraFlex 1,MiraFlex 1,,,,,,,,,,,
1293,1293,,,,,,,,Unplanned,,,,,,MiraFlex 1,MiraFlex 1,,,,,,,,,,,
1294,1294,,,,,,,,Unplanned,,,,,,MiraFlex 1,MiraFlex 1,,,,,,,,,,,
1295,1295,,,,,,,,Unplanned,,,,,,MiraFlex 1,MiraFlex 1,,,,,,,,,,,
1296,1296,,,,,,,,Unplanned,,,,,,MiraFlex 1,MiraFlex 1,,,,,,,,,,,
1297,1297,,,,,,,,Unplanned,,,,,,MiraFlex 1,MiraFlex 1,,,,,,,,,,,
1298,1298,,,,,,,,Unplanned,,,,,,MiraFlex 1,MiraFlex 1,,,,,,,,,,,
1299,1299,,,,,,,,Unplanned,,,,,,MiraFlex 1,MiraFlex 1,,,,,,,,,,,
1300,1300,,,,,,,,Unplanned,,,,,,MiraFlex 1,MiraFlex 1,,,,,,,,,,,
1301,1301,,,,,,,,Unplanned,,,,,,MiraFlex 1,MiraFlex 1,,,,,,,,,,,
1302,1302,,,,,,,,Unplanned,,,,,,MiraFlex 1,MiraFlex 1,,,,,,,,,,,
1303,1303,,,,,,,,Unplanned,,,,,,MiraFlex 1,MiraFlex 1,,,,,,,,,,,
1304,1304,,,,,,,,Unplanned,,,,,,MiraFlex 1,MiraFlex 1,,,,,,,,,,,
1305,1305,,,,,,,,Unplanned,,,,,,MiraFlex 1,MiraFlex 1,,,,,,,,,,,
1306,1306,,,,,,,,Unplanned,,,,,,MiraFlex 1,MiraFlex 1,,,,,,,,,,,
1307,1307,,,,,,,,Unplanned,,,,,,MiraFlex 1,MiraFlex 1,,,,,,,,,,,
1308,1308,,,,,,,,Unplanned,,,,,,MiraFlex 1,MiraFlex 1,,,,,,,,,,,
1309,1309,,,,,,,,Unplanned,,,,,,MiraFlex 1,MiraFlex 1,,,,,,,,,,,
1310,1310,,,,,,,,Unplanned,,,,,,MiraFlex 1,MiraFlex 1,,,,,,,,,,,
1311,1311,,,,,,,,Unplanned,,,,,,MiraFlex 1,MiraFlex 1,,,,,,,,,,,
1312,1312,,,,,,,,Unplanned,,,,,,MiraFlex 1,MiraFlex 1,,,,,,,,,,,
1313,1313,,,,,,,,Unplanned,,,,,,MiraFlex 1,MiraFlex 1,,,,,,,,,,,
1314,1314,,,,,,,,Unplanned,,,,,,MiraFlex 1,MiraFlex 1,,,,,,,,,,,
1315,1315,,,,,,,,Unplanned,,,,,,MiraFlex 1,MiraFlex 1,,,,,,,,,,,
1316,1316,,,,,,,,Unplanned,,,,,,MiraFlex 1,MiraFlex 1,,,,,,,,,,,
1317,1317,,,,,,,,Unplanned,,,,,,MiraFlex 1,MiraFlex 1,,,,,,,,,,,
1318,1318,,,,,,,,Unplanned,,,,,,MiraFlex 1,MiraFlex 1,,,,,,,,,,,
1319,1319,,,,,,,,Unplanned,,,,,,MiraFlex 1,MiraFlex 1,,,,,,,,,,,
1320,1320,,,,,,,,Unplanned,,,,,,MiraFlex 1,MiraFlex 1,,,,,,,,,,,
1321,1321,,,,,,,,Unplanned,,,,,,MiraFlex 1,MiraFlex 1,,,,,,,,,,,
1322,1322,,,,,,,,Unplanned,,,,,,MiraFlex 1,MiraFlex 1,,,,,,,,,,,
1323,1323,,,,,,,,Unplanned,,,,,,MiraFlex 1,MiraFlex 1,,,,,,,,,,,
1324,1324,,,,,,,,Unplanned,,,,,,MiraFlex 1,MiraFlex 1,,,,,,,,,,,
1325,1325,,,,,,,,Unplanned,,,,,,MiraFlex 1,MiraFlex 1,,,,,,,,,,,
1326,1326,,,,,,,,Unplanned,,,,,,MiraFlex 1,MiraFlex 1,,,,,,,,,,,
1327,1327,,,,,,,,Unplanned,,,,,,MiraFlex 1,MiraFlex 1,,,,,,,,,,,
1328,1328,,,,,,,,Unplanned,,,,,,MiraFlex 1,MiraFlex 1,,,,,,,,,,,
1329,1329,,,,,,,,Unplanned,,,,,,MiraFlex 1,MiraFlex 1,,,,,,,,,,,
1330,1330,,,,,,,,Unplanned,,,,,,MiraFlex 1,MiraFlex 1,,,,,,,,,,,
1331,1331,,,,,,,,Unplanned,,,,,,MiraFlex 1,MiraFlex 1,,,,,,,,,,,
1332,1332,,,,,,,,Unplanned,,,,,,MiraFlex 1,MiraFlex 1,,,,,,,,,,,
1333,1333,,,,,,,,Unplanned,,,,,,MiraFlex 1,MiraFlex 1,,,,,,,,,,,
1334,1334,,,,,,,,Unplanned,,,,,,MiraFlex 1,MiraFlex 1,,,,,,,,,,,
1335,1335,,,,,,,,Unplanned,,,,,,MiraFlex 1,MiraFlex 1,,,,,,,,,,,
1336,1336,,,,,,,,Unplanned,,,,,,MiraFlex 1,MiraFlex 1,,,,,,,,,,,
1337,1337,,,,,,,,Unplanned,,,,,,MiraFlex 1,MiraFlex 1,,,,,,,,,,,
1338,1338,,,,,,,,Unplanned,,,,,,MiraFlex 1,MiraFlex 1,,,,,,,,,,,
1339,1339,,,,,,,,Unplanned,,,,,,MiraFlex 1,MiraFlex 1,,,,,,,,,,,
1340,1340,,,,,,,,Unplanned,,,,,,MiraFlex 1,MiraFlex 1,,,,,,,,,,,
1341,1341,,,,,,,,Unplanned,,,,,,MiraFlex 1,MiraFlex 1,,,,,,,,,,,
1342,1342,,,,,,,,Unplanned,,,,,,MiraFlex 1,MiraFlex 1,,,,,,,,,,,
1343,1343,,,,,,,,Unplanned,,,,,,MiraFlex 1,MiraFlex 1,,,,,,,,,,,
1344,1344,,,,,,,,Unplanned,,,,,,MiraFlex 1,MiraFlex 1,,,,,,,,,,,
1345,1345,,,,,,,,Unplanned,,,,,,MiraFlex 1,MiraFlex 1,,,,,,,,,,,
1346,1346,,,,,,,,Unplanned,,,,,,MiraFlex 1,MiraFlex 1,,,,,,,,,,,
1347,1347,,,,,,,,Unplanned,,,,,,MiraFlex 1,MiraFlex 1,,,,,,,,,,,
1348,1348,,,,,,,,Unplanned,,,,,,MiraFlex 1,MiraFlex 1,,,,,,,,,,,
1349,1349,,,,,,,,Unplanned,,,,,,MiraFlex 1,MiraFlex 1,,,,,,,,,,,
1350,1350,,,,,,,,Unplanned,,,,,,MiraFlex 1,MiraFlex 1,,,,,,,,,,,
1351,1351,,,,,,,,Unplanned,,,,,,MiraFlex 1,MiraFlex 1,,,,,,,,,,,
1352,1352,,,,,,,,Unplanned,,,,,,MiraFlex 1,MiraFlex 1,,,,,,,,,,,
1353,1353,,,,,,,,Unplanned,,,,,,MiraFlex 1,MiraFlex 1,,,,,,,,,,,
1354,1354,,,,,,,,Unplanned,,,,,,MiraFlex 1,MiraFlex 1,,,,,,,,,,,
1355,1355,,,,,,,,Unplanned,,,,,,MiraFlex 1,MiraFlex 1,,,,,,,,,,,
1356,1356,,,,,,,,Unplanned,,,,,,MiraFlex 1,MiraFlex 1,,,,,,,,,,,
1357,1357,,,,,,,,Unplanned,,,,,,MiraFlex 1,MiraFlex 1,,,,,,,,,,,
1358,1358,,,,,,,,Unplanned,,,,,,MiraFlex 1,MiraFlex 1,,,,,,,,,,,
1359,1359,,,,,,,,Unplanned,,,,,,MiraFlex 1,MiraFlex 1,,,,,,,,,,,
1360,1360,,,,,,,,Unplanned,,,,,,MiraFlex 1,MiraFlex 1,,,,,,,,,,,
1361,1361,,,,,,,,Unplanned,,,,,,MiraFlex 1,MiraFlex 1,,,,,,,,,,,
1362,1362,,,,,,,,Unplanned,,,,,,MiraFlex 1,MiraFlex 1,,,,,,,,,,,
1363,1363,,,,,,,,Unplanned,,,,,,MiraFlex 1,MiraFlex 1,,,,,,,,,,,
1364,1364,,,,,,,,Unplanned,,,,,,MiraFlex 1,MiraFlex 1,,,,,,,,,,,
1365,1365,,,,,,,,Unplanned,,,,,,MiraFlex 1,MiraFlex 1,,,,,,,,,,,
1366,1366,,,,,,,,Unplanned,,,,,,MiraFlex 1,MiraFlex 1,,,,,,,,,,,
1367,1367,,,,,,,,Unplanned,,,,,,MiraFlex 1,MiraFlex 1,,,,,,,,,,,
1368,1368,,,,,,,,Unplanned,,,,,,MiraFlex 1,MiraFlex 1,,,,,,,,,,,
1369,1369,,,,,,,,Unplanned,,,,,,MiraFlex 1,MiraFlex 1,,,,,,,,,,,
1370,1370,,,,,,,,Unplanned,,,,,,MiraFlex 1,MiraFlex 1,,,,,,,,,,,
1371,1371,,,,,,,,Unplanned,,,,,,MiraFlex 1,MiraFlex 1,,,,,,,,,,,
1372,1372,,,,,,,,Unplanned,,,,,,MiraFlex 1,MiraFlex 1,,,,,,,,,,,
1373,1373,,,,,,,,Unplanned,,,,,,MiraFlex 1,MiraFlex 1,,,,,,,,,,,
1374,1374,,,,,,,,Unplanned,,,,,,MiraFlex 1,MiraFlex 1,,,,,,,,,,,
1375,1375,,,,,,,,Unplanned,,,,,,MiraFlex 1,MiraFlex 1,,,,,,,,,,,
1376,1376,,,,,,,,Unplanned,,,,,,MiraFlex 1,MiraFlex 1,,,,,,,,,,,
1377,1377,,,,,,,,Unplanned,,,,,,MiraFlex 1,MiraFlex 1,,,,,,,,,,,
1378,1378,,,,,,,,Unplanned,,,,,,MiraFlex 1,MiraFlex 1,,,,,,,,,,,
1379,1379,,,,,,,,Unplanned,,,,,,MiraFlex 1,MiraFlex 1,,,,,,,,,,,
1380,1380,,,,,,,,Unplanned,,,,,,MiraFlex 1,MiraFlex 1,,,,,,,,,,,
1381,1381,,,,,,,,Unplanned,,,,,,MiraFlex 1,MiraFlex 1,,,,,,,,,,,
1382,1382,,,,,,,,Unplanned,,,,,,MiraFlex 1,MiraFlex 1,,,,,,,,,,,
1383,1383,,,,,,,,Unplanned,,,,,,MiraFlex 1,MiraFlex 1,,,,,,,,,,,
1384,1384,,,,,,,,Unplanned,,,,,,MiraFlex 1,MiraFlex 1,,,,,,,,,,,
1385,1385,,,,,,,,Unplanned,,,,,,MiraFlex 1,MiraFlex 1,,,,,,,,,,,
1386,1386,,,,,,,,Unplanned,,,,,,MiraFlex 1,MiraFlex 1,,,,,,,,,,,
1387,1387,,,,,,,,Unplanned,,,,,,MiraFlex 1,MiraFlex 1,,,,,,,,,,,
1388,1388,,,,,,,,Unplanned,,,,,,MiraFlex 1,MiraFlex 1,,,,,,,,,,,
1389,1389,,,,,,,,Unplanned,,,,,,MiraFlex 1,MiraFlex 1,,,,,,,,,,,
1390,1390,,,,,,,,Unplanned,,,,,,MiraFlex 1,MiraFlex 1,,,,,,,,,,,
1391,1391,,,,,,,,Unplanned,,,,,,MiraFlex 1,MiraFlex 1,,,,,,,,,,,
1392,1392,,,,,,,,Unplanned,,,,,,MiraFlex 1,MiraFlex 1,,,,,,,,,,,
1393,1393,,,,,,,,Unplanned,,,,,,MiraFlex 1,MiraFlex 1,,,,,,,,,,,
1394,1394,,,,,,,,Unplanned,,,,,,MiraFlex 1,MiraFlex 1,,,,,,,,,,,
1395,1395,,,,,,,,Unplanned,,,,,,MiraFlex 1,MiraFlex 1,,,,,,,,,,,
1396,1396,,,,,,,,Unplanned,,,,,,MiraFlex 1,MiraFlex 1,,,,,,,,,,,
1397,1397,,,,,,,,Unplanned,,,,,,MiraFlex 1,MiraFlex 1,,,,,,,,,,,
1398,1398,,,,,,,,Unplanned,,,,,,MiraFlex 1,MiraFlex 1,,,,,,,,,,,
1399,1399,,,,,,,,Unplanned,,,,,,MiraFlex 1,MiraFlex 1,,,,,,,,,,,
1400,1400,,,,,,,,Unplanned,,,,,,MiraFlex 1,MiraFlex 1,,,,,,,,,,,
1401,1401,,,,,,,,Unplanned,,,,,,MiraFlex 1,MiraFlex 1,,,,,,,,,,,
1402,1402,,,,,,,,Unplanned,,,,,,MiraFlex 1,MiraFlex 1,,,,,,,,,,,
1403,1403,,,,,,,,Unplanned,,,,,,MiraFlex 1,MiraFlex 1,,,,,,,,,,,
1404,1404,,,,,,,,Unplanned,,,,,,MiraFlex 1,MiraFlex 1,,,,,,,,,,,
1405,1405,,,,,,,,Unplanned,,,,,,MiraFlex 1,MiraFlex 1,,,,,,,,,,,
1406,1406,,,,,,,,Unplanned,,,,,,MiraFlex 1,MiraFlex 1,,,,,,,,,,,
1407,1407,,,,,,,,Unplanned,,,,,,MiraFlex 1,MiraFlex 1,,,,,,,,,,,
1408,1408,,,,,,,,Unplanned,,,,,,MiraFlex 1,MiraFlex 1,,,,,,,,,,,
1409,1409,,,,,,,,Unplanned,,,,,,MiraFlex 1,MiraFlex 1,,,,,,,,,,,
1410,1410,,,,,,,,Unplanned,,,,,,MiraFlex 1,MiraFlex 1,,,,,,,,,,,
1411,1411,,,,,,,,Unplanned,,,,,,MiraFlex 1,MiraFlex 1,,,,,,,,,,,
1412,1412,,,,,,,,Unplanned,,,,,,MiraFlex 1,MiraFlex 1,,,,,,,,,,,
1413,1413,,,,,,,,Unplanned,,,,,,MiraFlex 1,MiraFlex 1,,,,,,,,,,,
1414,1414,,,,,,,,Unplanned,,,,,,MiraFlex 1,MiraFlex 1,,,,,,,,,,,
1415,1415,,,,,,,,Unplanned,,,,,,MiraFlex 1,MiraFlex 1,,,,,,,,,,,
1416,1416,,,,,,,,Unplanned,,,,,,MiraFlex 1,MiraFlex 1,,,,,,,,,,,
1417,1417,,,,,,,,Unplanned,,,,,,MiraFlex 1,MiraFlex 1,,,,,,,,,,,
1418,1418,,,,,,,,Unplanned,,,,,,MiraFlex 1,MiraFlex 1,,,,,,,,,,,
1419,1419,,,,,,,,Unplanned,,,,,,MiraFlex 1,MiraFlex 1,,,,,,,,,,,
1420,1420,,,,,,,,Unplanned,,,,,,MiraFlex 1,MiraFlex 1,,,,,,,,,,,
1421,1421,,,,,,,,Unplanned,,,,,,MiraFlex 1,MiraFlex 1,,,,,,,,,,,
1422,1422,,,,,,,,Unplanned,,,,,,MiraFlex 1,MiraFlex 1,,,,,,,,,,,
1423,1423,,,,,,,,Unplanned,,,,,,MiraFlex 1,MiraFlex 1,,,,,,,,,,,
1424,1424,,,,,,,,Unplanned,,,,,,MiraFlex 1,MiraFlex 1,,,,,,,,,,,
1425,1425,,,,,,,,Unplanned,,,,,,MiraFlex 1,MiraFlex 1,,,,,,,,,,,
1426,1426,,,,,,,,Unplanned,,,,,,MiraFlex 1,MiraFlex 1,,,,,,,,,,,
1427,1427,,,,,,,,Unplanned,,,,,,MiraFlex 1,MiraFlex 1,,,,,,,,,,,
1428,1428,,,,,,,,Unplanned,,,,,,MiraFlex 1,MiraFlex 1,,,,,,,,,,,
1429,1429,,,,,,,,Unplanned,,,,,,MiraFlex 1,MiraFlex 1,,,,,,,,,,,
1430,1430,,,,,,,,Unplanned,,,,,,MiraFlex 1,MiraFlex 1,,,,,,,,,,,
1431,1431,,,,,,,,Unplanned,,,,,,MiraFlex 1,MiraFlex 1,,,,,,,,,,,
1432,1432,,,,,,,,Unplanned,,,,,,MiraFlex 1,MiraFlex 1,,,,,,,,,,,
1433,1433,,,,,,,,Unplanned,,,,,,MiraFlex 1,MiraFlex 1,,,,,,,,,,,
1434,1434,,,,,,,,Unplanned,,,,,,MiraFlex 1,MiraFlex 1,,,,,,,,,,,
1435,1435,,,,,,,,Unplanned,,,,,,MiraFlex 1,MiraFlex 1,,,,,,,,,,,
1436,1436,,,,,,,,Unplanned,,,,,,MiraFlex 1,MiraFlex 1,,,,,,,,,,,
1437,1437,,,,,,,,Unplanned,,,,,,MiraFlex 1,MiraFlex 1,,,,,,,,,,,
1438,1438,,,,,,,,Unplanned,,,,,,MiraFlex 1,MiraFlex 1,,,,,,,,,,,
1439,1439,,,,,,,,Unplanned,,,,,,MiraFlex 1,MiraFlex 1,,,,,,,,,,,
1440,1440,,,,,,,,Unplanned,,,,,,MiraFlex 1,MiraFlex 1,,,,,,,,,,,
1441,1441,,,,,,,,Unplanned,,,,,,MiraFlex 1,MiraFlex 1,,,,,,,,,,,
1442,1442,,,,,,,,Unplanned,,,,,,MiraFlex 1,MiraFlex 1,,,,,,,,,,,
1443,1443,,,,,,,,Unplanned,,,,,,MiraFlex 1,MiraFlex 1,,,,,,,,,,,
1444,1444,,,,,,,,Unplanned,,,,,,MiraFlex 1,MiraFlex 1,,,,,,,,,,,
1445,1445,,,,,,,,Unplanned,,,,,,MiraFlex 1,MiraFlex 1,,,,,,,,,,,
1446,1446,,,,,,,,Unplanned,,,,,,MiraFlex 1,MiraFlex 1,,,,,,,,,,,
1447,1447,,,,,,,,Unplanned,,,,,,MiraFlex 1,MiraFlex 1,,,,,,,,,,,
1448,1448,,,,,,,,Unplanned,,,,,,MiraFlex 1,MiraFlex 1,,,,,,,,,,,
1449,1449,,,,,,,,Unplanned,,,,,,MiraFlex 1,MiraFlex 1,,,,,,,,,,,
1450,1450,,,,,,,,Unplanned,,,,,,MiraFlex 1,MiraFlex 1,,,,,,,,,,,
1451,1451,,,,,,,,Unplanned,,,,,,MiraFlex 1,MiraFlex 1,,,,,,,,,,,
1452,1452,,,,,,,,Unplanned,,,,,,MiraFlex 1,MiraFlex 1,,,,,,,,,,,
1453,1453,,,,,,,,Unplanned,,,,,,MiraFlex 1,MiraFlex 1,,,,,,,,,,,
1454,1454,,,,,,,,Unplanned,,,,,,MiraFlex 1,MiraFlex 1,,,,,,,,,,,
1455,1455,,,,,,,,Unplanned,,,,,,MiraFlex 1,MiraFlex 1,,,,,,,,,,,
1456,1456,,,,,,,,Unplanned,,,,,,MiraFlex 1,MiraFlex 1,,,,,,,,,,,
1457,1457,,,,,,,,Unplanned,,,,,,MiraFlex 1,MiraFlex 1,,,,,,,,,,,
1458,1458,,,,,,,,Unplanned,,,,,,MiraFlex 1,MiraFlex 1,,,,,,,,,,,
1459,1459,,,,,,,,Unplanned,,,,,,MiraFlex 1,MiraFlex 1,,,,,,,,,,,
1460,1460,,,,,,,,Unplanned,,,,,,MiraFlex 1,MiraFlex 1,,,,,,,,,,,
1461,1461,,,,,,,,Unplanned,,,,,,MiraFlex 1,MiraFlex 1,,,,,,,,,,,
1462,1462,,,,,,,,Unplanned,,,,,,MiraFlex 1,MiraFlex 1,,,,,,,,,,,
1463,1463,,,,,,,,Unplanned,,,,,,MiraFlex 1,MiraFlex 1,,,,,,,,,,,
1464,1464,,,,,,,,Unplanned,,,,,,MiraFlex 1,MiraFlex 1,,,,,,,,,,,
1465,1465,,,,,,,,Unplanned,,,,,,MiraFlex 1,MiraFlex 1,,,,,,,,,,,
1466,1466,,,,,,,,Unplanned,,,,,,MiraFlex 1,MiraFlex 1,,,,,,,,,,,
1467,1467,,,,,,,,Unplanned,,,,,,MiraFlex 1,MiraFlex 1,,,,,,,,,,,
1468,1468,,,,,,,,Unplanned,,,,,,MiraFlex 1,MiraFlex 1,,,,,,,,,,,
1469,1469,,,,,,,,Unplanned,,,,,,MiraFlex 1,MiraFlex 1,,,,,,,,,,,
1470,1470,,,,,,,,Unplanned,,,,,,MiraFlex 1,MiraFlex 1,,,,,,,,,,,
1471,1471,,,,,,,,Unplanned,,,,,,MiraFlex 1,MiraFlex 1,,,,,,,,,,,
1472,1472,,,,,,,,Unplanned,,,,,,MiraFlex 1,MiraFlex 1,,,,,,,,,,,
1473,1473,,,,,,,,Unplanned,,,,,,MiraFlex 1,MiraFlex 1,,,,,,,,,,,
1474,1474,,,,,,,,Unplanned,,,,,,MiraFlex 1,MiraFlex 1,,,,,,,,,,,
1475,1475,,,,,,,,Unplanned,,,,,,MiraFlex 1,MiraFlex 1,,,,,,,,,,,
1476,1476,,,,,,,,Unplanned,,,,,,MiraFlex 1,MiraFlex 1,,,,,,,,,,,
1477,1477,,,,,,,,Unplanned,,,,,,MiraFlex 1,MiraFlex 1,,,,,,,,,,,
1478,1478,,,,,,,,Unplanned,,,,,,MiraFlex 1,MiraFlex 1,,,,,,,,,,,
1479,1479,,,,,,,,Unplanned,,,,,,MiraFlex 1,MiraFlex 1,,,,,,,,,,,
1480,1480,,,,,,,,Unplanned,,,,,,MiraFlex 1,MiraFlex 1,,,,,,,,,,,
1481,1481,,,,,,,,Unplanned,,,,,,MiraFlex 1,MiraFlex 1,,,,,,,,,,,
1482,1482,,,,,,,,Unplanned,,,,,,MiraFlex 1,MiraFlex 1,,,,,,,,,,,
1483,1483,,,,,,,,Unplanned,,,,,,MiraFlex 1,MiraFlex 1,,,,,,,,,,,
1484,1484,,,,,,,,Unplanned,,,,,,MiraFlex 1,MiraFlex 1,,,,,,,,,,,
1485,1485,,,,,,,,Unplanned,,,,,,MiraFlex 1,MiraFlex 1,,,,,,,,,,,
1486,1486,,,,,,,,Unplanned,,,,,,MiraFlex 1,MiraFlex 1,,,,,,,,,,,
1487,1487,,,,,,,,Unplanned,,,,,,MiraFlex 1,MiraFlex 1,,,,,,,,,,,
1488,1488,,,,,,,,Unplanned,,,,,,MiraFlex 1,MiraFlex 1,,,,,,,,,,,
1489,1489,,,,,,,,Unplanned,,,,,,MiraFlex 1,MiraFlex 1,,,,,,,,,,,
1490,1490,,,,,,,,Unplanned,,,,,,MiraFlex 1,MiraFlex 1,,,,,,,,,,,
1491,1491,,,,,,,,Unplanned,,,,,,MiraFlex 1,MiraFlex 1,,,,,,,,,,,
1492,1492,,,,,,,,Unplanned,,,,,,MiraFlex 1,MiraFlex 1,,,,,,,,,,,
1493,1493,,,,,,,,Unplanned,,,,,,MiraFlex 1,MiraFlex 1,,,,,,,,,,,
1494,1494,,,,,,,,Unplanned,,,,,,MiraFlex 1,MiraFlex 1,,,,,,,,,,,
1495,1495,,,,,,,,Unplanned,,,,,,MiraFlex 1,MiraFlex 1,,,,,,,,,,,
1496,1496,,,,,,,,Unplanned,,,,,,MiraFlex 1,MiraFlex 1,,,,,,,,,,,
1497,1497,,,,,,,,Unplanned,,,,,,MiraFlex 1,MiraFlex 1,,,,,,,,,,,
1498,1498,,,,,,,,Unplanned,,,,,,MiraFlex 1,MiraFlex 1,,,,,,,,,,,
1499,1499,,,,,,,,Unplanned,,,,,,MiraFlex 1,MiraFlex 1,,,,,,,,,,,
1500,1500,,,,,,,,Unplanned,,,,,,MiraFlex 1,MiraFlex 1,,,,,,,,,,,
1501,1501,,,,,,,,Unplanned,,,,,,MiraFlex 1,MiraFlex 1,,,,,,,,,,,
1502,1502,,,,,,,,Unplanned,,,,,,MiraFlex 1,MiraFlex 1,,,,,,,,,,,
1503,1503,,,,,,,,Unplanned,,,,,,MiraFlex 1,MiraFlex 1,,,,,,,,,,,
1504,1504,,,,,,,,Unplanned,,,,,,MiraFlex 1,MiraFlex 1,,,,,,,,,,,
1505,1505,,,,,,,,Unplanned,,,,,,MiraFlex 1,MiraFlex 1,,,,,,,,,,,
1506,1506,,,,,,,,Unplanned,,,,,,MiraFlex 1,MiraFlex 1,,,,,,,,,,,
1507,1507,,,,,,,,Unplanned,,,,,,MiraFlex 1,MiraFlex 1,,,,,,,,,,,
1508,1508,,,,,,,,Unplanned,,,,,,MiraFlex 1,MiraFlex 1,,,,,,,,,,,
1509,1509,,,,,,,,Unplanned,,,,,,MiraFlex 1,MiraFlex 1,,,,,,,,,,,
1510,1510,,,,,,,,Unplanned,,,,,,MiraFlex 1,MiraFlex 1,,,,,,,,,,,
1511,1511,,,,,,,,Unplanned,,,,,,MiraFlex 1,MiraFlex 1,,,,,,,,,,,
1512,1512,,,,,,,,Unplanned,,,,,,MiraFlex 1,MiraFlex 1,,,,,,,,,,,
1513,1513,,,,,,,,Unplanned,,,,,,MiraFlex 1,MiraFlex 1,,,,,,,,,,,
1514,1514,,,,,,,,Unplanned,,,,,,MiraFlex 1,MiraFlex 1,,,,,,,,,,,
1515,1515,,,,,,,,Unplanned,,,,,,MiraFlex 1,MiraFlex 1,,,,,,,,,,,
1516,1516,,,,,,,,Unplanned,,,,,,MiraFlex 1,MiraFlex 1,,,,,,,,,,,
1517,1517,,,,,,,,Unplanned,,,,,,MiraFlex 1,MiraFlex 1,,,,,,,,,,,
1518,1518,,,,,,,,Unplanned,,,,,,MiraFlex 1,MiraFlex 1,,,,,,,,,,,
1519,1519,,,,,,,,Unplanned,,,,,,MiraFlex 1,MiraFlex 1,,,,,,,,,,,
1520,1520,,,,,,,,Unplanned,,,,,,MiraFlex 1,MiraFlex 1,,,,,,,,,,,
1521,1521,,,,,,,,Unplanned,,,,,,MiraFlex 1,MiraFlex 1,,,,,,,,,,,
1522,1522,,,,,,,,Unplanned,,,,,,MiraFlex 1,MiraFlex 1,,,,,,,,,,,
1523,1523,,,,,,,,Unplanned,,,,,,MiraFlex 1,MiraFlex 1,,,,,,,,,,,
1524,1524,,,,,,,,Unplanned,,,,,,MiraFlex 1,MiraFlex 1,,,,,,,,,,,
1525,1525,,,,,,,,Unplanned,,,,,,MiraFlex 1,MiraFlex 1,,,,,,,,,,,
1526,1526,,,,,,,,Unplanned,,,,,,MiraFlex 1,MiraFlex 1,,,,,,,,,,,
1527,1527,,,,,,,,Unplanned,,,,,,MiraFlex 1,MiraFlex 1,,,,,,,,,,,
1528,1528,,,,,,,,Unplanned,,,,,,MiraFlex 1,MiraFlex 1,,,,,,,,,,,
1529,1529,,,,,,,,Unplanned,,,,,,MiraFlex 1,MiraFlex 1,,,,,,,,,,,
1530,1530,,,,,,,,Unplanned,,,,,,MiraFlex 1,MiraFlex 1,,,,,,,,,,,
1531,1531,,,,,,,,Unplanned,,,,,,MiraFlex 1,MiraFlex 1,,,,,,,,,,,
1532,1532,,,,,,,,Unplanned,,,,,,MiraFlex 1,MiraFlex 1,,,,,,,,,,,
1533,1533,,,,,,,,Unplanned,,,,,,MiraFlex 1,MiraFlex 1,,,,,,,,,,,
1534,1534,,,,,,,,Unplanned,,,,,,MiraFlex 1,MiraFlex 1,,,,,,,,,,,
1535,1535,,,,,,,,Unplanned,,,,,,MiraFlex 1,MiraFlex 1,,,,,,,,,,,
1536,1536,,,,,,,,Unplanned,,,,,,MiraFlex 1,MiraFlex 1,,,,,,,,,,,
1537,1537,,,,,,,,Unplanned,,,,,,MiraFlex 1,MiraFlex 1,,,,,,,,,,,
1538,1538,,,,,,,,Unplanned,,,,,,MiraFlex 1,MiraFlex 1,,,,,,,,,,,
1539,1539,,,,,,,,Unplanned,,,,,,MiraFlex 1,MiraFlex 1,,,,,,,,,,,
1540,1540,,,,,,,,Unplanned,,,,,,MiraFlex 1,MiraFlex 1,,,,,,,,,,,
1541,1541,,,,,,,,Unplanned,,,,,,MiraFlex 1,MiraFlex 1,,,,,,,,,,,
1542,1542,,,,,,,,Unplanned,,,,,,MiraFlex 1,MiraFlex 1,,,,,,,,,,,
1543,1543,,,,,,,,Unplanned,,,,,,MiraFlex 1,MiraFlex 1,,,,,,,,,,,
1544,1544,,,,,,,,Unplanned,,,,,,MiraFlex 1,MiraFlex 1,,,,,,,,,,,
1545,1545,,,,,,,,Unplanned,,,,,,MiraFlex 1,MiraFlex 1,,,,,,,,,,,
1546,1546,,,,,,,,Unplanned,,,,,,MiraFlex 1,MiraFlex 1,,,,,,,,,,,
1547,1547,,,,,,,,Unplanned,,,,,,MiraFlex 1,MiraFlex 1,,,,,,,,,,,
1548,1548,,,,,,,,Unplanned,,,,,,MiraFlex 1,MiraFlex 1,,,,,,,,,,,
1549,1549,,,,,,,,Unplanned,,,,,,MiraFlex 1,MiraFlex 1,,,,,,,,,,,
1550,1550,,,,,,,,Unplanned,,,,,,MiraFlex 1,MiraFlex 1,,,,,,,,,,,
1551,1551,,,,,,,,Unplanned,,,,,,MiraFlex 1,MiraFlex 1,,,,,,,,,,,
1552,1552,,,,,,,,Unplanned,,,,,,MiraFlex 1,MiraFlex 1,,,,,,,,,,,
1553,1553,,,,,,,,Unplanned,,,,,,MiraFlex 1,MiraFlex 1,,,,,,,,,,,
1554,1554,,,,,,,,Unplanned,,,,,,MiraFlex 1,MiraFlex 1,,,,,,,,,,,
1555,1555,,,,,,,,Unplanned,,,,,,MiraFlex 1,MiraFlex 1,,,,,,,,,,,
1556,1556,,,,,,,,Unplanned,,,,,,MiraFlex 1,MiraFlex 1,,,,,,,,,,,
1557,1557,,,,,,,,Unplanned,,,,,,MiraFlex 1,MiraFlex 1,,,,,,,,,,,
1558,1558,,,,,,,,Unplanned,,,,,,MiraFlex 1,MiraFlex 1,,,,,,,,,,,
1559,1559,,,,,,,,Unplanned,,,,,,MiraFlex 1,MiraFlex 1,,,,,,,,,,,
1560,1560,,,,,,,,Unplanned,,,,,,MiraFlex 1,MiraFlex 1,,,,,,,,,,,
1561,1561,,,,,,,,Unplanned,,,,,,MiraFlex 1,MiraFlex 1,,,,,,,,,,,
1562,1562,,,,,,,,Unplanned,,,,,,MiraFlex 1,MiraFlex 1,,,,,,,,,,,
1563,1563,,,,,,,,Unplanned,,,,,,MiraFlex 1,MiraFlex 1,,,,,,,,,,,
1564,1564,,,,,,,,Unplanned,,,,,,MiraFlex 1,MiraFlex 1,,,,,,,,,,,
1565,1565,,,,,,,,Unplanned,,,,,,MiraFlex 1,MiraFlex 1,,,,,,,,,,,
1566,1566,,,,,,,,Unplanned,,,,,,MiraFlex 1,MiraFlex 1,,,,,,,,,,,
1567,1567,,,,,,,,Unplanned,,,,,,MiraFlex 1,MiraFlex 1,,,,,,,,,,,
1568,1568,,,,,,,,Unplanned,,,,,,MiraFlex 1,MiraFlex 1,,,,,,,,,,,
1569,1569,,,,,,,,Unplanned,,,,,,MiraFlex 1,MiraFlex 1,,,,,,,,,,,
1570,1570,,,,,,,,Unplanned,,,,,,MiraFlex 1,MiraFlex 1,,,,,,,,,,,
1571,1571,,,,,,,,Unplanned,,,,,,MiraFlex 1,MiraFlex 1,,,,,,,,,,,
1572,1572,,,,,,,,Unplanned,,,,,,MiraFlex 1,MiraFlex 1,,,,,,,,,,,
1573,1573,,,,,,,,Unplanned,,,,,,MiraFlex 1,MiraFlex 1,,,,,,,,,,,
1574,1574,,,,,,,,Unplanned,,,,,,MiraFlex 1,MiraFlex 1,,,,,,,,,,,
1575,1575,,,,,,,,Unplanned,,,,,,MiraFlex 1,MiraFlex 1,,,,,,,,,,,
1576,1576,,,,,,,,Unplanned,,,,,,MiraFlex 1,MiraFlex 1,,,,,,,,,,,
1577,1577,,,,,,,,Unplanned,,,,,,MiraFlex 1,MiraFlex 1,,,,,,,,,,,
1578,1578,,,,,,,,Unplanned,,,,,,MiraFlex 1,MiraFlex 1,,,,,,,,,,,
1579,1579,,,,,,,,Unplanned,,,,,,MiraFlex 1,MiraFlex 1,,,,,,,,,,,
1580,1580,,,,,,,,Unplanned,,,,,,MiraFlex 1,MiraFlex 1,,,,,,,,,,,
1581,1581,,,,,,,,Unplanned,,,,,,MiraFlex 1,MiraFlex 1,,,,,,,,,,,
1582,1582,,,,,,,,Unplanned,,,,,,MiraFlex 1,MiraFlex 1,,,,,,,,,,,
1583,1583,,,,,,,,Unplanned,,,,,,MiraFlex 1,MiraFlex 1,,,,,,,,,,,
1584,1584,,,,,,,,Unplanned,,,,,,MiraFlex 1,MiraFlex 1,,,,,,,,,,,
1585,1585,,,,,,,,Unplanned,,,,,,MiraFlex 1,MiraFlex 1,,,,,,,,,,,
1586,1586,,,,,,,,Unplanned,,,,,,MiraFlex 1,MiraFlex 1,,,,,,,,,,,
1587,1587,,,,,,,,Unplanned,,,,,,MiraFlex 1,MiraFlex 1,,,,,,,,,,,
1588,1588,,,,,,,,Unplanned,,,,,,MiraFlex 1,MiraFlex 1,,,,,,,,,,,
1589,1589,,,,,,,,Unplanned,,,,,,MiraFlex 1,MiraFlex 1,,,,,,,,,,,
1590,1590,,,,,,,,Unplanned,,,,,,MiraFlex 1,MiraFlex 1,,,,,,,,,,,
1591,1591,,,,,,,,Unplanned,,,,,,MiraFlex 1,MiraFlex 1,,,,,,,,,,,
1592,1592,,,,,,,,Unplanned,,,,,,MiraFlex 1,MiraFlex 1,,,,,,,,,,,
1593,1593,,,,,,,,Unplanned,,,,,,MiraFlex 1,MiraFlex 1,,,,,,,,,,,
1594,1594,,,,,,,,Unplanned,,,,,,MiraFlex 1,MiraFlex 1,,,,,,,,,,,
1595,1595,,,,,,,,Unplanned,,,,,,MiraFlex 1,MiraFlex 1,,,,,,,,,,,
1596,1596,,,,,,,,Unplanned,,,,,,MiraFlex 1,MiraFlex 1,,,,,,,,,,,
1597,1597,,,,,,,,Unplanned,,,,,,MiraFlex 1,MiraFlex 1,,,,,,,,,,,
1598,1598,,,,,,,,Unplanned,,,,,,MiraFlex 1,MiraFlex 1,,,,,,,,,,,
1599,1599,,,,,,,,Unplanned,,,,,,MiraFlex 1,MiraFlex 1,,,,,,,,,,,
1600,1600,,,,,,,,Unplanned,,,,,,MiraFlex 1,MiraFlex 1,,,,,,,,,,,
1601,1601,,,,,,,,Unplanned,,,,,,MiraFlex 1,MiraFlex 1,,,,,,,,,,,
1602,1602,,,,,,,,Unplanned,,,,,,MiraFlex 1,MiraFlex 1,,,,,,,,,,,
1603,1603,,,,,,,,Unplanned,,,,,,MiraFlex 1,MiraFlex 1,,,,,,,,,,,
1604,1604,,,,,,,,Unplanned,,,,,,MiraFlex 1,MiraFlex 1,,,,,,,,,,,
1605,1605,,,,,,,,Unplanned,,,,,,MiraFlex 1,MiraFlex 1,,,,,,,,,,,
1606,1606,,,,,,,,Unplanned,,,,,,MiraFlex 1,MiraFlex 1,,,,,,,,,,,
1607,1607,,,,,,,,Unplanned,,,,,,MiraFlex 1,MiraFlex 1,,,,,,,,,,,
1608,1608,,,,,,,,Unplanned,,,,,,MiraFlex 1,MiraFlex 1,,,,,,,,,,,
1609,1609,,,,,,,,Unplanned,,,,,,MiraFlex 1,MiraFlex 1,,,,,,,,,,,
1610,1610,,,,,,,,Unplanned,,,,,,MiraFlex 1,MiraFlex 1,,,,,,,,,,,
1611,1611,,,,,,,,Unplanned,,,,,,MiraFlex 1,MiraFlex 1,,,,,,,,,,,
1612,1612,,,,,,,,Unplanned,,,,,,MiraFlex 1,MiraFlex 1,,,,,,,,,,,
1613,1613,,,,,,,,Unplanned,,,,,,MiraFlex 1,MiraFlex 1,,,,,,,,,,,
1614,1614,,,,,,,,Unplanned,,,,,,MiraFlex 1,MiraFlex 1,,,,,,,,,,,
1615,1615,,,,,,,,Unplanned,,,,,,MiraFlex 1,MiraFlex 1,,,,,,,,,,,
1616,1616,,,,,,,,Unplanned,,,,,,MiraFlex 1,MiraFlex 1,,,,,,,,,,,
1617,1617,,,,,,,,Unplanned,,,,,,MiraFlex 1,MiraFlex 1,,,,,,,,,,,
1618,1618,,,,,,,,Unplanned,,,,,,MiraFlex 1,MiraFlex 1,,,,,,,,,,,
1619,1619,,,,,,,,Unplanned,,,,,,MiraFlex 1,MiraFlex 1,,,,,,,,,,,
1620,1620,,,,,,,,Unplanned,,,,,,MiraFlex 1,MiraFlex 1,,,,,,,,,,,
1621,1621,,,,,,,,Unplanned,,,,,,MiraFlex 1,MiraFlex 1,,,,,,,,,,,
1622,1622,,,,,,,,Unplanned,,,,,,MiraFlex 1,MiraFlex 1,,,,,,,,,,,
1623,1623,,,,,,,,Unplanned,,,,,,MiraFlex 1,MiraFlex 1,,,,,,,,,,,
1624,1624,,,,,,,,Unplanned,,,,,,MiraFlex 1,MiraFlex 1,,,,,,,,,,,
1625,1625,,,,,,,,Unplanned,,,,,,MiraFlex 1,MiraFlex 1,,,,,,,,,,,
1626,1626,,,,,,,,Unplanned,,,,,,MiraFlex 1,MiraFlex 1,,,,,,,,,,,
1627,1627,,,,,,,,Unplanned,,,,,,MiraFlex 1,MiraFlex 1,,,,,,,,,,,
1628,1628,,,,,,,,Unplanned,,,,,,MiraFlex 1,MiraFlex 1,,,,,,,,,,,
1629,1629,,,,,,,,Unplanned,,,,,,MiraFlex 1,MiraFlex 1,,,,,,,,,,,
1630,1630,,,,,,,,Unplanned,,,,,,MiraFlex 1,MiraFlex 1,,,,,,,,,,,
1631,1631,,,,,,,,Unplanned,,,,,,MiraFlex 1,MiraFlex 1,,,,,,,,,,,
1632,1632,,,,,,,,Unplanned,,,,,,MiraFlex 1,MiraFlex 1,,,,,,,,,,,
1633,1633,,,,,,,,Unplanned,,,,,,MiraFlex 1,MiraFlex 1,,,,,,,,,,,
1634,1634,,,,,,,,Unplanned,,,,,,MiraFlex 1,MiraFlex 1,,,,,,,,,,,
1635,1635,,,,,,,,Unplanned,,,,,,MiraFlex 1,MiraFlex 1,,,,,,,,,,,
1636,1636,,,,,,,,Unplanned,,,,,,MiraFlex 1,MiraFlex 1,,,,,,,,,,,
1637,1637,,,,,,,,Unplanned,,,,,,MiraFlex 1,MiraFlex 1,,,,,,,,,,,
1638,1638,,,,,,,,Unplanned,,,,,,MiraFlex 1,MiraFlex 1,,,,,,,,,,,
1639,1639,,,,,,,,Unplanned,,,,,,MiraFlex 1,MiraFlex 1,,,,,,,,,,,
1640,1640,,,,,,,,Unplanned,,,,,,MiraFlex 1,MiraFlex 1,,,,,,,,,,,
1641,1641,,,,,,,,Unplanned,,,,,,MiraFlex 1,MiraFlex 1,,,,,,,,,,,
1642,1642,,,,,,,,Unplanned,,,,,,MiraFlex 1,MiraFlex 1,,,,,,,,,,,
1643,1643,,,,,,,,Unplanned,,,,,,MiraFlex 1,MiraFlex 1,,,,,,,,,,,
1644,1644,,,,,,,,Unplanned,,,,,,MiraFlex 1,MiraFlex 1,,,,,,,,,,,
1645,1645,,,,,,,,Unplanned,,,,,,MiraFlex 1,MiraFlex 1,,,,,,,,,,,
1646,1646,,,,,,,,Unplanned,,,,,,MiraFlex 1,MiraFlex 1,,,,,,,,,,,
1647,1647,,,,,,,,Unplanned,,,,,,MiraFlex 1,MiraFlex 1,,,,,,,,,,,
1648,1648,,,,,,,,Unplanned,,,,,,MiraFlex 1,MiraFlex 1,,,,,,,,,,,
1649,1649,,,,,,,,Unplanned,,,,,,MiraFlex 1,MiraFlex 1,,,,,,,,,,,
1650,1650,,,,,,,,Unplanned,,,,,,MiraFlex 1,MiraFlex 1,,,,,,,,,,,
1651,1651,,,,,,,,Unplanned,,,,,,MiraFlex 1,MiraFlex 1,,,,,,,,,,,
1652,1652,,,,,,,,Unplanned,,,,,,MiraFlex 1,MiraFlex 1,,,,,,,,,,,
1653,1653,,,,,,,,Unplanned,,,,,,MiraFlex 1,MiraFlex 1,,,,,,,,,,,
1654,1654,,,,,,,,Unplanned,,,,,,MiraFlex 1,MiraFlex 1,,,,,,,,,,,
1655,1655,,,,,,,,Unplanned,,,,,,MiraFlex 1,MiraFlex 1,,,,,,,,,,,
1656,1656,,,,,,,,Unplanned,,,,,,MiraFlex 1,MiraFlex 1,,,,,,,,,,,
1657,1657,,,,,,,,Unplanned,,,,,,MiraFlex 1,MiraFlex 1,,,,,,,,,,,
1658,1658,,,,,,,,Unplanned,,,,,,MiraFlex 1,MiraFlex 1,,,,,,,,,,,
1659,1659,,,,,,,,Unplanned,,,,,,MiraFlex 1,MiraFlex 1,,,,,,,,,,,
1660,1660,,,,,,,,Unplanned,,,,,,MiraFlex 1,MiraFlex 1,,,,,,,,,,,
1661,1661,,,,,,,,Unplanned,,,,,,MiraFlex 1,MiraFlex 1,,,,,,,,,,,
1662,1662,,,,,,,,Unplanned,,,,,,MiraFlex 1,MiraFlex 1,,,,,,,,,,,
1663,1663,,,,,,,,Unplanned,,,,,,MiraFlex 1,MiraFlex 1,,,,,,,,,,,
1664,1664,,,,,,,,Unplanned,,,,,,MiraFlex 1,MiraFlex 1,,,,,,,,,,,
1665,1665,,,,,,,,Unplanned,,,,,,MiraFlex 1,MiraFlex 1,,,,,,,,,,,
1666,1666,,,,,,,,Unplanned,,,,,,MiraFlex 1,MiraFlex 1,,,,,,,,,,,
1667,1667,,,,,,,,Unplanned,,,,,,MiraFlex 1,MiraFlex 1,,,,,,,,,,,
1668,1668,,,,,,,,Unplanned,,,,,,MiraFlex 1,MiraFlex 1,,,,,,,,,,,
1669,1669,,,,,,,,Unplanned,,,,,,MiraFlex 1,MiraFlex 1,,,,,,,,,,,
1670,1670,,,,,,,,Unplanned,,,,,,MiraFlex 1,MiraFlex 1,,,,,,,,,,,
1671,1671,,,,,,,,Unplanned,,,,,,MiraFlex 1,MiraFlex 1,,,,,,,,,,,
1672,1672,,,,,,,,Unplanned,,,,,,MiraFlex 1,MiraFlex 1,,,,,,,,,,,
1673,1673,,,,,,,,Unplanned,,,,,,MiraFlex 1,MiraFlex 1,,,,,,,,,,,
1674,1674,,,,,,,,Unplanned,,,,,,MiraFlex 1,MiraFlex 1,,,,,,,,,,,
1675,1675,,,,,,,,Unplanned,,,,,,MiraFlex 1,MiraFlex 1,,,,,,,,,,,
1676,1676,,,,,,,,Unplanned,,,,,,MiraFlex 1,MiraFlex 1,,,,,,,,,,,
1677,1677,,,,,,,,Unplanned,,,,,,MiraFlex 1,MiraFlex 1,,,,,,,,,,,
1678,1678,,,,,,,,Unplanned,,,,,,MiraFlex 1,MiraFlex 1,,,,,,,,,,,
1679,1679,,,,,,,,Unplanned,,,,,,MiraFlex 1,MiraFlex 1,,,,,,,,,,,
1680,1680,,,,,,,,Unplanned,,,,,,MiraFlex 1,MiraFlex 1,,,,,,,,,,,
1681,1681,,,,,,,,Unplanned,,,,,,MiraFlex 1,MiraFlex 1,,,,,,,,,,,
1682,1682,,,,,,,,Unplanned,,,,,,MiraFlex 1,MiraFlex 1,,,,,,,,,,,
1683,1683,,,,,,,,Unplanned,,,,,,MiraFlex 1,MiraFlex 1,,,,,,,,,,,
1684,1684,,,,,,,,Unplanned,,,,,,MiraFlex 1,MiraFlex 1,,,,,,,,,,,
1685,1685,,,,,,,,Unplanned,,,,,,MiraFlex 1,MiraFlex 1,,,,,,,,,,,
1686,1686,,,,,,,,Unplanned,,,,,,MiraFlex 1,MiraFlex 1,,,,,,,,,,,
1687,1687,,,,,,,,Unplanned,,,,,,MiraFlex 1,MiraFlex 1,,,,,,,,,,,
1688,1688,,,,,,,,Unplanned,,,,,,MiraFlex 1,MiraFlex 1,,,,,,,,,,,
1689,1689,,,,,,,,Unplanned,,,,,,MiraFlex 1,MiraFlex 1,,,,,,,,,,,
1690,1690,,,,,,,,Unplanned,,,,,,MiraFlex 1,MiraFlex 1,,,,,,,,,,,
1691,1691,,,,,,,,Unplanned,,,,,,MiraFlex 1,MiraFlex 1,,,,,,,,,,,
1692,1692,,,,,,,,Unplanned,,,,,,MiraFlex 1,MiraFlex 1,,,,,,,,,,,
1693,1693,,,,,,,,Unplanned,,,,,,MiraFlex 1,MiraFlex 1,,,,,,,,,,,
1694,1694,,,,,,,,Unplanned,,,,,,MiraFlex 1,MiraFlex 1,,,,,,,,,,,
1695,1695,,,,,,,,Unplanned,,,,,,MiraFlex 1,MiraFlex 1,,,,,,,,,,,
1696,1696,,,,,,,,Unplanned,,,,,,MiraFlex 1,MiraFlex 1,,,,,,,,,,,
1697,1697,,,,,,,,Unplanned,,,,,,MiraFlex 1,MiraFlex 1,,,,,,,,,,,
1698,1698,,,,,,,,Unplanned,,,,,,MiraFlex 1,MiraFlex 1,,,,,,,,,,,
1699,1699,,,,,,,,Unplanned,,,,,,MiraFlex 1,MiraFlex 1,,,,,,,,,,,
1700,1700,,,,,,,,Unplanned,,,,,,MiraFlex 1,MiraFlex 1,,,,,,,,,,,
1701,1701,,,,,,,,Unplanned,,,,,,MiraFlex 1,MiraFlex 1,,,,,,,,,,,
1702,1702,,,,,,,,Unplanned,,,,,,MiraFlex 1,MiraFlex 1,,,,,,,,,,,
1703,1703,,,,,,,,Unplanned,,,,,,MiraFlex 1,MiraFlex 1,,,,,,,,,,,
1704,1704,,,,,,,,Unplanned,,,,,,MiraFlex 1,MiraFlex 1,,,,,,,,,,,
1705,1705,,,,,,,,Unplanned,,,,,,MiraFlex 1,MiraFlex 1,,,,,,,,,,,
1706,1706,,,,,,,,Unplanned,,,,,,MiraFlex 1,MiraFlex 1,,,,,,,,,,,
1707,1707,,,,,,,,Unplanned,,,,,,MiraFlex 1,MiraFlex 1,,,,,,,,,,,
1708,1708,,,,,,,,Unplanned,,,,,,MiraFlex 1,MiraFlex 1,,,,,,,,,,,
1709,1709,,,,,,,,Unplanned,,,,,,MiraFlex 1,MiraFlex 1,,,,,,,,,,,
1710,1710,,,,,,,,Unplanned,,,,,,MiraFlex 1,MiraFlex 1,,,,,,,,,,,
1711,1711,,,,,,,,Unplanned,,,,,,MiraFlex 1,MiraFlex 1,,,,,,,,,,,
1712,1712,,,,,,,,Unplanned,,,,,,MiraFlex 1,MiraFlex 1,,,,,,,,,,,
1713,1713,,,,,,,,Unplanned,,,,,,MiraFlex 1,MiraFlex 1,,,,,,,,,,,
1714,1714,,,,,,,,Unplanned,,,,,,MiraFlex 1,MiraFlex 1,,,,,,,,,,,
1715,1715,,,,,,,,Unplanned,,,,,,MiraFlex 1,MiraFlex 1,,,,,,,,,,,
1716,1716,,,,,,,,Unplanned,,,,,,MiraFlex 1,MiraFlex 1,,,,,,,,,,,
1717,1717,,,,,,,,Unplanned,,,,,,MiraFlex 1,MiraFlex 1,,,,,,,,,,,
1718,1718,,,,,,,,Unplanned,,,,,,MiraFlex 1,MiraFlex 1,,,,,,,,,,,
1719,1719,,,,,,,,Unplanned,,,,,,MiraFlex 1,MiraFlex 1,,,,,,,,,,,
1720,1720,,,,,,,,Unplanned,,,,,,MiraFlex 1,MiraFlex 1,,,,,,,,,,,
1721,1721,,,,,,,,Unplanned,,,,,,MiraFlex 1,MiraFlex 1,,,,,,,,,,,
1722,1722,,,,,,,,Unplanned,,,,,,MiraFlex 1,MiraFlex 1,,,,,,,,,,,
1723,1723,,,,,,,,Unplanned,,,,,,MiraFlex 1,MiraFlex 1,,,,,,,,,,,
1724,1724,,,,,,,,Unplanned,,,,,,MiraFlex 1,MiraFlex 1,,,,,,,,,,,
1725,1725,,,,,,,,Unplanned,,,,,,MiraFlex 1,MiraFlex 1,,,,,,,,,,,
1726,1726,,,,,,,,Unplanned,,,,,,MiraFlex 1,MiraFlex 1,,,,,,,,,,,
1727,1727,,,,,,,,Unplanned,,,,,,MiraFlex 1,MiraFlex 1,,,,,,,,,,,
1728,1728,,,,,,,,Unplanned,,,,,,MiraFlex 1,MiraFlex 1,,,,,,,,,,,
1729,1729,,,,,,,,Unplanned,,,,,,MiraFlex 1,MiraFlex 1,,,,,,,,,,,
1730,1730,,,,,,,,Unplanned,,,,,,MiraFlex 1,MiraFlex 1,,,,,,,,,,,
1731,1731,,,,,,,,Unplanned,,,,,,MiraFlex 1,MiraFlex 1,,,,,,,,,,,
1732,1732,,,,,,,,Unplanned,,,,,,MiraFlex 1,MiraFlex 1,,,,,,,,,,,
1733,1733,,,,,,,,Unplanned,,,,,,MiraFlex 1,MiraFlex 1,,,,,,,,,,,
1734,1734,,,,,,,,Unplanned,,,,,,MiraFlex 1,MiraFlex 1,,,,,,,,,,,
1735,1735,,,,,,,,Unplanned,,,,,,MiraFlex 1,MiraFlex 1,,,,,,,,,,,
1736,1736,,,,,,,,Unplanned,,,,,,MiraFlex 1,MiraFlex 1,,,,,,,,,,,
1737,1737,,,,,,,,Unplanned,,,,,,MiraFlex 1,MiraFlex 1,,,,,,,,,,,
1738,1738,,,,,,,,Unplanned,,,,,,MiraFlex 1,MiraFlex 1,,,,,,,,,,,
1739,1739,,,,,,,,Unplanned,,,,,,MiraFlex 1,MiraFlex 1,,,,,,,,,,,
1740,1740,,,,,,,,Unplanned,,,,,,MiraFlex 1,MiraFlex 1,,,,,,,,,,,
1741,1741,,,,,,,,Unplanned,,,,,,MiraFlex 1,MiraFlex 1,,,,,,,,,,,
1742,1742,,,,,,,,Unplanned,,,,,,MiraFlex 1,MiraFlex 1,,,,,,,,,,,
1743,1743,,,,,,,,Unplanned,,,,,,MiraFlex 1,MiraFlex 1,,,,,,,,,,,
1744,1744,,,,,,,,Unplanned,,,,,,MiraFlex 1,MiraFlex 1,,,,,,,,,,,
1745,1745,,,,,,,,Unplanned,,,,,,MiraFlex 1,MiraFlex 1,,,,,,,,,,,
1746,1746,,,,,,,,Unplanned,,,,,,MiraFlex 1,MiraFlex 1,,,,,,,,,,,
1747,1747,,,,,,,,Unplanned,,,,,,MiraFlex 1,MiraFlex 1,,,,,,,,,,,
1748,1748,,,,,,,,Unplanned,,,,,,MiraFlex 1,MiraFlex 1,,,,,,,,,,,
1749,1749,,,,,,,,Unplanned,,,,,,MiraFlex 1,MiraFlex 1,,,,,,,,,,,
1750,1750,,,,,,,,Unplanned,,,,,,MiraFlex 1,MiraFlex 1,,,,,,,,,,,
1751,1751,,,,,,,,Unplanned,,,,,,MiraFlex 1,MiraFlex 1,,,,,,,,,,,
1752,1752,,,,,,,,Unplanned,,,,,,MiraFlex 1,MiraFlex 1,,,,,,,,,,,
1753,1753,,,,,,,,Unplanned,,,,,,MiraFlex 1,MiraFlex 1,,,,,,,,,,,
1754,1754,,,,,,,,Unplanned,,,,,,MiraFlex 1,MiraFlex 1,,,,,,,,,,,
1755,1755,,,,,,,,Unplanned,,,,,,MiraFlex 1,MiraFlex 1,,,,,,,,,,,
1756,1756,,,,,,,,Unplanned,,,,,,MiraFlex 1,MiraFlex 1,,,,,,,,,,,
1757,1757,,,,,,,,Unplanned,,,,,,MiraFlex 1,MiraFlex 1,,,,,,,,,,,
1758,1758,,,,,,,,Unplanned,,,,,,MiraFlex 1,MiraFlex 1,,,,,,,,,,,
1759,1759,,,,,,,,Unplanned,,,,,,MiraFlex 1,MiraFlex 1,,,,,,,,,,,
1760,1760,,,,,,,,Unplanned,,,,,,MiraFlex 1,MiraFlex 1,,,,,,,,,,,
1761,1761,,,,,,,,Unplanned,,,,,,MiraFlex 1,MiraFlex 1,,,,,,,,,,,
1762,1762,,,,,,,,Unplanned,,,,,,MiraFlex 1,MiraFlex 1,,,,,,,,,,,
1763,1763,,,,,,,,Unplanned,,,,,,MiraFlex 1,MiraFlex 1,,,,,,,,,,,
1764,1764,,,,,,,,Unplanned,,,,,,MiraFlex 1,MiraFlex 1,,,,,,,,,,,
1765,1765,,,,,,,,Unplanned,,,,,,MiraFlex 1,MiraFlex 1,,,,,,,,,,,
1766,1766,,,,,,,,Unplanned,,,,,,MiraFlex 1,MiraFlex 1,,,,,,,,,,,
1767,1767,,,,,,,,Unplanned,,,,,,MiraFlex 1,MiraFlex 1,,,,,,,,,,,
1768,1768,,,,,,,,Unplanned,,,,,,MiraFlex 1,MiraFlex 1,,,,,,,,,,,
1769,1769,,,,,,,,Unplanned,,,,,,MiraFlex 1,MiraFlex 1,,,,,,,,,,,
1770,1770,,,,,,,,Unplanned,,,,,,MiraFlex 1,MiraFlex 1,,,,,,,,,,,
1771,1771,,,,,,,,Unplanned,,,,,,MiraFlex 1,MiraFlex 1,,,,,,,,,,,
1772,1772,,,,,,,,Unplanned,,,,,,MiraFlex 1,MiraFlex 1,,,,,,,,,,,
1773,1773,,,,,,,,Unplanned,,,,,,MiraFlex 1,MiraFlex 1,,,,,,,,,,,
1774,1774,,,,,,,,Unplanned,,,,,,MiraFlex 1,MiraFlex 1,,,,,,,,,,,
1775,1775,,,,,,,,Unplanned,,,,,,MiraFlex 1,MiraFlex 1,,,,,,,,,,,
1776,1776,,,,,,,,Unplanned,,,,,,MiraFlex 1,MiraFlex 1,,,,,,,,,,,
1777,1777,,,,,,,,Unplanned,,,,,,MiraFlex 1,MiraFlex 1,,,,,,,,,,,
1778,1778,,,,,,,,Unplanned,,,,,,MiraFlex 1,MiraFlex 1,,,,,,,,,,,
1779,1779,,,,,,,,Unplanned,,,,,,MiraFlex 1,MiraFlex 1,,,,,,,,,,,
1780,1780,,,,,,,,Unplanned,,,,,,MiraFlex 1,MiraFlex 1,,,,,,,,,,,
1781,1781,,,,,,,,Unplanned,,,,,,MiraFlex 1,MiraFlex 1,,,,,,,,,,,
1782,1782,,,,,,,,Unplanned,,,,,,MiraFlex 1,MiraFlex 1,,,,,,,,,,,
1783,1783,,,,,,,,Unplanned,,,,,,MiraFlex 1,MiraFlex 1,,,,,,,,,,,
1784,1784,,,,,,,,Unplanned,,,,,,MiraFlex 1,MiraFlex 1,,,,,,,,,,,
1785,1785,,,,,,,,Unplanned,,,,,,MiraFlex 1,MiraFlex 1,,,,,,,,,,,
1786,1786,,,,,,,,Unplanned,,,,,,MiraFlex 1,MiraFlex 1,,,,,,,,,,,
1787,1787,,,,,,,,Unplanned,,,,,,MiraFlex 1,MiraFlex 1,,,,,,,,,,,
1788,1788,,,,,,,,Unplanned,,,,,,MiraFlex 1,MiraFlex 1,,,,,,,,,,,
1789,1789,,,,,,,,Unplanned,,,,,,MiraFlex 1,MiraFlex 1,,,,,,,,,,,
1790,1790,,,,,,,,Unplanned,,,,,,MiraFlex 1,MiraFlex 1,,,,,,,,,,,
1791,1791,,,,,,,,Unplanned,,,,,,MiraFlex 1,MiraFlex 1,,,,,,,,,,,
1792,1792,,,,,,,,Unplanned,,,,,,MiraFlex 1,MiraFlex 1,,,,,,,,,,,
1793,1793,,,,,,,,Unplanned,,,,,,MiraFlex 1,MiraFlex 1,,,,,,,,,,,
1794,1794,,,,,,,,Unplanned,,,,,,MiraFlex 1,MiraFlex 1,,,,,,,,,,,
1795,1795,,,,,,,,Unplanned,,,,,,MiraFlex 1,MiraFlex 1,,,,,,,,,,,
1796,1796,,,,,,,,Unplanned,,,,,,MiraFlex 1,MiraFlex 1,,,,,,,,,,,
1797,1797,,,,,,,,Unplanned,,,,,,MiraFlex 1,MiraFlex 1,,,,,,,,,,,
1798,1798,,,,,,,,Unplanned,,,,,,MiraFlex 1,MiraFlex 1,,,,,,,,,,,
1799,1799,,,,,,,,Unplanned,,,,,,MiraFlex 1,MiraFlex 1,,,,,,,,,,,
1800,1800,,,,,,,,Unplanned,,,,,,MiraFlex 1,MiraFlex 1,,,,,,,,,,,
1801,1801,,,,,,,,Unplanned,,,,,,MiraFlex 1,MiraFlex 1,,,,,,,,,,,
1802,1802,,,,,,,,Unplanned,,,,,,MiraFlex 1,MiraFlex 1,,,,,,,,,,,
1803,1803,,,,,,,,Unplanned,,,,,,MiraFlex 1,MiraFlex 1,,,,,,,,,,,
1804,1804,,,,,,,,Unplanned,,,,,,MiraFlex 1,MiraFlex 1,,,,,,,,,,,
1805,1805,,,,,,,,Unplanned,,,,,,MiraFlex 1,MiraFlex 1,,,,,,,,,,,
1806,1806,,,,,,,,Unplanned,,,,,,MiraFlex 1,MiraFlex 1,,,,,,,,,,,
1807,1807,,,,,,,,Unplanned,,,,,,MiraFlex 1,MiraFlex 1,,,,,,,,,,,
1808,1808,,,,,,,,Unplanned,,,,,,MiraFlex 1,MiraFlex 1,,,,,,,,,,,
1809,1809,,,,,,,,Unplanned,,,,,,MiraFlex 1,MiraFlex 1,,,,,,,,,,,
1810,1810,,,,,,,,Unplanned,,,,,,MiraFlex 1,MiraFlex 1,,,,,,,,,,,
1811,1811,,,,,,,,Unplanned,,,,,,MiraFlex 1,MiraFlex 1,,,,,,,,,,,
1812,1812,,,,,,,,Unplanned,,,,,,MiraFlex 1,MiraFlex 1,,,,,,,,,,,
1813,1813,,,,,,,,Unplanned,,,,,,MiraFlex 1,MiraFlex 1,,,,,,,,,,,
1814,1814,,,,,,,,Unplanned,,,,,,MiraFlex 1,MiraFlex 1,,,,,,,,,,,
1815,1815,,,,,,,,Unplanned,,,,,,MiraFlex 1,MiraFlex 1,,,,,,,,,,,
1816,1816,,,,,,,,Unplanned,,,,,,MiraFlex 1,MiraFlex 1,,,,,,,,,,,
1817,1817,,,,,,,,Unplanned,,,,,,MiraFlex 1,MiraFlex 1,,,,,,,,,,,
1818,1818,,,,,,,,Unplanned,,,,,,MiraFlex 1,MiraFlex 1,,,,,,,,,,,
1819,1819,,,,,,,,Unplanned,,,,,,MiraFlex 1,MiraFlex 1,,,,,,,,,,,
1820,1820,,,,,,,,Unplanned,,,,,,MiraFlex 1,MiraFlex 1,,,,,,,,,,,
1821,1821,,,,,,,,Unplanned,,,,,,MiraFlex 1,MiraFlex 1,,,,,,,,,,,
1822,1822,,,,,,,,Unplanned,,,,,,MiraFlex 1,MiraFlex 1,,,,,,,,,,,
1823,1823,,,,,,,,Unplanned,,,,,,MiraFlex 1,MiraFlex 1,,,,,,,,,,,
1824,1824,,,,,,,,Unplanned,,,,,,MiraFlex 1,MiraFlex 1,,,,,,,,,,,
1825,1825,,,,,,,,Unplanned,,,,,,MiraFlex 1,MiraFlex 1,,,,,,,,,,,
1826,1826,,,,,,,,Unplanned,,,,,,MiraFlex 1,MiraFlex 1,,,,,,,,,,,
1827,1827,,,,,,,,Unplanned,,,,,,MiraFlex 1,MiraFlex 1,,,,,,,,,,,
1828,1828,,,,,,,,Unplanned,,,,,,MiraFlex 1,MiraFlex 1,,,,,,,,,,,
1829,1829,,,,,,,,Unplanned,,,,,,MiraFlex 1,MiraFlex 1,,,,,,,,,,,
1830,1830,,,,,,,,Unplanned,,,,,,MiraFlex 1,MiraFlex 1,,,,,,,,,,,
1831,1831,,,,,,,,Unplanned,,,,,,MiraFlex 1,MiraFlex 1,,,,,,,,,,,
1832,1832,,,,,,,,Unplanned,,,,,,MiraFlex 1,MiraFlex 1,,,,,,,,,,,
1833,1833,,,,,,,,Unplanned,,,,,,MiraFlex 1,MiraFlex 1,,,,,,,,,,,
1834,1834,,,,,,,,Unplanned,,,,,,MiraFlex 1,MiraFlex 1,,,,,,,,,,,
1835,1835,,,,,,,,Unplanned,,,,,,MiraFlex 1,MiraFlex 1,,,,,,,,,,,
1836,1836,,,,,,,,Unplanned,,,,,,MiraFlex 1,MiraFlex 1,,,,,,,,,,,
1837,1837,,,,,,,,Unplanned,,,,,,MiraFlex 1,MiraFlex 1,,,,,,,,,,,
1838,1838,,,,,,,,Unplanned,,,,,,MiraFlex 1,MiraFlex 1,,,,,,,,,,,
1839,1839,,,,,,,,Unplanned,,,,,,MiraFlex 1,MiraFlex 1,,,,,,,,,,,
1840,1840,,,,,,,,Unplanned,,,,,,MiraFlex 1,MiraFlex 1,,,,,,,,,,,
1841,1841,,,,,,,,Unplanned,,,,,,MiraFlex 1,MiraFlex 1,,,,,,,,,,,
1842,1842,,,,,,,,Unplanned,,,,,,MiraFlex 1,MiraFlex 1,,,,,,,,,,,
1843,1843,,,,,,,,Unplanned,,,,,,MiraFlex 1,MiraFlex 1,,,,,,,,,,,
1844,1844,,,,,,,,Unplanned,,,,,,MiraFlex 1,MiraFlex 1,,,,,,,,,,,
1845,1845,,,,,,,,Unplanned,,,,,,MiraFlex 1,MiraFlex 1,,,,,,,,,,,
1846,1846,,,,,,,,Unplanned,,,,,,MiraFlex 1,MiraFlex 1,,,,,,,,,,,
1847,1847,,,,,,,,Unplanned,,,,,,MiraFlex 1,MiraFlex 1,,,,,,,,,,,
1848,1848,,,,,,,,Unplanned,,,,,,MiraFlex 1,MiraFlex 1,,,,,,,,,,,
1849,1849,,,,,,,,Unplanned,,,,,,MiraFlex 1,MiraFlex 1,,,,,,,,,,,
1850,1850,,,,,,,,Unplanned,,,,,,MiraFlex 1,MiraFlex 1,,,,,,,,,,,
1851,1851,,,,,,,,Unplanned,,,,,,MiraFlex 1,MiraFlex 1,,,,,,,,,,,
1852,1852,,,,,,,,Unplanned,,,,,,MiraFlex 1,MiraFlex 1,,,,,,,,,,,
1853,1853,,,,,,,,Unplanned,,,,,,MiraFlex 1,MiraFlex 1,,,,,,,,,,,
1854,1854,,,,,,,,Unplanned,,,,,,MiraFlex 1,MiraFlex 1,,,,,,,,,,,
1855,1855,,,,,,,,Unplanned,,,,,,MiraFlex 1,MiraFlex 1,,,,,,,,,,,
1856,1856,,,,,,,,Unplanned,,,,,,MiraFlex 1,MiraFlex 1,,,,,,,,,,,
1857,1857,,,,,,,,Unplanned,,,,,,MiraFlex 1,MiraFlex 1,,,,,,,,,,,
1858,1858,,,,,,,,Unplanned,,,,,,MiraFlex 1,MiraFlex 1,,,,,,,,,,,
1859,1859,,,,,,,,Unplanned,,,,,,MiraFlex 1,MiraFlex 1,,,,,,,,,,,
1860,1860,,,,,,,,Unplanned,,,,,,MiraFlex 1,MiraFlex 1,,,,,,,,,,,
1861,1861,,,,,,,,Unplanned,,,,,,MiraFlex 1,MiraFlex 1,,,,,,,,,,,
1862,1862,,,,,,,,Unplanned,,,,,,MiraFlex 1,MiraFlex 1,,,,,,,,,,,
1863,1863,,,,,,,,Unplanned,,,,,,MiraFlex 1,MiraFlex 1,,,,,,,,,,,
1864,1864,,,,,,,,Unplanned,,,,,,MiraFlex 1,MiraFlex 1,,,,,,,,,,,
1865,1865,,,,,,,,Unplanned,,,,,,MiraFlex 1,MiraFlex 1,,,,,,,,,,,
1866,1866,,,,,,,,Unplanned,,,,,,MiraFlex 1,MiraFlex 1,,,,,,,,,,,
1867,1867,,,,,,,,Unplanned,,,,,,MiraFlex 1,MiraFlex 1,,,,,,,,,,,
1868,1868,,,,,,,,Unplanned,,,,,,MiraFlex 1,MiraFlex 1,,,,,,,,,,,
1869,1869,,,,,,,,Unplanned,,,,,,MiraFlex 1,MiraFlex 1,,,,,,,,,,,
1870,1870,,,,,,,,Unplanned,,,,,,MiraFlex 1,MiraFlex 1,,,,,,,,,,,
1871,1871,,,,,,,,Unplanned,,,,,,MiraFlex 1,MiraFlex 1,,,,,,,,,,,
1872,1872,,,,,,,,Unplanned,,,,,,MiraFlex 1,MiraFlex 1,,,,,,,,,,,
1873,1873,,,,,,,,Unplanned,,,,,,MiraFlex 1,MiraFlex 1,,,,,,,,,,,
1874,1874,,,,,,,,Unplanned,,,,,,MiraFlex 1,MiraFlex 1,,,,,,,,,,,
1875,1875,,,,,,,,Unplanned,,,,,,MiraFlex 1,MiraFlex 1,,,,,,,,,,,
1876,1876,,,,,,,,Unplanned,,,,,,MiraFlex 1,MiraFlex 1,,,,,,,,,,,
1877,1877,,,,,,,,Unplanned,,,,,,MiraFlex 1,MiraFlex 1,,,,,,,,,,,
1878,1878,,,,,,,,Unplanned,,,,,,MiraFlex 1,MiraFlex 1,,,,,,,,,,,
1879,1879,,,,,,,,Unplanned,,,,,,MiraFlex 1,MiraFlex 1,,,,,,,,,,,
1880,1880,,,,,,,,Unplanned,,,,,,MiraFlex 1,MiraFlex 1,,,,,,,,,,,
1881,1881,,,,,,,,Unplanned,,,,,,MiraFlex 1,MiraFlex 1,,,,,,,,,,,
1882,1882,,,,,,,,Unplanned,,,,,,MiraFlex 1,MiraFlex 1,,,,,,,,,,,
1883,1883,,,,,,,,Unplanned,,,,,,MiraFlex 1,MiraFlex 1,,,,,,,,,,,
1884,1884,,,,,,,,Unplanned,,,,,,MiraFlex 1,MiraFlex 1,,,,,,,,,,,
1885,1885,,,,,,,,Unplanned,,,,,,MiraFlex 1,MiraFlex 1,,,,,,,,,,,
1886,1886,,,,,,,,Unplanned,,,,,,MiraFlex 1,MiraFlex 1,,,,,,,,,,,
1887,1887,,,,,,,,Unplanned,,,,,,MiraFlex 1,MiraFlex 1,,,,,,,,,,,
1888,1888,,,,,,,,Unplanned,,,,,,MiraFlex 1,MiraFlex 1,,,,,,,,,,,
1889,1889,,,,,,,,Unplanned,,,,,,MiraFlex 1,MiraFlex 1,,,,,,,,,,,
1890,1890,,,,,,,,Unplanned,,,,,,MiraFlex 1,MiraFlex 1,,,,,,,,,,,
1891,1891,,,,,,,,Unplanned,,,,,,MiraFlex 1,MiraFlex 1,,,,,,,,,,,
1892,1892,,,,,,,,Unplanned,,,,,,MiraFlex 1,MiraFlex 1,,,,,,,,,,,
1893,1893,,,,,,,,Unplanned,,,,,,MiraFlex 1,MiraFlex 1,,,,,,,,,,,
1894,1894,,,,,,,,Unplanned,,,,,,MiraFlex 1,MiraFlex 1,,,,,,,,,,,
1895,1895,,,,,,,,Unplanned,,,,,,MiraFlex 1,MiraFlex 1,,,,,,,,,,,
1896,1896,,,,,,,,Unplanned,,,,,,MiraFlex 1,MiraFlex 1,,,,,,,,,,,
1897,1897,,,,,,,,Unplanned,,,,,,MiraFlex 1,MiraFlex 1,,,,,,,,,,,
1898,1898,,,,,,,,Unplanned,,,,,,MiraFlex 1,MiraFlex 1,,,,,,,,,,,
1899,1899,,,,,,,,Unplanned,,,,,,MiraFlex 1,MiraFlex 1,,,,,,,,,,,
1900,1900,,,,,,,,Unplanned,,,,,,MiraFlex 1,MiraFlex 1,,,,,,,,,,,
1901,1901,,,,,,,,Unplanned,,,,,,MiraFlex 1,MiraFlex 1,,,,,,,,,,,
1902,1902,,,,,,,,Unplanned,,,,,,MiraFlex 1,MiraFlex 1,,,,,,,,,,,
1903,1903,,,,,,,,Unplanned,,,,,,MiraFlex 1,MiraFlex 1,,,,,,,,,,,
1904,1904,,,,,,,,Unplanned,,,,,,MiraFlex 1,MiraFlex 1,,,,,,,,,,,
1905,1905,,,,,,,,Unplanned,,,,,,MiraFlex 1,MiraFlex 1,,,,,,,,,,,
1906,1906,,,,,,,,Unplanned,,,,,,MiraFlex 1,MiraFlex 1,,,,,,,,,,,
1907,1907,,,,,,,,Unplanned,,,,,,MiraFlex 1,MiraFlex 1,,,,,,,,,,,
1908,1908,,,,,,,,Unplanned,,,,,,MiraFlex 1,MiraFlex 1,,,,,,,,,,,
1909,1909,,,,,,,,Unplanned,,,,,,MiraFlex 1,MiraFlex 1,,,,,,,,,,,
1910,1910,,,,,,,,Unplanned,,,,,,MiraFlex 1,MiraFlex 1,,,,,,,,,,,
1911,1911,,,,,,,,Unplanned,,,,,,MiraFlex 1,MiraFlex 1,,,,,,,,,,,
1912,1912,,,,,,,,Unplanned,,,,,,MiraFlex 1,MiraFlex 1,,,,,,,,,,,
1913,1913,,,,,,,,Unplanned,,,,,,MiraFlex 1,MiraFlex 1,,,,,,,,,,,
1914,1914,,,,,,,,Unplanned,,,,,,MiraFlex 1,MiraFlex 1,,,,,,,,,,,
1915,1915,,,,,,,,Unplanned,,,,,,MiraFlex 1,MiraFlex 1,,,,,,,,,,,
1916,1916,,,,,,,,Unplanned,,,,,,MiraFlex 1,MiraFlex 1,,,,,,,,,,,
1917,1917,,,,,,,,Unplanned,,,,,,MiraFlex 1,MiraFlex 1,,,,,,,,,,,
1918,1918,,,,,,,,Unplanned,,,,,,MiraFlex 1,MiraFlex 1,,,,,,,,,,,
1919,1919,,,,,,,,Unplanned,,,,,,MiraFlex 1,MiraFlex 1,,,,,,,,,,,
1920,1920,,,,,,,,Unplanned,,,,,,MiraFlex 1,MiraFlex 1,,,,,,,,,,,
1921,1921,,,,,,,,Unplanned,,,,,,MiraFlex 1,MiraFlex 1,,,,,,,,,,,
1922,1922,,,,,,,,Unplanned,,,,,,MiraFlex 1,MiraFlex 1,,,,,,,,,,,
1923,1923,,,,,,,,Unplanned,,,,,,MiraFlex 1,MiraFlex 1,,,,,,,,,,,
1924,1924,,,,,,,,Unplanned,,,,,,MiraFlex 1,MiraFlex 1,,,,,,,,,,,
1925,1925,,,,,,,,Unplanned,,,,,,MiraFlex 1,MiraFlex 1,,,,,,,,,,,
1926,1926,,,,,,,,Unplanned,,,,,,MiraFlex 1,MiraFlex 1,,,,,,,,,,,
1927,1927,,,,,,,,Unplanned,,,,,,MiraFlex 1,MiraFlex 1,,,,,,,,,,,
1928,1928,,,,,,,,Unplanned,,,,,,MiraFlex 1,MiraFlex 1,,,,,,,,,,,
1929,1929,,,,,,,,Unplanned,,,,,,MiraFlex 1,MiraFlex 1,,,,,,,,,,,
1930,1930,,,,,,,,Unplanned,,,,,,MiraFlex 1,MiraFlex 1,,,,,,,,,,,
1931,1931,,,,,,,,Unplanned,,,,,,MiraFlex 1,MiraFlex 1,,,,,,,,,,,
1932,1932,,,,,,,,Unplanned,,,,,,MiraFlex 1,MiraFlex 1,,,,,,,,,,,
1933,1933,,,,,,,,Unplanned,,,,,,MiraFlex 1,MiraFlex 1,,,,,,,,,,,
1934,1934,,,,,,,,Unplanned,,,,,,MiraFlex 1,MiraFlex 1,,,,,,,,,,,
1935,1935,,,,,,,,Unplanned,,,,,,MiraFlex 1,MiraFlex 1,,,,,,,,,,,
1936,1936,,,,,,,,Unplanned,,,,,,MiraFlex 1,MiraFlex 1,,,,,,,,,,,
1937,1937,,,,,,,,Unplanned,,,,,,MiraFlex 1,MiraFlex 1,,,,,,,,,,,
1938,1938,,,,,,,,Unplanned,,,,,,MiraFlex 1,MiraFlex 1,,,,,,,,,,,
1939,1939,,,,,,,,Unplanned,,,,,,MiraFlex 1,MiraFlex 1,,,,,,,,,,,
1940,1940,,,,,,,,Unplanned,,,,,,MiraFlex 1,MiraFlex 1,,,,,,,,,,,
1941,1941,,,,,,,,Unplanned,,,,,,MiraFlex 1,MiraFlex 1,,,,,,,,,,,
1942,1942,,,,,,,,Unplanned,,,,,,MiraFlex 1,MiraFlex 1,,,,,,,,,,,
1943,1943,,,,,,,,Unplanned,,,,,,MiraFlex 1,MiraFlex 1,,,,,,,,,,,
1944,1944,,,,,,,,Unplanned,,,,,,MiraFlex 1,MiraFlex 1,,,,,,,,,,,
1945,1945,,,,,,,,Unplanned,,,,,,MiraFlex 1,MiraFlex 1,,,,,,,,,,,
1946,1946,,,,,,,,Unplanned,,,,,,MiraFlex 1,MiraFlex 1,,,,,,,,,,,
1947,1947,,,,,,,,Unplanned,,,,,,MiraFlex 1,MiraFlex 1,,,,,,,,,,,
1948,1948,,,,,,,,Unplanned,,,,,,MiraFlex 1,MiraFlex 1,,,,,,,,,,,
1949,1949,,,,,,,,Unplanned,,,,,,MiraFlex 1,MiraFlex 1,,,,,,,,,,,
1950,1950,,,,,,,,Unplanned,,,,,,MiraFlex 1,MiraFlex 1,,,,,,,,,,,
1951,1951,,,,,,,,Unplanned,,,,,,MiraFlex 1,MiraFlex 1,,,,,,,,,,,
1952,1952,,,,,,,,Unplanned,,,,,,MiraFlex 1,MiraFlex 1,,,,,,,,,,,
1953,1953,,,,,,,,Unplanned,,,,,,MiraFlex 1,MiraFlex 1,,,,,,,,,,,
1954,1954,,,,,,,,Unplanned,,,,,,MiraFlex 1,MiraFlex 1,,,,,,,,,,,
1955,1955,,,,,,,,Unplanned,,,,,,MiraFlex 1,MiraFlex 1,,,,,,,,,,,
1956,1956,,,,,,,,Unplanned,,,,,,MiraFlex 1,MiraFlex 1,,,,,,,,,,,
1957,1957,,,,,,,,Unplanned,,,,,,MiraFlex 1,MiraFlex 1,,,,,,,,,,,
1958,1958,,,,,,,,Unplanned,,,,,,MiraFlex 1,MiraFlex 1,,,,,,,,,,,
1959,1959,,,,,,,,Unplanned,,,,,,MiraFlex 1,MiraFlex 1,,,,,,,,,,,
1960,1960,,,,,,,,Unplanned,,,,,,MiraFlex 1,MiraFlex 1,,,,,,,,,,,
1961,1961,,,,,,,,Unplanned,,,,,,MiraFlex 1,MiraFlex 1,,,,,,,,,,,
1962,1962,,,,,,,,Unplanned,,,,,,MiraFlex 1,MiraFlex 1,,,,,,,,,,,
1963,1963,,,,,,,,Unplanned,,,,,,MiraFlex 1,MiraFlex 1,,,,,,,,,,,
1964,1964,,,,,,,,Unplanned,,,,,,MiraFlex 1,MiraFlex 1,,,,,,,,,,,
1965,1965,,,,,,,,Unplanned,,,,,,MiraFlex 1,MiraFlex 1,,,,,,,,,,,
1966,1966,,,,,,,,Unplanned,,,,,,MiraFlex 1,MiraFlex 1,,,,,,,,,,,
1967,1967,,,,,,,,Unplanned,,,,,,MiraFlex 1,MiraFlex 1,,,,,,,,,,,
1968,1968,,,,,,,,Unplanned,,,,,,MiraFlex 1,MiraFlex 1,,,,,,,,,,,
1969,1969,,,,,,,,Unplanned,,,,,,MiraFlex 1,MiraFlex 1,,,,,,,,,,,
1970,1970,,,,,,,,Unplanned,,,,,,MiraFlex 1,MiraFlex 1,,,,,,,,,,,
1971,1971,,,,,,,,Unplanned,,,,,,MiraFlex 1,MiraFlex 1,,,,,,,,,,,
1972,1972,,,,,,,,Unplanned,,,,,,MiraFlex 1,MiraFlex 1,,,,,,,,,,,
1973,1973,,,,,,,,Unplanned,,,,,,MiraFlex 1,MiraFlex 1,,,,,,,,,,,
1974,1974,,,,,,,,Unplanned,,,,,,MiraFlex 1,MiraFlex 1,,,,,,,,,,,
1975,1975,,,,,,,,Unplanned,,,,,,MiraFlex 1,MiraFlex 1,,,,,,,,,,,
1976,1976,,,,,,,,Unplanned,,,,,,MiraFlex 1,MiraFlex 1,,,,,,,,,,,
1977,1977,,,,,,,,Unplanned,,,,,,MiraFlex 1,MiraFlex 1,,,,,,,,,,,
1978,1978,,,,,,,,Unplanned,,,,,,MiraFlex 1,MiraFlex 1,,,,,,,,,,,
1979,1979,,,,,,,,Unplanned,,,,,,MiraFlex 1,MiraFlex 1,,,,,,,,,,,
1980,1980,,,,,,,,Unplanned,,,,,,MiraFlex 1,MiraFlex 1,,,,,,,,,,,
1981,1981,,,,,,,,Unplanned,,,,,,MiraFlex 1,MiraFlex 1,,,,,,,,,,,
1982,1982,,,,,,,,Unplanned,,,,,,MiraFlex 1,MiraFlex 1,,,,,,,,,,,
1983,1983,,,,,,,,Unplanned,,,,,,MiraFlex 1,MiraFlex 1,,,,,,,,,,,
1984,1984,,,,,,,,Unplanned,,,,,,MiraFlex 1,MiraFlex 1,,,,,,,,,,,
1985,1985,,,,,,,,Unplanned,,,,,,MiraFlex 1,MiraFlex 1,,,,,,,,,,,
1986,1986,,,,,,,,Unplanned,,,,,,MiraFlex 1,MiraFlex 1,,,,,,,,,,,
1987,1987,,,,,,,,Unplanned,,,,,,MiraFlex 1,MiraFlex 1,,,,,,,,,,,
1988,1988,,,,,,,,Unplanned,,,,,,MiraFlex 1,MiraFlex 1,,,,,,,,,,,
1989,1989,,,,,,,,Unplanned,,,,,,MiraFlex 1,MiraFlex 1,,,,,,,,,,,
1990,1990,,,,,,,,Unplanned,,,,,,MiraFlex 1,MiraFlex 1,,,,,,,,,,,
1991,1991,,,,,,,,Unplanned,,,,,,MiraFlex 1,MiraFlex 1,,,,,,,,,,,
1992,1992,,,,,,,,Unplanned,,,,,,MiraFlex 1,MiraFlex 1,,,,,,,,,,,
1993,1993,,,,,,,,Unplanned,,,,,,MiraFlex 1,MiraFlex 1,,,,,,,,,,,
1994,1994,,,,,,,,Unplanned,,,,,,MiraFlex 1,MiraFlex 1,,,,,,,,,,,
1995,1995,,,,,,,,Unplanned,,,,,,MiraFlex 1,MiraFlex 1,,,,,,,,,,,
1996,1996,,,,,,,,Unplanned,,,,,,MiraFlex 1,MiraFlex 1,,,,,,,,,,,
1997,1997,,,,,,,,Unplanned,,,,,,MiraFlex 1,MiraFlex 1,,,,,,,,,,,
1998,1998,,,,,,,,Unplanned,,,,,,MiraFlex 1,MiraFlex 1,,,,,,,,,,,
1999,1999,,,,,,,,Unplanned,,,,,,MiraFlex 1,MiraFlex 1,,,,,,,,,,,
2000,2000,,,,,,,,Unplanned,,,,,,MiraFlex 1,MiraFlex 1,,,,,,,,,,,
2001,2001,,,,,,,,Unplanned,,,,,,MiraFlex 1,MiraFlex 1,,,,,,,,,,,
2002,2002,,,,,,,,Unplanned,,,,,,MiraFlex 1,MiraFlex 1,,,,,,,,,,,
2003,2003,,,,,,,,Unplanned,,,,,,MiraFlex 1,MiraFlex 1,,,,,,,,,,,
2004,2004,,,,,,,,Unplanned,,,,,,MiraFlex 1,MiraFlex 1,,,,,,,,,,,
2005,2005,,,,,,,,Unplanned,,,,,,MiraFlex 1,MiraFlex 1,,,,,,,,,,,
2006,2006,,,,,,,,Unplanned,,,,,,MiraFlex 1,MiraFlex 1,,,,,,,,,,,
2007,2007,,,,,,,,Unplanned,,,,,,MiraFlex 1,MiraFlex 1,,,,,,,,,,,
2008,2008,,,,,,,,Unplanned,,,,,,MiraFlex 1,MiraFlex 1,,,,,,,,,,,
2009,2009,,,,,,,,Unplanned,,,,,,MiraFlex 1,MiraFlex 1,,,,,,,,,,,
2010,2010,,,,,,,,Unplanned,,,,,,MiraFlex 1,MiraFlex 1,,,,,,,,,,,
2011,2011,,,,,,,,Unplanned,,,,,,MiraFlex 1,MiraFlex 1,,,,,,,,,,,
2012,2012,,,,,,,,Unplanned,,,,,,MiraFlex 1,MiraFlex 1,,,,,,,,,,,
2013,2013,,,,,,,,Unplanned,,,,,,MiraFlex 1,MiraFlex 1,,,,,,,,,,,
2014,2014,,,,,,,,Unplanned,,,,,,MiraFlex 1,MiraFlex 1,,,,,,,,,,,
2015,2015,,,,,,,,Unplanned,,,,,,MiraFlex 1,MiraFlex 1,,,,,,,,,,,
2016,2016,,,,,,,,Unplanned,,,,,,MiraFlex 1,MiraFlex 1,,,,,,,,,,,
2017,2017,,,,,,,,Unplanned,,,,,,MiraFlex 1,MiraFlex 1,,,,,,,,,,,
2018,2018,,,,,,,,Unplanned,,,,,,MiraFlex 1,MiraFlex 1,,,,,,,,,,,
2019,2019,,,,,,,,Unplanned,,,,,,MiraFlex 1,MiraFlex 1,,,,,,,,,,,
2020,2020,,,,,,,,Unplanned,,,,,,MiraFlex 1,MiraFlex 1,,,,,,,,,,,
2021,2021,,,,,,,,Unplanned,,,,,,MiraFlex 1,MiraFlex 1,,,,,,,,,,,
2022,2022,,,,,,,,Unplanned,,,,,,MiraFlex 1,MiraFlex 1,,,,,,,,,,,
2023,2023,,,,,,,,Unplanned,,,,,,MiraFlex 1,MiraFlex 1,,,,,,,,,,,
2024,2024,,,,,,,,Unplanned,,,,,,MiraFlex 1,MiraFlex 1,,,,,,,,,,,
2025,2025,,,,,,,,Unplanned,,,,,,MiraFlex 1,MiraFlex 1,,,,,,,,,,,
2026,2026,,,,,,,,Unplanned,,,,,,MiraFlex 1,MiraFlex 1,,,,,,,,,,,
2027,2027,,,,,,,,Unplanned,,,,,,MiraFlex 1,MiraFlex 1,,,,,,,,,,,
2028,2028,,,,,,,,Unplanned,,,,,,MiraFlex 1,MiraFlex 1,,,,,,,,,,,
2029,2029,,,,,,,,Unplanned,,,,,,MiraFlex 1,MiraFlex 1,,,,,,,,,,,
2030,2030,,,,,,,,Unplanned,,,,,,MiraFlex 1,MiraFlex 1,,,,,,,,,,,
2031,2031,,,,,,,,Unplanned,,,,,,MiraFlex 1,MiraFlex 1,,,,,,,,,,,
2032,2032,,,,,,,,Unplanned,,,,,,MiraFlex 1,MiraFlex 1,,,,,,,,,,,
2033,2033,,,,,,,,Unplanned,,,,,,MiraFlex 1,MiraFlex 1,,,,,,,,,,,
2034,2034,,,,,,,,Unplanned,,,,,,MiraFlex 1,MiraFlex 1,,,,,,,,,,,
2035,2035,,,,,,,,Unplanned,,,,,,MiraFlex 1,MiraFlex 1,,,,,,,,,,,
2036,2036,,,,,,,,Unplanned,,,,,,MiraFlex 1,MiraFlex 1,,,,,,,,,,,
2037,2037,,,,,,,,Unplanned,,,,,,MiraFlex 1,MiraFlex 1,,,,,,,,,,,
2038,2038,,,,,,,,Unplanned,,,,,,MiraFlex 1,MiraFlex 1,,,,,,,,,,,
2039,2039,,,,,,,,Unplanned,,,,,,MiraFlex 1,MiraFlex 1,,,,,,,,,,,
2040,2040,,,,,,,,Unplanned,,,,,,MiraFlex 1,MiraFlex 1,,,,,,,,,,,
2041,2041,,,,,,,,Unplanned,,,,,,MiraFlex 1,MiraFlex 1,,,,,,,,,,,
2042,2042,,,,,,,,Unplanned,,,,,,MiraFlex 1,MiraFlex 1,,,,,,,,,,,
2043,2043,,,,,,,,Unplanned,,,,,,MiraFlex 1,MiraFlex 1,,,,,,,,,,,
2044,2044,,,,,,,,Unplanned,,,,,,MiraFlex 1,MiraFlex 1,,,,,,,,,,,
2045,2045,,,,,,,,Unplanned,,,,,,MiraFlex 1,MiraFlex 1,,,,,,,,,,,
2046,2046,,,,,,,,Unplanned,,,,,,MiraFlex 1,MiraFlex 1,,,,,,,,,,,
2047,2047,,,,,,,,Unplanned,,,,,,MiraFlex 1,MiraFlex 1,,,,,,,,,,,
2048,2048,,,,,,,,Unplanned,,,,,,MiraFlex 1,MiraFlex 1,,,,,,,,,,,
2049,2049,,,,,,,,Unplanned,,,,,,MiraFlex 1,MiraFlex 1,,,,,,,,,,,
2050,2050,,,,,,,,Unplanned,,,,,,MiraFlex 1,MiraFlex 1,,,,,,,,,,,
2051,2051,,,,,,,,Unplanned,,,,,,MiraFlex 1,MiraFlex 1,,,,,,,,,,,
2052,2052,,,,,,,,Unplanned,,,,,,MiraFlex 1,MiraFlex 1,,,,,,,,,,,
2053,2053,,,,,,,,Unplanned,,,,,,MiraFlex 1,MiraFlex 1,,,,,,,,,,,
2054,2054,,,,,,,,Unplanned,,,,,,MiraFlex 1,MiraFlex 1,,,,,,,,,,,
2055,2055,,,,,,,,Unplanned,,,,,,MiraFlex 1,MiraFlex 1,,,,,,,,,,,
2056,2056,,,,,,,,Unplanned,,,,,,MiraFlex 1,MiraFlex 1,,,,,,,,,,,
2057,2057,,,,,,,,Unplanned,,,,,,MiraFlex 1,MiraFlex 1,,,,,,,,,,,
2058,2058,,,,,,,,Unplanned,,,,,,MiraFlex 1,MiraFlex 1,,,,,,,,,,,
2059,2059,,,,,,,,Unplanned,,,,,,MiraFlex 1,MiraFlex 1,,,,,,,,,,,
2060,2060,,,,,,,,Unplanned,,,,,,MiraFlex 1,MiraFlex 1,,,,,,,,,,,
2061,2061,,,,,,,,Unplanned,,,,,,MiraFlex 1,MiraFlex 1,,,,,,,,,,,
2062,2062,,,,,,,,Unplanned,,,,,,MiraFlex 1,MiraFlex 1,,,,,,,,,,,
2063,2063,,,,,,,,Unplanned,,,,,,MiraFlex 1,MiraFlex 1,,,,,,,,,,,
2064,2064,,,,,,,,Unplanned,,,,,,MiraFlex 1,MiraFlex 1,,,,,,,,,,,
2065,2065,,,,,,,,Unplanned,,,,,,MiraFlex 1,MiraFlex 1,,,,,,,,,,,
2066,2066,,,,,,,,Unplanned,,,,,,MiraFlex 1,MiraFlex 1,,,,,,,,,,,
2067,2067,,,,,,,,Unplanned,,,,,,MiraFlex 1,MiraFlex 1,,,,,,,,,,,
2068,2068,,,,,,,,Unplanned,,,,,,MiraFlex 1,MiraFlex 1,,,,,,,,,,,
2069,2069,,,,,,,,Unplanned,,,,,,MiraFlex 1,MiraFlex 1,,,,,,,,,,,
2070,2070,,,,,,,,Unplanned,,,,,,MiraFlex 1,MiraFlex 1,,,,,,,,,,,
2071,2071,,,,,,,,Unplanned,,,,,,MiraFlex 1,MiraFlex 1,,,,,,,,,,,
2072,2072,,,,,,,,Unplanned,,,,,,MiraFlex 1,MiraFlex 1,,,,,,,,,,,
2073,2073,,,,,,,,Unplanned,,,,,,MiraFlex 1,MiraFlex 1,,,,,,,,,,,
2074,2074,,,,,,,,Unplanned,,,,,,MiraFlex 1,MiraFlex 1,,,,,,,,,,,
2075,2075,,,,,,,,Unplanned,,,,,,MiraFlex 1,MiraFlex 1,,,,,,,,,,,
2076,2076,,,,,,,,Unplanned,,,,,,MiraFlex 1,MiraFlex 1,,,,,,,,,,,
2077,2077,,,,,,,,Unplanned,,,,,,MiraFlex 1,MiraFlex 1,,,,,,,,,,,
2078,2078,,,,,,,,Unplanned,,,,,,MiraFlex 1,MiraFlex 1,,,,,,,,,,,
2079,2079,,,,,,,,Unplanned,,,,,,MiraFlex 1,MiraFlex 1,,,,,,,,,,,
2080,2080,,,,,,,,Unplanned,,,,,,MiraFlex 1,MiraFlex 1,,,,,,,,,,,
2081,2081,,,,,,,,Unplanned,,,,,,MiraFlex 1,MiraFlex 1,,,,,,,,,,,
2082,2082,,,,,,,,Unplanned,,,,,,MiraFlex 1,MiraFlex 1,,,,,,,,,,,
2083,2083,,,,,,,,Unplanned,,,,,,MiraFlex 1,MiraFlex 1,,,,,,,,,,,
2084,2084,,,,,,,,Unplanned,,,,,,MiraFlex 1,MiraFlex 1,,,,,,,,,,,
2085,2085,,,,,,,,Unplanned,,,,,,MiraFlex 1,MiraFlex 1,,,,,,,,,,,
2086,2086,,,,,,,,Unplanned,,,,,,MiraFlex 1,MiraFlex 1,,,,,,,,,,,
2087,2087,,,,,,,,Unplanned,,,,,,MiraFlex 1,MiraFlex 1,,,,,,,,,,,
2088,2088,,,,,,,,Unplanned,,,,,,MiraFlex 1,MiraFlex 1,,,,,,,,,,,
2089,2089,,,,,,,,Unplanned,,,,,,MiraFlex 1,MiraFlex 1,,,,,,,,,,,
2090,2090,,,,,,,,Unplanned,,,,,,MiraFlex 1,MiraFlex 1,,,,,,,,,,,
2091,2091,,,,,,,,Unplanned,,,,,,MiraFlex 1,MiraFlex 1,,,,,,,,,,,
2092,2092,,,,,,,,Unplanned,,,,,,MiraFlex 1,MiraFlex 1,,,,,,,,,,,
2093,2093,,,,,,,,Unplanned,,,,,,MiraFlex 1,MiraFlex 1,,,,,,,,,,,
2094,2094,,,,,,,,Unplanned,,,,,,MiraFlex 1,MiraFlex 1,,,,,,,,,,,
2095,2095,,,,,,,,Unplanned,,,,,,MiraFlex 1,MiraFlex 1,,,,,,,,,,,
2096,2096,,,,,,,,Unplanned,,,,,,MiraFlex 1,MiraFlex 1,,,,,,,,,,,
2097,2097,,,,,,,,Unplanned,,,,,,MiraFlex 1,MiraFlex 1,,,,,,,,,,,
2098,2098,,,,,,,,Unplanned,,,,,,MiraFlex 1,MiraFlex 1,,,,,,,,,,,
2099,2099,,,,,,,,Unplanned,,,,,,MiraFlex 1,MiraFlex 1,,,,,,,,,,,
2100,2100,,,,,,,,Unplanned,,,,,,MiraFlex 1,MiraFlex 1,,,,,,,,,,,
2101,2101,,,,,,,,Unplanned,,,,,,MiraFlex 1,MiraFlex 1,,,,,,,,,,,
2102,2102,,,,,,,,Unplanned,,,,,,MiraFlex 1,MiraFlex 1,,,,,,,,,,,
2103,2103,,,,,,,,Unplanned,,,,,,MiraFlex 1,MiraFlex 1,,,,,,,,,,,
2104,2104,,,,,,,,Unplanned,,,,,,MiraFlex 1,MiraFlex 1,,,,,,,,,,,
2105,2105,,,,,,,,Unplanned,,,,,,MiraFlex 1,MiraFlex 1,,,,,,,,,,,
2106,2106,,,,,,,,Unplanned,,,,,,MiraFlex 1,MiraFlex 1,,,,,,,,,,,
2107,2107,,,,,,,,Unplanned,,,,,,MiraFlex 1,MiraFlex 1,,,,,,,,,,,
2108,2108,,,,,,,,Unplanned,,,,,,MiraFlex 1,MiraFlex 1,,,,,,,,,,,
2109,2109,,,,,,,,Unplanned,,,,,,MiraFlex 1,MiraFlex 1,,,,,,,,,,,
2110,2110,,,,,,,,Unplanned,,,,,,MiraFlex 1,MiraFlex 1,,,,,,,,,,,
2111,2111,,,,,,,,Unplanned,,,,,,MiraFlex 1,MiraFlex 1,,,,,,,,,,,
2112,2112,,,,,,,,Unplanned,,,,,,MiraFlex 1,MiraFlex 1,,,,,,,,,,,
2113,2113,,,,,,,,Unplanned,,,,,,MiraFlex 1,MiraFlex 1,,,,,,,,,,,
2114,2114,,,,,,,,Unplanned,,,,,,MiraFlex 1,MiraFlex 1,,,,,,,,,,,
2115,2115,,,,,,,,Unplanned,,,,,,MiraFlex 1,MiraFlex 1,,,,,,,,,,,
2116,2116,,,,,,,,Unplanned,,,,,,MiraFlex 1,MiraFlex 1,,,,,,,,,,,
2117,2117,,,,,,,,Unplanned,,,,,,MiraFlex 1,MiraFlex 1,,,,,,,,,,,
2118,2118,,,,,,,,Unplanned,,,,,,MiraFlex 1,MiraFlex 1,,,,,,,,,,,
2119,2119,,,,,,,,Unplanned,,,,,,MiraFlex 1,MiraFlex 1,,,,,,,,,,,
2120,2120,,,,,,,,Unplanned,,,,,,MiraFlex 1,MiraFlex 1,,,,,,,,,,,
2121,2121,,,,,,,,Unplanned,,,,,,MiraFlex 1,MiraFlex 1,,,,,,,,,,,
2122,2122,,,,,,,,Unplanned,,,,,,MiraFlex 1,MiraFlex 1,,,,,,,,,,,
2123,2123,,,,,,,,Unplanned,,,,,,MiraFlex 1,MiraFlex 1,,,,,,,,,,,
2124,2124,,,,,,,,Unplanned,,,,,,MiraFlex 1,MiraFlex 1,,,,,,,,,,,
2125,2125,,,,,,,,Unplanned,,,,,,MiraFlex 1,MiraFlex 1,,,,,,,,,,,
2126,2126,,,,,,,,Unplanned,,,,,,MiraFlex 1,MiraFlex 1,,,,,,,,,,,
2127,2127,,,,,,,,Unplanned,,,,,,MiraFlex 1,MiraFlex 1,,,,,,,,,,,
2128,2128,,,,,,,,Unplanned,,,,,,MiraFlex 1,MiraFlex 1,,,,,,,,,,,
2129,2129,,,,,,,,Unplanned,,,,,,MiraFlex 1,MiraFlex 1,,,,,,,,,,,
2130,2130,,,,,,,,Unplanned,,,,,,MiraFlex 1,MiraFlex 1,,,,,,,,,,,
2131,2131,,,,,,,,Unplanned,,,,,,MiraFlex 1,MiraFlex 1,,,,,,,,,,,
2132,2132,,,,,,,,Unplanned,,,,,,MiraFlex 1,MiraFlex 1,,,,,,,,,,,
2133,2133,,,,,,,,Unplanned,,,,,,MiraFlex 1,MiraFlex 1,,,,,,,,,,,
2134,2134,,,,,,,,Unplanned,,,,,,MiraFlex 1,MiraFlex 1,,,,,,,,,,,
2135,2135,,,,,,,,Unplanned,,,,,,MiraFlex 1,MiraFlex 1,,,,,,,,,,,
2136,2136,,,,,,,,Unplanned,,,,,,MiraFlex 1,MiraFlex 1,,,,,,,,,,,
2137,2137,,,,,,,,Unplanned,,,,,,MiraFlex 1,MiraFlex 1,,,,,,,,,,,
2138,2138,,,,,,,,Unplanned,,,,,,MiraFlex 1,MiraFlex 1,,,,,,,,,,,
2139,2139,,,,,,,,Unplanned,,,,,,MiraFlex 1,MiraFlex 1,,,,,,,,,,,
2140,2140,,,,,,,,Unplanned,,,,,,MiraFlex 1,MiraFlex 1,,,,,,,,,,,
2141,2141,,,,,,,,Unplanned,,,,,,MiraFlex 1,MiraFlex 1,,,,,,,,,,,
2142,2142,,,,,,,,Unplanned,,,,,,MiraFlex 1,MiraFlex 1,,,,,,,,,,,
2143,2143,,,,,,,,Unplanned,,,,,,MiraFlex 1,MiraFlex 1,,,,,,,,,,,
2144,2144,,,,,,,,Unplanned,,,,,,MiraFlex 1,MiraFlex 1,,,,,,,,,,,
2145,2145,,,,,,,,Unplanned,,,,,,MiraFlex 1,MiraFlex 1,,,,,,,,,,,
2146,2146,,,,,,,,Unplanned,,,,,,MiraFlex 1,MiraFlex 1,,,,,,,,,,,
2147,2147,,,,,,,,Unplanned,,,,,,MiraFlex 1,MiraFlex 1,,,,,,,,,,,
2148,2148,,,,,,,,Unplanned,,,,,,MiraFlex 1,MiraFlex 1,,,,,,,,,,,
2149,2149,,,,,,,,Unplanned,,,,,,MiraFlex 1,MiraFlex 1,,,,,,,,,,,
2150,2150,,,,,,,,Unplanned,,,,,,MiraFlex 1,MiraFlex 1,,,,,,,,,,,
2151,2151,,,,,,,,Unplanned,,,,,,MiraFlex 1,MiraFlex 1,,,,,,,,,,,
2152,2152,,,,,,,,Unplanned,,,,,,MiraFlex 1,MiraFlex 1,,,,,,,,,,,
2153,2153,,,,,,,,Unplanned,,,,,,MiraFlex 1,MiraFlex 1,,,,,,,,,,,
2154,2154,,,,,,,,Unplanned,,,,,,MiraFlex 1,MiraFlex 1,,,,,,,,,,,
2155,2155,,,,,,,,Unplanned,,,,,,MiraFlex 1,MiraFlex 1,,,,,,,,,,,
2156,2156,,,,,,,,Unplanned,,,,,,MiraFlex 1,MiraFlex 1,,,,,,,,,,,
2157,2157,,,,,,,,Unplanned,,,,,,MiraFlex 1,MiraFlex 1,,,,,,,,,,,
2158,2158,,,,,,,,Unplanned,,,,,,MiraFlex 1,MiraFlex 1,,,,,,,,,,,
2159,2159,,,,,,,,Unplanned,,,,,,MiraFlex 1,MiraFlex 1,,,,,,,,,,,
2160,2160,,,,,,,,Unplanned,,,,,,MiraFlex 1,MiraFlex 1,,,,,,,,,,,
2161,2161,,,,,,,,Unplanned,,,,,,MiraFlex 1,MiraFlex 1,,,,,,,,,,,
2162,2162,,,,,,,,Unplanned,,,,,,MiraFlex 1,MiraFlex 1,,,,,,,,,,,
2163,2163,,,,,,,,Unplanned,,,,,,MiraFlex 1,MiraFlex 1,,,,,,,,,,,
2164,2164,,,,,,,,Unplanned,,,,,,MiraFlex 1,MiraFlex 1,,,,,,,,,,,
2165,2165,,,,,,,,Unplanned,,,,,,MiraFlex 1,MiraFlex 1,,,,,,,,,,,
2166,2166,,,,,,,,Unplanned,,,,,,MiraFlex 1,MiraFlex 1,,,,,,,,,,,
2167,2167,,,,,,,,Unplanned,,,,,,MiraFlex 1,MiraFlex 1,,,,,,,,,,,
2168,2168,,,,,,,,Unplanned,,,,,,MiraFlex 1,MiraFlex 1,,,,,,,,,,,
2169,2169,,,,,,,,Unplanned,,,,,,MiraFlex 1,MiraFlex 1,,,,,,,,,,,
2170,2170,,,,,,,,Unplanned,,,,,,MiraFlex 1,MiraFlex 1,,,,,,,,,,,
2171,2171,,,,,,,,Unplanned,,,,,,MiraFlex 1,MiraFlex 1,,,,,,,,,,,
2172,2172,,,,,,,,Unplanned,,,,,,MiraFlex 1,MiraFlex 1,,,,,,,,,,,
2173,2173,,,,,,,,Unplanned,,,,,,MiraFlex 1,MiraFlex 1,,,,,,,,,,,
2174,2174,,,,,,,,Unplanned,,,,,,MiraFlex 1,MiraFlex 1,,,,,,,,,,,
2175,2175,,,,,,,,Unplanned,,,,,,MiraFlex 1,MiraFlex 1,,,,,,,,,,,
2176,2176,,,,,,,,Unplanned,,,,,,MiraFlex 1,MiraFlex 1,,,,,,,,,,,
2177,2177,,,,,,,,Unplanned,,,,,,MiraFlex 1,MiraFlex 1,,,,,,,,,,,
2178,2178,,,,,,,,Unplanned,,,,,,MiraFlex 1,MiraFlex 1,,,,,,,,,,,
2179,2179,,,,,,,,Unplanned,,,,,,MiraFlex 1,MiraFlex 1,,,,,,,,,,,
2180,2180,,,,,,,,Unplanned,,,,,,MiraFlex 1,MiraFlex 1,,,,,,,,,,,
2181,2181,,,,,,,,Unplanned,,,,,,MiraFlex 1,MiraFlex 1,,,,,,,,,,,
2182,2182,,,,,,,,Unplanned,,,,,,MiraFlex 1,MiraFlex 1,,,,,,,,,,,
2183,2183,,,,,,,,Unplanned,,,,,,MiraFlex 1,MiraFlex 1,,,,,,,,,,,
2184,2184,,,,,,,,Unplanned,,,,,,MiraFlex 1,MiraFlex 1,,,,,,,,,,,
2185,2185,,,,,,,,Unplanned,,,,,,MiraFlex 1,MiraFlex 1,,,,,,,,,,,
2186,2186,,,,,,,,Unplanned,,,,,,MiraFlex 1,MiraFlex 1,,,,,,,,,,,
2187,2187,,,,,,,,Unplanned,,,,,,MiraFlex 1,MiraFlex 1,,,,,,,,,,,
2188,2188,,,,,,,,Unplanned,,,,,,MiraFlex 1,MiraFlex 1,,,,,,,,,,,
2189,2189,,,,,,,,Unplanned,,,,,,MiraFlex 1,MiraFlex 1,,,,,,,,,,,
2190,2190,,,,,,,,Unplanned,,,,,,MiraFlex 1,MiraFlex 1,,,,,,,,,,,
2191,2191,,,,,,,,Unplanned,,,,,,MiraFlex 1,MiraFlex 1,,,,,,,,,,,
2192,2192,,,,,,,,Unplanned,,,,,,MiraFlex 1,MiraFlex 1,,,,,,,,,,,
2193,2193,,,,,,,,Unplanned,,,,,,MiraFlex 1,MiraFlex 1,,,,,,,,,,,
2194,2194,,,,,,,,Unplanned,,,,,,MiraFlex 1,MiraFlex 1,,,,,,,,,,,
2195,2195,,,,,,,,Unplanned,,,,,,MiraFlex 1,MiraFlex 1,,,,,,,,,,,
2196,2196,,,,,,,,Unplanned,,,,,,MiraFlex 1,MiraFlex 1,,,,,,,,,,,
2197,2197,,,,,,,,Unplanned,,,,,,MiraFlex 1,MiraFlex 1,,,,,,,,,,,
2198,2198,,,,,,,,Unplanned,,,,,,MiraFlex 1,MiraFlex 1,,,,,,,,,,,
2199,2199,,,,,,,,Unplanned,,,,,,MiraFlex 1,MiraFlex 1,,,,,,,,,,,
2200,2200,,,,,,,,Unplanned,,,,,,MiraFlex 1,MiraFlex 1,,,,,,,,,,,
2201,2201,,,,,,,,Unplanned,,,,,,MiraFlex 1,MiraFlex 1,,,,,,,,,,,
2202,2202,,,,,,,,Unplanned,,,,,,MiraFlex 1,MiraFlex 1,,,,,,,,,,,
2203,2203,,,,,,,,Unplanned,,,,,,MiraFlex 1,MiraFlex 1,,,,,,,,,,,
2204,2204,,,,,,,,Unplanned,,,,,,MiraFlex 1,MiraFlex 1,,,,,,,,,,,
2205,2205,,,,,,,,Unplanned,,,,,,MiraFlex 1,MiraFlex 1,,,,,,,,,,,
2206,2206,,,,,,,,Unplanned,,,,,,MiraFlex 1,MiraFlex 1,,,,,,,,,,,
2207,2207,,,,,,,,Unplanned,,,,,,MiraFlex 1,MiraFlex 1,,,,,,,,,,,
2208,2208,,,,,,,,Unplanned,,,,,,MiraFlex 1,MiraFlex 1,,,,,,,,,,,
2209,2209,,,,,,,,Unplanned,,,,,,MiraFlex 1,MiraFlex 1,,,,,,,,,,,
2210,2210,,,,,,,,Unplanned,,,,,,MiraFlex 1,MiraFlex 1,,,,,,,,,,,
2211,2211,,,,,,,,Unplanned,,,,,,MiraFlex 1,MiraFlex 1,,,,,,,,,,,
2212,2212,,,,,,,,Unplanned,,,,,,MiraFlex 1,MiraFlex 1,,,,,,,,,,,
2213,2213,,,,,,,,Unplanned,,,,,,MiraFlex 1,MiraFlex 1,,,,,,,,,,,
2214,2214,,,,,,,,Unplanned,,,,,,MiraFlex 1,MiraFlex 1,,,,,,,,,,,
2215,2215,,,,,,,,Unplanned,,,,,,MiraFlex 1,MiraFlex 1,,,,,,,,,,,
2216,2216,,,,,,,,Unplanned,,,,,,MiraFlex 1,MiraFlex 1,,,,,,,,,,,
2217,2217,,,,,,,,Unplanned,,,,,,MiraFlex 1,MiraFlex 1,,,,,,,,,,,
2218,2218,,,,,,,,Unplanned,,,,,,MiraFlex 1,MiraFlex 1,,,,,,,,,,,
2219,2219,,,,,,,,Unplanned,,,,,,MiraFlex 1,MiraFlex 1,,,,,,,,,,,
2220,2220,,,,,,,,Unplanned,,,,,,MiraFlex 1,MiraFlex 1,,,,,,,,,,,
2221,2221,,,,,,,,Unplanned,,,,,,MiraFlex 1,MiraFlex 1,,,,,,,,,,,
2222,2222,,,,,,,,Unplanned,,,,,,MiraFlex 1,MiraFlex 1,,,,,,,,,,,
2223,2223,,,,,,,,Unplanned,,,,,,MiraFlex 1,MiraFlex 1,,,,,,,,,,,
2224,2224,,,,,,,,Unplanned,,,,,,MiraFlex 1,MiraFlex 1,,,,,,,,,,,
2225,2225,,,,,,,,Unplanned,,,,,,MiraFlex 1,MiraFlex 1,,,,,,,,,,,
2226,2226,,,,,,,,Unplanned,,,,,,MiraFlex 1,MiraFlex 1,,,,,,,,,,,
2227,2227,,,,,,,,Unplanned,,,,,,MiraFlex 1,MiraFlex 1,,,,,,,,,,,
2228,2228,,,,,,,,Unplanned,,,,,,MiraFlex 1,MiraFlex 1,,,,,,,,,,,
2229,2229,,,,,,,,Unplanned,,,,,,MiraFlex 1,MiraFlex 1,,,,,,,,,,,
2230,2230,,,,,,,,Unplanned,,,,,,MiraFlex 1,MiraFlex 1,,,,,,,,,,,
2231,2231,,,,,,,,Unplanned,,,,,,MiraFlex 1,MiraFlex 1,,,,,,,,,,,
2232,2232,,,,,,,,Unplanned,,,,,,MiraFlex 1,MiraFlex 1,,,,,,,,,,,
2233,2233,,,,,,,,Unplanned,,,,,,MiraFlex 1,MiraFlex 1,,,,,,,,,,,
2234,2234,,,,,,,,Unplanned,,,,,,MiraFlex 1,MiraFlex 1,,,,,,,,,,,
2235,2235,,,,,,,,Unplanned,,,,,,MiraFlex 1,MiraFlex 1,,,,,,,,,,,
2236,2236,,,,,,,,Unplanned,,,,,,MiraFlex 1,MiraFlex 1,,,,,,,,,,,
2237,2237,,,,,,,,Unplanned,,,,,,MiraFlex 1,MiraFlex 1,,,,,,,,,,,
2238,2238,,,,,,,,Unplanned,,,,,,MiraFlex 1,MiraFlex 1,,,,,,,,,,,
2239,2239,,,,,,,,Unplanned,,,,,,MiraFlex 1,MiraFlex 1,,,,,,,,,,,
2240,2240,,,,,,,,Unplanned,,,,,,MiraFlex 1,MiraFlex 1,,,,,,,,,,,
2241,2241,,,,,,,,Unplanned,,,,,,MiraFlex 1,MiraFlex 1,,,,,,,,,,,
2242,2242,,,,,,,,Unplanned,,,,,,MiraFlex 1,MiraFlex 1,,,,,,,,,,,
2243,2243,,,,,,,,Unplanned,,,,,,MiraFlex 1,MiraFlex 1,,,,,,,,,,,
2244,2244,,,,,,,,Unplanned,,,,,,MiraFlex 1,MiraFlex 1,,,,,,,,,,,
2245,2245,,,,,,,,Unplanned,,,,,,MiraFlex 1,MiraFlex 1,,,,,,,,,,,
2246,2246,,,,,,,,Unplanned,,,,,,MiraFlex 1,MiraFlex 1,,,,,,,,,,,
2247,2247,,,,,,,,Unplanned,,,,,,MiraFlex 1,MiraFlex 1,,,,,,,,,,,
2248,2248,,,,,,,,Unplanned,,,,,,MiraFlex 1,MiraFlex 1,,,,,,,,,,,
2249,2249,,,,,,,,Unplanned,,,,,,MiraFlex 1,MiraFlex 1,,,,,,,,,,,
2250,2250,,,,,,,,Unplanned,,,,,,MiraFlex 1,MiraFlex 1,,,,,,,,,,,
2251,2251,,,,,,,,Unplanned,,,,,,MiraFlex 1,MiraFlex 1,,,,,,,,,,,
2252,2252,,,,,,,,Unplanned,,,,,,MiraFlex 1,MiraFlex 1,,,,,,,,,,,
2253,2253,,,,,,,,Unplanned,,,,,,MiraFlex 1,MiraFlex 1,,,,,,,,,,,
2254,2254,,,,,,,,Unplanned,,,,,,MiraFlex 1,MiraFlex 1,,,,,,,,,,,
2255,2255,,,,,,,,Unplanned,,,,,,MiraFlex 1,MiraFlex 1,,,,,,,,,,,
2256,2256,,,,,,,,Unplanned,,,,,,MiraFlex 1,MiraFlex 1,,,,,,,,,,,
2257,2257,,,,,,,,Unplanned,,,,,,MiraFlex 1,MiraFlex 1,,,,,,,,,,,
2258,2258,,,,,,,,Unplanned,,,,,,MiraFlex 1,MiraFlex 1,,,,,,,,,,,
2259,2259,,,,,,,,Unplanned,,,,,,MiraFlex 1,MiraFlex 1,,,,,,,,,,,
2260,2260,,,,,,,,Unplanned,,,,,,MiraFlex 1,MiraFlex 1,,,,,,,,,,,
2261,2261,,,,,,,,Unplanned,,,,,,MiraFlex 1,MiraFlex 1,,,,,,,,,,,
2262,2262,,,,,,,,Unplanned,,,,,,MiraFlex 1,MiraFlex 1,,,,,,,,,,,
2263,2263,,,,,,,,Unplanned,,,,,,MiraFlex 1,MiraFlex 1,,,,,,,,,,,
2264,2264,,,,,,,,Unplanned,,,,,,MiraFlex 1,MiraFlex 1,,,,,,,,,,,
2265,2265,,,,,,,,Unplanned,,,,,,MiraFlex 1,MiraFlex 1,,,,,,,,,,,
2266,2266,,,,,,,,Unplanned,,,,,,MiraFlex 1,MiraFlex 1,,,,,,,,,,,
2267,2267,,,,,,,,Unplanned,,,,,,MiraFlex 1,MiraFlex 1,,,,,,,,,,,
2268,2268,,,,,,,,Unplanned,,,,,,MiraFlex 1,MiraFlex 1,,,,,,,,,,,
2269,2269,,,,,,,,Unplanned,,,,,,MiraFlex 1,MiraFlex 1,,,,,,,,,,,
2270,2270,,,,,,,,Unplanned,,,,,,MiraFlex 1,MiraFlex 1,,,,,,,,,,,
2271,2271,,,,,,,,Unplanned,,,,,,MiraFlex 1,MiraFlex 1,,,,,,,,,,,
2272,2272,,,,,,,,Unplanned,,,,,,MiraFlex 1,MiraFlex 1,,,,,,,,,,,
2273,2273,,,,,,,,Unplanned,,,,,,MiraFlex 1,MiraFlex 1,,,,,,,,,,,
2274,2274,,,,,,,,Unplanned,,,,,,MiraFlex 1,MiraFlex 1,,,,,,,,,,,
2275,2275,,,,,,,,Unplanned,,,,,,MiraFlex 1,MiraFlex 1,,,,,,,,,,,
2276,2276,,,,,,,,Unplanned,,,,,,MiraFlex 1,MiraFlex 1,,,,,,,,,,,
2277,2277,,,,,,,,Unplanned,,,,,,MiraFlex 1,MiraFlex 1,,,,,,,,,,,
2278,2278,,,,,,,,Unplanned,,,,,,MiraFlex 1,MiraFlex 1,,,,,,,,,,,
2279,2279,,,,,,,,Unplanned,,,,,,MiraFlex 1,MiraFlex 1,,,,,,,,,,,
2280,2280,,,,,,,,Unplanned,,,,,,MiraFlex 1,MiraFlex 1,,,,,,,,,,,
2281,2281,,,,,,,,Unplanned,,,,,,MiraFlex 1,MiraFlex 1,,,,,,,,,,,
2282,2282,,,,,,,,Unplanned,,,,,,MiraFlex 1,MiraFlex 1,,,,,,,,,,,
2283,2283,,,,,,,,Unplanned,,,,,,MiraFlex 1,MiraFlex 1,,,,,,,,,,,
2284,2284,,,,,,,,Unplanned,,,,,,MiraFlex 1,MiraFlex 1,,,,,,,,,,,
2285,2285,,,,,,,,Unplanned,,,,,,MiraFlex 1,MiraFlex 1,,,,,,,,,,,
2286,2286,,,,,,,,Unplanned,,,,,,MiraFlex 1,MiraFlex 1,,,,,,,,,,,
2287,2287,,,,,,,,Unplanned,,,,,,MiraFlex 1,MiraFlex 1,,,,,,,,,,,
2288,2288,,,,,,,,Unplanned,,,,,,MiraFlex 1,MiraFlex 1,,,,,,,,,,,
2289,2289,,,,,,,,Unplanned,,,,,,MiraFlex 1,MiraFlex 1,,,,,,,,,,,
2290,2290,,,,,,,,Unplanned,,,,,,MiraFlex 1,MiraFlex 1,,,,,,,,,,,
2291,2291,,,,,,,,Unplanned,,,,,,MiraFlex 1,MiraFlex 1,,,,,,,,,,,
2292,2292,,,,,,,,Unplanned,,,,,,MiraFlex 1,MiraFlex 1,,,,,,,,,,,
2293,2293,,,,,,,,Unplanned,,,,,,MiraFlex 1,MiraFlex 1,,,,,,,,,,,
2294,2294,,,,,,,,Unplanned,,,,,,MiraFlex 1,MiraFlex 1,,,,,,,,,,,
2295,2295,,,,,,,,Unplanned,,,,,,MiraFlex 1,MiraFlex 1,,,,,,,,,,,
2296,2296,,,,,,,,Unplanned,,,,,,MiraFlex 1,MiraFlex 1,,,,,,,,,,,
2297,2297,,,,,,,,Unplanned,,,,,,MiraFlex 1,MiraFlex 1,,,,,,,,,,,
2298,2298,,,,,,,,Unplanned,,,,,,MiraFlex 1,MiraFlex 1,,,,,,,,,,,
2299,2299,,,,,,,,Unplanned,,,,,,MiraFlex 1,MiraFlex 1,,,,,,,,,,,
2300,2300,,,,,,,,Unplanned,,,,,,MiraFlex 1,MiraFlex 1,,,,,,,,,,,
2301,2301,,,,,,,,Unplanned,,,,,,MiraFlex 1,MiraFlex 1,,,,,,,,,,,
2302,2302,,,,,,,,Unplanned,,,,,,MiraFlex 1,MiraFlex 1,,,,,,,,,,,
2303,2303,,,,,,,,Unplanned,,,,,,MiraFlex 1,MiraFlex 1,,,,,,,,,,,
2304,2304,,,,,,,,Unplanned,,,,,,MiraFlex 1,MiraFlex 1,,,,,,,,,,,
2305,2305,,,,,,,,Unplanned,,,,,,MiraFlex 1,MiraFlex 1,,,,,,,,,,,
2306,2306,,,,,,,,Unplanned,,,,,,MiraFlex 1,MiraFlex 1,,,,,,,,,,,
2307,2307,,,,,,,,Unplanned,,,,,,MiraFlex 1,MiraFlex 1,,,,,,,,,,,
2308,2308,,,,,,,,Unplanned,,,,,,MiraFlex 1,MiraFlex 1,,,,,,,,,,,
2309,2309,,,,,,,,Unplanned,,,,,,MiraFlex 1,MiraFlex 1,,,,,,,,,,,
2310,2310,,,,,,,,Unplanned,,,,,,MiraFlex 1,MiraFlex 1,,,,,,,,,,,
2311,2311,,,,,,,,Unplanned,,,,,,MiraFlex 1,MiraFlex 1,,,,,,,,,,,
2312,2312,,,,,,,,Unplanned,,,,,,MiraFlex 1,MiraFlex 1,,,,,,,,,,,
2313,2313,,,,,,,,Unplanned,,,,,,MiraFlex 1,MiraFlex 1,,,,,,,,,,,
2314,2314,,,,,,,,Unplanned,,,,,,MiraFlex 1,MiraFlex 1,,,,,,,,,,,
2315,2315,,,,,,,,Unplanned,,,,,,MiraFlex 1,MiraFlex 1,,,,,,,,,,,
2316,2316,,,,,,,,Unplanned,,,,,,MiraFlex 1,MiraFlex 1,,,,,,,,,,,
2317,2317,,,,,,,,Unplanned,,,,,,MiraFlex 1,MiraFlex 1,,,,,,,,,,,
2318,2318,,,,,,,,Unplanned,,,,,,MiraFlex 1,MiraFlex 1,,,,,,,,,,,
2319,2319,,,,,,,,Unplanned,,,,,,MiraFlex 1,MiraFlex 1,,,,,,,,,,,
2320,2320,,,,,,,,Unplanned,,,,,,MiraFlex 1,MiraFlex 1,,,,,,,,,,,
2321,2321,,,,,,,,Unplanned,,,,,,MiraFlex 1,MiraFlex 1,,,,,,,,,,,
2322,2322,,,,,,,,Unplanned,,,,,,MiraFlex 1,MiraFlex 1,,,,,,,,,,,
2323,2323,,,,,,,,Unplanned,,,,,,MiraFlex 1,MiraFlex 1,,,,,,,,,,,
2324,2324,,,,,,,,Unplanned,,,,,,MiraFlex 1,MiraFlex 1,,,,,,,,,,,
2325,2325,,,,,,,,Unplanned,,,,,,MiraFlex 1,MiraFlex 1,,,,,,,,,,,
2326,2326,,,,,,,,Unplanned,,,,,,MiraFlex 1,MiraFlex 1,,,,,,,,,,,
2327,2327,,,,,,,,Unplanned,,,,,,MiraFlex 1,MiraFlex 1,,,,,,,,,,,
2328,2328,,,,,,,,Unplanned,,,,,,MiraFlex 1,MiraFlex 1,,,,,,,,,,,
2329,2329,,,,,,,,Unplanned,,,,,,MiraFlex 1,MiraFlex 1,,,,,,,,,,,
2330,2330,,,,,,,,Unplanned,,,,,,MiraFlex 1,MiraFlex 1,,,,,,,,,,,
2331,2331,,,,,,,,Unplanned,,,,,,MiraFlex 1,MiraFlex 1,,,,,,,,,,,
2332,2332,,,,,,,,Unplanned,,,,,,MiraFlex 1,MiraFlex 1,,,,,,,,,,,
2333,2333,,,,,,,,Unplanned,,,,,,MiraFlex 1,MiraFlex 1,,,,,,,,,,,
2334,2334,,,,,,,,Unplanned,,,,,,MiraFlex 1,MiraFlex 1,,,,,,,,,,,
2335,2335,,,,,,,,Unplanned,,,,,,MiraFlex 1,MiraFlex 1,,,,,,,,,,,
2336,2336,,,,,,,,Unplanned,,,,,,MiraFlex 1,MiraFlex 1,,,,,,,,,,,
2337,2337,,,,,,,,Unplanned,,,,,,MiraFlex 1,MiraFlex 1,,,,,,,,,,,
2338,2338,,,,,,,,Unplanned,,,,,,MiraFlex 1,MiraFlex 1,,,,,,,,,,,
2339,2339,,,,,,,,Unplanned,,,,,,MiraFlex 1,MiraFlex 1,,,,,,,,,,,
2340,2340,,,,,,,,Unplanned,,,,,,MiraFlex 1,MiraFlex 1,,,,,,,,,,,
2341,2341,,,,,,,,Unplanned,,,,,,MiraFlex 1,MiraFlex 1,,,,,,,,,,,
2342,2342,,,,,,,,Unplanned,,,,,,MiraFlex 1,MiraFlex 1,,,,,,,,,,,
2343,2343,,,,,,,,Unplanned,,,,,,MiraFlex 1,MiraFlex 1,,,,,,,,,,,
2344,2344,,,,,,,,Unplanned,,,,,,MiraFlex 1,MiraFlex 1,,,,,,,,,,,
2345,2345,,,,,,,,Unplanned,,,,,,MiraFlex 1,MiraFlex 1,,,,,,,,,,,
2346,2346,,,,,,,,Unplanned,,,,,,MiraFlex 1,MiraFlex 1,,,,,,,,,,,
2347,2347,,,,,,,,Unplanned,,,,,,MiraFlex 1,MiraFlex 1,,,,,,,,,,,
2348,2348,,,,,,,,Unplanned,,,,,,MiraFlex 1,MiraFlex 1,,,,,,,,,,,
2349,2349,,,,,,,,Unplanned,,,,,,MiraFlex 1,MiraFlex 1,,,,,,,,,,,
2350,2350,,,,,,,,Unplanned,,,,,,MiraFlex 1,MiraFlex 1,,,,,,,,,,,
2351,2351,,,,,,,,Unplanned,,,,,,MiraFlex 1,MiraFlex 1,,,,,,,,,,,
2352,2352,,,,,,,,Unplanned,,,,,,MiraFlex 1,MiraFlex 1,,,,,,,,,,,
2353,2353,,,,,,,,Unplanned,,,,,,MiraFlex 1,MiraFlex 1,,,,,,,,,,,
2354,2354,,,,,,,,Unplanned,,,,,,MiraFlex 1,MiraFlex 1,,,,,,,,,,,
2355,2355,,,,,,,,Unplanned,,,,,,MiraFlex 1,MiraFlex 1,,,,,,,,,,,
2356,2356,,,,,,,,Unplanned,,,,,,MiraFlex 1,MiraFlex 1,,,,,,,,,,,
2357,2357,,,,,,,,Unplanned,,,,,,MiraFlex 1,MiraFlex 1,,,,,,,,,,,
2358,2358,,,,,,,,Unplanned,,,,,,MiraFlex 1,MiraFlex 1,,,,,,,,,,,
2359,2359,,,,,,,,Unplanned,,,,,,MiraFlex 1,MiraFlex 1,,,,,,,,,,,
2360,2360,,,,,,,,Unplanned,,,,,,MiraFlex 1,MiraFlex 1,,,,,,,,,,,
2361,2361,,,,,,,,Unplanned,,,,,,MiraFlex 1,MiraFlex 1,,,,,,,,,,,
2362,2362,,,,,,,,Unplanned,,,,,,MiraFlex 1,MiraFlex 1,,,,,,,,,,,
2363,2363,,,,,,,,Unplanned,,,,,,MiraFlex 1,MiraFlex 1,,,,,,,,,,,
2364,2364,,,,,,,,Unplanned,,,,,,MiraFlex 1,MiraFlex 1,,,,,,,,,,,
2365,2365,,,,,,,,Unplanned,,,,,,MiraFlex 1,MiraFlex 1,,,,,,,,,,,
2366,2366,,,,,,,,Unplanned,,,,,,MiraFlex 1,MiraFlex 1,,,,,,,,,,,
2367,2367,,,,,,,,Unplanned,,,,,,MiraFlex 1,MiraFlex 1,,,,,,,,,,,
2368,2368,,,,,,,,Unplanned,,,,,,MiraFlex 1,MiraFlex 1,,,,,,,,,,,
2369,2369,,,,,,,,Unplanned,,,,,,MiraFlex 1,MiraFlex 1,,,,,,,,,,,
2370,2370,,,,,,,,Unplanned,,,,,,MiraFlex 1,MiraFlex 1,,,,,,,,,,,
2371,2371,,,,,,,,Unplanned,,,,,,MiraFlex 1,MiraFlex 1,,,,,,,,,,,
2372,2372,,,,,,,,Unplanned,,,,,,MiraFlex 1,MiraFlex 1,,,,,,,,,,,
2373,2373,,,,,,,,Unplanned,,,,,,MiraFlex 1,MiraFlex 1,,,,,,,,,,,
2374,2374,,,,,,,,Unplanned,,,,,,MiraFlex 1,MiraFlex 1,,,,,,,,,,,
2375,2375,,,,,,,,Unplanned,,,,,,MiraFlex 1,MiraFlex 1,,,,,,,,,,,
2376,2376,,,,,,,,Unplanned,,,,,,MiraFlex 1,MiraFlex 1,,,,,,,,,,,
2377,2377,,,,,,,,Unplanned,,,,,,MiraFlex 1,MiraFlex 1,,,,,,,,,,,
2378,2378,,,,,,,,Unplanned,,,,,,MiraFlex 1,MiraFlex 1,,,,,,,,,,,
2379,2379,,,,,,,,Unplanned,,,,,,MiraFlex 1,MiraFlex 1,,,,,,,,,,,
2380,2380,,,,,,,,Unplanned,,,,,,MiraFlex 1,MiraFlex 1,,,,,,,,,,,
2381,2381,,,,,,,,Unplanned,,,,,,MiraFlex 1,MiraFlex 1,,,,,,,,,,,
2382,2382,,,,,,,,Unplanned,,,,,,MiraFlex 1,MiraFlex 1,,,,,,,,,,,
2383,2383,,,,,,,,Unplanned,,,,,,MiraFlex 1,MiraFlex 1,,,,,,,,,,,
2384,2384,,,,,,,,Unplanned,,,,,,MiraFlex 1,MiraFlex 1,,,,,,,,,,,
2385,2385,,,,,,,,Unplanned,,,,,,MiraFlex 1,MiraFlex 1,,,,,,,,,,,
2386,2386,,,,,,,,Unplanned,,,,,,MiraFlex 1,MiraFlex 1,,,,,,,,,,,
2387,2387,,,,,,,,Unplanned,,,,,,MiraFlex 1,MiraFlex 1,,,,,,,,,,,
2388,2388,,,,,,,,Unplanned,,,,,,MiraFlex 1,MiraFlex 1,,,,,,,,,,,
2389,2389,,,,,,,,Unplanned,,,,,,MiraFlex 1,MiraFlex 1,,,,,,,,,,,
2390,2390,,,,,,,,Unplanned,,,,,,MiraFlex 1,MiraFlex 1,,,,,,,,,,,
2391,2391,,,,,,,,Unplanned,,,,,,MiraFlex 1,MiraFlex 1,,,,,,,,,,,
2392,2392,,,,,,,,Unplanned,,,,,,MiraFlex 1,MiraFlex 1,,,,,,,,,,,
2393,2393,,,,,,,,Unplanned,,,,,,MiraFlex 1,MiraFlex 1,,,,,,,,,,,
2394,2394,,,,,,,,Unplanned,,,,,,MiraFlex 1,MiraFlex 1,,,,,,,,,,,
2395,2395,,,,,,,,Unplanned,,,,,,MiraFlex 1,MiraFlex 1,,,,,,,,,,,
2396,2396,,,,,,,,Unplanned,,,,,,MiraFlex 1,MiraFlex 1,,,,,,,,,,,
2397,2397,,,,,,,,Unplanned,,,,,,MiraFlex 1,MiraFlex 1,,,,,,,,,,,
2398,2398,,,,,,,,Unplanned,,,,,,MiraFlex 1,MiraFlex 1,,,,,,,,,,,
2399,2399,,,,,,,,Unplanned,,,,,,MiraFlex 1,MiraFlex 1,,,,,,,,,,,
2400,2400,,,,,,,,Unplanned,,,,,,MiraFlex 1,MiraFlex 1,,,,,,,,,,,
2401,2401,,,,,,,,Unplanned,,,,,,MiraFlex 1,MiraFlex 1,,,,,,,,,,,
2402,2402,,,,,,,,Unplanned,,,,,,MiraFlex 1,MiraFlex 1,,,,,,,,,,,
2403,2403,,,,,,,,Unplanned,,,,,,MiraFlex 1,MiraFlex 1,,,,,,,,,,,
2404,2404,,,,,,,,Unplanned,,,,,,MiraFlex 1,MiraFlex 1,,,,,,,,,,,
2405,2405,,,,,,,,Unplanned,,,,,,MiraFlex 1,MiraFlex 1,,,,,,,,,,,
2406,2406,,,,,,,,Unplanned,,,,,,MiraFlex 1,MiraFlex 1,,,,,,,,,,,
2407,2407,,,,,,,,Unplanned,,,,,,MiraFlex 1,MiraFlex 1,,,,,,,,,,,
2408,2408,,,,,,,,Unplanned,,,,,,MiraFlex 1,MiraFlex 1,,,,,,,,,,,
2409,2409,,,,,,,,Unplanned,,,,,,MiraFlex 1,MiraFlex 1,,,,,,,,,,,
2410,2410,,,,,,,,Unplanned,,,,,,MiraFlex 1,MiraFlex 1,,,,,,,,,,,
2411,2411,,,,,,,,Unplanned,,,,,,MiraFlex 1,MiraFlex 1,,,,,,,,,,,
2412,2412,,,,,,,,Unplanned,,,,,,MiraFlex 1,MiraFlex 1,,,,,,,,,,,
2413,2413,,,,,,,,Unplanned,,,,,,MiraFlex 1,MiraFlex 1,,,,,,,,,,,
2414,2414,,,,,,,,Unplanned,,,,,,MiraFlex 1,MiraFlex 1,,,,,,,,,,,
2415,2415,,,,,,,,Unplanned,,,,,,MiraFlex 1,MiraFlex 1,,,,,,,,,,,
2416,2416,,,,,,,,Unplanned,,,,,,MiraFlex 1,MiraFlex 1,,,,,,,,,,,
2417,2417,,,,,,,,Unplanned,,,,,,MiraFlex 1,MiraFlex 1,,,,,,,,,,,
2418,2418,,,,,,,,Unplanned,,,,,,MiraFlex 1,MiraFlex 1,,,,,,,,,,,
2419,2419,,,,,,,,Unplanned,,,,,,MiraFlex 1,MiraFlex 1,,,,,,,,,,,
2420,2420,,,,,,,,Unplanned,,,,,,MiraFlex 1,MiraFlex 1,,,,,,,,,,,
2421,2421,,,,,,,,Unplanned,,,,,,MiraFlex 1,MiraFlex 1,,,,,,,,,,,
2422,2422,,,,,,,,Unplanned,,,,,,MiraFlex 1,MiraFlex 1,,,,,,,,,,,
2423,2423,,,,,,,,Unplanned,,,,,,MiraFlex 1,MiraFlex 1,,,,,,,,,,,
2424,2424,,,,,,,,Unplanned,,,,,,MiraFlex 1,MiraFlex 1,,,,,,,,,,,
2425,2425,,,,,,,,Unplanned,,,,,,MiraFlex 1,MiraFlex 1,,,,,,,,,,,
2426,2426,,,,,,,,Unplanned,,,,,,MiraFlex 1,MiraFlex 1,,,,,,,,,,,
2427,2427,,,,,,,,Unplanned,,,,,,MiraFlex 1,MiraFlex 1,,,,,,,,,,,
2428,2428,,,,,,,,Unplanned,,,,,,MiraFlex 1,MiraFlex 1,,,,,,,,,,,
2429,2429,,,,,,,,Unplanned,,,,,,MiraFlex 1,MiraFlex 1,,,,,,,,,,,
2430,2430,,,,,,,,Unplanned,,,,,,MiraFlex 1,MiraFlex 1,,,,,,,,,,,
2431,2431,,,,,,,,Unplanned,,,,,,MiraFlex 1,MiraFlex 1,,,,,,,,,,,
2432,2432,,,,,,,,Unplanned,,,,,,MiraFlex 1,MiraFlex 1,,,,,,,,,,,
2433,2433,,,,,,,,Unplanned,,,,,,MiraFlex 1,MiraFlex 1,,,,,,,,,,,
2434,2434,,,,,,,,Unplanned,,,,,,MiraFlex 1,MiraFlex 1,,,,,,,,,,,
2435,2435,,,,,,,,Unplanned,,,,,,MiraFlex 1,MiraFlex 1,,,,,,,,,,,
2436,2436,,,,,,,,Unplanned,,,,,,MiraFlex 1,MiraFlex 1,,,,,,,,,,,
2437,2437,,,,,,,,Unplanned,,,,,,MiraFlex 1,MiraFlex 1,,,,,,,,,,,
2438,2438,,,,,,,,Unplanned,,,,,,MiraFlex 1,MiraFlex 1,,,,,,,,,,,
2439,2439,,,,,,,,Unplanned,,,,,,MiraFlex 1,MiraFlex 1,,,,,,,,,,,
2440,2440,,,,,,,,Unplanned,,,,,,MiraFlex 1,MiraFlex 1,,,,,,,,,,,
2441,2441,,,,,,,,Unplanned,,,,,,MiraFlex 1,MiraFlex 1,,,,,,,,,,,
2442,2442,,,,,,,,Unplanned,,,,,,MiraFlex 1,MiraFlex 1,,,,,,,,,,,
2443,2443,,,,,,,,Unplanned,,,,,,MiraFlex 1,MiraFlex 1,,,,,,,,,,,
2444,2444,,,,,,,,Unplanned,,,,,,MiraFlex 1,MiraFlex 1,,,,,,,,,,,
2445,2445,,,,,,,,Unplanned,,,,,,MiraFlex 1,MiraFlex 1,,,,,,,,,,,
2446,2446,,,,,,,,Unplanned,,,,,,MiraFlex 1,MiraFlex 1,,,,,,,,,,,
2447,2447,,,,,,,,Unplanned,,,,,,MiraFlex 1,MiraFlex 1,,,,,,,,,,,
2448,2448,,,,,,,,Unplanned,,,,,,MiraFlex 1,MiraFlex 1,,,,,,,,,,,
2449,2449,,,,,,,,Unplanned,,,,,,MiraFlex 1,MiraFlex 1,,,,,,,,,,,
2450,2450,,,,,,,,Unplanned,,,,,,MiraFlex 1,MiraFlex 1,,,,,,,,,,,
2451,2451,,,,,,,,Unplanned,,,,,,MiraFlex 1,MiraFlex 1,,,,,,,,,,,
2452,2452,,,,,,,,Unplanned,,,,,,MiraFlex 1,MiraFlex 1,,,,,,,,,,,
2453,2453,,,,,,,,Unplanned,,,,,,MiraFlex 1,MiraFlex 1,,,,,,,,,,,
2454,2454,,,,,,,,Unplanned,,,,,,MiraFlex 1,MiraFlex 1,,,,,,,,,,,
2455,2455,,,,,,,,Unplanned,,,,,,MiraFlex 1,MiraFlex 1,,,,,,,,,,,
2456,2456,,,,,,,,Unplanned,,,,,,MiraFlex 1,MiraFlex 1,,,,,,,,,,,
2457,2457,,,,,,,,Unplanned,,,,,,MiraFlex 1,MiraFlex 1,,,,,,,,,,,
2458,2458,,,,,,,,Unplanned,,,,,,MiraFlex 1,MiraFlex 1,,,,,,,,,,,
2459,2459,,,,,,,,Unplanned,,,,,,MiraFlex 1,MiraFlex 1,,,,,,,,,,,
2460,2460,,,,,,,,Unplanned,,,,,,MiraFlex 1,MiraFlex 1,,,,,,,,,,,
2461,2461,,,,,,,,Unplanned,,,,,,MiraFlex 1,MiraFlex 1,,,,,,,,,,,
2462,2462,,,,,,,,Unplanned,,,,,,MiraFlex 1,MiraFlex 1,,,,,,,,,,,
2463,2463,,,,,,,,Unplanned,,,,,,MiraFlex 1,MiraFlex 1,,,,,,,,,,,
2464,2464,,,,,,,,Unplanned,,,,,,MiraFlex 1,MiraFlex 1,,,,,,,,,,,
2465,2465,,,,,,,,Unplanned,,,,,,MiraFlex 1,MiraFlex 1,,,,,,,,,,,
2466,2466,,,,,,,,Unplanned,,,,,,MiraFlex 1,MiraFlex 1,,,,,,,,,,,
2467,2467,,,,,,,,Unplanned,,,,,,MiraFlex 1,MiraFlex 1,,,,,,,,,,,
2468,2468,,,,,,,,Unplanned,,,,,,MiraFlex 1,MiraFlex 1,,,,,,,,,,,
2469,2469,,,,,,,,Unplanned,,,,,,MiraFlex 1,MiraFlex 1,,,,,,,,,,,
2470,2470,,,,,,,,Unplanned,,,,,,MiraFlex 1,MiraFlex 1,,,,,,,,,,,
2471,2471,,,,,,,,Unplanned,,,,,,MiraFlex 1,MiraFlex 1,,,,,,,,,,,
2472,2472,,,,,,,,Unplanned,,,,,,MiraFlex 1,MiraFlex 1,,,,,,,,,,,
2473,2473,,,,,,,,Unplanned,,,,,,MiraFlex 1,MiraFlex 1,,,,,,,,,,,
2474,2474,,,,,,,,Unplanned,,,,,,MiraFlex 1,MiraFlex 1,,,,,,,,,,,
2475,2475,,,,,,,,Unplanned,,,,,,MiraFlex 1,MiraFlex 1,,,,,,,,,,,
2476,2476,,,,,,,,Unplanned,,,,,,MiraFlex 1,MiraFlex 1,,,,,,,,,,,
2477,2477,,,,,,,,Unplanned,,,,,,MiraFlex 1,MiraFlex 1,,,,,,,,,,,
2478,2478,,,,,,,,Unplanned,,,,,,MiraFlex 1,MiraFlex 1,,,,,,,,,,,
2479,2479,,,,,,,,Unplanned,,,,,,MiraFlex 1,MiraFlex 1,,,,,,,,,,,
2480,2480,,,,,,,,Unplanned,,,,,,MiraFlex 1,MiraFlex 1,,,,,,,,,,,
2481,2481,,,,,,,,Unplanned,,,,,,MiraFlex 1,MiraFlex 1,,,,,,,,,,,
2482,2482,,,,,,,,Unplanned,,,,,,MiraFlex 1,MiraFlex 1,,,,,,,,,,,
2483,2483,,,,,,,,Unplanned,,,,,,MiraFlex 1,MiraFlex 1,,,,,,,,,,,
2484,2484,,,,,,,,Unplanned,,,,,,MiraFlex 1,MiraFlex 1,,,,,,,,,,,
2485,2485,,,,,,,,Unplanned,,,,,,MiraFlex 1,MiraFlex 1,,,,,,,,,,,
2486,2486,,,,,,,,Unplanned,,,,,,MiraFlex 1,MiraFlex 1,,,,,,,,,,,
2487,2487,,,,,,,,Unplanned,,,,,,MiraFlex 1,MiraFlex 1,,,,,,,,,,,
2488,2488,,,,,,,,Unplanned,,,,,,MiraFlex 1,MiraFlex 1,,,,,,,,,,,
2489,2489,,,,,,,,Unplanned,,,,,,MiraFlex 1,MiraFlex 1,,,,,,,,,,,
2490,2490,,,,,,,,Unplanned,,,,,,MiraFlex 1,MiraFlex 1,,,,,,,,,,,
2491,2491,,,,,,,,Unplanned,,,,,,MiraFlex 1,MiraFlex 1,,,,,,,,,,,
2492,2492,,,,,,,,Unplanned,,,,,,MiraFlex 1,MiraFlex 1,,,,,,,,,,,
2493,2493,,,,,,,,Unplanned,,,,,,MiraFlex 1,MiraFlex 1,,,,,,,,,,,
2494,2494,,,,,,,,Unplanned,,,,,,MiraFlex 1,MiraFlex 1,,,,,,,,,,,
2495,2495,,,,,,,,Unplanned,,,,,,MiraFlex 1,MiraFlex 1,,,,,,,,,,,
2496,2496,,,,,,,,Unplanned,,,,,,MiraFlex 1,MiraFlex 1,,,,,,,,,,,
2497,2497,,,,,,,,Unplanned,,,,,,MiraFlex 1,MiraFlex 1,,,,,,,,,,,
2498,2498,,,,,,,,Unplanned,,,,,,MiraFlex 1,MiraFlex 1,,,,,,,,,,,
2499,2499,,,,,,,,Unplanned,,,,,,MiraFlex 1,MiraFlex 1,,,,,,,,,,,
2500,2500,,,,,,,,Unplanned,,,,,,MiraFlex 1,MiraFlex 1,,,,,,,,,,,
2501,2501,,,,,,,,Unplanned,,,,,,MiraFlex 1,MiraFlex 1,,,,,,,,,,,
2502,2502,,,,,,,,Unplanned,,,,,,MiraFlex 1,MiraFlex 1,,,,,,,,,,,
2503,2503,,,,,,,,Unplanned,,,,,,MiraFlex 1,MiraFlex 1,,,,,,,,,,,
2504,2504,,,,,,,,Unplanned,,,,,,MiraFlex 1,MiraFlex 1,,,,,,,,,,,
2505,2505,,,,,,,,Unplanned,,,,,,MiraFlex 1,MiraFlex 1,,,,,,,,,,,
2506,2506,,,,,,,,Unplanned,,,,,,MiraFlex 1,MiraFlex 1,,,,,,,,,,,
2507,2507,,,,,,,,Unplanned,,,,,,MiraFlex 1,MiraFlex 1,,,,,,,,,,,
2508,2508,,,,,,,,Unplanned,,,,,,MiraFlex 1,MiraFlex 1,,,,,,,,,,,
2509,2509,,,,,,,,Unplanned,,,,,,MiraFlex 1,MiraFlex 1,,,,,,,,,,,
2510,2510,,,,,,,,Unplanned,,,,,,MiraFlex 1,MiraFlex 1,,,,,,,,,,,
2511,2511,,,,,,,,Unplanned,,,,,,MiraFlex 1,MiraFlex 1,,,,,,,,,,,
2512,2512,,,,,,,,Unplanned,,,,,,MiraFlex 1,MiraFlex 1,,,,,,,,,,,
2513,2513,,,,,,,,Unplanned,,,,,,MiraFlex 1,MiraFlex 1,,,,,,,,,,,
2514,2514,,,,,,,,Unplanned,,,,,,MiraFlex 1,MiraFlex 1,,,,,,,,,,,
2515,2515,,,,,,,,Unplanned,,,,,,MiraFlex 1,MiraFlex 1,,,,,,,,,,,
2516,2516,,,,,,,,Unplanned,,,,,,MiraFlex 1,MiraFlex 1,,,,,,,,,,,
2517,2517,,,,,,,,Unplanned,,,,,,MiraFlex 1,MiraFlex 1,,,,,,,,,,,
2518,2518,,,,,,,,Unplanned,,,,,,MiraFlex 1,MiraFlex 1,,,,,,,,,,,
2519,2519,,,,,,,,Unplanned,,,,,,MiraFlex 1,MiraFlex 1,,,,,,,,,,,
2520,2520,,,,,,,,Unplanned,,,,,,MiraFlex 1,MiraFlex 1,,,,,,,,,,,
2521,2521,,,,,,,,Unplanned,,,,,,MiraFlex 1,MiraFlex 1,,,,,,,,,,,
2522,2522,,,,,,,,Unplanned,,,,,,MiraFlex 1,MiraFlex 1,,,,,,,,,,,
2523,2523,,,,,,,,Unplanned,,,,,,MiraFlex 1,MiraFlex 1,,,,,,,,,,,
2524,2524,,,,,,,,Unplanned,,,,,,MiraFlex 1,MiraFlex 1,,,,,,,,,,,
2525,2525,,,,,,,,Unplanned,,,,,,MiraFlex 1,MiraFlex 1,,,,,,,,,,,
2526,2526,,,,,,,,Unplanned,,,,,,MiraFlex 1,MiraFlex 1,,,,,,,,,,,
2527,2527,,,,,,,,Unplanned,,,,,,MiraFlex 1,MiraFlex 1,,,,,,,,,,,
2528,2528,,,,,,,,Unplanned,,,,,,MiraFlex 1,MiraFlex 1,,,,,,,,,,,
2529,2529,,,,,,,,Unplanned,,,,,,MiraFlex 1,MiraFlex 1,,,,,,,,,,,
2530,2530,,,,,,,,Unplanned,,,,,,MiraFlex 1,MiraFlex 1,,,,,,,,,,,
2531,2531,,,,,,,,Unplanned,,,,,,MiraFlex 1,MiraFlex 1,,,,,,,,,,,
2532,2532,,,,,,,,Unplanned,,,,,,MiraFlex 1,MiraFlex 1,,,,,,,,,,,
2533,2533,,,,,,,,Unplanned,,,,,,MiraFlex 1,MiraFlex 1,,,,,,,,,,,
2534,2534,,,,,,,,Unplanned,,,,,,MiraFlex 1,MiraFlex 1,,,,,,,,,,,
2535,2535,,,,,,,,Unplanned,,,,,,MiraFlex 1,MiraFlex 1,,,,,,,,,,,
2536,2536,,,,,,,,Unplanned,,,,,,MiraFlex 1,MiraFlex 1,,,,,,,,,,,
2537,2537,,,,,,,,Unplanned,,,,,,MiraFlex 1,MiraFlex 1,,,,,,,,,,,
2538,2538,,,,,,,,Unplanned,,,,,,MiraFlex 1,MiraFlex 1,,,,,,,,,,,
2539,2539,,,,,,,,Unplanned,,,,,,MiraFlex 1,MiraFlex 1,,,,,,,,,,,
2540,2540,,,,,,,,Unplanned,,,,,,MiraFlex 1,MiraFlex 1,,,,,,,,,,,
2541,2541,,,,,,,,Unplanned,,,,,,MiraFlex 1,MiraFlex 1,,,,,,,,,,,
2542,2542,,,,,,,,Unplanned,,,,,,MiraFlex 1,MiraFlex 1,,,,,,,,,,,
2543,2543,,,,,,,,Unplanned,,,,,,MiraFlex 1,MiraFlex 1,,,,,,,,,,,
2544,2544,,,,,,,,Unplanned,,,,,,MiraFlex 1,MiraFlex 1,,,,,,,,,,,
2545,2545,,,,,,,,Unplanned,,,,,,MiraFlex 1,MiraFlex 1,,,,,,,,,,,
2546,2546,,,,,,,,Unplanned,,,,,,MiraFlex 1,MiraFlex 1,,,,,,,,,,,
2547,2547,,,,,,,,Unplanned,,,,,,MiraFlex 1,MiraFlex 1,,,,,,,,,,,
2548,2548,,,,,,,,Unplanned,,,,,,MiraFlex 1,MiraFlex 1,,,,,,,,,,,
2549,2549,,,,,,,,Unplanned,,,,,,MiraFlex 1,MiraFlex 1,,,,,,,,,,,
2550,2550,,,,,,,,Unplanned,,,,,,MiraFlex 1,MiraFlex 1,,,,,,,,,,,
2551,2551,,,,,,,,Unplanned,,,,,,MiraFlex 1,MiraFlex 1,,,,,,,,,,,
2552,2552,,,,,,,,Unplanned,,,,,,MiraFlex 1,MiraFlex 1,,,,,,,,,,,
2553,2553,,,,,,,,Unplanned,,,,,,MiraFlex 1,MiraFlex 1,,,,,,,,,,,
2554,2554,,,,,,,,Unplanned,,,,,,MiraFlex 1,MiraFlex 1,,,,,,,,,,,
2555,2555,,,,,,,,Unplanned,,,,,,MiraFlex 1,MiraFlex 1,,,,,,,,,,,
2556,2556,,,,,,,,Unplanned,,,,,,MiraFlex 1,MiraFlex 1,,,,,,,,,,,
2557,2557,,,,,,,,Unplanned,,,,,,MiraFlex 1,MiraFlex 1,,,,,,,,,,,
2558,2558,,,,,,,,Unplanned,,,,,,MiraFlex 1,MiraFlex 1,,,,,,,,,,,
2559,2559,,,,,,,,Unplanned,,,,,,MiraFlex 1,MiraFlex 1,,,,,,,,,,,
2560,2560,,,,,,,,Unplanned,,,,,,MiraFlex 1,MiraFlex 1,,,,,,,,,,,
2561,2561,,,,,,,,Unplanned,,,,,,MiraFlex 1,MiraFlex 1,,,,,,,,,,,
2562,2562,,,,,,,,Unplanned,,,,,,MiraFlex 1,MiraFlex 1,,,,,,,,,,,
2563,2563,,,,,,,,Unplanned,,,,,,MiraFlex 1,MiraFlex 1,,,,,,,,,,,
2564,2564,,,,,,,,Unplanned,,,,,,MiraFlex 1,MiraFlex 1,,,,,,,,,,,
2565,2565,,,,,,,,Unplanned,,,,,,MiraFlex 1,MiraFlex 1,,,,,,,,,,,
2566,2566,,,,,,,,Unplanned,,,,,,MiraFlex 1,MiraFlex 1,,,,,,,,,,,
2567,2567,,,,,,,,Unplanned,,,,,,MiraFlex 1,MiraFlex 1,,,,,,,,,,,
2568,2568,,,,,,,,Unplanned,,,,,,MiraFlex 1,MiraFlex 1,,,,,,,,,,,
2569,2569,,,,,,,,Unplanned,,,,,,MiraFlex 1,MiraFlex 1,,,,,,,,,,,
2570,2570,,,,,,,,Unplanned,,,,,,MiraFlex 1,MiraFlex 1,,,,,,,,,,,
2571,2571,,,,,,,,Unplanned,,,,,,MiraFlex 1,MiraFlex 1,,,,,,,,,,,
2572,2572,,,,,,,,Unplanned,,,,,,MiraFlex 1,MiraFlex 1,,,,,,,,,,,
2573,2573,,,,,,,,Unplanned,,,,,,MiraFlex 1,MiraFlex 1,,,,,,,,,,,
2574,2574,,,,,,,,Unplanned,,,,,,MiraFlex 1,MiraFlex 1,,,,,,,,,,,
2575,2575,,,,,,,,Unplanned,,,,,,MiraFlex 1,MiraFlex 1,,,,,,,,,,,
2576,2576,,,,,,,,Unplanned,,,,,,MiraFlex 1,MiraFlex 1,,,,,,,,,,,
2577,2577,,,,,,,,Unplanned,,,,,,MiraFlex 1,MiraFlex 1,,,,,,,,,,,
2578,2578,,,,,,,,Unplanned,,,,,,MiraFlex 1,MiraFlex 1,,,,,,,,,,,
2579,2579,,,,,,,,Unplanned,,,,,,MiraFlex 1,MiraFlex 1,,,,,,,,,,,
2580,2580,,,,,,,,Unplanned,,,,,,MiraFlex 1,MiraFlex 1,,,,,,,,,,,
2581,2581,,,,,,,,Unplanned,,,,,,MiraFlex 1,MiraFlex 1,,,,,,,,,,,
2582,2582,,,,,,,,Unplanned,,,,,,MiraFlex 1,MiraFlex 1,,,,,,,,,,,
2583,2583,,,,,,,,Unplanned,,,,,,MiraFlex 1,MiraFlex 1,,,,,,,,,,,
2584,2584,,,,,,,,Unplanned,,,,,,MiraFlex 1,MiraFlex 1,,,,,,,,,,,
2585,2585,,,,,,,,Unplanned,,,,,,MiraFlex 1,MiraFlex 1,,,,,,,,,,,
2586,2586,,,,,,,,Unplanned,,,,,,MiraFlex 1,MiraFlex 1,,,,,,,,,,,
2587,2587,,,,,,,,Unplanned,,,,,,MiraFlex 1,MiraFlex 1,,,,,,,,,,,
2588,2588,,,,,,,,Unplanned,,,,,,MiraFlex 1,MiraFlex 1,,,,,,,,,,,
2589,2589,,,,,,,,Unplanned,,,,,,MiraFlex 1,MiraFlex 1,,,,,,,,,,,
2590,2590,,,,,,,,Unplanned,,,,,,MiraFlex 1,MiraFlex 1,,,,,,,,,,,
2591,2591,,,,,,,,Unplanned,,,,,,MiraFlex 1,MiraFlex 1,,,,,,,,,,,
2592,2592,,,,,,,,Unplanned,,,,,,MiraFlex 1,MiraFlex 1,,,,,,,,,,,
2593,2593,,,,,,,,Unplanned,,,,,,MiraFlex 1,MiraFlex 1,,,,,,,,,,,
2594,2594,,,,,,,,Unplanned,,,,,,MiraFlex 1,MiraFlex 1,,,,,,,,,,,
2595,2595,,,,,,,,Unplanned,,,,,,MiraFlex 1,MiraFlex 1,,,,,,,,,,,
2596,2596,,,,,,,,Unplanned,,,,,,MiraFlex 1,MiraFlex 1,,,,,,,,,,,
2597,2597,,,,,,,,Unplanned,,,,,,MiraFlex 1,MiraFlex 1,,,,,,,,,,,
2598,2598,,,,,,,,Unplanned,,,,,,MiraFlex 1,MiraFlex 1,,,,,,,,,,,
2599,2599,,,,,,,,Unplanned,,,,,,MiraFlex 1,MiraFlex 1,,,,,,,,,,,
2600,2600,,,,,,,,Unplanned,,,,,,MiraFlex 1,MiraFlex 1,,,,,,,,,,,
2601,2601,,,,,,,,Unplanned,,,,,,MiraFlex 1,MiraFlex 1,,,,,,,,,,,
2602,2602,,,,,,,,Unplanned,,,,,,MiraFlex 1,MiraFlex 1,,,,,,,,,,,
2603,2603,,,,,,,,Unplanned,,,,,,MiraFlex 1,MiraFlex 1,,,,,,,,,,,
2604,2604,,,,,,,,Unplanned,,,,,,MiraFlex 1,MiraFlex 1,,,,,,,,,,,
2605,2605,,,,,,,,Unplanned,,,,,,MiraFlex 1,MiraFlex 1,,,,,,,,,,,
2606,2606,,,,,,,,Unplanned,,,,,,MiraFlex 1,MiraFlex 1,,,,,,,,,,,
2607,2607,,,,,,,,Unplanned,,,,,,MiraFlex 1,MiraFlex 1,,,,,,,,,,,
2608,2608,,,,,,,,Unplanned,,,,,,MiraFlex 1,MiraFlex 1,,,,,,,,,,,
2609,2609,,,,,,,,Unplanned,,,,,,MiraFlex 1,MiraFlex 1,,,,,,,,,,,
2610,2610,,,,,,,,Unplanned,,,,,,MiraFlex 1,MiraFlex 1,,,,,,,,,,,
2611,2611,,,,,,,,Unplanned,,,,,,MiraFlex 1,MiraFlex 1,,,,,,,,,,,
2612,2612,,,,,,,,Unplanned,,,,,,MiraFlex 1,MiraFlex 1,,,,,,,,,,,
2613,2613,,,,,,,,Unplanned,,,,,,MiraFlex 1,MiraFlex 1,,,,,,,,,,,
2614,2614,,,,,,,,Unplanned,,,,,,MiraFlex 1,MiraFlex 1,,,,,,,,,,,
2615,2615,,,,,,,,Unplanned,,,,,,MiraFlex 1,MiraFlex 1,,,,,,,,,,,
2616,2616,,,,,,,,Unplanned,,,,,,MiraFlex 1,MiraFlex 1,,,,,,,,,,,
2617,2617,,,,,,,,Unplanned,,,,,,MiraFlex 1,MiraFlex 1,,,,,,,,,,,
2618,2618,,,,,,,,Unplanned,,,,,,MiraFlex 1,MiraFlex 1,,,,,,,,,,,
2619,2619,,,,,,,,Unplanned,,,,,,MiraFlex 1,MiraFlex 1,,,,,,,,,,,
2620,2620,,,,,,,,Unplanned,,,,,,MiraFlex 1,MiraFlex 1,,,,,,,,,,,
2621,2621,,,,,,,,Unplanned,,,,,,MiraFlex 1,MiraFlex 1,,,,,,,,,,,
2622,2622,,,,,,,,Unplanned,,,,,,MiraFlex 1,MiraFlex 1,,,,,,,,,,,
2623,2623,,,,,,,,Unplanned,,,,,,MiraFlex 1,MiraFlex 1,,,,,,,,,,,
2624,2624,,,,,,,,Unplanned,,,,,,MiraFlex 1,MiraFlex 1,,,,,,,,,,,
2625,2625,,,,,,,,Unplanned,,,,,,MiraFlex 1,MiraFlex 1,,,,,,,,,,,
2626,2626,,,,,,,,Unplanned,,,,,,MiraFlex 1,MiraFlex 1,,,,,,,,,,,
2627,2627,,,,,,,,Unplanned,,,,,,MiraFlex 1,MiraFlex 1,,,,,,,,,,,
2628,2628,,,,,,,,Unplanned,,,,,,MiraFlex 1,MiraFlex 1,,,,,,,,,,,
2629,2629,,,,,,,,Unplanned,,,,,,MiraFlex 1,MiraFlex 1,,,,,,,,,,,
2630,2630,,,,,,,,Unplanned,,,,,,MiraFlex 1,MiraFlex 1,,,,,,,,,,,
2631,2631,,,,,,,,Unplanned,,,,,,MiraFlex 1,MiraFlex 1,,,,,,,,,,,
2632,2632,,,,,,,,Unplanned,,,,,,MiraFlex 1,MiraFlex 1,,,,,,,,,,,
2633,2633,,,,,,,,Unplanned,,,,,,MiraFlex 1,MiraFlex 1,,,,,,,,,,,
2634,2634,,,,,,,,Unplanned,,,,,,MiraFlex 1,MiraFlex 1,,,,,,,,,,,
2635,2635,,,,,,,,Unplanned,,,,,,MiraFlex 1,MiraFlex 1,,,,,,,,,,,
2636,2636,,,,,,,,Unplanned,,,,,,MiraFlex 1,MiraFlex 1,,,,,,,,,,,
2637,2637,,,,,,,,Unplanned,,,,,,MiraFlex 1,MiraFlex 1,,,,,,,,,,,
2638,2638,,,,,,,,Unplanned,,,,,,MiraFlex 1,MiraFlex 1,,,,,,,,,,,
2639,2639,,,,,,,,Unplanned,,,,,,MiraFlex 1,MiraFlex 1,,,,,,,,,,,
2640,2640,,,,,,,,Unplanned,,,,,,MiraFlex 1,MiraFlex 1,,,,,,,,,,,
2641,2641,,,,,,,,Unplanned,,,,,,MiraFlex 1,MiraFlex 1,,,,,,,,,,,
2642,2642,,,,,,,,Unplanned,,,,,,MiraFlex 1,MiraFlex 1,,,,,,,,,,,
2643,2643,,,,,,,,Unplanned,,,,,,MiraFlex 1,MiraFlex 1,,,,,,,,,,,
2644,2644,,,,,,,,Unplanned,,,,,,MiraFlex 1,MiraFlex 1,,,,,,,,,,,
2645,2645,,,,,,,,Unplanned,,,,,,MiraFlex 1,MiraFlex 1,,,,,,,,,,,
2646,2646,,,,,,,,Unplanned,,,,,,MiraFlex 1,MiraFlex 1,,,,,,,,,,,
2647,2647,,,,,,,,Unplanned,,,,,,MiraFlex 1,MiraFlex 1,,,,,,,,,,,
2648,2648,,,,,,,,Unplanned,,,,,,MiraFlex 1,MiraFlex 1,,,,,,,,,,,
2649,2649,,,,,,,,Unplanned,,,,,,MiraFlex 1,MiraFlex 1,,,,,,,,,,,
2650,2650,,,,,,,,Unplanned,,,,,,MiraFlex 1,MiraFlex 1,,,,,,,,,,,
2651,2651,,,,,,,,Unplanned,,,,,,MiraFlex 1,MiraFlex 1,,,,,,,,,,,
2652,2652,,,,,,,,Unplanned,,,,,,MiraFlex 1,MiraFlex 1,,,,,,,,,,,
2653,2653,,,,,,,,Unplanned,,,,,,MiraFlex 1,MiraFlex 1,,,,,,,,,,,
2654,2654,,,,,,,,Unplanned,,,,,,MiraFlex 1,MiraFlex 1,,,,,,,,,,,
2655,2655,,,,,,,,Unplanned,,,,,,MiraFlex 1,MiraFlex 1,,,,,,,,,,,
2656,2656,,,,,,,,Unplanned,,,,,,MiraFlex 1,MiraFlex 1,,,,,,,,,,,
2657,2657,,,,,,,,Unplanned,,,,,,MiraFlex 1,MiraFlex 1,,,,,,,,,,,
2658,2658,,,,,,,,Unplanned,,,,,,MiraFlex 1,MiraFlex 1,,,,,,,,,,,
2659,2659,,,,,,,,Unplanned,,,,,,MiraFlex 1,MiraFlex 1,,,,,,,,,,,
2660,2660,,,,,,,,Unplanned,,,,,,MiraFlex 1,MiraFlex 1,,,,,,,,,,,
2661,2661,,,,,,,,Unplanned,,,,,,MiraFlex 1,MiraFlex 1,,,,,,,,,,,
2662,2662,,,,,,,,Unplanned,,,,,,MiraFlex 1,MiraFlex 1,,,,,,,,,,,
2663,2663,,,,,,,,Unplanned,,,,,,MiraFlex 1,MiraFlex 1,,,,,,,,,,,
2664,2664,,,,,,,,Unplanned,,,,,,MiraFlex 1,MiraFlex 1,,,,,,,,,,,
2665,2665,,,,,,,,Unplanned,,,,,,MiraFlex 1,MiraFlex 1,,,,,,,,,,,
2666,2666,,,,,,,,Unplanned,,,,,,MiraFlex 1,MiraFlex 1,,,,,,,,,,,
2667,2667,,,,,,,,Unplanned,,,,,,MiraFlex 1,MiraFlex 1,,,,,,,,,,,
2668,2668,,,,,,,,Unplanned,,,,,,MiraFlex 1,MiraFlex 1,,,,,,,,,,,
2669,2669,,,,,,,,Unplanned,,,,,,MiraFlex 1,MiraFlex 1,,,,,,,,,,,
2670,2670,,,,,,,,Unplanned,,,,,,MiraFlex 1,MiraFlex 1,,,,,,,,,,,
2671,2671,,,,,,,,Unplanned,,,,,,MiraFlex 1,MiraFlex 1,,,,,,,,,,,
2672,2672,,,,,,,,Unplanned,,,,,,MiraFlex 1,MiraFlex 1,,,,,,,,,,,
2673,2673,,,,,,,,Unplanned,,,,,,MiraFlex 1,MiraFlex 1,,,,,,,,,,,
2674,2674,,,,,,,,Unplanned,,,,,,MiraFlex 1,MiraFlex 1,,,,,,,,,,,
2675,2675,,,,,,,,Unplanned,,,,,,MiraFlex 1,MiraFlex 1,,,,,,,,,,,
2676,2676,,,,,,,,Unplanned,,,,,,MiraFlex 1,MiraFlex 1,,,,,,,,,,,
2677,2677,,,,,,,,Unplanned,,,,,,MiraFlex 1,MiraFlex 1,,,,,,,,,,,
2678,2678,,,,,,,,Unplanned,,,,,,MiraFlex 1,MiraFlex 1,,,,,,,,,,,
2679,2679,,,,,,,,Unplanned,,,,,,MiraFlex 1,MiraFlex 1,,,,,,,,,,,
2680,2680,,,,,,,,Unplanned,,,,,,MiraFlex 1,MiraFlex 1,,,,,,,,,,,
2681,2681,,,,,,,,Unplanned,,,,,,MiraFlex 1,MiraFlex 1,,,,,,,,,,,
2682,2682,,,,,,,,Unplanned,,,,,,MiraFlex 1,MiraFlex 1,,,,,,,,,,,
2683,2683,,,,,,,,Unplanned,,,,,,MiraFlex 1,MiraFlex 1,,,,,,,,,,,
2684,2684,,,,,,,,Unplanned,,,,,,MiraFlex 1,MiraFlex 1,,,,,,,,,,,
2685,2685,,,,,,,,Unplanned,,,,,,MiraFlex 1,MiraFlex 1,,,,,,,,,,,
2686,2686,,,,,,,,Unplanned,,,,,,MiraFlex 1,MiraFlex 1,,,,,,,,,,,
2687,2687,,,,,,,,Unplanned,,,,,,MiraFlex 1,MiraFlex 1,,,,,,,,,,,
2688,2688,,,,,,,,Unplanned,,,,,,MiraFlex 1,MiraFlex 1,,,,,,,,,,,
2689,2689,,,,,,,,Unplanned,,,,,,MiraFlex 1,MiraFlex 1,,,,,,,,,,,
2690,2690,,,,,,,,Unplanned,,,,,,MiraFlex 1,MiraFlex 1,,,,,,,,,,,
2691,2691,,,,,,,,Unplanned,,,,,,MiraFlex 1,MiraFlex 1,,,,,,,,,,,
2692,2692,,,,,,,,Unplanned,,,,,,MiraFlex 1,MiraFlex 1,,,,,,,,,,,
2693,2693,,,,,,,,Unplanned,,,,,,MiraFlex 1,MiraFlex 1,,,,,,,,,,,
2694,2694,,,,,,,,Unplanned,,,,,,MiraFlex 1,MiraFlex 1,,,,,,,,,,,
2695,2695,,,,,,,,Unplanned,,,,,,MiraFlex 1,MiraFlex 1,,,,,,,,,,,
2696,2696,,,,,,,,Unplanned,,,,,,MiraFlex 1,MiraFlex 1,,,,,,,,,,,
2697,2697,,,,,,,,Unplanned,,,,,,MiraFlex 1,MiraFlex 1,,,,,,,,,,,
2698,2698,,,,,,,,Unplanned,,,,,,MiraFlex 1,MiraFlex 1,,,,,,,,,,,
2699,2699,,,,,,,,Unplanned,,,,,,MiraFlex 1,MiraFlex 1,,,,,,,,,,,
2700,2700,,,,,,,,Unplanned,,,,,,MiraFlex 1,MiraFlex 1,,,,,,,,,,,
2701,2701,,,,,,,,Unplanned,,,,,,MiraFlex 1,MiraFlex 1,,,,,,,,,,,
2702,2702,,,,,,,,Unplanned,,,,,,MiraFlex 1,MiraFlex 1,,,,,,,,,,,
2703,2703,,,,,,,,Unplanned,,,,,,MiraFlex 1,MiraFlex 1,,,,,,,,,,,
2704,2704,,,,,,,,Unplanned,,,,,,MiraFlex 1,MiraFlex 1,,,,,,,,,,,
2705,2705,,,,,,,,Unplanned,,,,,,MiraFlex 1,MiraFlex 1,,,,,,,,,,,
2706,2706,,,,,,,,Unplanned,,,,,,MiraFlex 1,MiraFlex 1,,,,,,,,,,,
2707,2707,,,,,,,,Unplanned,,,,,,MiraFlex 1,MiraFlex 1,,,,,,,,,,,
2708,2708,,,,,,,,Unplanned,,,,,,MiraFlex 1,MiraFlex 1,,,,,,,,,,,
2709,2709,,,,,,,,Unplanned,,,,,,MiraFlex 1,MiraFlex 1,,,,,,,,,,,
2710,2710,,,,,,,,Unplanned,,,,,,MiraFlex 1,MiraFlex 1,,,,,,,,,,,
2711,2711,,,,,,,,Unplanned,,,,,,MiraFlex 1,MiraFlex 1,,,,,,,,,,,
2712,2712,,,,,,,,Unplanned,,,,,,MiraFlex 1,MiraFlex 1,,,,,,,,,,,
2713,2713,,,,,,,,Unplanned,,,,,,MiraFlex 1,MiraFlex 1,,,,,,,,,,,
2714,2714,,,,,,,,Unplanned,,,,,,MiraFlex 1,MiraFlex 1,,,,,,,,,,,
2715,2715,,,,,,,,Unplanned,,,,,,MiraFlex 1,MiraFlex 1,,,,,,,,,,,
2716,2716,,,,,,,,Unplanned,,,,,,MiraFlex 1,MiraFlex 1,,,,,,,,,,,
2717,2717,,,,,,,,Unplanned,,,,,,MiraFlex 1,MiraFlex 1,,,,,,,,,,,
2718,2718,,,,,,,,Unplanned,,,,,,MiraFlex 1,MiraFlex 1,,,,,,,,,,,
2719,2719,,,,,,,,Unplanned,,,,,,MiraFlex 1,MiraFlex 1,,,,,,,,,,,
2720,2720,,,,,,,,Unplanned,,,,,,MiraFlex 1,MiraFlex 1,,,,,,,,,,,
2721,2721,,,,,,,,Unplanned,,,,,,MiraFlex 1,MiraFlex 1,,,,,,,,,,,
2722,2722,,,,,,,,Unplanned,,,,,,MiraFlex 1,MiraFlex 1,,,,,,,,,,,
2723,2723,,,,,,,,Unplanned,,,,,,MiraFlex 1,MiraFlex 1,,,,,,,,,,,
2724,2724,,,,,,,,Unplanned,,,,,,MiraFlex 1,MiraFlex 1,,,,,,,,,,,
2725,2725,,,,,,,,Unplanned,,,,,,MiraFlex 1,MiraFlex 1,,,,,,,,,,,
2726,2726,,,,,,,,Unplanned,,,,,,MiraFlex 1,MiraFlex 1,,,,,,,,,,,
2727,2727,,,,,,,,Unplanned,,,,,,MiraFlex 1,MiraFlex 1,,,,,,,,,,,
2728,2728,,,,,,,,Unplanned,,,,,,MiraFlex 1,MiraFlex 1,,,,,,,,,,,
2729,2729,,,,,,,,Unplanned,,,,,,MiraFlex 1,MiraFlex 1,,,,,,,,,,,
2730,2730,,,,,,,,Unplanned,,,,,,MiraFlex 1,MiraFlex 1,,,,,,,,,,,
2731,2731,,,,,,,,Unplanned,,,,,,MiraFlex 1,MiraFlex 1,,,,,,,,,,,
2732,2732,,,,,,,,Unplanned,,,,,,MiraFlex 1,MiraFlex 1,,,,,,,,,,,
2733,2733,,,,,,,,Unplanned,,,,,,MiraFlex 1,MiraFlex 1,,,,,,,,,,,
2734,2734,,,,,,,,Unplanned,,,,,,MiraFlex 1,MiraFlex 1,,,,,,,,,,,
2735,2735,,,,,,,,Unplanned,,,,,,MiraFlex 1,MiraFlex 1,,,,,,,,,,,
2736,2736,,,,,,,,Unplanned,,,,,,MiraFlex 1,MiraFlex 1,,,,,,,,,,,
2737,2737,,,,,,,,Unplanned,,,,,,MiraFlex 1,MiraFlex 1,,,,,,,,,,,
2738,2738,,,,,,,,Unplanned,,,,,,MiraFlex 1,MiraFlex 1,,,,,,,,,,,
2739,2739,,,,,,,,Unplanned,,,,,,MiraFlex 1,MiraFlex 1,,,,,,,,,,,
2740,2740,,,,,,,,Unplanned,,,,,,MiraFlex 1,MiraFlex 1,,,,,,,,,,,
2741,2741,,,,,,,,Unplanned,,,,,,MiraFlex 1,MiraFlex 1,,,,,,,,,,,
2742,2742,,,,,,,,Unplanned,,,,,,MiraFlex 1,MiraFlex 1,,,,,,,,,,,
2743,2743,,,,,,,,Unplanned,,,,,,MiraFlex 1,MiraFlex 1,,,,,,,,,,,
2744,2744,,,,,,,,Unplanned,,,,,,MiraFlex 1,MiraFlex 1,,,,,,,,,,,
2745,2745,,,,,,,,Unplanned,,,,,,MiraFlex 1,MiraFlex 1,,,,,,,,,,,
2746,2746,,,,,,,,Unplanned,,,,,,MiraFlex 1,MiraFlex 1,,,,,,,,,,,
2747,2747,,,,,,,,Unplanned,,,,,,MiraFlex 1,MiraFlex 1,,,,,,,,,,,
2748,2748,,,,,,,,Unplanned,,,,,,MiraFlex 1,MiraFlex 1,,,,,,,,,,,
2749,2749,,,,,,,,Unplanned,,,,,,MiraFlex 1,MiraFlex 1,,,,,,,,,,,
2750,2750,,,,,,,,Unplanned,,,,,,MiraFlex 1,MiraFlex 1,,,,,,,,,,,
2751,2751,,,,,,,,Unplanned,,,,,,MiraFlex 1,MiraFlex 1,,,,,,,,,,,
2752,2752,,,,,,,,Unplanned,,,,,,MiraFlex 1,MiraFlex 1,,,,,,,,,,,
2753,2753,,,,,,,,Unplanned,,,,,,MiraFlex 1,MiraFlex 1,,,,,,,,,,,
2754,2754,,,,,,,,Unplanned,,,,,,MiraFlex 1,MiraFlex 1,,,,,,,,,,,
2755,2755,,,,,,,,Unplanned,,,,,,MiraFlex 1,MiraFlex 1,,,,,,,,,,,
2756,2756,,,,,,,,Unplanned,,,,,,MiraFlex 1,MiraFlex 1,,,,,,,,,,,
2757,2757,,,,,,,,Unplanned,,,,,,MiraFlex 1,MiraFlex 1,,,,,,,,,,,
2758,2758,,,,,,,,Unplanned,,,,,,MiraFlex 1,MiraFlex 1,,,,,,,,,,,
2759,2759,,,,,,,,Unplanned,,,,,,MiraFlex 1,MiraFlex 1,,,,,,,,,,,
2760,2760,,,,,,,,Unplanned,,,,,,MiraFlex 1,MiraFlex 1,,,,,,,,,,,
2761,2761,,,,,,,,Unplanned,,,,,,MiraFlex 1,MiraFlex 1,,,,,,,,,,,
2762,2762,,,,,,,,Unplanned,,,,,,MiraFlex 1,MiraFlex 1,,,,,,,,,,,
2763,2763,,,,,,,,Unplanned,,,,,,MiraFlex 1,MiraFlex 1,,,,,,,,,,,
2764,2764,,,,,,,,Unplanned,,,,,,MiraFlex 1,MiraFlex 1,,,,,,,,,,,
2765,2765,,,,,,,,Unplanned,,,,,,MiraFlex 1,MiraFlex 1,,,,,,,,,,,
2766,2766,,,,,,,,Unplanned,,,,,,MiraFlex 1,MiraFlex 1,,,,,,,,,,,
2767,2767,,,,,,,,Unplanned,,,,,,MiraFlex 1,MiraFlex 1,,,,,,,,,,,
2768,2768,,,,,,,,Unplanned,,,,,,MiraFlex 1,MiraFlex 1,,,,,,,,,,,
2769,2769,,,,,,,,Unplanned,,,,,,MiraFlex 1,MiraFlex 1,,,,,,,,,,,
2770,2770,,,,,,,,Unplanned,,,,,,MiraFlex 1,MiraFlex 1,,,,,,,,,,,
2771,2771,,,,,,,,Unplanned,,,,,,MiraFlex 1,MiraFlex 1,,,,,,,,,,,
2772,2772,,,,,,,,Unplanned,,,,,,MiraFlex 1,MiraFlex 1,,,,,,,,,,,
2773,2773,,,,,,,,Unplanned,,,,,,MiraFlex 1,MiraFlex 1,,,,,,,,,,,
2774,2774,,,,,,,,Unplanned,,,,,,MiraFlex 1,MiraFlex 1,,,,,,,,,,,
2775,2775,,,,,,,,Unplanned,,,,,,MiraFlex 1,MiraFlex 1,,,,,,,,,,,
2776,2776,,,,,,,,Unplanned,,,,,,MiraFlex 1,MiraFlex 1,,,,,,,,,,,
2777,2777,,,,,,,,Unplanned,,,,,,MiraFlex 1,MiraFlex 1,,,,,,,,,,,
2778,2778,,,,,,,,Unplanned,,,,,,MiraFlex 1,MiraFlex 1,,,,,,,,,,,
2779,2779,,,,,,,,Unplanned,,,,,,MiraFlex 1,MiraFlex 1,,,,,,,,,,,
2780,2780,,,,,,,,Unplanned,,,,,,MiraFlex 1,MiraFlex 1,,,,,,,,,,,
2781,2781,,,,,,,,Unplanned,,,,,,MiraFlex 1,MiraFlex 1,,,,,,,,,,,
2782,2782,,,,,,,,Unplanned,,,,,,MiraFlex 1,MiraFlex 1,,,,,,,,,,,
2783,2783,,,,,,,,Unplanned,,,,,,MiraFlex 1,MiraFlex 1,,,,,,,,,,,
2784,2784,,,,,,,,Unplanned,,,,,,MiraFlex 1,MiraFlex 1,,,,,,,,,,,
2785,2785,,,,,,,,Unplanned,,,,,,MiraFlex 1,MiraFlex 1,,,,,,,,,,,
2786,2786,,,,,,,,Unplanned,,,,,,MiraFlex 1,MiraFlex 1,,,,,,,,,,,
2787,2787,,,,,,,,Unplanned,,,,,,MiraFlex 1,MiraFlex 1,,,,,,,,,,,
2788,2788,,,,,,,,Unplanned,,,,,,MiraFlex 1,MiraFlex 1,,,,,,,,,,,
2789,2789,,,,,,,,Unplanned,,,,,,MiraFlex 1,MiraFlex 1,,,,,,,,,,,
2790,2790,,,,,,,,Unplanned,,,,,,MiraFlex 1,MiraFlex 1,,,,,,,,,,,
2791,2791,,,,,,,,Unplanned,,,,,,MiraFlex 1,MiraFlex 1,,,,,,,,,,,
2792,2792,,,,,,,,Unplanned,,,,,,MiraFlex 1,MiraFlex 1,,,,,,,,,,,
2793,2793,,,,,,,,Unplanned,,,,,,MiraFlex 1,MiraFlex 1,,,,,,,,,,,
2794,2794,,,,,,,,Unplanned,,,,,,MiraFlex 1,MiraFlex 1,,,,,,,,,,,
2795,2795,,,,,,,,Unplanned,,,,,,MiraFlex 1,MiraFlex 1,,,,,,,,,,,
2796,2796,,,,,,,,Unplanned,,,,,,MiraFlex 1,MiraFlex 1,,,,,,,,,,,
2797,2797,,,,,,,,Unplanned,,,,,,MiraFlex 1,MiraFlex 1,,,,,,,,,,,
2798,2798,,,,,,,,Unplanned,,,,,,MiraFlex 1,MiraFlex 1,,,,,,,,,,,
2799,2799,,,,,,,,Unplanned,,,,,,MiraFlex 1,MiraFlex 1,,,,,,,,,,,
2800,2800,,,,,,,,Unplanned,,,,,,MiraFlex 1,MiraFlex 1,,,,,,,,,,,
2801,2801,,,,,,,,Unplanned,,,,,,MiraFlex 1,MiraFlex 1,,,,,,,,,,,
2802,2802,,,,,,,,Unplanned,,,,,,MiraFlex 1,MiraFlex 1,,,,,,,,,,,
2803,2803,,,,,,,,Unplanned,,,,,,MiraFlex 1,MiraFlex 1,,,,,,,,,,,
2804,2804,,,,,,,,Unplanned,,,,,,MiraFlex 1,MiraFlex 1,,,,,,,,,,,
2805,2805,,,,,,,,Unplanned,,,,,,MiraFlex 1,MiraFlex 1,,,,,,,,,,,
2806,2806,,,,,,,,Unplanned,,,,,,MiraFlex 1,MiraFlex 1,,,,,,,,,,,
2807,2807,,,,,,,,Unplanned,,,,,,MiraFlex 1,MiraFlex 1,,,,,,,,,,,
2808,2808,,,,,,,,Unplanned,,,,,,MiraFlex 1,MiraFlex 1,,,,,,,,,,,
2809,2809,,,,,,,,Unplanned,,,,,,MiraFlex 1,MiraFlex 1,,,,,,,,,,,
2810,2810,,,,,,,,Unplanned,,,,,,MiraFlex 1,MiraFlex 1,,,,,,,,,,,
2811,2811,,,,,,,,Unplanned,,,,,,MiraFlex 1,MiraFlex 1,,,,,,,,,,,
2812,2812,,,,,,,,Unplanned,,,,,,MiraFlex 1,MiraFlex 1,,,,,,,,,,,
2813,2813,,,,,,,,Unplanned,,,,,,MiraFlex 1,MiraFlex 1,,,,,,,,,,,
2814,2814,,,,,,,,Unplanned,,,,,,MiraFlex 1,MiraFlex 1,,,,,,,,,,,
2815,2815,,,,,,,,Unplanned,,,,,,MiraFlex 1,MiraFlex 1,,,,,,,,,,,
2816,2816,,,,,,,,Unplanned,,,,,,MiraFlex 1,MiraFlex 1,,,,,,,,,,,
2817,2817,,,,,,,,Unplanned,,,,,,MiraFlex 1,MiraFlex 1,,,,,,,,,,,
2818,2818,,,,,,,,Unplanned,,,,,,MiraFlex 1,MiraFlex 1,,,,,,,,,,,
2819,2819,,,,,,,,Unplanned,,,,,,MiraFlex 1,MiraFlex 1,,,,,,,,,,,
2820,2820,,,,,,,,Unplanned,,,,,,MiraFlex 1,MiraFlex 1,,,,,,,,,,,
2821,2821,,,,,,,,Unplanned,,,,,,MiraFlex 1,MiraFlex 1,,,,,,,,,,,
2822,2822,,,,,,,,Unplanned,,,,,,MiraFlex 1,MiraFlex 1,,,,,,,,,,,
2823,2823,,,,,,,,Unplanned,,,,,,MiraFlex 1,MiraFlex 1,,,,,,,,,,,
2824,2824,,,,,,,,Unplanned,,,,,,MiraFlex 1,MiraFlex 1,,,,,,,,,,,
2825,2825,,,,,,,,Unplanned,,,,,,MiraFlex 1,MiraFlex 1,,,,,,,,,,,
2826,2826,,,,,,,,Unplanned,,,,,,MiraFlex 1,MiraFlex 1,,,,,,,,,,,
2827,2827,,,,,,,,Unplanned,,,,,,MiraFlex 1,MiraFlex 1,,,,,,,,,,,
2828,2828,,,,,,,,Unplanned,,,,,,MiraFlex 1,MiraFlex 1,,,,,,,,,,,
2829,2829,,,,,,,,Unplanned,,,,,,MiraFlex 1,MiraFlex 1,,,,,,,,,,,
2830,2830,,,,,,,,Unplanned,,,,,,MiraFlex 1,MiraFlex 1,,,,,,,,,,,
2831,2831,,,,,,,,Unplanned,,,,,,MiraFlex 1,MiraFlex 1,,,,,,,,,,,
2832,2832,,,,,,,,Unplanned,,,,,,MiraFlex 1,MiraFlex 1,,,,,,,,,,,
2833,2833,,,,,,,,Unplanned,,,,,,MiraFlex 1,MiraFlex 1,,,,,,,,,,,
2834,2834,,,,,,,,Unplanned,,,,,,MiraFlex 1,MiraFlex 1,,,,,,,,,,,
2835,2835,,,,,,,,Unplanned,,,,,,MiraFlex 1,MiraFlex 1,,,,,,,,,,,
2836,2836,,,,,,,,Unplanned,,,,,,MiraFlex 1,MiraFlex 1,,,,,,,,,,,
2837,2837,,,,,,,,Unplanned,,,,,,MiraFlex 1,MiraFlex 1,,,,,,,,,,,
2838,2838,,,,,,,,Unplanned,,,,,,MiraFlex 1,MiraFlex 1,,,,,,,,,,,
2839,2839,,,,,,,,Unplanned,,,,,,MiraFlex 1,MiraFlex 1,,,,,,,,,,,
2840,2840,,,,,,,,Unplanned,,,,,,MiraFlex 1,MiraFlex 1,,,,,,,,,,,
2841,2841,,,,,,,,Unplanned,,,,,,MiraFlex 1,MiraFlex 1,,,,,,,,,,,
2842,2842,,,,,,,,Unplanned,,,,,,MiraFlex 1,MiraFlex 1,,,,,,,,,,,
2843,2843,,,,,,,,Unplanned,,,,,,MiraFlex 1,MiraFlex 1,,,,,,,,,,,
2844,2844,,,,,,,,Unplanned,,,,,,MiraFlex 1,MiraFlex 1,,,,,,,,,,,
2845,2845,,,,,,,,Unplanned,,,,,,MiraFlex 1,MiraFlex 1,,,,,,,,,,,
2846,2846,,,,,,,,Unplanned,,,,,,MiraFlex 1,MiraFlex 1,,,,,,,,,,,
2847,2847,,,,,,,,Unplanned,,,,,,MiraFlex 1,MiraFlex 1,,,,,,,,,,,
2848,2848,,,,,,,,Unplanned,,,,,,MiraFlex 1,MiraFlex 1,,,,,,,,,,,
2849,2849,,,,,,,,Unplanned,,,,,,MiraFlex 1,MiraFlex 1,,,,,,,,,,,
2850,2850,,,,,,,,Unplanned,,,,,,MiraFlex 1,MiraFlex 1,,,,,,,,,,,
2851,2851,,,,,,,,Unplanned,,,,,,MiraFlex 1,MiraFlex 1,,,,,,,,,,,
2852,2852,,,,,,,,Unplanned,,,,,,MiraFlex 1,MiraFlex 1,,,,,,,,,,,
2853,2853,,,,,,,,Unplanned,,,,,,MiraFlex 1,MiraFlex 1,,,,,,,,,,,
2854,2854,,,,,,,,Unplanned,,,,,,MiraFlex 1,MiraFlex 1,,,,,,,,,,,
2855,2855,,,,,,,,Unplanned,,,,,,MiraFlex 1,MiraFlex 1,,,,,,,,,,,
2856,2856,,,,,,,,Unplanned,,,,,,MiraFlex 1,MiraFlex 1,,,,,,,,,,,
2857,2857,,,,,,,,Unplanned,,,,,,MiraFlex 1,MiraFlex 1,,,,,,,,,,,
2858,2858,,,,,,,,Unplanned,,,,,,MiraFlex 1,MiraFlex 1,,,,,,,,,,,
2859,2859,,,,,,,,Unplanned,,,,,,MiraFlex 1,MiraFlex 1,,,,,,,,,,,
2860,2860,,,,,,,,Unplanned,,,,,,MiraFlex 1,MiraFlex 1,,,,,,,,,,,
2861,2861,,,,,,,,Unplanned,,,,,,MiraFlex 1,MiraFlex 1,,,,,,,,,,,
2862,2862,,,,,,,,Unplanned,,,,,,MiraFlex 1,MiraFlex 1,,,,,,,,,,,
2863,2863,,,,,,,,Unplanned,,,,,,MiraFlex 1,MiraFlex 1,,,,,,,,,,,
2864,2864,,,,,,,,Unplanned,,,,,,MiraFlex 1,MiraFlex 1,,,,,,,,,,,
2865,2865,,,,,,,,Unplanned,,,,,,MiraFlex 1,MiraFlex 1,,,,,,,,,,,
2866,2866,,,,,,,,Unplanned,,,,,,MiraFlex 1,MiraFlex 1,,,,,,,,,,,
2867,2867,,,,,,,,Unplanned,,,,,,MiraFlex 1,MiraFlex 1,,,,,,,,,,,
2868,2868,,,,,,,,Unplanned,,,,,,MiraFlex 1,MiraFlex 1,,,,,,,,,,,
2869,2869,,,,,,,,Unplanned,,,,,,MiraFlex 1,MiraFlex 1,,,,,,,,,,,
2870,2870,,,,,,,,Unplanned,,,,,,MiraFlex 1,MiraFlex 1,,,,,,,,,,,
2871,2871,,,,,,,,Unplanned,,,,,,MiraFlex 1,MiraFlex 1,,,,,,,,,,,
2872,2872,,,,,,,,Unplanned,,,,,,MiraFlex 1,MiraFlex 1,,,,,,,,,,,
2873,2873,,,,,,,,Unplanned,,,,,,MiraFlex 1,MiraFlex 1,,,,,,,,,,,
2874,2874,,,,,,,,Unplanned,,,,,,MiraFlex 1,MiraFlex 1,,,,,,,,,,,
2875,2875,,,,,,,,Unplanned,,,,,,MiraFlex 1,MiraFlex 1,,,,,,,,,,,
2876,2876,,,,,,,,Unplanned,,,,,,MiraFlex 1,MiraFlex 1,,,,,,,,,,,
2877,2877,,,,,,,,Unplanned,,,,,,MiraFlex 1,MiraFlex 1,,,,,,,,,,,
2878,2878,,,,,,,,Unplanned,,,,,,MiraFlex 1,MiraFlex 1,,,,,,,,,,,
2879,2879,,,,,,,,Unplanned,,,,,,MiraFlex 1,MiraFlex 1,,,,,,,,,,,
2880,2880,,,,,,,,Unplanned,,,,,,MiraFlex 1,MiraFlex 1,,,,,,,,,,,
2881,2881,,,,,,,,Unplanned,,,,,,MiraFlex 1,MiraFlex 1,,,,,,,,,,,
2882,2882,,,,,,,,Unplanned,,,,,,MiraFlex 1,MiraFlex 1,,,,,,,,,,,
2883,2883,,,,,,,,Unplanned,,,,,,MiraFlex 1,MiraFlex 1,,,,,,,,,,,
2884,2884,,,,,,,,Unplanned,,,,,,MiraFlex 1,MiraFlex 1,,,,,,,,,,,
2885,2885,,,,,,,,Unplanned,,,,,,MiraFlex 1,MiraFlex 1,,,,,,,,,,,
2886,2886,,,,,,,,Unplanned,,,,,,MiraFlex 1,MiraFlex 1,,,,,,,,,,,
2887,2887,,,,,,,,Unplanned,,,,,,MiraFlex 1,MiraFlex 1,,,,,,,,,,,
2888,2888,,,,,,,,Unplanned,,,,,,MiraFlex 1,MiraFlex 1,,,,,,,,,,,
2889,2889,,,,,,,,Unplanned,,,,,,MiraFlex 1,MiraFlex 1,,,,,,,,,,,
2890,2890,,,,,,,,Unplanned,,,,,,MiraFlex 1,MiraFlex 1,,,,,,,,,,,
2891,2891,,,,,,,,Unplanned,,,,,,MiraFlex 1,MiraFlex 1,,,,,,,,,,,
2892,2892,,,,,,,,Unplanned,,,,,,MiraFlex 1,MiraFlex 1,,,,,,,,,,,
2893,2893,,,,,,,,Unplanned,,,,,,MiraFlex 1,MiraFlex 1,,,,,,,,,,,
2894,2894,,,,,,,,Unplanned,,,,,,MiraFlex 1,MiraFlex 1,,,,,,,,,,,
2895,2895,,,,,,,,Unplanned,,,,,,MiraFlex 1,MiraFlex 1,,,,,,,,,,,
2896,2896,,,,,,,,Unplanned,,,,,,MiraFlex 1,MiraFlex 1,,,,,,,,,,,
2897,2897,,,,,,,,Unplanned,,,,,,MiraFlex 1,MiraFlex 1,,,,,,,,,,,
2898,2898,,,,,,,,Unplanned,,,,,,MiraFlex 1,MiraFlex 1,,,,,,,,,,,
2899,2899,,,,,,,,Unplanned,,,,,,MiraFlex 1,MiraFlex 1,,,,,,,,,,,
2900,2900,,,,,,,,Unplanned,,,,,,MiraFlex 1,MiraFlex 1,,,,,,,,,,,
2901,2901,,,,,,,,Unplanned,,,,,,MiraFlex 1,MiraFlex 1,,,,,,,,,,,
2902,2902,,,,,,,,Unplanned,,,,,,MiraFlex 1,MiraFlex 1,,,,,,,,,,,
2903,2903,,,,,,,,Unplanned,,,,,,MiraFlex 1,MiraFlex 1,,,,,,,,,,,
2904,2904,,,,,,,,Unplanned,,,,,,MiraFlex 1,MiraFlex 1,,,,,,,,,,,
2905,2905,,,,,,,,Unplanned,,,,,,MiraFlex 1,MiraFlex 1,,,,,,,,,,,
2906,2906,,,,,,,,Unplanned,,,,,,MiraFlex 1,MiraFlex 1,,,,,,,,,,,
2907,2907,,,,,,,,Unplanned,,,,,,MiraFlex 1,MiraFlex 1,,,,,,,,,,,
2908,2908,,,,,,,,Unplanned,,,,,,MiraFlex 1,MiraFlex 1,,,,,,,,,,,
2909,2909,,,,,,,,Unplanned,,,,,,MiraFlex 1,MiraFlex 1,,,,,,,,,,,
2910,2910,,,,,,,,Unplanned,,,,,,MiraFlex 1,MiraFlex 1,,,,,,,,,,,
2911,2911,,,,,,,,Unplanned,,,,,,MiraFlex 1,MiraFlex 1,,,,,,,,,,,
2912,2912,,,,,,,,Unplanned,,,,,,MiraFlex 1,MiraFlex 1,,,,,,,,,,,
2913,2913,,,,,,,,Unplanned,,,,,,MiraFlex 1,MiraFlex 1,,,,,,,,,,,
2914,2914,,,,,,,,Unplanned,,,,,,MiraFlex 1,MiraFlex 1,,,,,,,,,,,
2915,2915,,,,,,,,Unplanned,,,,,,MiraFlex 1,MiraFlex 1,,,,,,,,,,,
2916,2916,,,,,,,,Unplanned,,,,,,MiraFlex 1,MiraFlex 1,,,,,,,,,,,
2917,2917,,,,,,,,Unplanned,,,,,,MiraFlex 1,MiraFlex 1,,,,,,,,,,,
2918,2918,,,,,,,,Unplanned,,,,,,MiraFlex 1,MiraFlex 1,,,,,,,,,,,
2919,2919,,,,,,,,Unplanned,,,,,,MiraFlex 1,MiraFlex 1,,,,,,,,,,,
2920,2920,,,,,,,,Unplanned,,,,,,MiraFlex 1,MiraFlex 1,,,,,,,,,,,
2921,2921,,,,,,,,Unplanned,,,,,,MiraFlex 1,MiraFlex 1,,,,,,,,,,,
2922,2922,,,,,,,,Unplanned,,,,,,MiraFlex 1,MiraFlex 1,,,,,,,,,,,
2923,2923,,,,,,,,Unplanned,,,,,,MiraFlex 1,MiraFlex 1,,,,,,,,,,,
2924,2924,,,,,,,,Unplanned,,,,,,MiraFlex 1,MiraFlex 1,,,,,,,,,,,
2925,2925,,,,,,,,Unplanned,,,,,,MiraFlex 1,MiraFlex 1,,,,,,,,,,,
2926,2926,,,,,,,,Unplanned,,,,,,MiraFlex 1,MiraFlex 1,,,,,,,,,,,
2927,2927,,,,,,,,Unplanned,,,,,,MiraFlex 1,MiraFlex 1,,,,,,,,,,,
2928,2928,,,,,,,,Unplanned,,,,,,MiraFlex 1,MiraFlex 1,,,,,,,,,,,
2929,2929,,,,,,,,Unplanned,,,,,,MiraFlex 1,MiraFlex 1,,,,,,,,,,,
2930,2930,,,,,,,,Unplanned,,,,,,MiraFlex 1,MiraFlex 1,,,,,,,,,,,
2931,2931,,,,,,,,Unplanned,,,,,,MiraFlex 1,MiraFlex 1,,,,,,,,,,,
2932,2932,,,,,,,,Unplanned,,,,,,MiraFlex 1,MiraFlex 1,,,,,,,,,,,
2933,2933,,,,,,,,Unplanned,,,,,,MiraFlex 1,MiraFlex 1,,,,,,,,,,,
2934,2934,,,,,,,,Unplanned,,,,,,MiraFlex 1,MiraFlex 1,,,,,,,,,,,
2935,2935,,,,,,,,Unplanned,,,,,,MiraFlex 1,MiraFlex 1,,,,,,,,,,,
2936,2936,,,,,,,,Unplanned,,,,,,MiraFlex 1,MiraFlex 1,,,,,,,,,,,
2937,2937,,,,,,,,Unplanned,,,,,,MiraFlex 1,MiraFlex 1,,,,,,,,,,,
2938,2938,,,,,,,,Unplanned,,,,,,MiraFlex 1,MiraFlex 1,,,,,,,,,,,
2939,2939,,,,,,,,Unplanned,,,,,,MiraFlex 1,MiraFlex 1,,,,,,,,,,,
2940,2940,,,,,,,,Unplanned,,,,,,MiraFlex 1,MiraFlex 1,,,,,,,,,,,
2941,2941,,,,,,,,Unplanned,,,,,,MiraFlex 1,MiraFlex 1,,,,,,,,,,,
2942,2942,,,,,,,,Unplanned,,,,,,MiraFlex 1,MiraFlex 1,,,,,,,,,,,
2943,2943,,,,,,,,Unplanned,,,,,,MiraFlex 1,MiraFlex 1,,,,,,,,,,,
2944,2944,,,,,,,,Unplanned,,,,,,MiraFlex 1,MiraFlex 1,,,,,,,,,,,
2945,2945,,,,,,,,Unplanned,,,,,,MiraFlex 1,MiraFlex 1,,,,,,,,,,,
2946,2946,,,,,,,,Unplanned,,,,,,MiraFlex 1,MiraFlex 1,,,,,,,,,,,
2947,2947,,,,,,,,Unplanned,,,,,,MiraFlex 1,MiraFlex 1,,,,,,,,,,,
2948,2948,,,,,,,,Unplanned,,,,,,MiraFlex 1,MiraFlex 1,,,,,,,,,,,
2949,2949,,,,,,,,Unplanned,,,,,,MiraFlex 1,MiraFlex 1,,,,,,,,,,,
2950,2950,,,,,,,,Unplanned,,,,,,MiraFlex 1,MiraFlex 1,,,,,,,,,,,
2951,2951,,,,,,,,Unplanned,,,,,,MiraFlex 1,MiraFlex 1,,,,,,,,,,,
2952,2952,,,,,,,,Unplanned,,,,,,MiraFlex 1,MiraFlex 1,,,,,,,,,,,
2953,2953,,,,,,,,Unplanned,,,,,,MiraFlex 1,MiraFlex 1,,,,,,,,,,,
2954,2954,,,,,,,,Unplanned,,,,,,MiraFlex 1,MiraFlex 1,,,,,,,,,,,
2955,2955,,,,,,,,Unplanned,,,,,,MiraFlex 1,MiraFlex 1,,,,,,,,,,,
2956,2956,,,,,,,,Unplanned,,,,,,MiraFlex 1,MiraFlex 1,,,,,,,,,,,
2957,2957,,,,,,,,Unplanned,,,,,,MiraFlex 1,MiraFlex 1,,,,,,,,,,,
2958,2958,,,,,,,,Unplanned,,,,,,MiraFlex 1,MiraFlex 1,,,,,,,,,,,
2959,2959,,,,,,,,Unplanned,,,,,,MiraFlex 1,MiraFlex 1,,,,,,,,,,,
2960,2960,,,,,,,,Unplanned,,,,,,MiraFlex 1,MiraFlex 1,,,,,,,,,,,
2961,2961,,,,,,,,Unplanned,,,,,,MiraFlex 1,MiraFlex 1,,,,,,,,,,,
2962,2962,,,,,,,,Unplanned,,,,,,MiraFlex 1,MiraFlex 1,,,,,,,,,,,
2963,2963,,,,,,,,Unplanned,,,,,,MiraFlex 1,MiraFlex 1,,,,,,,,,,,
2964,2964,,,,,,,,Unplanned,,,,,,MiraFlex 1,MiraFlex 1,,,,,,,,,,,
2965,2965,,,,,,,,Unplanned,,,,,,MiraFlex 1,MiraFlex 1,,,,,,,,,,,
2966,2966,,,,,,,,Unplanned,,,,,,MiraFlex 1,MiraFlex 1,,,,,,,,,,,
2967,2967,,,,,,,,Unplanned,,,,,,MiraFlex 1,MiraFlex 1,,,,,,,,,,,
2968,2968,,,,,,,,Unplanned,,,,,,MiraFlex 1,MiraFlex 1,,,,,,,,,,,
2969,2969,,,,,,,,Unplanned,,,,,,MiraFlex 1,MiraFlex 1,,,,,,,,,,,
2970,2970,,,,,,,,Unplanned,,,,,,MiraFlex 1,MiraFlex 1,,,,,,,,,,,
2971,2971,,,,,,,,Unplanned,,,,,,MiraFlex 1,MiraFlex 1,,,,,,,,,,,
2972,2972,,,,,,,,Unplanned,,,,,,MiraFlex 1,MiraFlex 1,,,,,,,,,,,
2973,2973,,,,,,,,Unplanned,,,,,,MiraFlex 1,MiraFlex 1,,,,,,,,,,,
2974,2974,,,,,,,,Unplanned,,,,,,MiraFlex 1,MiraFlex 1,,,,,,,,,,,
2975,2975,,,,,,,,Unplanned,,,,,,MiraFlex 1,MiraFlex 1,,,,,,,,,,,
2976,2976,,,,,,,,Unplanned,,,,,,MiraFlex 1,MiraFlex 1,,,,,,,,,,,
2977,2977,,,,,,,,Unplanned,,,,,,MiraFlex 1,MiraFlex 1,,,,,,,,,,,
2978,2978,,,,,,,,Unplanned,,,,,,MiraFlex 1,MiraFlex 1,,,,,,,,,,,
2979,2979,,,,,,,,Unplanned,,,,,,MiraFlex 1,MiraFlex 1,,,,,,,,,,,
2980,2980,,,,,,,,Unplanned,,,,,,MiraFlex 1,MiraFlex 1,,,,,,,,,,,
2981,2981,,,,,,,,Unplanned,,,,,,MiraFlex 1,MiraFlex 1,,,,,,,,,,,
2982,2982,,,,,,,,Unplanned,,,,,,MiraFlex 1,MiraFlex 1,,,,,,,,,,,
2983,2983,,,,,,,,Unplanned,,,,,,MiraFlex 1,MiraFlex 1,,,,,,,,,,,
2984,2984,,,,,,,,Unplanned,,,,,,MiraFlex 1,MiraFlex 1,,,,,,,,,,,
2985,2985,,,,,,,,Unplanned,,,,,,MiraFlex 1,MiraFlex 1,,,,,,,,,,,
2986,2986,,,,,,,,Unplanned,,,,,,MiraFlex 1,MiraFlex 1,,,,,,,,,,,
2987,2987,,,,,,,,Unplanned,,,,,,MiraFlex 1,MiraFlex 1,,,,,,,,,,,
2988,2988,,,,,,,,Unplanned,,,,,,MiraFlex 1,MiraFlex 1,,,,,,,,,,,
2989,2989,,,,,,,,Unplanned,,,,,,MiraFlex 1,MiraFlex 1,,,,,,,,,,,
2990,2990,,,,,,,,Unplanned,,,,,,MiraFlex 1,MiraFlex 1,,,,,,,,,,,
2991,2991,,,,,,,,Unplanned,,,,,,MiraFlex 1,MiraFlex 1,,,,,,,,,,,
2992,2992,,,,,,,,Unplanned,,,,,,MiraFlex 1,MiraFlex 1,,,,,,,,,,,
2993,2993,,,,,,,,Unplanned,,,,,,MiraFlex 1,MiraFlex 1,,,,,,,,,,,
2994,2994,,,,,,,,Unplanned,,,,,,MiraFlex 1,MiraFlex 1,,,,,,,,,,,
2995,2995,,,,,,,,Unplanned,,,,,,MiraFlex 1,MiraFlex 1,,,,,,,,,,,
2996,2996,,,,,,,,Unplanned,,,,,,MiraFlex 1,MiraFlex 1,,,,,,,,,,,
2997,2997,,,,,,,,Unplanned,,,,,,MiraFlex 1,MiraFlex 1,,,,,,,,,,,
2998,2998,,,,,,,,Unplanned,,,,,,MiraFlex 1,MiraFlex 1,,,,,,,,,,,
2999,2999,,,,,,,,Unplanned,,,,,,MiraFlex 1,MiraFlex 1,,,,,,,,,,,
