,startTime,endTime,downTime,deviceDataId,Status,orderStart,orderEnd,categoryName,deviceName,childDeviceName,shiftName,shiftStartTime,shiftEndTime,orderId,mainStopId,skuName
0,2024-02-01T15:00:09.000Z,2024-02-01T15:33:10.000Z,1981,348015,Completed,02/01/2024 15:00:09,02/01/2024 22:59:43,Unplanned,MiraFlex 1,MiraFlex 1,B,15:00:00,23:00:00,496,0,PET (400)
1,2024-02-01T15:40:31.000Z,2024-02-01T15:46:10.000Z,339,348136,Completed,02/01/2024 15:00:09,02/01/2024 22:59:43,Unplanned,MiraFlex 1,MiraFlex 1,B,15:00:00,23:00:00,496,0,PET (400)
2,2024-02-01T15:46:50.000Z,2024-02-01T16:07:11.000Z,1221,348155,Completed,02/01/2024 15:00:09,02/01/2024 22:59:43,Unplanned,MiraFlex 1,MiraFlex 1,B,15:00:00,23:00:00,496,0,PET (400)
3,2024-02-01T16:07:51.000Z,2024-02-01T16:09:30.000Z,99,348218,Completed,02/01/2024 15:00:09,02/01/2024 22:59:43,Unplanned,MiraFlex 1,MiraFlex 1,B,15:00:00,23:00:00,496,0,PET (400)
4,2024-02-01T16:10:30.000Z,2024-02-01T16:47:01.000Z,2191,348226,Completed,02/01/2024 15:00:09,02/01/2024 22:59:43,Unplanned,MiraFlex 1,MiraFlex 1,B,15:00:00,23:00:00,496,0,PET (400)
5,2024-02-01T16:53:00.000Z,2024-02-01T17:02:40.000Z,580,348350,Completed,02/01/2024 15:00:09,02/01/2024 22:59:43,Unplanned,MiraFlex 1,MiraFlex 1,B,15:00:00,23:00:00,496,0,PET (400)
6,2024-02-01T17:03:40.000Z,2024-02-01T17:09:01.000Z,321,348382,Completed,02/01/2024 15:00:09,02/01/2024 22:59:43,Unplanned,MiraFlex 1,MiraFlex 1,B,15:00:00,23:00:00,496,0,PET (400)
7,2024-02-01T17:09:41.000Z,2024-02-01T17:43:01.000Z,2000,348400,Completed,02/01/2024 15:00:09,02/01/2024 22:59:43,Unplanned,MiraFlex 1,MiraFlex 1,B,15:00:00,23:00:00,496,0,PET (400)
8,2024-02-01T17:45:41.000Z,2024-02-01T17:46:41.000Z,60,348508,Completed,02/01/2024 15:00:09,02/01/2024 22:59:43,Unplanned,MiraFlex 1,MiraFlex 1,B,15:00:00,23:00:00,496,0,PET (400)
9,2024-02-01T18:01:01.000Z,2024-02-01T18:10:41.000Z,580,348554,Completed,02/01/2024 15:00:09,02/01/2024 22:59:43,Unplanned,MiraFlex 1,MiraFlex 1,B,15:00:00,23:00:00,496,0,PET (400)
10,2024-02-01T18:11:01.000Z,2024-02-01T18:12:01.000Z,60,348584,Completed,02/01/2024 15:00:09,02/01/2024 22:59:43,Unplanned,MiraFlex 1,MiraFlex 1,B,15:00:00,23:00:00,496,0,PET (400)
11,2024-02-01T18:24:21.000Z,2024-02-01T18:24:41.000Z,20,348624,Completed,02/01/2024 15:00:09,02/01/2024 22:59:43,Unplanned,MiraFlex 1,MiraFlex 1,B,15:00:00,23:00:00,496,0,PET (400)
12,2024-02-01T18:28:41.000Z,2024-02-01T18:53:01.000Z,1460,348637,Completed,02/01/2024 15:00:09,02/01/2024 22:59:43,Unplanned,MiraFlex 1,MiraFlex 1,B,15:00:00,23:00:00,496,0,PET (400)
13,2024-02-01T18:54:01.000Z,2024-02-01T18:59:41.000Z,340,348713,Completed,02/01/2024 15:00:09,02/01/2024 22:59:43,Unplanned,MiraFlex 1,MiraFlex 1,B,15:00:00,23:00:00,496,0,PET (400)
14,2024-02-01T19:21:22.000Z,2024-02-01T19:37:02.000Z,940,348795,Completed,02/01/2024 15:00:09,02/01/2024 22:59:43,Unplanned,MiraFlex 1,MiraFlex 1,B,15:00:00,23:00:00,496,0,PET (400)
15,2024-02-01T19:37:42.000Z,2024-02-01T19:39:42.000Z,120,348844,Completed,02/01/2024 15:00:09,02/01/2024 22:59:43,Unplanned,MiraFlex 1,MiraFlex 1,B,15:00:00,23:00:00,496,0,PET (400)
16,2024-02-01T19:40:02.000Z,2024-02-01T19:45:42.000Z,340,348851,Completed,02/01/2024 15:00:09,02/01/2024 22:59:43,Unplanned,MiraFlex 1,MiraFlex 1,B,15:00:00,23:00:00,496,0,PET (400)
17,2024-02-01T19:46:42.000Z,2024-02-01T19:56:42.000Z,600,348871,Completed,02/01/2024 15:00:09,02/01/2024 22:59:43,Unplanned,MiraFlex 1,MiraFlex 1,B,15:00:00,23:00:00,496,0,PET (400)
18,2024-02-01T19:57:22.000Z,2024-02-01T20:16:23.000Z,1141,348903,Completed,02/01/2024 15:00:09,02/01/2024 22:59:43,Unplanned,MiraFlex 1,MiraFlex 1,B,15:00:00,23:00:00,496,0,PET (400)
19,2024-02-01T20:18:42.000Z,2024-02-01T21:06:42.000Z,2880,348967,Completed,02/01/2024 15:00:09,02/01/2024 22:59:43,Unplanned,MiraFlex 1,MiraFlex 1,B,15:00:00,23:00:00,496,0,PET (400)
20,2024-02-01T21:15:43.000Z,2024-02-01T21:27:23.000Z,700,349138,Completed,02/01/2024 15:00:09,02/01/2024 22:59:43,Unplanned,MiraFlex 1,MiraFlex 1,B,15:00:00,23:00:00,496,0,PET (400)
21,2024-02-01T21:51:03.000Z,2024-02-01T22:09:03.000Z,1080,349244,Completed,02/01/2024 15:00:09,02/01/2024 22:59:43,Unplanned,MiraFlex 1,MiraFlex 1,B,15:00:00,23:00:00,496,0,PET (400)
22,2024-02-01T22:09:25.000Z,2024-02-01T22:10:23.000Z,58,349299,Completed,02/01/2024 15:00:09,02/01/2024 22:59:43,Unplanned,MiraFlex 1,MiraFlex 1,B,15:00:00,23:00:00,496,0,PET (400)
23,2024-02-01T22:10:45.000Z,2024-02-01T22:14:03.000Z,198,349303,Completed,02/01/2024 15:00:09,02/01/2024 22:59:43,Unplanned,MiraFlex 1,MiraFlex 1,B,15:00:00,23:00:00,496,0,PET (400)
24,2024-02-01T22:15:03.000Z,2024-02-01T22:25:43.000Z,640,349316,Completed,02/01/2024 15:00:09,02/01/2024 22:59:43,Unplanned,MiraFlex 1,MiraFlex 1,B,15:00:00,23:00:00,496,0,PET (400)
25,2024-02-01T22:26:03.000Z,2024-02-01T22:27:23.000Z,80,349349,Completed,02/01/2024 15:00:09,02/01/2024 22:59:43,Unplanned,MiraFlex 1,MiraFlex 1,B,15:00:00,23:00:00,496,0,PET (400)
26,2024-02-01T22:28:03.000Z,2024-02-01T22:29:03.000Z,60,349355,Completed,02/01/2024 15:00:09,02/01/2024 22:59:43,Unplanned,MiraFlex 1,MiraFlex 1,B,15:00:00,23:00:00,496,0,PET (400)
27,2024-02-02T07:00:18.000Z,2024-02-02T10:43:39.000Z,13401,352521,Completed,02/02/2024 07:00:18,02/02/2024 14:53:41,Unplanned,MiraFlex 1,MiraFlex 1,A,07:00:00,15:00:00,496,0,PET (400)
28,2024-02-02T10:46:39.000Z,2024-02-02T10:49:19.000Z,160,353200,Completed,02/02/2024 07:00:18,02/02/2024 14:53:41,Unplanned,MiraFlex 1,MiraFlex 1,A,07:00:00,15:00:00,496,0,PET (400)
29,2024-02-02T10:51:39.000Z,2024-02-02T10:53:59.000Z,140,353215,Completed,02/02/2024 07:00:18,02/02/2024 14:53:41,Unplanned,MiraFlex 1,MiraFlex 1,A,07:00:00,15:00:00,496,0,PET (400)
30,2024-02-02T11:02:00.000Z,2024-02-02T11:05:19.000Z,199,353246,Completed,02/02/2024 07:00:18,02/02/2024 14:53:41,Unplanned,MiraFlex 1,MiraFlex 1,A,07:00:00,15:00:00,496,0,PET (400)
31,2024-02-02T11:10:39.000Z,2024-02-02T11:16:00.000Z,321,353272,Completed,02/02/2024 07:00:18,02/02/2024 14:53:41,Unplanned,MiraFlex 1,MiraFlex 1,A,07:00:00,15:00:00,496,0,PET (400)
32,2024-02-02T11:16:20.000Z,2024-02-02T11:17:20.000Z,60,353289,Completed,02/02/2024 07:00:18,02/02/2024 14:53:41,Unplanned,MiraFlex 1,MiraFlex 1,A,07:00:00,15:00:00,496,0,PET (400)
33,2024-02-02T11:18:20.000Z,2024-02-02T11:33:40.000Z,920,353295,Completed,02/02/2024 07:00:18,02/02/2024 14:53:41,Unplanned,MiraFlex 1,MiraFlex 1,A,07:00:00,15:00:00,496,0,PET (400)
34,2024-02-02T11:34:00.000Z,2024-02-02T12:13:00.000Z,2340,353340,Completed,02/02/2024 07:00:18,02/02/2024 14:53:41,Unplanned,MiraFlex 1,MiraFlex 1,A,07:00:00,15:00:00,496,0,PET (400)
35,2024-02-02T12:14:20.000Z,2024-02-02T12:27:11.000Z,771,353461,Completed,02/02/2024 07:00:18,02/02/2024 14:53:41,Unplanned,MiraFlex 1,MiraFlex 1,A,07:00:00,15:00:00,496,0,PET (400)
36,2024-02-02T12:28:20.000Z,2024-02-02T12:50:40.000Z,1340,353498,Completed,02/02/2024 07:00:18,02/02/2024 14:53:41,Unplanned,MiraFlex 1,MiraFlex 1,A,07:00:00,15:00:00,496,0,PET (400)
37,2024-02-02T12:51:40.000Z,2024-02-02T14:42:01.000Z,6621,353568,Completed,02/02/2024 07:00:18,02/02/2024 14:53:41,Unplanned,MiraFlex 1,MiraFlex 1,A,07:00:00,15:00:00,496,0,PET (400)
38,2024-02-02T14:42:41.000Z,2024-02-02T14:51:02.000Z,501,353900,Completed,02/02/2024 07:00:18,02/02/2024 14:53:41,Unplanned,MiraFlex 1,MiraFlex 1,A,07:00:00,15:00:00,496,0,PET (400)
39,2024-02-02T15:15:19.000Z,2024-02-02T15:20:38.000Z,319,353936,Completed,02/02/2024 15:14:39,02/02/2024 22:59:53,Unplanned,MiraFlex 1,MiraFlex 1,B,15:00:00,23:00:00,496,0,PET (400)
40,2024-02-02T15:22:38.000Z,2024-02-02T15:22:59.000Z,21,353958,Completed,02/02/2024 15:14:39,02/02/2024 22:59:53,Unplanned,MiraFlex 1,MiraFlex 1,B,15:00:00,23:00:00,496,0,PET (400)
41,2024-02-02T15:46:58.000Z,2024-02-02T15:47:18.000Z,20,354031,Completed,02/02/2024 15:14:39,02/02/2024 22:59:53,Unplanned,MiraFlex 1,MiraFlex 1,B,15:00:00,23:00:00,496,0,PET (400)
42,2024-02-02T15:57:39.000Z,2024-02-02T16:24:59.000Z,1640,354063,Completed,02/02/2024 15:14:39,02/02/2024 22:59:53,Unplanned,MiraFlex 1,MiraFlex 1,B,15:00:00,23:00:00,496,0,PET (400)
43,2024-02-02T16:41:39.000Z,2024-02-02T16:41:59.000Z,20,354195,Completed,02/02/2024 15:14:39,02/02/2024 22:59:53,Unplanned,MiraFlex 1,MiraFlex 1,B,15:00:00,23:00:00,496,0,PET (400)
44,2024-02-02T18:20:20.000Z,2024-02-02T18:27:40.000Z,440,354491,Completed,02/02/2024 15:14:39,02/02/2024 22:59:53,Unplanned,MiraFlex 1,MiraFlex 1,B,15:00:00,23:00:00,496,0,PET (400)
45,2024-02-02T18:28:20.000Z,2024-02-02T18:36:40.000Z,500,354515,Completed,02/02/2024 15:14:39,02/02/2024 22:59:53,Unplanned,MiraFlex 1,MiraFlex 1,B,15:00:00,23:00:00,496,0,PET (400)
46,2024-02-02T18:37:00.000Z,2024-02-02T18:49:20.000Z,740,354541,Completed,02/02/2024 15:14:39,02/02/2024 22:59:53,Unplanned,MiraFlex 1,MiraFlex 1,B,15:00:00,23:00:00,496,0,PET (400)
47,2024-02-02T18:49:40.000Z,2024-02-02T18:54:00.000Z,260,354579,Completed,02/02/2024 15:14:39,02/02/2024 22:59:53,Unplanned,MiraFlex 1,MiraFlex 1,B,15:00:00,23:00:00,496,0,PET (400)
48,2024-02-02T18:55:00.000Z,2024-02-02T19:00:20.000Z,320,354595,Completed,02/02/2024 15:14:39,02/02/2024 22:59:53,Unplanned,MiraFlex 1,MiraFlex 1,B,15:00:00,23:00:00,496,0,PET (400)
49,2024-02-02T19:00:41.000Z,2024-02-02T19:06:40.000Z,359,354612,Completed,02/02/2024 15:14:39,02/02/2024 22:59:53,Unplanned,MiraFlex 1,MiraFlex 1,B,15:00:00,23:00:00,496,0,PET (400)
50,2024-02-02T19:07:20.000Z,2024-02-02T19:50:02.000Z,2562,354632,Completed,02/02/2024 15:14:39,02/02/2024 22:59:53,Unplanned,MiraFlex 1,MiraFlex 1,B,15:00:00,23:00:00,496,0,PET (400)
51,2024-02-02T20:01:42.000Z,2024-02-02T20:09:02.000Z,440,354795,Completed,02/02/2024 15:14:39,02/02/2024 22:59:53,Unplanned,MiraFlex 1,MiraFlex 1,B,15:00:00,23:00:00,496,0,PET (400)
52,2024-02-02T20:12:02.000Z,2024-02-02T20:46:54.000Z,2092,354826,Completed,02/02/2024 15:14:39,02/02/2024 22:59:53,Unplanned,MiraFlex 1,MiraFlex 1,B,15:00:00,23:00:00,496,0,PET (400)
53,2024-02-02T20:48:11.000Z,2024-02-02T21:04:31.000Z,980,354934,Completed,02/02/2024 15:14:39,02/02/2024 22:59:53,Unplanned,MiraFlex 1,MiraFlex 1,B,15:00:00,23:00:00,496,0,PET (400)
54,2024-02-02T21:05:11.000Z,2024-02-02T21:23:53.000Z,1122,354985,Completed,02/02/2024 15:14:39,02/02/2024 22:59:53,Unplanned,MiraFlex 1,MiraFlex 1,B,15:00:00,23:00:00,496,0,PET (400)
55,2024-02-02T21:24:52.000Z,2024-02-02T21:44:52.000Z,1200,355044,Completed,02/02/2024 15:14:39,02/02/2024 22:59:53,Unplanned,MiraFlex 1,MiraFlex 1,B,15:00:00,23:00:00,496,0,PET (400)
56,2024-02-02T21:45:32.000Z,2024-02-02T21:59:13.000Z,821,355106,Completed,02/02/2024 15:14:39,02/02/2024 22:59:53,Unplanned,MiraFlex 1,MiraFlex 1,B,15:00:00,23:00:00,496,0,PET (400)
57,2024-02-02T21:59:33.000Z,2024-02-02T21:59:52.000Z,19,355148,Completed,02/02/2024 15:14:39,02/02/2024 22:59:53,Unplanned,MiraFlex 1,MiraFlex 1,B,15:00:00,23:00:00,496,0,PET (400)
58,2024-02-02T22:05:12.000Z,2024-02-02T22:09:35.000Z,263,355165,Completed,02/02/2024 15:14:39,02/02/2024 22:59:53,Unplanned,MiraFlex 1,MiraFlex 1,B,15:00:00,23:00:00,496,0,PET (400)
59,2024-02-01T07:00:19.000Z,2024-02-01T07:48:57.000Z,2918,346584,Completed,02/01/2024 07:00:19,02/01/2024 14:59:50,Unplanned,MiraFlex 1,MiraFlex 1,A,07:00:00,15:00:00,496,0,PET (400)
60,2024-02-01T07:49:36.000Z,2024-02-01T07:56:16.000Z,400,346730,Completed,02/01/2024 07:00:19,02/01/2024 14:59:50,Unplanned,MiraFlex 1,MiraFlex 1,A,07:00:00,15:00:00,496,0,PET (400)
61,2024-02-01T07:59:16.000Z,2024-02-01T08:16:26.000Z,1030,346759,Completed,02/01/2024 07:00:19,02/01/2024 14:59:50,Unplanned,MiraFlex 1,MiraFlex 1,A,07:00:00,15:00:00,496,0,PET (400)
62,2024-02-01T08:17:06.000Z,2024-02-01T08:37:08.000Z,1202,346812,Completed,02/01/2024 07:00:19,02/01/2024 14:59:50,Unplanned,MiraFlex 1,MiraFlex 1,A,07:00:00,15:00:00,496,0,PET (400)
63,2024-02-01T08:39:08.000Z,2024-02-01T09:41:11.000Z,3723,346875,Completed,02/01/2024 07:00:19,02/01/2024 14:59:50,Unplanned,MiraFlex 1,MiraFlex 1,A,07:00:00,15:00:00,496,0,PET (400)
64,2024-02-01T09:43:32.000Z,2024-02-01T10:14:38.000Z,1866,347067,Completed,02/01/2024 07:00:19,02/01/2024 14:59:50,Unplanned,MiraFlex 1,MiraFlex 1,A,07:00:00,15:00:00,496,0,PET (400)
65,2024-02-01T10:18:59.000Z,2024-02-01T10:26:49.000Z,470,347173,Completed,02/01/2024 07:00:19,02/01/2024 14:59:50,Unplanned,MiraFlex 1,MiraFlex 1,A,07:00:00,15:00:00,496,0,PET (400)
66,2024-02-01T10:53:07.000Z,2024-02-01T10:59:28.000Z,381,347274,Completed,02/01/2024 07:00:19,02/01/2024 14:59:50,Unplanned,MiraFlex 1,MiraFlex 1,A,07:00:00,15:00:00,496,0,PET (400)
67,2024-02-01T11:36:08.000Z,2024-02-01T12:51:49.000Z,4541,347403,Completed,02/01/2024 07:00:19,02/01/2024 14:59:50,Unplanned,MiraFlex 1,MiraFlex 1,A,07:00:00,15:00:00,496,0,PET (400)
68,2024-02-01T12:53:09.000Z,2024-02-01T12:55:28.000Z,139,347634,Completed,02/01/2024 07:00:19,02/01/2024 14:59:50,Unplanned,MiraFlex 1,MiraFlex 1,A,07:00:00,15:00:00,496,0,PET (400)
69,2024-02-01T12:57:49.000Z,2024-02-01T13:05:48.000Z,479,347648,Completed,02/01/2024 07:00:19,02/01/2024 14:59:50,Unplanned,MiraFlex 1,MiraFlex 1,A,07:00:00,15:00:00,496,0,PET (400)
70,2024-02-01T13:06:49.000Z,2024-02-01T13:13:48.000Z,419,347675,Completed,02/01/2024 07:00:19,02/01/2024 14:59:50,Unplanned,MiraFlex 1,MiraFlex 1,A,07:00:00,15:00:00,496,0,PET (400)
71,2024-02-01T13:26:31.000Z,2024-02-01T13:26:50.000Z,19,347734,Completed,02/01/2024 07:00:19,02/01/2024 14:59:50,Unplanned,MiraFlex 1,MiraFlex 1,A,07:00:00,15:00:00,496,0,PET (400)
72,2024-02-01T13:39:49.000Z,2024-02-01T13:40:09.000Z,20,347774,Completed,02/01/2024 07:00:19,02/01/2024 14:59:50,Unplanned,MiraFlex 1,MiraFlex 1,A,07:00:00,15:00:00,496,0,PET (400)
73,2024-02-01T00:00:15.000Z,2024-02-01T00:06:15.000Z,360,343937,Completed,02/01/2024 00:00:15,02/01/2024 06:59:56,Unplanned,MiraFlex 1,MiraFlex 1,C,23:00:00,07:00:00,496,0,PET (400)
74,2024-02-01T00:08:55.000Z,2024-02-01T00:19:16.000Z,621,343986,Completed,02/01/2024 00:00:15,02/01/2024 06:59:56,Unplanned,MiraFlex 1,MiraFlex 1,C,23:00:00,07:00:00,496,0,PET (400)
75,2024-02-01T00:20:35.000Z,2024-02-01T00:28:35.000Z,480,344059,Completed,02/01/2024 00:00:15,02/01/2024 06:59:56,Unplanned,MiraFlex 1,MiraFlex 1,C,23:00:00,07:00:00,496,0,PET (400)
76,2024-02-01T00:30:15.000Z,2024-02-01T01:31:35.000Z,3680,344119,Completed,02/01/2024 00:00:15,02/01/2024 06:59:56,Unplanned,MiraFlex 1,MiraFlex 1,C,23:00:00,07:00:00,496,0,PET (400)
77,2024-02-01T01:32:55.000Z,2024-02-01T01:36:15.000Z,200,344500,Completed,02/01/2024 00:00:15,02/01/2024 06:59:56,Unplanned,MiraFlex 1,MiraFlex 1,C,23:00:00,07:00:00,496,0,PET (400)
78,2024-02-01T01:36:55.000Z,2024-02-01T01:37:55.000Z,60,344526,Completed,02/01/2024 00:00:15,02/01/2024 06:59:56,Unplanned,MiraFlex 1,MiraFlex 1,C,23:00:00,07:00:00,496,0,PET (400)
79,2024-02-01T01:39:35.000Z,2024-02-01T01:49:15.000Z,580,344546,Completed,02/01/2024 00:00:15,02/01/2024 06:59:56,Unplanned,MiraFlex 1,MiraFlex 1,C,23:00:00,07:00:00,496,0,PET (400)
80,2024-02-01T01:52:15.000Z,2024-02-01T01:54:15.000Z,120,344623,Completed,02/01/2024 00:00:15,02/01/2024 06:59:56,Unplanned,MiraFlex 1,MiraFlex 1,C,23:00:00,07:00:00,496,0,PET (400)
81,2024-02-01T02:08:15.000Z,2024-02-01T02:13:55.000Z,340,344716,Completed,02/01/2024 00:00:15,02/01/2024 06:59:56,Unplanned,MiraFlex 1,MiraFlex 1,C,23:00:00,07:00:00,496,0,PET (400)
82,2024-02-01T02:31:35.000Z,2024-02-01T03:17:15.000Z,2740,344860,Completed,02/01/2024 00:00:15,02/01/2024 06:59:56,Unplanned,MiraFlex 1,MiraFlex 1,C,23:00:00,07:00:00,496,0,PET (400)
83,2024-02-01T03:17:35.000Z,2024-02-01T03:21:15.000Z,220,345158,Completed,02/01/2024 00:00:15,02/01/2024 06:59:56,Unplanned,MiraFlex 1,MiraFlex 1,C,23:00:00,07:00:00,496,0,PET (400)
84,2024-02-01T03:23:15.000Z,2024-02-01T03:36:15.000Z,780,345195,Completed,02/01/2024 00:00:15,02/01/2024 06:59:56,Unplanned,MiraFlex 1,MiraFlex 1,C,23:00:00,07:00:00,496,0,PET (400)
85,2024-02-01T03:36:55.000Z,2024-02-01T03:44:55.000Z,480,345283,Completed,02/01/2024 00:00:15,02/01/2024 06:59:56,Unplanned,MiraFlex 1,MiraFlex 1,C,23:00:00,07:00:00,496,0,PET (400)
86,2024-02-01T03:51:55.000Z,2024-02-01T04:10:17.000Z,1102,345384,Completed,02/01/2024 00:00:15,02/01/2024 06:59:56,Unplanned,MiraFlex 1,MiraFlex 1,C,23:00:00,07:00:00,496,0,PET (400)
87,2024-02-01T04:12:36.000Z,2024-02-01T04:19:56.000Z,440,345517,Completed,02/01/2024 00:00:15,02/01/2024 06:59:56,Unplanned,MiraFlex 1,MiraFlex 1,C,23:00:00,07:00:00,496,0,PET (400)
88,2024-02-01T04:24:36.000Z,2024-02-01T04:42:55.000Z,1099,345601,Completed,02/01/2024 00:00:15,02/01/2024 06:59:56,Unplanned,MiraFlex 1,MiraFlex 1,C,23:00:00,07:00:00,496,0,PET (400)
89,2024-02-01T04:50:56.000Z,2024-02-01T04:54:55.000Z,239,345780,Completed,02/01/2024 00:00:15,02/01/2024 06:59:56,Unplanned,MiraFlex 1,MiraFlex 1,C,23:00:00,07:00:00,496,0,PET (400)
90,2024-02-01T05:03:56.000Z,2024-02-01T05:05:55.000Z,119,345856,Completed,02/01/2024 00:00:15,02/01/2024 06:59:56,Unplanned,MiraFlex 1,MiraFlex 1,C,23:00:00,07:00:00,496,0,PET (400)
91,2024-02-01T05:11:35.000Z,2024-02-01T06:11:40.000Z,3605,345900,Completed,02/01/2024 00:00:15,02/01/2024 06:59:56,Unplanned,MiraFlex 1,MiraFlex 1,C,23:00:00,07:00:00,496,0,PET (400)
92,2024-02-01T06:12:00.000Z,2024-02-01T06:16:00.000Z,240,346289,Completed,02/01/2024 00:00:15,02/01/2024 06:59:56,Unplanned,MiraFlex 1,MiraFlex 1,C,23:00:00,07:00:00,496,0,PET (400)
93,2024-02-01T06:18:00.000Z,2024-02-01T06:28:47.000Z,647,346326,Completed,02/01/2024 00:00:15,02/01/2024 06:59:56,Unplanned,MiraFlex 1,MiraFlex 1,C,23:00:00,07:00:00,496,0,PET (400)
94,2024-02-01T06:31:16.000Z,2024-02-01T06:50:18.000Z,1142,346406,Completed,02/01/2024 00:00:15,02/01/2024 06:59:56,Unplanned,MiraFlex 1,MiraFlex 1,C,23:00:00,07:00:00,496,0,PET (400)
95,2024-02-03T07:00:17.000Z,2024-02-03T10:56:18.000Z,14161,358387,Completed,02/03/2024 07:00:17,02/03/2024 14:59:50,Unplanned,MiraFlex 1,MiraFlex 1,A,07:00:00,15:00:00,496,0,PET (400)
96,2024-02-03T11:08:58.000Z,2024-02-03T11:11:18.000Z,140,359133,Completed,02/03/2024 07:00:17,02/03/2024 14:59:50,Unplanned,MiraFlex 1,MiraFlex 1,A,07:00:00,15:00:00,496,0,PET (400)
97,2024-02-03T11:16:38.000Z,2024-02-03T11:43:38.000Z,1620,359156,Completed,02/03/2024 07:00:17,02/03/2024 14:59:50,Unplanned,MiraFlex 1,MiraFlex 1,A,07:00:00,15:00:00,496,0,PET (400)
98,2024-02-03T11:46:18.000Z,2024-02-03T11:51:19.000Z,301,359245,Completed,02/03/2024 07:00:17,02/03/2024 14:59:50,Unplanned,MiraFlex 1,MiraFlex 1,A,07:00:00,15:00:00,496,0,PET (400)
99,2024-02-03T12:00:19.000Z,2024-02-03T12:23:39.000Z,1400,359283,Completed,02/03/2024 07:00:17,02/03/2024 14:59:50,Unplanned,MiraFlex 1,MiraFlex 1,A,07:00:00,15:00:00,496,0,PET (400)
100,2024-02-03T12:32:59.000Z,2024-02-03T12:34:19.000Z,80,359380,Completed,02/03/2024 07:00:17,02/03/2024 14:59:50,Unplanned,MiraFlex 1,MiraFlex 1,A,07:00:00,15:00:00,496,0,PET (400)
101,2024-02-03T12:50:19.000Z,2024-02-03T12:52:19.000Z,120,359432,Completed,02/03/2024 07:00:17,02/03/2024 14:59:50,Unplanned,MiraFlex 1,MiraFlex 1,A,07:00:00,15:00:00,496,0,PET (400)
102,2024-02-03T12:52:59.000Z,2024-02-03T12:56:39.000Z,220,359440,Completed,02/03/2024 07:00:17,02/03/2024 14:59:50,Unplanned,MiraFlex 1,MiraFlex 1,A,07:00:00,15:00:00,496,0,PET (400)
103,2024-02-03T12:57:59.000Z,2024-02-03T13:20:10.000Z,1331,359455,Completed,02/03/2024 07:00:17,02/03/2024 14:59:50,Unplanned,MiraFlex 1,MiraFlex 1,A,07:00:00,15:00:00,496,0,PET (400)
104,2024-02-03T13:21:49.000Z,2024-02-03T13:46:30.000Z,1481,359497,Completed,02/03/2024 07:00:17,02/03/2024 14:59:50,Unplanned,MiraFlex 1,MiraFlex 1,A,07:00:00,15:00:00,496,0,PET (400)
105,2024-02-03T13:47:10.000Z,2024-02-03T13:53:30.000Z,380,359555,Completed,02/03/2024 07:00:17,02/03/2024 14:59:50,Unplanned,MiraFlex 1,MiraFlex 1,A,07:00:00,15:00:00,496,0,PET (400)
106,2024-02-03T07:00:17.000Z,2024-02-03T10:56:18.000Z,14161,358387,Completed,02/03/2024 07:00:17,02/03/2024 14:59:50,Unplanned,MiraFlex 1,MiraFlex 1,A,07:00:00,15:00:00,496,0,PET (400)
107,2024-02-03T11:08:58.000Z,2024-02-03T11:11:18.000Z,140,359133,Completed,02/03/2024 07:00:17,02/03/2024 14:59:50,Unplanned,MiraFlex 1,MiraFlex 1,A,07:00:00,15:00:00,496,0,PET (400)
108,2024-02-03T11:16:38.000Z,2024-02-03T11:43:38.000Z,1620,359156,Completed,02/03/2024 07:00:17,02/03/2024 14:59:50,Unplanned,MiraFlex 1,MiraFlex 1,A,07:00:00,15:00:00,496,0,PET (400)
109,2024-02-03T11:46:18.000Z,2024-02-03T11:51:19.000Z,301,359245,Completed,02/03/2024 07:00:17,02/03/2024 14:59:50,Unplanned,MiraFlex 1,MiraFlex 1,A,07:00:00,15:00:00,496,0,PET (400)
110,2024-02-03T12:00:19.000Z,2024-02-03T12:23:39.000Z,1400,359283,Completed,02/03/2024 07:00:17,02/03/2024 14:59:50,Unplanned,MiraFlex 1,MiraFlex 1,A,07:00:00,15:00:00,496,0,PET (400)
111,2024-02-03T12:32:59.000Z,2024-02-03T12:34:19.000Z,80,359380,Completed,02/03/2024 07:00:17,02/03/2024 14:59:50,Unplanned,MiraFlex 1,MiraFlex 1,A,07:00:00,15:00:00,496,0,PET (400)
112,2024-02-03T12:50:19.000Z,2024-02-03T12:52:19.000Z,120,359432,Completed,02/03/2024 07:00:17,02/03/2024 14:59:50,Unplanned,MiraFlex 1,MiraFlex 1,A,07:00:00,15:00:00,496,0,PET (400)
113,2024-02-03T12:52:59.000Z,2024-02-03T12:56:39.000Z,220,359440,Completed,02/03/2024 07:00:17,02/03/2024 14:59:50,Unplanned,MiraFlex 1,MiraFlex 1,A,07:00:00,15:00:00,496,0,PET (400)
114,2024-02-03T12:57:59.000Z,2024-02-03T13:20:10.000Z,1331,359455,Completed,02/03/2024 07:00:17,02/03/2024 14:59:50,Unplanned,MiraFlex 1,MiraFlex 1,A,07:00:00,15:00:00,496,0,PET (400)
115,2024-02-03T13:21:49.000Z,2024-02-03T13:46:30.000Z,1481,359497,Completed,02/03/2024 07:00:17,02/03/2024 14:59:50,Unplanned,MiraFlex 1,MiraFlex 1,A,07:00:00,15:00:00,496,0,PET (400)
116,2024-02-03T13:47:10.000Z,2024-02-03T13:53:30.000Z,380,359555,Completed,02/03/2024 07:00:17,02/03/2024 14:59:50,Unplanned,MiraFlex 1,MiraFlex 1,A,07:00:00,15:00:00,496,0,PET (400)
117,2024-02-06T07:50:26.000Z,2024-02-06T14:07:26.000Z,22620,361319,Completed,02/06/2024 07:50:26,02/06/2024 14:56:06,Unplanned,MiraFlex 1,MiraFlex 1,A,07:00:00,15:00:00,496,0,PET (400)
118,2024-02-06T14:08:26.000Z,2024-02-06T14:35:46.000Z,1640,361761,Completed,02/06/2024 07:50:26,02/06/2024 14:56:06,Unplanned,MiraFlex 1,MiraFlex 1,A,07:00:00,15:00:00,496,0,PET (400)
119,2024-02-06T23:00:08.000Z,2024-02-06T23:05:56.000Z,348,362779,Completed,02/06/2024 23:00:08,02/07/2024 02:13:41,Unplanned,MiraFlex 1,MiraFlex 1,C,23:00:00,07:00:00,496,0,PET (400)
120,2024-02-06T23:18:10.000Z,2024-02-07T00:00:29.000Z,2539,362868,Completed,02/06/2024 23:00:08,02/07/2024 02:13:41,Unplanned,MiraFlex 1,MiraFlex 1,C,23:00:00,07:00:00,496,0,PET (400)
121,2024-02-07T00:16:30.000Z,2024-02-07T02:13:41.000Z,7031,363175,Completed,02/06/2024 23:00:08,02/07/2024 02:13:41,Unplanned,MiraFlex 1,MiraFlex 1,C,23:00:00,07:00:00,496,0,PET (400)
122,2024-02-12T18:55:36.000Z,2024-02-12T18:55:57.000Z,21,368030,Completed,02/12/2024 18:52:16,02/12/2024 22:59:48,Unplanned,MiraFlex 1,MiraFlex 1,B,15:00:00,23:00:00,496,0,PET (400)
123,2024-02-12T18:57:46.000Z,2024-02-12T19:17:17.000Z,1171,368036,Completed,02/12/2024 18:52:16,02/12/2024 22:59:48,Unplanned,MiraFlex 1,MiraFlex 1,B,15:00:00,23:00:00,496,0,PET (400)
124,2024-02-12T19:18:19.000Z,2024-02-12T19:20:09.000Z,110,368093,Completed,02/12/2024 18:52:16,02/12/2024 22:59:48,Unplanned,MiraFlex 1,MiraFlex 1,B,15:00:00,23:00:00,496,0,PET (400)
125,2024-02-12T19:23:21.000Z,2024-02-12T19:48:17.000Z,1496,368107,Completed,02/12/2024 18:52:16,02/12/2024 22:59:48,Unplanned,MiraFlex 1,MiraFlex 1,B,15:00:00,23:00:00,496,0,PET (400)
126,2024-02-12T19:49:41.000Z,2024-02-12T20:11:21.000Z,1300,368179,Completed,02/12/2024 18:52:16,02/12/2024 22:59:48,Unplanned,MiraFlex 1,MiraFlex 1,B,15:00:00,23:00:00,496,0,PET (400)
127,2024-02-12T20:12:07.000Z,2024-02-12T20:20:27.000Z,500,368241,Completed,02/12/2024 18:52:16,02/12/2024 22:59:48,Unplanned,MiraFlex 1,MiraFlex 1,B,15:00:00,23:00:00,496,0,PET (400)
128,2024-02-12T20:26:32.000Z,2024-02-12T20:26:57.000Z,25,368281,Completed,02/12/2024 18:52:16,02/12/2024 22:59:48,Unplanned,MiraFlex 1,MiraFlex 1,B,15:00:00,23:00:00,496,0,PET (400)
129,2024-02-12T20:29:07.000Z,2024-02-12T20:30:52.000Z,105,368288,Completed,02/12/2024 18:52:16,02/12/2024 22:59:48,Unplanned,MiraFlex 1,MiraFlex 1,B,15:00:00,23:00:00,496,0,PET (400)
130,2024-02-12T20:35:58.000Z,2024-02-12T20:36:19.000Z,21,368307,Completed,02/12/2024 18:52:16,02/12/2024 22:59:48,Unplanned,MiraFlex 1,MiraFlex 1,B,15:00:00,23:00:00,496,0,PET (400)
131,2024-02-12T20:41:00.000Z,2024-02-12T20:43:10.000Z,130,368321,Completed,02/12/2024 18:52:16,02/12/2024 22:59:48,Unplanned,MiraFlex 1,MiraFlex 1,B,15:00:00,23:00:00,496,0,PET (400)
132,2024-02-12T20:46:29.000Z,2024-02-12T21:18:20.000Z,1911,368336,Completed,02/12/2024 18:52:16,02/12/2024 22:59:48,Unplanned,MiraFlex 1,MiraFlex 1,B,15:00:00,23:00:00,496,0,PET (400)
133,2024-02-12T21:24:52.000Z,2024-02-12T21:36:11.000Z,679,368442,Completed,02/12/2024 18:52:16,02/12/2024 22:59:48,Unplanned,MiraFlex 1,MiraFlex 1,B,15:00:00,23:00:00,496,0,PET (400)
134,2024-02-12T21:37:19.000Z,2024-02-12T21:45:38.000Z,499,368476,Completed,02/12/2024 18:52:16,02/12/2024 22:59:48,Unplanned,MiraFlex 1,MiraFlex 1,B,15:00:00,23:00:00,496,0,PET (400)
135,2024-02-12T21:47:48.000Z,2024-02-12T22:04:28.000Z,1000,368505,Completed,02/12/2024 18:52:16,02/12/2024 22:59:48,Unplanned,MiraFlex 1,MiraFlex 1,B,15:00:00,23:00:00,496,0,PET (400)
136,2024-02-12T22:13:29.000Z,2024-02-12T22:14:32.000Z,63,368576,Completed,02/12/2024 18:52:16,02/12/2024 22:59:48,Unplanned,MiraFlex 1,MiraFlex 1,B,15:00:00,23:00:00,496,0,PET (400)
137,2024-02-12T22:16:00.000Z,2024-02-12T22:26:10.000Z,610,368583,Completed,02/12/2024 18:52:16,02/12/2024 22:59:48,Unplanned,MiraFlex 1,MiraFlex 1,B,15:00:00,23:00:00,496,0,PET (400)
138,2024-02-06T15:33:51.000Z,2024-02-06T16:42:33.000Z,4122,361778,Completed,02/06/2024 15:33:27,02/06/2024 22:59:47,Unplanned,MiraFlex 1,MiraFlex 1,B,15:00:00,23:00:00,496,0,PET (400)
139,2024-02-06T17:08:15.000Z,2024-02-06T17:16:34.000Z,499,361810,Completed,02/06/2024 15:33:27,02/06/2024 22:59:47,Unplanned,MiraFlex 1,MiraFlex 1,B,15:00:00,23:00:00,496,0,PET (400)
140,2024-02-06T17:19:25.000Z,2024-02-06T17:19:46.000Z,21,361840,Completed,02/06/2024 15:33:27,02/06/2024 22:59:47,Unplanned,MiraFlex 1,MiraFlex 1,B,15:00:00,23:00:00,496,0,PET (400)
141,2024-02-06T17:29:13.000Z,2024-02-06T17:41:52.000Z,759,361867,Completed,02/06/2024 15:33:27,02/06/2024 22:59:47,Unplanned,MiraFlex 1,MiraFlex 1,B,15:00:00,23:00:00,496,0,PET (400)
142,2024-02-06T17:42:34.000Z,2024-02-06T18:17:57.000Z,2123,361904,Completed,02/06/2024 15:33:27,02/06/2024 22:59:47,Unplanned,MiraFlex 1,MiraFlex 1,B,15:00:00,23:00:00,496,0,PET (400)
143,2024-02-06T18:18:22.000Z,2024-02-06T18:29:13.000Z,651,362003,Completed,02/06/2024 15:33:27,02/06/2024 22:59:47,Unplanned,MiraFlex 1,MiraFlex 1,B,15:00:00,23:00:00,496,0,PET (400)
144,2024-02-06T18:31:23.000Z,2024-02-06T18:45:47.000Z,864,362039,Completed,02/06/2024 15:33:27,02/06/2024 22:59:47,Unplanned,MiraFlex 1,MiraFlex 1,B,15:00:00,23:00:00,496,0,PET (400)
145,2024-02-06T18:48:44.000Z,2024-02-06T18:57:03.000Z,499,362087,Completed,02/06/2024 15:33:27,02/06/2024 22:59:47,Unplanned,MiraFlex 1,MiraFlex 1,B,15:00:00,23:00:00,496,0,PET (400)
146,2024-02-06T19:23:05.000Z,2024-02-06T19:36:07.000Z,782,362182,Completed,02/06/2024 15:33:27,02/06/2024 22:59:47,Unplanned,MiraFlex 1,MiraFlex 1,B,15:00:00,23:00:00,496,0,PET (400)
147,2024-02-06T19:40:28.000Z,2024-02-06T19:55:24.000Z,896,362230,Completed,02/06/2024 15:33:27,02/06/2024 22:59:47,Unplanned,MiraFlex 1,MiraFlex 1,B,15:00:00,23:00:00,496,0,PET (400)
148,2024-02-06T20:02:57.000Z,2024-02-06T20:03:18.000Z,21,362292,Completed,02/06/2024 15:33:27,02/06/2024 22:59:47,Unplanned,MiraFlex 1,MiraFlex 1,B,15:00:00,23:00:00,496,0,PET (400)
149,2024-02-06T20:27:57.000Z,2024-02-06T20:41:25.000Z,808,362361,Completed,02/06/2024 15:33:27,02/06/2024 22:59:47,Unplanned,MiraFlex 1,MiraFlex 1,B,15:00:00,23:00:00,496,0,PET (400)
150,2024-02-06T20:46:07.000Z,2024-02-06T20:49:24.000Z,197,362411,Completed,02/06/2024 15:33:27,02/06/2024 22:59:47,Unplanned,MiraFlex 1,MiraFlex 1,B,15:00:00,23:00:00,496,0,PET (400)
151,2024-02-06T20:56:57.000Z,2024-02-06T20:57:44.000Z,47,362441,Completed,02/06/2024 15:33:27,02/06/2024 22:59:47,Unplanned,MiraFlex 1,MiraFlex 1,B,15:00:00,23:00:00,496,0,PET (400)
152,2024-02-06T21:00:36.000Z,2024-02-06T21:33:29.000Z,1973,362451,Completed,02/06/2024 15:33:27,02/06/2024 22:59:47,Unplanned,MiraFlex 1,MiraFlex 1,B,15:00:00,23:00:00,496,0,PET (400)
153,2024-02-06T21:36:04.000Z,2024-02-06T21:48:18.000Z,734,362549,Completed,02/06/2024 15:33:27,02/06/2024 22:59:47,Unplanned,MiraFlex 1,MiraFlex 1,B,15:00:00,23:00:00,496,0,PET (400)
154,2024-02-06T22:04:14.000Z,2024-02-06T22:18:45.000Z,871,362627,Completed,02/06/2024 15:33:27,02/06/2024 22:59:47,Unplanned,MiraFlex 1,MiraFlex 1,B,15:00:00,23:00:00,496,0,PET (400)
155,2024-02-06T22:41:54.000Z,2024-02-06T22:56:56.000Z,902,362729,Completed,02/06/2024 15:33:27,02/06/2024 22:59:47,Unplanned,MiraFlex 1,MiraFlex 1,B,15:00:00,23:00:00,496,0,PET (400)
156,2024-02-07T10:02:40.000Z,2024-02-07T10:43:31.000Z,2451,363267,Completed,02/07/2024 10:02:40,02/07/2024 14:59:47,Unplanned,MiraFlex 1,MiraFlex 1,A,07:00:00,15:00:00,496,0,PET (400)
157,2024-02-07T10:44:13.000Z,2024-02-07T12:38:23.000Z,6850,363382,Completed,02/07/2024 10:02:40,02/07/2024 14:59:47,Unplanned,MiraFlex 1,MiraFlex 1,A,07:00:00,15:00:00,496,0,PET (400)
158,2024-02-07T12:48:27.000Z,2024-02-07T12:49:12.000Z,45,363725,Completed,02/07/2024 10:02:40,02/07/2024 14:59:47,Unplanned,MiraFlex 1,MiraFlex 1,A,07:00:00,15:00:00,496,0,PET (400)
159,2024-02-07T12:51:44.000Z,2024-02-07T12:59:43.000Z,479,363734,Completed,02/07/2024 10:02:40,02/07/2024 14:59:47,Unplanned,MiraFlex 1,MiraFlex 1,A,07:00:00,15:00:00,496,0,PET (400)
160,2024-02-07T13:00:25.000Z,2024-02-07T13:00:46.000Z,21,363758,Completed,02/07/2024 10:02:40,02/07/2024 14:59:47,Unplanned,MiraFlex 1,MiraFlex 1,A,07:00:00,15:00:00,496,0,PET (400)
161,2024-02-07T13:03:22.000Z,2024-02-07T13:16:24.000Z,782,363766,Completed,02/07/2024 10:02:40,02/07/2024 14:59:47,Unplanned,MiraFlex 1,MiraFlex 1,A,07:00:00,15:00:00,496,0,PET (400)
162,2024-02-07T13:25:25.000Z,2024-02-07T13:36:16.000Z,651,363827,Completed,02/07/2024 10:02:40,02/07/2024 14:59:47,Unplanned,MiraFlex 1,MiraFlex 1,A,07:00:00,15:00:00,496,0,PET (400)
163,2024-02-07T14:02:42.000Z,2024-02-07T14:16:45.000Z,843,363930,Completed,02/07/2024 10:02:40,02/07/2024 14:59:47,Unplanned,MiraFlex 1,MiraFlex 1,A,07:00:00,15:00:00,496,0,PET (400)
164,2024-02-07T14:20:02.000Z,2024-02-07T14:35:33.000Z,931,363978,Completed,02/07/2024 10:02:40,02/07/2024 14:59:47,Unplanned,MiraFlex 1,MiraFlex 1,A,07:00:00,15:00:00,496,0,PET (400)
165,2024-02-12T23:00:09.000Z,2024-02-13T00:16:59.000Z,4610,368704,Completed,02/12/2024 23:00:09,02/13/2024 06:59:42,Unplanned,MiraFlex 1,MiraFlex 1,C,23:00:00,07:00:00,496,0,PET (400)
166,2024-02-13T00:26:14.000Z,2024-02-13T00:30:49.000Z,275,369161,Completed,02/12/2024 23:00:09,02/13/2024 06:59:42,Unplanned,MiraFlex 1,MiraFlex 1,C,23:00:00,07:00:00,496,0,PET (400)
167,2024-02-13T00:31:59.000Z,2024-02-13T00:33:09.000Z,70,369192,Completed,02/12/2024 23:00:09,02/13/2024 06:59:42,Unplanned,MiraFlex 1,MiraFlex 1,C,23:00:00,07:00:00,496,0,PET (400)
168,2024-02-13T00:34:19.000Z,2024-02-13T01:18:33.000Z,2654,369205,Completed,02/12/2024 23:00:09,02/13/2024 06:59:42,Unplanned,MiraFlex 1,MiraFlex 1,C,23:00:00,07:00:00,496,0,PET (400)
169,2024-02-13T01:20:31.000Z,2024-02-13T01:32:24.000Z,713,369461,Completed,02/12/2024 23:00:09,02/13/2024 06:59:42,Unplanned,MiraFlex 1,MiraFlex 1,C,23:00:00,07:00:00,496,0,PET (400)
170,2024-02-13T01:32:50.000Z,2024-02-13T02:23:44.000Z,3054,369533,Completed,02/12/2024 23:00:09,02/13/2024 06:59:42,Unplanned,MiraFlex 1,MiraFlex 1,C,23:00:00,07:00:00,496,0,PET (400)
171,2024-02-13T02:27:40.000Z,2024-02-13T02:45:14.000Z,1054,369835,Completed,02/12/2024 23:00:09,02/13/2024 06:59:42,Unplanned,MiraFlex 1,MiraFlex 1,C,23:00:00,07:00:00,496,0,PET (400)
172,2024-02-13T02:52:04.000Z,2024-02-13T03:26:14.000Z,2050,369964,Completed,02/12/2024 23:00:09,02/13/2024 06:59:42,Unplanned,MiraFlex 1,MiraFlex 1,C,23:00:00,07:00:00,496,0,PET (400)
173,2024-02-13T03:28:11.000Z,2024-02-13T03:32:43.000Z,272,370157,Completed,02/12/2024 23:00:09,02/13/2024 06:59:42,Unplanned,MiraFlex 1,MiraFlex 1,C,23:00:00,07:00:00,496,0,PET (400)
174,2024-02-13T04:29:55.000Z,2024-02-13T04:35:43.000Z,348,370477,Completed,02/12/2024 23:00:09,02/13/2024 06:59:42,Unplanned,MiraFlex 1,MiraFlex 1,C,23:00:00,07:00:00,496,0,PET (400)
175,2024-02-07T15:00:34.000Z,2024-02-07T15:04:08.000Z,214,364090,Completed,02/07/2024 15:00:13,02/07/2024 22:59:48,Unplanned,MiraFlex 1,MiraFlex 1,B,15:00:00,23:00:00,496,0,PET (400)
176,2024-02-07T15:06:44.000Z,2024-02-07T15:07:05.000Z,21,364107,Completed,02/07/2024 15:00:13,02/07/2024 22:59:48,Unplanned,MiraFlex 1,MiraFlex 1,B,15:00:00,23:00:00,496,0,PET (400)
177,2024-02-07T15:11:08.000Z,2024-02-07T15:11:33.000Z,25,364119,Completed,02/07/2024 15:00:13,02/07/2024 22:59:48,Unplanned,MiraFlex 1,MiraFlex 1,B,15:00:00,23:00:00,496,0,PET (400)
178,2024-02-07T16:09:16.000Z,2024-02-07T16:09:37.000Z,21,364277,Completed,02/07/2024 15:00:13,02/07/2024 22:59:48,Unplanned,MiraFlex 1,MiraFlex 1,B,15:00:00,23:00:00,496,0,PET (400)
179,2024-02-07T16:10:45.000Z,2024-02-07T17:37:28.000Z,5203,364281,Completed,02/07/2024 15:00:13,02/07/2024 22:59:48,Unplanned,MiraFlex 1,MiraFlex 1,B,15:00:00,23:00:00,496,0,PET (400)
180,2024-02-07T17:44:45.000Z,2024-02-07T17:45:06.000Z,21,364541,Completed,02/07/2024 15:00:13,02/07/2024 22:59:48,Unplanned,MiraFlex 1,MiraFlex 1,B,15:00:00,23:00:00,496,0,PET (400)
181,2024-02-07T17:55:14.000Z,2024-02-07T18:25:59.000Z,1845,364570,Completed,02/07/2024 15:00:13,02/07/2024 22:59:48,Unplanned,MiraFlex 1,MiraFlex 1,B,15:00:00,23:00:00,496,0,PET (400)
182,2024-02-07T19:09:07.000Z,2024-02-07T19:09:28.000Z,21,364774,Completed,02/07/2024 15:00:13,02/07/2024 22:59:48,Unplanned,MiraFlex 1,MiraFlex 1,B,15:00:00,23:00:00,496,0,PET (400)
183,2024-02-07T19:43:09.000Z,2024-02-07T20:08:08.000Z,1499,364868,Completed,02/07/2024 15:00:13,02/07/2024 22:59:48,Unplanned,MiraFlex 1,MiraFlex 1,B,15:00:00,23:00:00,496,0,PET (400)
184,2024-02-07T20:11:25.000Z,2024-02-07T20:20:05.000Z,520,364946,Completed,02/07/2024 15:00:13,02/07/2024 22:59:48,Unplanned,MiraFlex 1,MiraFlex 1,B,15:00:00,23:00:00,496,0,PET (400)
185,2024-02-07T20:22:57.000Z,2024-02-07T20:40:18.000Z,1041,364978,Completed,02/07/2024 15:00:13,02/07/2024 22:59:48,Unplanned,MiraFlex 1,MiraFlex 1,B,15:00:00,23:00:00,496,0,PET (400)
186,2024-02-07T20:45:47.000Z,2024-02-07T20:46:08.000Z,21,365041,Completed,02/07/2024 15:00:13,02/07/2024 22:59:48,Unplanned,MiraFlex 1,MiraFlex 1,B,15:00:00,23:00:00,496,0,PET (400)
187,2024-02-07T20:46:29.000Z,2024-02-07T21:03:40.000Z,1031,365043,Completed,02/07/2024 15:00:13,02/07/2024 22:59:48,Unplanned,MiraFlex 1,MiraFlex 1,B,15:00:00,23:00:00,496,0,PET (400)
188,2024-02-07T21:08:01.000Z,2024-02-07T21:08:26.000Z,25,365102,Completed,02/07/2024 15:00:13,02/07/2024 22:59:48,Unplanned,MiraFlex 1,MiraFlex 1,B,15:00:00,23:00:00,496,0,PET (400)
189,2024-02-07T21:23:10.000Z,2024-02-07T21:51:06.000Z,1676,365144,Completed,02/07/2024 15:00:13,02/07/2024 22:59:48,Unplanned,MiraFlex 1,MiraFlex 1,B,15:00:00,23:00:00,496,0,PET (400)
190,2024-02-07T21:58:41.000Z,2024-02-07T21:59:27.000Z,46,365242,Completed,02/07/2024 15:00:13,02/07/2024 22:59:48,Unplanned,MiraFlex 1,MiraFlex 1,B,15:00:00,23:00:00,496,0,PET (400)
191,2024-02-07T22:05:16.000Z,2024-02-07T22:31:18.000Z,1562,365260,Completed,02/07/2024 15:00:13,02/07/2024 22:59:48,Unplanned,MiraFlex 1,MiraFlex 1,B,15:00:00,23:00:00,496,0,PET (400)
192,2024-02-14T07:00:14.000Z,2024-02-14T08:00:45.000Z,3631,376552,Completed,02/14/2024 07:00:14,02/14/2024 10:41:39,Unplanned,MiraFlex 1,MiraFlex 1,A,07:00:00,15:00:00,496,0,PET (400)
193,2024-02-14T08:03:37.000Z,2024-02-14T08:20:15.000Z,998,376725,Completed,02/14/2024 07:00:14,02/14/2024 10:41:39,Unplanned,MiraFlex 1,MiraFlex 1,A,07:00:00,15:00:00,496,0,PET (400)
194,2024-02-14T08:32:58.000Z,2024-02-14T08:39:35.000Z,397,376806,Completed,02/14/2024 07:00:14,02/14/2024 10:41:39,Unplanned,MiraFlex 1,MiraFlex 1,A,07:00:00,15:00:00,496,0,PET (400)
195,2024-02-14T09:05:15.000Z,2024-02-14T09:15:26.000Z,611,376894,Completed,02/14/2024 07:00:14,02/14/2024 10:41:39,Unplanned,MiraFlex 1,MiraFlex 1,A,07:00:00,15:00:00,496,0,PET (400)
196,2024-02-14T09:19:26.000Z,2024-02-14T09:45:07.000Z,1541,376933,Completed,02/14/2024 07:00:14,02/14/2024 10:41:39,Unplanned,MiraFlex 1,MiraFlex 1,A,07:00:00,15:00:00,496,0,PET (400)
197,2024-02-14T09:46:36.000Z,2024-02-14T09:47:18.000Z,42,377008,Completed,02/14/2024 07:00:14,02/14/2024 10:41:39,Unplanned,MiraFlex 1,MiraFlex 1,A,07:00:00,15:00:00,496,0,PET (400)
198,2024-02-14T09:52:20.000Z,2024-02-14T09:59:37.000Z,437,377024,Completed,02/14/2024 07:00:14,02/14/2024 10:41:39,Unplanned,MiraFlex 1,MiraFlex 1,A,07:00:00,15:00:00,496,0,PET (400)
199,2024-02-14T10:05:06.000Z,2024-02-14T10:05:27.000Z,21,377059,Completed,02/14/2024 07:00:14,02/14/2024 10:41:39,Unplanned,MiraFlex 1,MiraFlex 1,A,07:00:00,15:00:00,496,0,PET (400)
200,2024-02-14T10:07:20.000Z,2024-02-14T10:27:46.000Z,1226,377065,Completed,02/14/2024 07:00:14,02/14/2024 10:41:39,Unplanned,MiraFlex 1,MiraFlex 1,A,07:00:00,15:00:00,496,0,PET (400)
201,2024-02-14T10:28:07.000Z,2024-02-14T10:33:30.000Z,323,377122,Completed,02/14/2024 07:00:14,02/14/2024 10:41:39,Unplanned,MiraFlex 1,MiraFlex 1,A,07:00:00,15:00:00,496,0,PET (400)
202,2024-02-13T23:00:00.000Z,2024-02-13T23:21:42.000Z,1302,373929,Completed,02/13/2024 23:00:00,02/14/2024 06:59:49,Unplanned,MiraFlex 1,MiraFlex 1,C,23:00:00,07:00:00,496,0,PET (400)
203,2024-02-13T23:33:45.000Z,2024-02-13T23:44:34.000Z,649,374113,Completed,02/13/2024 23:00:00,02/14/2024 06:59:49,Unplanned,MiraFlex 1,MiraFlex 1,C,23:00:00,07:00:00,496,0,PET (400)
204,2024-02-13T23:46:25.000Z,2024-02-14T00:01:45.000Z,920,374179,Completed,02/13/2024 23:00:00,02/14/2024 06:59:49,Unplanned,MiraFlex 1,MiraFlex 1,C,23:00:00,07:00:00,496,0,PET (400)
205,2024-02-14T00:02:31.000Z,2024-02-14T00:07:11.000Z,280,374266,Completed,02/13/2024 23:00:00,02/14/2024 06:59:49,Unplanned,MiraFlex 1,MiraFlex 1,C,23:00:00,07:00:00,496,0,PET (400)
206,2024-02-14T00:09:05.000Z,2024-02-14T00:18:01.000Z,536,374303,Completed,02/13/2024 23:00:00,02/14/2024 06:59:49,Unplanned,MiraFlex 1,MiraFlex 1,C,23:00:00,07:00:00,496,0,PET (400)
207,2024-02-14T00:23:25.000Z,2024-02-14T00:23:51.000Z,26,374379,Completed,02/13/2024 23:00:00,02/14/2024 06:59:49,Unplanned,MiraFlex 1,MiraFlex 1,C,23:00:00,07:00:00,496,0,PET (400)
208,2024-02-14T00:56:25.000Z,2024-02-14T03:09:42.000Z,7997,374550,Completed,02/13/2024 23:00:00,02/14/2024 06:59:49,Unplanned,MiraFlex 1,MiraFlex 1,C,23:00:00,07:00:00,496,0,PET (400)
209,2024-02-14T03:22:03.000Z,2024-02-14T03:25:06.000Z,183,375361,Completed,02/13/2024 23:00:00,02/14/2024 06:59:49,Unplanned,MiraFlex 1,MiraFlex 1,C,23:00:00,07:00:00,496,0,PET (400)
210,2024-02-14T03:28:15.000Z,2024-02-14T03:56:03.000Z,1668,375395,Completed,02/13/2024 23:00:00,02/14/2024 06:59:49,Unplanned,MiraFlex 1,MiraFlex 1,C,23:00:00,07:00:00,496,0,PET (400)
211,2024-02-14T03:57:35.000Z,2024-02-14T04:26:05.000Z,1710,375560,Completed,02/13/2024 23:00:00,02/14/2024 06:59:49,Unplanned,MiraFlex 1,MiraFlex 1,C,23:00:00,07:00:00,496,0,PET (400)
212,2024-02-14T04:27:37.000Z,2024-02-14T04:39:33.000Z,716,375728,Completed,02/13/2024 23:00:00,02/14/2024 06:59:49,Unplanned,MiraFlex 1,MiraFlex 1,C,23:00:00,07:00:00,496,0,PET (400)
213,2024-02-14T04:43:03.000Z,2024-02-14T05:08:13.000Z,1510,375814,Completed,02/13/2024 23:00:00,02/14/2024 06:59:49,Unplanned,MiraFlex 1,MiraFlex 1,C,23:00:00,07:00:00,496,0,PET (400)
214,2024-02-14T05:13:58.000Z,2024-02-14T05:31:58.000Z,1080,375987,Completed,02/13/2024 23:00:00,02/14/2024 06:59:49,Unplanned,MiraFlex 1,MiraFlex 1,C,23:00:00,07:00:00,496,0,PET (400)
215,2024-02-14T05:48:44.000Z,2024-02-14T05:49:06.000Z,22,376180,Completed,02/13/2024 23:00:00,02/14/2024 06:59:49,Unplanned,MiraFlex 1,MiraFlex 1,C,23:00:00,07:00:00,496,0,PET (400)
216,2024-02-14T05:55:18.000Z,2024-02-14T06:21:16.000Z,1558,376219,Completed,02/13/2024 23:00:00,02/14/2024 06:59:49,Unplanned,MiraFlex 1,MiraFlex 1,C,23:00:00,07:00:00,496,0,PET (400)
217,2024-02-13T15:00:18.000Z,2024-02-13T15:07:31.000Z,433,372608,Completed,02/13/2024 15:00:18,02/13/2024 22:59:35,Unplanned,MiraFlex 1,MiraFlex 1,B,15:00:00,23:00:00,496,0,PET (400)
218,2024-02-13T15:10:48.000Z,2024-02-13T15:11:09.000Z,21,372637,Completed,02/13/2024 15:00:18,02/13/2024 22:59:35,Unplanned,MiraFlex 1,MiraFlex 1,B,15:00:00,23:00:00,496,0,PET (400)
219,2024-02-13T15:22:48.000Z,2024-02-13T15:46:39.000Z,1431,372670,Completed,02/13/2024 15:00:18,02/13/2024 22:59:35,Unplanned,MiraFlex 1,MiraFlex 1,B,15:00:00,23:00:00,496,0,PET (400)
220,2024-02-13T15:48:50.000Z,2024-02-13T16:03:40.000Z,890,372742,Completed,02/13/2024 15:00:18,02/13/2024 22:59:35,Unplanned,MiraFlex 1,MiraFlex 1,B,15:00:00,23:00:00,496,0,PET (400)
221,2024-02-13T16:13:48.000Z,2024-02-13T16:33:39.000Z,1191,372811,Completed,02/13/2024 15:00:18,02/13/2024 22:59:35,Unplanned,MiraFlex 1,MiraFlex 1,B,15:00:00,23:00:00,496,0,PET (400)
222,2024-02-13T16:36:10.000Z,2024-02-13T16:56:28.000Z,1218,372873,Completed,02/13/2024 15:00:18,02/13/2024 22:59:35,Unplanned,MiraFlex 1,MiraFlex 1,B,15:00:00,23:00:00,496,0,PET (400)
223,2024-02-13T17:10:58.000Z,2024-02-13T17:32:59.000Z,1321,372971,Completed,02/13/2024 15:00:18,02/13/2024 22:59:35,Unplanned,MiraFlex 1,MiraFlex 1,B,15:00:00,23:00:00,496,0,PET (400)
224,2024-02-13T17:52:30.000Z,2024-02-13T18:08:42.000Z,972,373086,Completed,02/13/2024 15:00:18,02/13/2024 22:59:35,Unplanned,MiraFlex 1,MiraFlex 1,B,15:00:00,23:00:00,496,0,PET (400)
225,2024-02-13T18:09:08.000Z,2024-02-13T18:09:29.000Z,21,373132,Completed,02/13/2024 15:00:18,02/13/2024 22:59:35,Unplanned,MiraFlex 1,MiraFlex 1,B,15:00:00,23:00:00,496,0,PET (400)
226,2024-02-13T18:14:10.000Z,2024-02-13T18:14:31.000Z,21,373146,Completed,02/13/2024 15:00:18,02/13/2024 22:59:35,Unplanned,MiraFlex 1,MiraFlex 1,B,15:00:00,23:00:00,496,0,PET (400)
227,2024-02-13T18:20:19.000Z,2024-02-13T18:23:53.000Z,214,373163,Completed,02/13/2024 15:00:18,02/13/2024 22:59:35,Unplanned,MiraFlex 1,MiraFlex 1,B,15:00:00,23:00:00,496,0,PET (400)
228,2024-02-13T18:25:00.000Z,2024-02-13T18:29:20.000Z,260,373176,Completed,02/13/2024 15:00:18,02/13/2024 22:59:35,Unplanned,MiraFlex 1,MiraFlex 1,B,15:00:00,23:00:00,496,0,PET (400)
229,2024-02-13T18:31:51.000Z,2024-02-13T18:40:11.000Z,500,373195,Completed,02/13/2024 15:00:18,02/13/2024 22:59:35,Unplanned,MiraFlex 1,MiraFlex 1,B,15:00:00,23:00:00,496,0,PET (400)
230,2024-02-13T18:42:42.000Z,2024-02-13T18:45:38.000Z,176,373225,Completed,02/13/2024 15:00:18,02/13/2024 22:59:35,Unplanned,MiraFlex 1,MiraFlex 1,B,15:00:00,23:00:00,496,0,PET (400)
231,2024-02-13T18:49:58.000Z,2024-02-13T18:50:19.000Z,21,373245,Completed,02/13/2024 15:00:18,02/13/2024 22:59:35,Unplanned,MiraFlex 1,MiraFlex 1,B,15:00:00,23:00:00,496,0,PET (400)
232,2024-02-13T18:56:29.000Z,2024-02-13T19:16:39.000Z,1210,373263,Completed,02/13/2024 15:00:18,02/13/2024 22:59:35,Unplanned,MiraFlex 1,MiraFlex 1,B,15:00:00,23:00:00,496,0,PET (400)
233,2024-02-13T19:16:59.000Z,2024-02-13T19:18:49.000Z,110,373316,Completed,02/13/2024 15:00:18,02/13/2024 22:59:35,Unplanned,MiraFlex 1,MiraFlex 1,B,15:00:00,23:00:00,496,0,PET (400)
234,2024-02-13T19:30:20.000Z,2024-02-13T19:43:21.000Z,781,373351,Completed,02/13/2024 15:00:18,02/13/2024 22:59:35,Unplanned,MiraFlex 1,MiraFlex 1,B,15:00:00,23:00:00,496,0,PET (400)
235,2024-02-13T19:53:51.000Z,2024-02-13T20:01:30.000Z,459,373416,Completed,02/13/2024 15:00:18,02/13/2024 22:59:35,Unplanned,MiraFlex 1,MiraFlex 1,B,15:00:00,23:00:00,496,0,PET (400)
236,2024-02-13T20:17:23.000Z,2024-02-13T20:48:10.000Z,1847,373481,Completed,02/13/2024 15:00:18,02/13/2024 22:59:35,Unplanned,MiraFlex 1,MiraFlex 1,B,15:00:00,23:00:00,496,0,PET (400)
237,2024-02-13T21:03:01.000Z,2024-02-13T21:03:22.000Z,21,373607,Completed,02/13/2024 15:00:18,02/13/2024 22:59:35,Unplanned,MiraFlex 1,MiraFlex 1,B,15:00:00,23:00:00,496,0,PET (400)
238,2024-02-13T21:08:03.000Z,2024-02-13T21:19:20.000Z,677,373621,Completed,02/13/2024 15:00:18,02/13/2024 22:59:35,Unplanned,MiraFlex 1,MiraFlex 1,B,15:00:00,23:00:00,496,0,PET (400)
239,2024-02-13T21:45:00.000Z,2024-02-13T21:49:00.000Z,240,373723,Completed,02/13/2024 15:00:18,02/13/2024 22:59:35,Unplanned,MiraFlex 1,MiraFlex 1,B,15:00:00,23:00:00,496,0,PET (400)
240,2024-02-14T10:42:24.000Z,2024-02-14T10:55:54.000Z,810,377159,Completed,02/14/2024 10:42:24,02/14/2024 14:59:58,Unplanned,MiraFlex 1,MiraFlex 1,A,07:00:00,15:00:00,506,0,PET (400)
241,2024-02-14T10:58:28.000Z,2024-02-14T10:58:54.000Z,26,377203,Completed,02/14/2024 10:42:24,02/14/2024 14:59:58,Unplanned,MiraFlex 1,MiraFlex 1,A,07:00:00,15:00:00,506,0,PET (400)
242,2024-02-14T11:14:26.000Z,2024-02-14T11:27:14.000Z,768,377247,Completed,02/14/2024 10:42:24,02/14/2024 14:59:58,Unplanned,MiraFlex 1,MiraFlex 1,A,07:00:00,15:00:00,506,0,PET (400)
243,2024-02-14T11:38:04.000Z,2024-02-14T12:03:55.000Z,1551,377311,Completed,02/14/2024 10:42:24,02/14/2024 14:59:58,Unplanned,MiraFlex 1,MiraFlex 1,A,07:00:00,15:00:00,506,0,PET (400)
244,2024-02-14T12:04:16.000Z,2024-02-14T12:16:44.000Z,748,377383,Completed,02/14/2024 10:42:24,02/14/2024 14:59:58,Unplanned,MiraFlex 1,MiraFlex 1,A,07:00:00,15:00:00,506,0,PET (400)
245,2024-02-14T12:30:29.000Z,2024-02-14T12:36:25.000Z,356,377453,Completed,02/14/2024 10:42:24,02/14/2024 14:59:58,Unplanned,MiraFlex 1,MiraFlex 1,A,07:00:00,15:00:00,506,0,PET (400)
246,2024-02-14T12:41:07.000Z,2024-02-14T12:41:29.000Z,22,377481,Completed,02/14/2024 10:42:24,02/14/2024 14:59:58,Unplanned,MiraFlex 1,MiraFlex 1,A,07:00:00,15:00:00,506,0,PET (400)
247,2024-02-14T12:44:06.000Z,2024-02-14T12:51:25.000Z,439,377489,Completed,02/14/2024 10:42:24,02/14/2024 14:59:58,Unplanned,MiraFlex 1,MiraFlex 1,A,07:00:00,15:00:00,506,0,PET (400)
248,2024-02-14T13:14:15.000Z,2024-02-14T13:43:36.000Z,1761,377572,Completed,02/14/2024 10:42:24,02/14/2024 14:59:58,Unplanned,MiraFlex 1,MiraFlex 1,A,07:00:00,15:00:00,506,0,PET (400)
249,2024-02-14T13:54:09.000Z,2024-02-14T14:37:45.000Z,2616,377682,Completed,02/14/2024 10:42:24,02/14/2024 14:59:58,Unplanned,MiraFlex 1,MiraFlex 1,A,07:00:00,15:00:00,506,0,PET (400)
250,2024-02-14T15:00:19.000Z,2024-02-14T15:35:50.000Z,2131,377863,Completed,02/14/2024 15:00:19,02/14/2024 22:59:40,Unplanned,MiraFlex 1,MiraFlex 1,B,15:00:00,23:00:00,506,0,PET (400)
251,2024-02-14T15:36:36.000Z,2024-02-14T15:53:06.000Z,990,377962,Completed,02/14/2024 15:00:19,02/14/2024 22:59:40,Unplanned,MiraFlex 1,MiraFlex 1,B,15:00:00,23:00:00,506,0,PET (400)
252,2024-02-14T15:54:30.000Z,2024-02-14T15:54:51.000Z,21,378011,Completed,02/14/2024 15:00:19,02/14/2024 22:59:40,Unplanned,MiraFlex 1,MiraFlex 1,B,15:00:00,23:00:00,506,0,PET (400)
253,2024-02-14T15:55:16.000Z,2024-02-14T16:27:18.000Z,1922,378013,Completed,02/14/2024 15:00:19,02/14/2024 22:59:40,Unplanned,MiraFlex 1,MiraFlex 1,B,15:00:00,23:00:00,506,0,PET (400)
254,2024-02-14T16:28:21.000Z,2024-02-14T16:28:46.000Z,25,378104,Completed,02/14/2024 15:00:19,02/14/2024 22:59:40,Unplanned,MiraFlex 1,MiraFlex 1,B,15:00:00,23:00:00,506,0,PET (400)
255,2024-02-14T16:35:19.000Z,2024-02-14T16:48:40.000Z,801,378123,Completed,02/14/2024 15:00:19,02/14/2024 22:59:40,Unplanned,MiraFlex 1,MiraFlex 1,B,15:00:00,23:00:00,506,0,PET (400)
256,2024-02-14T16:54:28.000Z,2024-02-14T17:02:48.000Z,500,378176,Completed,02/14/2024 15:00:19,02/14/2024 22:59:40,Unplanned,MiraFlex 1,MiraFlex 1,B,15:00:00,23:00:00,506,0,PET (400)
257,2024-02-14T17:11:50.000Z,2024-02-14T17:12:11.000Z,21,378224,Completed,02/14/2024 15:00:19,02/14/2024 22:59:40,Unplanned,MiraFlex 1,MiraFlex 1,B,15:00:00,23:00:00,506,0,PET (400)
258,2024-02-14T17:32:58.000Z,2024-02-14T17:33:40.000Z,42,378282,Completed,02/14/2024 15:00:19,02/14/2024 22:59:40,Unplanned,MiraFlex 1,MiraFlex 1,B,15:00:00,23:00:00,506,0,PET (400)
259,2024-02-14T17:36:58.000Z,2024-02-14T18:01:58.000Z,1500,378293,Completed,02/14/2024 15:00:19,02/14/2024 22:59:40,Unplanned,MiraFlex 1,MiraFlex 1,B,15:00:00,23:00:00,506,0,PET (400)
260,2024-02-14T18:18:37.000Z,2024-02-14T18:30:17.000Z,700,378408,Completed,02/14/2024 15:00:19,02/14/2024 22:59:40,Unplanned,MiraFlex 1,MiraFlex 1,B,15:00:00,23:00:00,506,0,PET (400)
261,2024-02-14T18:43:17.000Z,2024-02-14T18:53:47.000Z,630,378476,Completed,02/14/2024 15:00:19,02/14/2024 22:59:40,Unplanned,MiraFlex 1,MiraFlex 1,B,15:00:00,23:00:00,506,0,PET (400)
262,2024-02-14T18:56:00.000Z,2024-02-14T19:03:39.000Z,459,378511,Completed,02/14/2024 15:00:19,02/14/2024 22:59:40,Unplanned,MiraFlex 1,MiraFlex 1,B,15:00:00,23:00:00,506,0,PET (400)
263,2024-02-14T19:26:59.000Z,2024-02-14T19:52:20.000Z,1521,378596,Completed,02/14/2024 15:00:19,02/14/2024 22:59:40,Unplanned,MiraFlex 1,MiraFlex 1,B,15:00:00,23:00:00,506,0,PET (400)
264,2024-02-14T20:05:48.000Z,2024-02-14T20:10:30.000Z,282,378703,Completed,02/14/2024 15:00:19,02/14/2024 22:59:40,Unplanned,MiraFlex 1,MiraFlex 1,B,15:00:00,23:00:00,506,0,PET (400)
265,2024-02-14T20:23:53.000Z,2024-02-14T21:03:29.000Z,2376,378752,Completed,02/14/2024 15:00:19,02/14/2024 22:59:40,Unplanned,MiraFlex 1,MiraFlex 1,B,15:00:00,23:00:00,506,0,PET (400)
266,2024-02-14T21:09:42.000Z,2024-02-14T21:10:03.000Z,21,378872,Completed,02/14/2024 15:00:19,02/14/2024 22:59:40,Unplanned,MiraFlex 1,MiraFlex 1,B,15:00:00,23:00:00,506,0,PET (400)
267,2024-02-14T21:12:13.000Z,2024-02-14T21:38:01.000Z,1548,378879,Completed,02/14/2024 15:00:19,02/14/2024 22:59:40,Unplanned,MiraFlex 1,MiraFlex 1,B,15:00:00,23:00:00,506,0,PET (400)
268,2024-02-14T21:39:30.000Z,2024-02-14T21:51:59.000Z,749,378954,Completed,02/14/2024 15:00:19,02/14/2024 22:59:40,Unplanned,MiraFlex 1,MiraFlex 1,B,15:00:00,23:00:00,506,0,PET (400)
269,2024-02-14T22:23:19.000Z,2024-02-14T22:33:49.000Z,630,379073,Completed,02/14/2024 15:00:19,02/14/2024 22:59:40,Unplanned,MiraFlex 1,MiraFlex 1,B,15:00:00,23:00:00,506,0,PET (400)
270,2024-02-14T22:39:14.000Z,2024-02-14T22:39:39.000Z,25,379107,Completed,02/14/2024 15:00:19,02/14/2024 22:59:40,Unplanned,MiraFlex 1,MiraFlex 1,B,15:00:00,23:00:00,506,0,PET (400)
271,2024-02-14T22:42:32.000Z,2024-02-14T22:46:53.000Z,261,379116,Completed,02/14/2024 15:00:19,02/14/2024 22:59:40,Unplanned,MiraFlex 1,MiraFlex 1,B,15:00:00,23:00:00,506,0,PET (400)
272,2024-02-15T07:00:08.000Z,2024-02-15T09:20:46.000Z,8438,381779,Completed,02/15/2024 07:00:08,02/15/2024 14:21:12,Unplanned,MiraFlex 1,MiraFlex 1,A,07:00:00,15:00:00,506,0,PET (400)
273,2024-02-15T09:30:29.000Z,2024-02-15T09:30:55.000Z,26,382194,Completed,02/15/2024 07:00:08,02/15/2024 14:21:12,Unplanned,MiraFlex 1,MiraFlex 1,A,07:00:00,15:00:00,506,0,PET (400)
274,2024-02-15T09:34:29.000Z,2024-02-15T09:40:45.000Z,376,382205,Completed,02/15/2024 07:00:08,02/15/2024 14:21:12,Unplanned,MiraFlex 1,MiraFlex 1,A,07:00:00,15:00:00,506,0,PET (400)
275,2024-02-15T09:46:28.000Z,2024-02-15T10:30:45.000Z,2657,382238,Completed,02/15/2024 07:00:08,02/15/2024 14:21:12,Unplanned,MiraFlex 1,MiraFlex 1,A,07:00:00,15:00:00,506,0,PET (400)
276,2024-02-15T10:34:45.000Z,2024-02-15T10:45:15.000Z,630,382371,Completed,02/15/2024 07:00:08,02/15/2024 14:21:12,Unplanned,MiraFlex 1,MiraFlex 1,A,07:00:00,15:00:00,506,0,PET (400)
277,2024-02-15T10:45:36.000Z,2024-02-15T11:40:10.000Z,3274,382401,Completed,02/15/2024 07:00:08,02/15/2024 14:21:12,Unplanned,MiraFlex 1,MiraFlex 1,A,07:00:00,15:00:00,506,0,PET (400)
278,2024-02-15T11:43:07.000Z,2024-02-15T11:48:56.000Z,349,382560,Completed,02/15/2024 07:00:08,02/15/2024 14:21:12,Unplanned,MiraFlex 1,MiraFlex 1,A,07:00:00,15:00:00,506,0,PET (400)
279,2024-02-15T11:49:39.000Z,2024-02-15T11:56:31.000Z,412,382578,Completed,02/15/2024 07:00:08,02/15/2024 14:21:12,Unplanned,MiraFlex 1,MiraFlex 1,A,07:00:00,15:00:00,506,0,PET (400)
280,2024-02-15T12:01:16.000Z,2024-02-15T12:08:49.000Z,453,382610,Completed,02/15/2024 07:00:08,02/15/2024 14:21:12,Unplanned,MiraFlex 1,MiraFlex 1,A,07:00:00,15:00:00,506,0,PET (400)
281,2024-02-15T12:16:26.000Z,2024-02-15T12:23:18.000Z,412,382652,Completed,02/15/2024 07:00:08,02/15/2024 14:21:12,Unplanned,MiraFlex 1,MiraFlex 1,A,07:00:00,15:00:00,506,0,PET (400)
282,2024-02-15T12:37:26.000Z,2024-02-15T13:13:47.000Z,2181,382710,Completed,02/15/2024 07:00:08,02/15/2024 14:21:12,Unplanned,MiraFlex 1,MiraFlex 1,A,07:00:00,15:00:00,506,0,PET (400)
283,2024-02-15T13:15:17.000Z,2024-02-15T13:30:20.000Z,903,382814,Completed,02/15/2024 07:00:08,02/15/2024 14:21:12,Unplanned,MiraFlex 1,MiraFlex 1,A,07:00:00,15:00:00,506,0,PET (400)
284,2024-02-15T13:49:31.000Z,2024-02-15T13:54:39.000Z,308,382908,Completed,02/15/2024 07:00:08,02/15/2024 14:21:12,Unplanned,MiraFlex 1,MiraFlex 1,A,07:00:00,15:00:00,506,0,PET (400)
285,2024-02-15T23:00:13.000Z,2024-02-15T23:21:46.000Z,1293,384425,Completed,02/15/2024 23:00:13,02/16/2024 06:59:59,Unplanned,MiraFlex 1,MiraFlex 1,C,23:00:00,07:00:00,507,0,PET (400)
286,2024-02-15T23:25:16.000Z,2024-02-15T23:33:25.000Z,489,384572,Completed,02/15/2024 23:00:13,02/16/2024 06:59:59,Unplanned,MiraFlex 1,MiraFlex 1,C,23:00:00,07:00:00,507,0,PET (400)
287,2024-02-16T00:10:46.000Z,2024-02-16T00:16:24.000Z,338,384823,Completed,02/15/2024 23:00:13,02/16/2024 06:59:59,Unplanned,MiraFlex 1,MiraFlex 1,C,23:00:00,07:00:00,507,0,PET (400)
288,2024-02-16T00:24:12.000Z,2024-02-16T00:28:02.000Z,230,384901,Completed,02/15/2024 23:00:13,02/16/2024 06:59:59,Unplanned,MiraFlex 1,MiraFlex 1,C,23:00:00,07:00:00,507,0,PET (400)
289,2024-02-16T00:40:12.000Z,2024-02-16T02:21:43.000Z,6091,384986,Completed,02/15/2024 23:00:13,02/16/2024 06:59:59,Unplanned,MiraFlex 1,MiraFlex 1,C,23:00:00,07:00:00,507,0,PET (400)
290,2024-02-16T02:23:15.000Z,2024-02-16T02:27:06.000Z,231,385549,Completed,02/15/2024 23:00:13,02/16/2024 06:59:59,Unplanned,MiraFlex 1,MiraFlex 1,C,23:00:00,07:00:00,507,0,PET (400)
291,2024-02-16T02:39:23.000Z,2024-02-16T03:02:26.000Z,1383,385636,Completed,02/15/2024 23:00:13,02/16/2024 06:59:59,Unplanned,MiraFlex 1,MiraFlex 1,C,23:00:00,07:00:00,507,0,PET (400)
292,2024-02-16T03:05:34.000Z,2024-02-16T03:46:17.000Z,2443,385775,Completed,02/15/2024 23:00:13,02/16/2024 06:59:59,Unplanned,MiraFlex 1,MiraFlex 1,C,23:00:00,07:00:00,507,0,PET (400)
293,2024-02-16T03:46:38.000Z,2024-02-16T03:49:24.000Z,166,385965,Completed,02/15/2024 23:00:13,02/16/2024 06:59:59,Unplanned,MiraFlex 1,MiraFlex 1,C,23:00:00,07:00:00,507,0,PET (400)
294,2024-02-16T03:49:46.000Z,2024-02-16T03:53:16.000Z,210,385983,Completed,02/15/2024 23:00:13,02/16/2024 06:59:59,Unplanned,MiraFlex 1,MiraFlex 1,C,23:00:00,07:00:00,507,0,PET (400)
295,2024-02-16T03:54:04.000Z,2024-02-16T03:59:24.000Z,320,386007,Completed,02/15/2024 23:00:13,02/16/2024 06:59:59,Unplanned,MiraFlex 1,MiraFlex 1,C,23:00:00,07:00:00,507,0,PET (400)
296,2024-02-16T03:59:46.000Z,2024-02-16T04:03:58.000Z,252,386039,Completed,02/15/2024 23:00:13,02/16/2024 06:59:59,Unplanned,MiraFlex 1,MiraFlex 1,C,23:00:00,07:00:00,507,0,PET (400)
297,2024-02-16T04:12:28.000Z,2024-02-16T04:22:26.000Z,598,386109,Completed,02/15/2024 23:00:13,02/16/2024 06:59:59,Unplanned,MiraFlex 1,MiraFlex 1,C,23:00:00,07:00:00,507,0,PET (400)
298,2024-02-16T04:22:48.000Z,2024-02-16T04:24:46.000Z,118,386163,Completed,02/15/2024 23:00:13,02/16/2024 06:59:59,Unplanned,MiraFlex 1,MiraFlex 1,C,23:00:00,07:00:00,507,0,PET (400)
299,2024-02-16T04:35:35.000Z,2024-02-16T04:40:34.000Z,299,386237,Completed,02/15/2024 23:00:13,02/16/2024 06:59:59,Unplanned,MiraFlex 1,MiraFlex 1,C,23:00:00,07:00:00,507,0,PET (400)
300,2024-02-16T04:41:17.000Z,2024-02-16T04:52:56.000Z,699,386268,Completed,02/15/2024 23:00:13,02/16/2024 06:59:59,Unplanned,MiraFlex 1,MiraFlex 1,C,23:00:00,07:00:00,507,0,PET (400)
301,2024-02-16T04:53:18.000Z,2024-02-16T05:14:55.000Z,1297,386338,Completed,02/15/2024 23:00:13,02/16/2024 06:59:59,Unplanned,MiraFlex 1,MiraFlex 1,C,23:00:00,07:00:00,507,0,PET (400)
302,2024-02-16T05:15:17.000Z,2024-02-16T05:21:05.000Z,348,386461,Completed,02/15/2024 23:00:13,02/16/2024 06:59:59,Unplanned,MiraFlex 1,MiraFlex 1,C,23:00:00,07:00:00,507,0,PET (400)
303,2024-02-16T05:21:49.000Z,2024-02-16T05:29:28.000Z,459,386495,Completed,02/15/2024 23:00:13,02/16/2024 06:59:59,Unplanned,MiraFlex 1,MiraFlex 1,C,23:00:00,07:00:00,507,0,PET (400)
304,2024-02-16T05:34:30.000Z,2024-02-16T05:39:35.000Z,305,386568,Completed,02/15/2024 23:00:13,02/16/2024 06:59:59,Unplanned,MiraFlex 1,MiraFlex 1,C,23:00:00,07:00:00,507,0,PET (400)
305,2024-02-16T05:45:45.000Z,2024-02-16T05:48:05.000Z,140,386633,Completed,02/15/2024 23:00:13,02/16/2024 06:59:59,Unplanned,MiraFlex 1,MiraFlex 1,C,23:00:00,07:00:00,507,0,PET (400)
306,2024-02-13T07:00:04.000Z,2024-02-13T08:49:13.000Z,6549,371276,Completed,02/13/2024 07:00:04,02/13/2024 14:59:57,Unplanned,MiraFlex 1,MiraFlex 1,A,07:00:00,15:00:00,496,0,PET (400)
307,2024-02-13T08:58:38.000Z,2024-02-13T09:10:54.000Z,736,371602,Completed,02/13/2024 07:00:04,02/13/2024 14:59:57,Unplanned,MiraFlex 1,MiraFlex 1,A,07:00:00,15:00:00,496,0,PET (400)
308,2024-02-13T09:11:56.000Z,2024-02-13T09:25:44.000Z,828,371640,Completed,02/13/2024 07:00:04,02/13/2024 14:59:57,Unplanned,MiraFlex 1,MiraFlex 1,A,07:00:00,15:00:00,496,0,PET (400)
309,2024-02-13T09:27:54.000Z,2024-02-13T10:16:46.000Z,2932,371684,Completed,02/13/2024 07:00:04,02/13/2024 14:59:57,Unplanned,MiraFlex 1,MiraFlex 1,A,07:00:00,15:00:00,496,0,PET (400)
310,2024-02-13T10:28:40.000Z,2024-02-13T11:26:37.000Z,3477,371852,Completed,02/13/2024 07:00:04,02/13/2024 14:59:57,Unplanned,MiraFlex 1,MiraFlex 1,A,07:00:00,15:00:00,496,0,PET (400)
311,2024-02-13T11:26:58.000Z,2024-02-13T11:27:45.000Z,47,372019,Completed,02/13/2024 07:00:04,02/13/2024 14:59:57,Unplanned,MiraFlex 1,MiraFlex 1,A,07:00:00,15:00:00,496,0,PET (400)
312,2024-02-13T11:34:57.000Z,2024-02-13T11:54:08.000Z,1151,372041,Completed,02/13/2024 07:00:04,02/13/2024 14:59:57,Unplanned,MiraFlex 1,MiraFlex 1,A,07:00:00,15:00:00,496,0,PET (400)
313,2024-02-13T11:57:25.000Z,2024-02-13T12:36:56.000Z,2371,372103,Completed,02/13/2024 07:00:04,02/13/2024 14:59:57,Unplanned,MiraFlex 1,MiraFlex 1,A,07:00:00,15:00:00,496,0,PET (400)
314,2024-02-13T12:37:17.000Z,2024-02-13T12:48:07.000Z,650,372213,Completed,02/13/2024 07:00:04,02/13/2024 14:59:57,Unplanned,MiraFlex 1,MiraFlex 1,A,07:00:00,15:00:00,496,0,PET (400)
315,2024-02-13T12:56:06.000Z,2024-02-13T12:56:27.000Z,21,372265,Completed,02/13/2024 07:00:04,02/13/2024 14:59:57,Unplanned,MiraFlex 1,MiraFlex 1,A,07:00:00,15:00:00,496,0,PET (400)
316,2024-02-14T23:00:01.000Z,2024-02-15T00:21:40.000Z,4899,379164,Completed,02/14/2024 23:00:01,02/15/2024 06:59:46,Unplanned,MiraFlex 1,MiraFlex 1,C,23:00:00,07:00:00,506,0,PET (400)
317,2024-02-15T00:25:50.000Z,2024-02-15T00:38:51.000Z,781,379636,Completed,02/14/2024 23:00:01,02/15/2024 06:59:46,Unplanned,MiraFlex 1,MiraFlex 1,C,23:00:00,07:00:00,506,0,PET (400)
318,2024-02-15T00:39:35.000Z,2024-02-15T00:46:02.000Z,387,379709,Completed,02/14/2024 23:00:01,02/15/2024 06:59:46,Unplanned,MiraFlex 1,MiraFlex 1,C,23:00:00,07:00:00,506,0,PET (400)
319,2024-02-15T01:26:11.000Z,2024-02-15T01:28:31.000Z,140,379962,Completed,02/14/2024 23:00:01,02/15/2024 06:59:46,Unplanned,MiraFlex 1,MiraFlex 1,C,23:00:00,07:00:00,506,0,PET (400)
320,2024-02-15T01:32:55.000Z,2024-02-15T02:56:45.000Z,5030,379996,Completed,02/14/2024 23:00:01,02/15/2024 06:59:46,Unplanned,MiraFlex 1,MiraFlex 1,C,23:00:00,07:00:00,506,0,PET (400)
321,2024-02-15T02:58:22.000Z,2024-02-15T03:00:13.000Z,111,380435,Completed,02/14/2024 23:00:01,02/15/2024 06:59:46,Unplanned,MiraFlex 1,MiraFlex 1,C,23:00:00,07:00:00,506,0,PET (400)
322,2024-02-15T03:14:53.000Z,2024-02-15T03:37:42.000Z,1369,380528,Completed,02/14/2024 23:00:01,02/15/2024 06:59:46,Unplanned,MiraFlex 1,MiraFlex 1,C,23:00:00,07:00:00,506,0,PET (400)
323,2024-02-15T03:45:16.000Z,2024-02-15T03:45:42.000Z,26,380693,Completed,02/14/2024 23:00:01,02/15/2024 06:59:46,Unplanned,MiraFlex 1,MiraFlex 1,C,23:00:00,07:00:00,506,0,PET (400)
324,2024-02-15T03:51:26.000Z,2024-02-15T04:07:34.000Z,968,380729,Completed,02/14/2024 23:00:01,02/15/2024 06:59:46,Unplanned,MiraFlex 1,MiraFlex 1,C,23:00:00,07:00:00,506,0,PET (400)
325,2024-02-15T04:15:35.000Z,2024-02-15T04:15:57.000Z,22,380870,Completed,02/14/2024 23:00:01,02/15/2024 06:59:46,Unplanned,MiraFlex 1,MiraFlex 1,C,23:00:00,07:00:00,506,0,PET (400)
326,2024-02-15T04:18:16.000Z,2024-02-15T04:18:42.000Z,26,380887,Completed,02/14/2024 23:00:01,02/15/2024 06:59:46,Unplanned,MiraFlex 1,MiraFlex 1,C,23:00:00,07:00:00,506,0,PET (400)
327,2024-02-15T04:19:26.000Z,2024-02-15T04:34:55.000Z,929,380893,Completed,02/14/2024 23:00:01,02/15/2024 06:59:46,Unplanned,MiraFlex 1,MiraFlex 1,C,23:00:00,07:00:00,506,0,PET (400)
328,2024-02-15T04:56:27.000Z,2024-02-15T05:08:53.000Z,746,381101,Completed,02/14/2024 23:00:01,02/15/2024 06:59:46,Unplanned,MiraFlex 1,MiraFlex 1,C,23:00:00,07:00:00,506,0,PET (400)
329,2024-02-15T05:14:15.000Z,2024-02-15T05:48:25.000Z,2050,381203,Completed,02/14/2024 23:00:01,02/15/2024 06:59:46,Unplanned,MiraFlex 1,MiraFlex 1,C,23:00:00,07:00:00,506,0,PET (400)
330,2024-02-15T05:55:47.000Z,2024-02-15T06:14:23.000Z,1116,381433,Completed,02/14/2024 23:00:01,02/15/2024 06:59:46,Unplanned,MiraFlex 1,MiraFlex 1,C,23:00:00,07:00:00,506,0,PET (400)
331,2024-02-15T06:15:33.000Z,2024-02-15T06:17:03.000Z,90,381541,Completed,02/14/2024 23:00:01,02/15/2024 06:59:46,Unplanned,MiraFlex 1,MiraFlex 1,C,23:00:00,07:00:00,506,0,PET (400)
332,2024-02-15T06:20:33.000Z,2024-02-15T06:23:23.000Z,170,381569,Completed,02/14/2024 23:00:01,02/15/2024 06:59:46,Unplanned,MiraFlex 1,MiraFlex 1,C,23:00:00,07:00:00,506,0,PET (400)
333,2024-02-15T06:29:14.000Z,2024-02-15T06:29:43.000Z,29,381613,Completed,02/14/2024 23:00:01,02/15/2024 06:59:46,Unplanned,MiraFlex 1,MiraFlex 1,C,23:00:00,07:00:00,506,0,PET (400)
334,2024-02-16T15:00:10.000Z,2024-02-16T15:13:13.000Z,783,388356,Completed,02/16/2024 15:00:10,02/16/2024 22:59:58,Unplanned,MiraFlex 1,MiraFlex 1,B,15:00:00,23:00:00,507,0,PET (400)
335,2024-02-16T15:16:10.000Z,2024-02-16T15:16:31.000Z,21,388400,Completed,02/16/2024 15:00:10,02/16/2024 22:59:58,Unplanned,MiraFlex 1,MiraFlex 1,B,15:00:00,23:00:00,507,0,PET (400)
336,2024-02-16T15:23:44.000Z,2024-02-16T15:50:21.000Z,1597,388420,Completed,02/16/2024 15:00:10,02/16/2024 22:59:58,Unplanned,MiraFlex 1,MiraFlex 1,B,15:00:00,23:00:00,507,0,PET (400)
337,2024-02-16T15:51:24.000Z,2024-02-16T16:07:24.000Z,960,388496,Completed,02/16/2024 15:00:10,02/16/2024 22:59:58,Unplanned,MiraFlex 1,MiraFlex 1,B,15:00:00,23:00:00,507,0,PET (400)
338,2024-02-16T16:08:52.000Z,2024-02-16T16:28:02.000Z,1150,388544,Completed,02/16/2024 15:00:10,02/16/2024 22:59:58,Unplanned,MiraFlex 1,MiraFlex 1,B,15:00:00,23:00:00,507,0,PET (400)
339,2024-02-16T16:29:51.000Z,2024-02-16T16:38:10.000Z,499,388602,Completed,02/16/2024 15:00:10,02/16/2024 22:59:58,Unplanned,MiraFlex 1,MiraFlex 1,B,15:00:00,23:00:00,507,0,PET (400)
340,2024-02-16T16:43:54.000Z,2024-02-16T16:47:32.000Z,218,388641,Completed,02/16/2024 15:00:10,02/16/2024 22:59:58,Unplanned,MiraFlex 1,MiraFlex 1,B,15:00:00,23:00:00,507,0,PET (400)
341,2024-02-16T17:23:15.000Z,2024-02-16T17:41:22.000Z,1087,388750,Completed,02/16/2024 15:00:10,02/16/2024 22:59:58,Unplanned,MiraFlex 1,MiraFlex 1,B,15:00:00,23:00:00,507,0,PET (400)
342,2024-02-16T17:44:34.000Z,2024-02-16T17:48:55.000Z,261,388809,Completed,02/16/2024 15:00:10,02/16/2024 22:59:58,Unplanned,MiraFlex 1,MiraFlex 1,B,15:00:00,23:00:00,507,0,PET (400)
343,2024-02-16T17:55:04.000Z,2024-02-16T18:00:52.000Z,348,388838,Completed,02/16/2024 15:00:10,02/16/2024 22:59:58,Unplanned,MiraFlex 1,MiraFlex 1,B,15:00:00,23:00:00,507,0,PET (400)
344,2024-02-16T18:07:23.000Z,2024-02-16T19:40:05.000Z,5562,388872,Completed,02/16/2024 15:00:10,02/16/2024 22:59:58,Unplanned,MiraFlex 1,MiraFlex 1,B,15:00:00,23:00:00,507,0,PET (400)
345,2024-02-16T19:56:23.000Z,2024-02-16T20:08:16.000Z,713,389172,Completed,02/16/2024 15:00:10,02/16/2024 22:59:58,Unplanned,MiraFlex 1,MiraFlex 1,B,15:00:00,23:00:00,507,0,PET (400)
346,2024-02-16T20:08:37.000Z,2024-02-16T20:11:33.000Z,176,389206,Completed,02/16/2024 15:00:10,02/16/2024 22:59:58,Unplanned,MiraFlex 1,MiraFlex 1,B,15:00:00,23:00:00,507,0,PET (400)
347,2024-02-16T20:11:54.000Z,2024-02-16T20:13:43.000Z,109,389215,Completed,02/16/2024 15:00:10,02/16/2024 22:59:58,Unplanned,MiraFlex 1,MiraFlex 1,B,15:00:00,23:00:00,507,0,PET (400)
348,2024-02-16T20:15:53.000Z,2024-02-16T20:50:16.000Z,2063,389226,Completed,02/16/2024 15:00:10,02/16/2024 22:59:58,Unplanned,MiraFlex 1,MiraFlex 1,B,15:00:00,23:00:00,507,0,PET (400)
349,2024-02-16T20:52:05.000Z,2024-02-16T21:18:27.000Z,1582,389326,Completed,02/16/2024 15:00:10,02/16/2024 22:59:58,Unplanned,MiraFlex 1,MiraFlex 1,B,15:00:00,23:00:00,507,0,PET (400)
350,2024-02-16T21:22:06.000Z,2024-02-16T21:37:18.000Z,912,389409,Completed,02/16/2024 15:00:10,02/16/2024 22:59:58,Unplanned,MiraFlex 1,MiraFlex 1,B,15:00:00,23:00:00,507,0,PET (400)
351,2024-02-16T21:38:46.000Z,2024-02-16T22:08:34.000Z,1788,389455,Completed,02/16/2024 15:00:10,02/16/2024 22:59:58,Unplanned,MiraFlex 1,MiraFlex 1,B,15:00:00,23:00:00,507,0,PET (400)
352,2024-02-16T22:19:48.000Z,2024-02-16T22:46:57.000Z,1629,389567,Completed,02/16/2024 15:00:10,02/16/2024 22:59:58,Unplanned,MiraFlex 1,MiraFlex 1,B,15:00:00,23:00:00,507,0,PET (400)
353,2024-02-16T07:00:26.000Z,2024-02-16T08:44:57.000Z,6271,387036,Completed,02/16/2024 07:00:26,02/16/2024 14:59:44,Unplanned,MiraFlex 1,MiraFlex 1,A,07:00:00,15:00:00,507,0,PET (400)
354,2024-02-16T08:45:18.000Z,2024-02-16T08:53:16.000Z,478,387326,Completed,02/16/2024 07:00:26,02/16/2024 14:59:44,Unplanned,MiraFlex 1,MiraFlex 1,A,07:00:00,15:00:00,507,0,PET (400)
355,2024-02-16T09:01:32.000Z,2024-02-16T09:02:17.000Z,45,387371,Completed,02/16/2024 07:00:26,02/16/2024 14:59:44,Unplanned,MiraFlex 1,MiraFlex 1,A,07:00:00,15:00:00,507,0,PET (400)
356,2024-02-16T09:04:01.000Z,2024-02-16T09:10:18.000Z,377,387378,Completed,02/16/2024 07:00:26,02/16/2024 14:59:44,Unplanned,MiraFlex 1,MiraFlex 1,A,07:00:00,15:00:00,507,0,PET (400)
357,2024-02-16T09:14:38.000Z,2024-02-16T10:00:58.000Z,2780,387407,Completed,02/16/2024 07:00:26,02/16/2024 14:59:44,Unplanned,MiraFlex 1,MiraFlex 1,A,07:00:00,15:00:00,507,0,PET (400)
358,2024-02-16T10:01:40.000Z,2024-02-16T10:50:49.000Z,2949,387537,Completed,02/16/2024 07:00:26,02/16/2024 14:59:44,Unplanned,MiraFlex 1,MiraFlex 1,A,07:00:00,15:00:00,507,0,PET (400)
359,2024-02-16T10:54:27.000Z,2024-02-16T11:10:58.000Z,991,387682,Completed,02/16/2024 07:00:26,02/16/2024 14:59:44,Unplanned,MiraFlex 1,MiraFlex 1,A,07:00:00,15:00:00,507,0,PET (400)
360,2024-02-16T11:13:08.000Z,2024-02-16T11:18:31.000Z,323,387732,Completed,02/16/2024 07:00:26,02/16/2024 14:59:44,Unplanned,MiraFlex 1,MiraFlex 1,A,07:00:00,15:00:00,507,0,PET (400)
361,2024-02-16T11:18:58.000Z,2024-02-16T11:24:22.000Z,324,387748,Completed,02/16/2024 07:00:26,02/16/2024 14:59:44,Unplanned,MiraFlex 1,MiraFlex 1,A,07:00:00,15:00:00,507,0,PET (400)
362,2024-02-16T11:44:01.000Z,2024-02-16T11:53:29.000Z,568,387817,Completed,02/16/2024 07:00:26,02/16/2024 14:59:44,Unplanned,MiraFlex 1,MiraFlex 1,A,07:00:00,15:00:00,507,0,PET (400)
363,2024-02-16T12:06:39.000Z,2024-02-16T12:12:49.000Z,370,387879,Completed,02/16/2024 07:00:26,02/16/2024 14:59:44,Unplanned,MiraFlex 1,MiraFlex 1,A,07:00:00,15:00:00,507,0,PET (400)
364,2024-02-16T12:17:52.000Z,2024-02-16T12:26:48.000Z,536,387910,Completed,02/16/2024 07:00:26,02/16/2024 14:59:44,Unplanned,MiraFlex 1,MiraFlex 1,A,07:00:00,15:00:00,507,0,PET (400)
365,2024-02-16T12:53:41.000Z,2024-02-16T13:04:12.000Z,631,388008,Completed,02/16/2024 07:00:26,02/16/2024 14:59:44,Unplanned,MiraFlex 1,MiraFlex 1,A,07:00:00,15:00:00,507,0,PET (400)
366,2024-02-15T15:00:12.000Z,2024-02-15T15:38:59.000Z,2327,383103,Completed,02/15/2024 15:00:12,02/15/2024 22:59:53,Unplanned,MiraFlex 1,MiraFlex 1,B,15:00:00,23:00:00,507,0,PET (400)
367,2024-02-15T15:44:22.000Z,2024-02-15T15:51:19.000Z,417,383225,Completed,02/15/2024 15:00:12,02/15/2024 22:59:53,Unplanned,MiraFlex 1,MiraFlex 1,B,15:00:00,23:00:00,507,0,PET (400)
368,2024-02-15T16:05:03.000Z,2024-02-15T16:26:03.000Z,1260,383282,Completed,02/15/2024 15:00:12,02/15/2024 22:59:53,Unplanned,MiraFlex 1,MiraFlex 1,B,15:00:00,23:00:00,507,0,PET (400)
369,2024-02-15T16:26:28.000Z,2024-02-15T16:36:12.000Z,584,383341,Completed,02/15/2024 15:00:12,02/15/2024 22:59:53,Unplanned,MiraFlex 1,MiraFlex 1,B,15:00:00,23:00:00,507,0,PET (400)
370,2024-02-15T16:36:33.000Z,2024-02-15T16:54:18.000Z,1065,383369,Completed,02/15/2024 15:00:12,02/15/2024 22:59:53,Unplanned,MiraFlex 1,MiraFlex 1,B,15:00:00,23:00:00,507,0,PET (400)
371,2024-02-15T17:03:22.000Z,2024-02-15T17:13:09.000Z,587,383443,Completed,02/15/2024 15:00:12,02/15/2024 22:59:53,Unplanned,MiraFlex 1,MiraFlex 1,B,15:00:00,23:00:00,507,0,PET (400)
372,2024-02-15T18:01:44.000Z,2024-02-15T18:02:09.000Z,25,383604,Completed,02/15/2024 15:00:12,02/15/2024 22:59:53,Unplanned,MiraFlex 1,MiraFlex 1,B,15:00:00,23:00:00,507,0,PET (400)
373,2024-02-15T18:05:01.000Z,2024-02-15T18:52:41.000Z,2860,383613,Completed,02/15/2024 15:00:12,02/15/2024 22:59:53,Unplanned,MiraFlex 1,MiraFlex 1,B,15:00:00,23:00:00,507,0,PET (400)
374,2024-02-15T18:53:23.000Z,2024-02-15T19:00:14.000Z,411,383746,Completed,02/15/2024 15:00:12,02/15/2024 22:59:53,Unplanned,MiraFlex 1,MiraFlex 1,B,15:00:00,23:00:00,507,0,PET (400)
375,2024-02-15T20:16:55.000Z,2024-02-15T21:17:51.000Z,3656,383976,Completed,02/15/2024 15:00:12,02/15/2024 22:59:53,Unplanned,MiraFlex 1,MiraFlex 1,B,15:00:00,23:00:00,507,0,PET (400)
376,2024-02-15T21:24:23.000Z,2024-02-15T21:31:14.000Z,411,384161,Completed,02/15/2024 15:00:12,02/15/2024 22:59:53,Unplanned,MiraFlex 1,MiraFlex 1,B,15:00:00,23:00:00,507,0,PET (400)
377,2024-02-15T21:32:22.000Z,2024-02-15T21:46:43.000Z,861,384183,Completed,02/15/2024 15:00:12,02/15/2024 22:59:53,Unplanned,MiraFlex 1,MiraFlex 1,B,15:00:00,23:00:00,507,0,PET (400)
378,2024-02-15T21:49:36.000Z,2024-02-15T22:01:12.000Z,696,384230,Completed,02/15/2024 15:00:12,02/15/2024 22:59:53,Unplanned,MiraFlex 1,MiraFlex 1,B,15:00:00,23:00:00,507,0,PET (400)
379,2024-02-15T22:04:25.000Z,2024-02-15T22:54:04.000Z,2979,384271,Completed,02/15/2024 15:00:12,02/15/2024 22:59:53,Unplanned,MiraFlex 1,MiraFlex 1,B,15:00:00,23:00:00,507,0,PET (400)
380,2024-02-17T12:39:48.000Z,2024-02-17T13:04:32.000Z,1484,393087,Completed,02/17/2024 12:39:48,02/17/2024 14:59:59,Unplanned,MiraFlex 1,MiraFlex 1,A,07:00:00,15:00:00,508,0,PET (400)
381,2024-02-17T13:05:55.000Z,2024-02-17T13:11:56.000Z,361,393161,Completed,02/17/2024 12:39:48,02/17/2024 14:59:59,Unplanned,MiraFlex 1,MiraFlex 1,A,07:00:00,15:00:00,508,0,PET (400)
382,2024-02-17T13:12:38.000Z,2024-02-17T13:24:38.000Z,720,393180,Completed,02/17/2024 12:39:48,02/17/2024 14:59:59,Unplanned,MiraFlex 1,MiraFlex 1,A,07:00:00,15:00:00,508,0,PET (400)
383,2024-02-17T13:25:21.000Z,2024-02-17T13:43:08.000Z,1067,393216,Completed,02/17/2024 12:39:48,02/17/2024 14:59:59,Unplanned,MiraFlex 1,MiraFlex 1,A,07:00:00,15:00:00,508,0,PET (400)
384,2024-02-17T13:44:48.000Z,2024-02-17T13:45:09.000Z,21,393270,Completed,02/17/2024 12:39:48,02/17/2024 14:59:59,Unplanned,MiraFlex 1,MiraFlex 1,A,07:00:00,15:00:00,508,0,PET (400)
385,2024-02-17T13:56:23.000Z,2024-02-17T14:17:17.000Z,1254,393303,Completed,02/17/2024 12:39:48,02/17/2024 14:59:59,Unplanned,MiraFlex 1,MiraFlex 1,A,07:00:00,15:00:00,508,0,PET (400)
386,2024-02-17T14:17:58.000Z,2024-02-17T14:25:01.000Z,423,393364,Completed,02/17/2024 12:39:48,02/17/2024 14:59:59,Unplanned,MiraFlex 1,MiraFlex 1,A,07:00:00,15:00:00,508,0,PET (400)
387,2024-02-17T14:56:49.000Z,2024-02-17T14:57:10.000Z,21,393473,Completed,02/17/2024 12:39:48,02/17/2024 14:59:59,Unplanned,MiraFlex 1,MiraFlex 1,A,07:00:00,15:00:00,508,0,PET (400)
388,2024-02-17T15:01:44.000Z,2024-02-17T15:13:02.000Z,678,393487,Completed,02/17/2024 15:00:20,02/17/2024 16:01:04,Unplanned,MiraFlex 1,MiraFlex 1,B,15:00:00,23:00:00,508,0,PET (400)
389,2024-02-17T15:14:49.000Z,2024-02-17T15:15:10.000Z,21,393523,Completed,02/17/2024 15:00:20,02/17/2024 16:01:04,Unplanned,MiraFlex 1,MiraFlex 1,B,15:00:00,23:00:00,508,0,PET (400)
390,2024-02-19T15:06:26.000Z,2024-02-19T15:14:58.000Z,512,398186,Completed,02/19/2024 15:00:04,02/19/2024 22:59:56,Unplanned,MiraFlex 1,MiraFlex 1,B,15:00:00,23:00:00,509,0,PET (400)
391,2024-02-19T15:24:32.000Z,2024-02-19T15:41:57.000Z,1045,398235,Completed,02/19/2024 15:00:04,02/19/2024 22:59:56,Unplanned,MiraFlex 1,MiraFlex 1,B,15:00:00,23:00:00,509,0,PET (400)
392,2024-02-19T16:52:46.000Z,2024-02-19T17:38:13.000Z,2727,398484,Completed,02/19/2024 15:00:04,02/19/2024 22:59:56,Unplanned,MiraFlex 1,MiraFlex 1,B,15:00:00,23:00:00,509,0,PET (400)
393,2024-02-19T17:59:33.000Z,2024-02-19T17:59:53.000Z,20,398676,Completed,02/19/2024 15:00:04,02/19/2024 22:59:56,Unplanned,MiraFlex 1,MiraFlex 1,B,15:00:00,23:00:00,509,0,PET (400)
394,2024-02-19T18:07:13.000Z,2024-02-19T18:20:33.000Z,800,398699,Completed,02/19/2024 15:00:04,02/19/2024 22:59:56,Unplanned,MiraFlex 1,MiraFlex 1,B,15:00:00,23:00:00,509,0,PET (400)
395,2024-02-19T18:58:54.000Z,2024-02-19T19:04:54.000Z,360,398854,Completed,02/19/2024 15:00:04,02/19/2024 22:59:56,Unplanned,MiraFlex 1,MiraFlex 1,B,15:00:00,23:00:00,509,0,PET (400)
396,2024-02-19T19:08:34.000Z,2024-02-19T19:28:54.000Z,1220,398883,Completed,02/19/2024 15:00:04,02/19/2024 22:59:56,Unplanned,MiraFlex 1,MiraFlex 1,B,15:00:00,23:00:00,509,0,PET (400)
397,2024-02-19T20:19:54.000Z,2024-02-19T20:36:14.000Z,980,399097,Completed,02/19/2024 15:00:04,02/19/2024 22:59:56,Unplanned,MiraFlex 1,MiraFlex 1,B,15:00:00,23:00:00,509,0,PET (400)
398,2024-02-19T21:17:35.000Z,2024-02-19T21:17:55.000Z,20,399268,Completed,02/19/2024 15:00:04,02/19/2024 22:59:56,Unplanned,MiraFlex 1,MiraFlex 1,B,15:00:00,23:00:00,509,0,PET (400)
399,2024-02-19T21:44:35.000Z,2024-02-19T21:44:55.000Z,20,399346,Completed,02/19/2024 15:00:04,02/19/2024 22:59:56,Unplanned,MiraFlex 1,MiraFlex 1,B,15:00:00,23:00:00,509,0,PET (400)
400,2024-02-19T21:59:35.000Z,2024-02-19T22:01:15.000Z,100,399391,Completed,02/19/2024 15:00:04,02/19/2024 22:59:56,Unplanned,MiraFlex 1,MiraFlex 1,B,15:00:00,23:00:00,509,0,PET (400)
401,2024-02-19T22:02:55.000Z,2024-02-19T22:03:15.000Z,20,399400,Completed,02/19/2024 15:00:04,02/19/2024 22:59:56,Unplanned,MiraFlex 1,MiraFlex 1,B,15:00:00,23:00:00,509,0,PET (400)
402,2024-02-19T22:17:15.000Z,2024-02-19T22:32:55.000Z,940,399443,Completed,02/19/2024 15:00:04,02/19/2024 22:59:56,Unplanned,MiraFlex 1,MiraFlex 1,B,15:00:00,23:00:00,509,0,PET (400)
403,2024-02-19T08:54:35.000Z,2024-02-19T09:43:55.000Z,2960,397136,Completed,02/19/2024 08:54:35,02/19/2024 14:59:43,Unplanned,MiraFlex 1,MiraFlex 1,A,07:00:00,15:00:00,509,0,PET (400)
404,2024-02-19T09:52:01.000Z,2024-02-19T11:04:34.000Z,4353,397298,Completed,02/19/2024 08:54:35,02/19/2024 14:59:43,Unplanned,MiraFlex 1,MiraFlex 1,A,07:00:00,15:00:00,509,0,PET (400)
405,2024-02-19T11:04:55.000Z,2024-02-19T11:08:30.000Z,215,397504,Completed,02/19/2024 08:54:35,02/19/2024 14:59:43,Unplanned,MiraFlex 1,MiraFlex 1,A,07:00:00,15:00:00,509,0,PET (400)
406,2024-02-19T11:11:45.000Z,2024-02-19T11:14:12.000Z,147,397523,Completed,02/19/2024 08:54:35,02/19/2024 14:59:43,Unplanned,MiraFlex 1,MiraFlex 1,A,07:00:00,15:00:00,509,0,PET (400)
407,2024-02-19T11:15:57.000Z,2024-02-19T11:19:31.000Z,214,397535,Completed,02/19/2024 08:54:35,02/19/2024 14:59:43,Unplanned,MiraFlex 1,MiraFlex 1,A,07:00:00,15:00:00,509,0,PET (400)
408,2024-02-19T11:44:36.000Z,2024-02-19T11:48:51.000Z,255,397616,Completed,02/19/2024 08:54:35,02/19/2024 14:59:43,Unplanned,MiraFlex 1,MiraFlex 1,A,07:00:00,15:00:00,509,0,PET (400)
409,2024-02-19T11:53:45.000Z,2024-02-19T12:07:16.000Z,811,397642,Completed,02/19/2024 08:54:35,02/19/2024 14:59:43,Unplanned,MiraFlex 1,MiraFlex 1,A,07:00:00,15:00:00,509,0,PET (400)
410,2024-02-19T12:21:30.000Z,2024-02-19T12:21:51.000Z,21,397720,Completed,02/19/2024 08:54:35,02/19/2024 14:59:43,Unplanned,MiraFlex 1,MiraFlex 1,A,07:00:00,15:00:00,509,0,PET (400)
411,2024-02-19T12:55:42.000Z,2024-02-19T13:20:31.000Z,1489,397817,Completed,02/19/2024 08:54:35,02/19/2024 14:59:43,Unplanned,MiraFlex 1,MiraFlex 1,A,07:00:00,15:00:00,509,0,PET (400)
412,2024-02-19T13:33:55.000Z,2024-02-19T13:36:22.000Z,147,397925,Completed,02/19/2024 08:54:35,02/19/2024 14:59:43,Unplanned,MiraFlex 1,MiraFlex 1,A,07:00:00,15:00:00,509,0,PET (400)
413,2024-02-19T13:37:46.000Z,2024-02-19T13:50:00.000Z,734,397936,Completed,02/19/2024 08:54:35,02/19/2024 14:59:43,Unplanned,MiraFlex 1,MiraFlex 1,A,07:00:00,15:00:00,509,0,PET (400)
414,2024-02-19T13:54:58.000Z,2024-02-19T14:06:58.000Z,720,397984,Completed,02/19/2024 08:54:35,02/19/2024 14:59:43,Unplanned,MiraFlex 1,MiraFlex 1,A,07:00:00,15:00:00,509,0,PET (400)
415,2024-02-19T14:43:03.000Z,2024-02-19T14:48:44.000Z,341,398120,Completed,02/19/2024 08:54:35,02/19/2024 14:59:43,Unplanned,MiraFlex 1,MiraFlex 1,A,07:00:00,15:00:00,509,0,PET (400)
416,2024-02-20T15:00:04.000Z,2024-02-20T15:09:04.000Z,540,403864,Completed,02/20/2024 15:00:04,02/20/2024 16:17:24,Unplanned,MiraFlex 1,MiraFlex 1,B,15:00:00,23:00:00,509,0,PET (400)
417,2024-02-20T15:12:04.000Z,2024-02-20T15:12:24.000Z,20,403899,Completed,02/20/2024 15:00:04,02/20/2024 16:17:24,Unplanned,MiraFlex 1,MiraFlex 1,B,15:00:00,23:00:00,509,0,PET (400)
418,2024-02-20T15:16:44.000Z,2024-02-20T15:17:04.000Z,20,403912,Completed,02/20/2024 15:00:04,02/20/2024 16:17:24,Unplanned,MiraFlex 1,MiraFlex 1,B,15:00:00,23:00:00,509,0,PET (400)
419,2024-02-20T16:01:04.000Z,2024-02-20T16:01:24.000Z,20,404044,Completed,02/20/2024 15:00:04,02/20/2024 16:17:24,Unplanned,MiraFlex 1,MiraFlex 1,B,15:00:00,23:00:00,509,0,PET (400)
420,2024-02-20T17:27:25.000Z,2024-02-20T17:39:45.000Z,740,404300,Completed,02/20/2024 17:27:25,02/20/2024 19:24:26,Unplanned,MiraFlex 1,MiraFlex 1,B,15:00:00,23:00:00,511,0,PET (400)
421,2024-02-20T17:51:40.000Z,2024-02-20T17:52:25.000Z,45,404372,Completed,02/20/2024 17:27:25,02/20/2024 19:24:26,Unplanned,MiraFlex 1,MiraFlex 1,B,15:00:00,23:00:00,511,0,PET (400)
422,2024-02-20T17:53:25.000Z,2024-02-20T18:09:45.000Z,980,404377,Completed,02/20/2024 17:27:25,02/20/2024 19:24:26,Unplanned,MiraFlex 1,MiraFlex 1,B,15:00:00,23:00:00,511,0,PET (400)
423,2024-02-20T18:12:25.000Z,2024-02-20T18:18:45.000Z,380,404434,Completed,02/20/2024 17:27:25,02/20/2024 19:24:26,Unplanned,MiraFlex 1,MiraFlex 1,B,15:00:00,23:00:00,511,0,PET (400)
424,2024-02-20T18:21:05.000Z,2024-02-20T18:42:26.000Z,1281,404460,Completed,02/20/2024 17:27:25,02/20/2024 19:24:26,Unplanned,MiraFlex 1,MiraFlex 1,B,15:00:00,23:00:00,511,0,PET (400)
425,2024-02-20T16:20:44.000Z,2024-02-20T16:21:04.000Z,20,404101,Completed,02/20/2024 16:17:44,02/20/2024 19:30:26,Unplanned,MiraFlex 1,MiraFlex 1,B,15:00:00,23:00:00,510,0,PET (400)
426,2024-02-20T17:03:45.000Z,2024-02-20T17:04:05.000Z,20,404229,Completed,02/20/2024 16:17:44,02/20/2024 19:30:26,Unplanned,MiraFlex 1,MiraFlex 1,B,15:00:00,23:00:00,510,0,PET (400)
427,2024-02-20T17:19:45.000Z,2024-02-20T17:39:45.000Z,1200,404277,Completed,02/20/2024 16:17:44,02/20/2024 19:30:26,Unplanned,MiraFlex 1,MiraFlex 1,B,15:00:00,23:00:00,510,0,PET (400)
428,2024-02-20T17:51:40.000Z,2024-02-20T17:52:25.000Z,45,404372,Completed,02/20/2024 16:17:44,02/20/2024 19:30:26,Unplanned,MiraFlex 1,MiraFlex 1,B,15:00:00,23:00:00,510,0,PET (400)
429,2024-02-20T17:53:25.000Z,2024-02-20T18:09:45.000Z,980,404377,Completed,02/20/2024 16:17:44,02/20/2024 19:30:26,Unplanned,MiraFlex 1,MiraFlex 1,B,15:00:00,23:00:00,510,0,PET (400)
430,2024-02-20T18:12:25.000Z,2024-02-20T18:18:45.000Z,380,404434,Completed,02/20/2024 16:17:44,02/20/2024 19:30:26,Unplanned,MiraFlex 1,MiraFlex 1,B,15:00:00,23:00:00,510,0,PET (400)
431,2024-02-20T18:21:05.000Z,2024-02-20T18:42:26.000Z,1281,404460,Completed,02/20/2024 16:17:44,02/20/2024 19:30:26,Unplanned,MiraFlex 1,MiraFlex 1,B,15:00:00,23:00:00,510,0,PET (400)
432,2024-02-20T16:20:44.000Z,2024-02-20T16:21:04.000Z,20,404101,Completed,02/20/2024 16:18:04,02/20/2024 17:24:45,Unplanned,MiraFlex 1,MiraFlex 1,B,15:00:00,23:00:00,510,0,PET (400)
433,2024-02-20T17:03:45.000Z,2024-02-20T17:04:05.000Z,20,404229,Completed,02/20/2024 16:18:04,02/20/2024 17:24:45,Unplanned,MiraFlex 1,MiraFlex 1,B,15:00:00,23:00:00,510,0,PET (400)
434,2024-02-20T00:17:16.000Z,2024-02-20T00:34:16.000Z,1020,400034,Completed,02/19/2024 23:00:16,02/20/2024 06:59:40,Unplanned,MiraFlex 1,MiraFlex 1,C,23:00:00,07:00:00,509,0,PET (400)
435,2024-02-20T00:51:37.000Z,2024-02-20T00:53:17.000Z,100,400250,Completed,02/19/2024 23:00:16,02/20/2024 06:59:40,Unplanned,MiraFlex 1,MiraFlex 1,C,23:00:00,07:00:00,509,0,PET (400)
436,2024-02-20T00:56:37.000Z,2024-02-20T01:12:57.000Z,980,400278,Completed,02/19/2024 23:00:16,02/20/2024 06:59:40,Unplanned,MiraFlex 1,MiraFlex 1,C,23:00:00,07:00:00,509,0,PET (400)
437,2024-02-20T01:44:57.000Z,2024-02-20T02:00:57.000Z,960,400564,Completed,02/19/2024 23:00:16,02/20/2024 06:59:40,Unplanned,MiraFlex 1,MiraFlex 1,C,23:00:00,07:00:00,509,0,PET (400)
438,2024-02-20T02:10:17.000Z,2024-02-20T02:14:37.000Z,260,400721,Completed,02/19/2024 23:00:16,02/20/2024 06:59:40,Unplanned,MiraFlex 1,MiraFlex 1,C,23:00:00,07:00:00,509,0,PET (400)
439,2024-02-20T03:08:58.000Z,2024-02-20T03:15:38.000Z,400,401060,Completed,02/19/2024 23:00:16,02/20/2024 06:59:40,Unplanned,MiraFlex 1,MiraFlex 1,C,23:00:00,07:00:00,509,0,PET (400)
440,2024-02-20T03:30:58.000Z,2024-02-20T03:49:18.000Z,1100,401194,Completed,02/19/2024 23:00:16,02/20/2024 06:59:40,Unplanned,MiraFlex 1,MiraFlex 1,C,23:00:00,07:00:00,509,0,PET (400)
441,2024-02-20T03:56:38.000Z,2024-02-20T04:33:18.000Z,2200,401352,Completed,02/19/2024 23:00:16,02/20/2024 06:59:40,Unplanned,MiraFlex 1,MiraFlex 1,C,23:00:00,07:00:00,509,0,PET (400)
442,2024-02-20T04:39:38.000Z,2024-02-20T05:05:39.000Z,1561,401618,Completed,02/19/2024 23:00:16,02/20/2024 06:59:40,Unplanned,MiraFlex 1,MiraFlex 1,C,23:00:00,07:00:00,509,0,PET (400)
443,2024-02-20T05:06:39.000Z,2024-02-20T05:11:19.000Z,280,401773,Completed,02/19/2024 23:00:16,02/20/2024 06:59:40,Unplanned,MiraFlex 1,MiraFlex 1,C,23:00:00,07:00:00,509,0,PET (400)
444,2024-02-20T05:13:19.000Z,2024-02-20T05:39:19.000Z,1560,401809,Completed,02/19/2024 23:00:16,02/20/2024 06:59:40,Unplanned,MiraFlex 1,MiraFlex 1,C,23:00:00,07:00:00,509,0,PET (400)
445,2024-02-20T05:40:39.000Z,2024-02-20T06:18:19.000Z,2260,401963,Completed,02/19/2024 23:00:16,02/20/2024 06:59:40,Unplanned,MiraFlex 1,MiraFlex 1,C,23:00:00,07:00:00,509,0,PET (400)
446,2024-02-20T06:19:19.000Z,2024-02-20T06:23:19.000Z,240,402193,Completed,02/19/2024 23:00:16,02/20/2024 06:59:40,Unplanned,MiraFlex 1,MiraFlex 1,C,23:00:00,07:00:00,509,0,PET (400)
447,2024-02-20T07:00:00.000Z,2024-02-20T07:19:40.000Z,1180,402436,Completed,02/20/2024 07:00:00,02/20/2024 14:59:44,Unplanned,MiraFlex 1,MiraFlex 1,A,07:00:00,15:00:00,509,0,PET (400)
448,2024-02-20T07:28:00.000Z,2024-02-20T07:49:00.000Z,1260,402519,Completed,02/20/2024 07:00:00,02/20/2024 14:59:44,Unplanned,MiraFlex 1,MiraFlex 1,A,07:00:00,15:00:00,509,0,PET (400)
449,2024-02-20T07:52:40.000Z,2024-02-20T08:01:20.000Z,520,402593,Completed,02/20/2024 07:00:00,02/20/2024 14:59:44,Unplanned,MiraFlex 1,MiraFlex 1,A,07:00:00,15:00:00,509,0,PET (400)
450,2024-02-20T08:03:00.000Z,2024-02-20T08:03:20.000Z,20,402623,Completed,02/20/2024 07:00:00,02/20/2024 14:59:44,Unplanned,MiraFlex 1,MiraFlex 1,A,07:00:00,15:00:00,509,0,PET (400)
451,2024-02-20T08:33:20.000Z,2024-02-20T08:45:41.000Z,741,402714,Completed,02/20/2024 07:00:00,02/20/2024 14:59:44,Unplanned,MiraFlex 1,MiraFlex 1,A,07:00:00,15:00:00,509,0,PET (400)
452,2024-02-20T08:49:41.000Z,2024-02-20T08:50:01.000Z,20,402762,Completed,02/20/2024 07:00:00,02/20/2024 14:59:44,Unplanned,MiraFlex 1,MiraFlex 1,A,07:00:00,15:00:00,509,0,PET (400)
453,2024-02-20T09:10:01.000Z,2024-02-20T11:09:42.000Z,7181,402823,Completed,02/20/2024 07:00:00,02/20/2024 14:59:44,Unplanned,MiraFlex 1,MiraFlex 1,A,07:00:00,15:00:00,509,0,PET (400)
454,2024-02-20T11:20:02.000Z,2024-02-20T12:23:22.000Z,3800,403212,Completed,02/20/2024 07:00:00,02/20/2024 14:59:44,Unplanned,MiraFlex 1,MiraFlex 1,A,07:00:00,15:00:00,509,0,PET (400)
455,2024-02-20T12:24:02.000Z,2024-02-20T12:51:43.000Z,1661,403404,Completed,02/20/2024 07:00:00,02/20/2024 14:59:44,Unplanned,MiraFlex 1,MiraFlex 1,A,07:00:00,15:00:00,509,0,PET (400)
456,2024-02-20T12:55:23.000Z,2024-02-20T14:09:23.000Z,4440,403498,Completed,02/20/2024 07:00:00,02/20/2024 14:59:44,Unplanned,MiraFlex 1,MiraFlex 1,A,07:00:00,15:00:00,509,0,PET (400)
457,2024-02-20T14:21:03.000Z,2024-02-20T14:32:03.000Z,660,403747,Completed,02/20/2024 07:00:00,02/20/2024 14:59:44,Unplanned,MiraFlex 1,MiraFlex 1,A,07:00:00,15:00:00,509,0,PET (400)
458,2024-02-20T14:33:23.000Z,2024-02-20T14:48:04.000Z,881,403784,Completed,02/20/2024 07:00:00,02/20/2024 14:59:44,Unplanned,MiraFlex 1,MiraFlex 1,A,07:00:00,15:00:00,509,0,PET (400)
459,2024-02-20T17:27:25.000Z,2024-02-20T17:39:45.000Z,740,404300,Completed,02/20/2024 17:27:25,02/20/2024 19:24:26,Unplanned,MiraFlex 1,MiraFlex 1,B,15:00:00,23:00:00,511,0,PET (400)
460,2024-02-20T17:51:40.000Z,2024-02-20T17:52:25.000Z,45,404372,Completed,02/20/2024 17:27:25,02/20/2024 19:24:26,Unplanned,MiraFlex 1,MiraFlex 1,B,15:00:00,23:00:00,511,0,PET (400)
461,2024-02-20T17:53:25.000Z,2024-02-20T18:09:45.000Z,980,404377,Completed,02/20/2024 17:27:25,02/20/2024 19:24:26,Unplanned,MiraFlex 1,MiraFlex 1,B,15:00:00,23:00:00,511,0,PET (400)
462,2024-02-20T18:12:25.000Z,2024-02-20T18:18:45.000Z,380,404434,Completed,02/20/2024 17:27:25,02/20/2024 19:24:26,Unplanned,MiraFlex 1,MiraFlex 1,B,15:00:00,23:00:00,511,0,PET (400)
463,2024-02-20T18:21:05.000Z,2024-02-20T18:42:26.000Z,1281,404460,Completed,02/20/2024 17:27:25,02/20/2024 19:24:26,Unplanned,MiraFlex 1,MiraFlex 1,B,15:00:00,23:00:00,511,0,PET (400)
464,2024-02-20T19:30:46.000Z,2024-02-20T19:44:06.000Z,800,404669,Completed,02/20/2024 19:30:46,02/20/2024 21:03:27,Unplanned,MiraFlex 1,MiraFlex 1,B,15:00:00,23:00:00,513,0,PET(400)
465,2024-02-20T19:53:46.000Z,2024-02-20T19:54:06.000Z,20,404735,Completed,02/20/2024 19:30:46,02/20/2024 21:03:27,Unplanned,MiraFlex 1,MiraFlex 1,B,15:00:00,23:00:00,513,0,PET(400)
466,2024-02-20T19:57:26.000Z,2024-02-20T20:12:26.000Z,900,404746,Completed,02/20/2024 19:30:46,02/20/2024 21:03:27,Unplanned,MiraFlex 1,MiraFlex 1,B,15:00:00,23:00:00,513,0,PET(400)
467,2024-02-20T20:20:06.000Z,2024-02-20T20:28:06.000Z,480,404814,Completed,02/20/2024 19:30:46,02/20/2024 21:03:27,Unplanned,MiraFlex 1,MiraFlex 1,B,15:00:00,23:00:00,513,0,PET(400)
468,2024-02-20T20:34:26.000Z,2024-02-20T20:39:07.000Z,281,404857,Completed,02/20/2024 19:30:46,02/20/2024 21:03:27,Unplanned,MiraFlex 1,MiraFlex 1,B,15:00:00,23:00:00,513,0,PET(400)
469,2024-02-20T20:48:07.000Z,2024-02-20T21:01:27.000Z,800,404898,Completed,02/20/2024 19:30:46,02/20/2024 21:03:27,Unplanned,MiraFlex 1,MiraFlex 1,B,15:00:00,23:00:00,513,0,PET(400)
470,2024-02-22T07:03:04.000Z,2024-02-22T07:03:24.000Z,20,413856,Completed,02/22/2024 07:00:04,02/22/2024 11:30:06,Unplanned,MiraFlex 1,MiraFlex 1,A,07:00:00,15:00:00,513,0,undefined
471,2024-02-22T07:38:24.000Z,2024-02-22T08:19:25.000Z,2461,413962,Completed,02/22/2024 07:00:04,02/22/2024 11:30:06,Unplanned,MiraFlex 1,MiraFlex 1,A,07:00:00,15:00:00,513,0,undefined
472,2024-02-22T08:38:25.000Z,2024-02-22T08:42:05.000Z,220,414142,Completed,02/22/2024 07:00:04,02/22/2024 11:30:06,Unplanned,MiraFlex 1,MiraFlex 1,A,07:00:00,15:00:00,513,0,undefined
473,2024-02-22T09:22:25.000Z,2024-02-22T09:27:05.000Z,280,414272,Completed,02/22/2024 07:00:04,02/22/2024 11:30:06,Unplanned,MiraFlex 1,MiraFlex 1,A,07:00:00,15:00:00,513,0,undefined
474,2024-02-22T09:48:25.000Z,2024-02-22T10:01:05.000Z,760,414350,Completed,02/22/2024 07:00:04,02/22/2024 11:30:06,Unplanned,MiraFlex 1,MiraFlex 1,A,07:00:00,15:00:00,513,0,undefined
475,2024-02-22T10:39:46.000Z,2024-02-22T10:47:26.000Z,460,414503,Completed,02/22/2024 07:00:04,02/22/2024 11:30:06,Unplanned,MiraFlex 1,MiraFlex 1,A,07:00:00,15:00:00,513,0,undefined
476,2024-02-22T10:49:26.000Z,2024-02-22T10:49:46.000Z,20,414531,Completed,02/22/2024 07:00:04,02/22/2024 11:30:06,Unplanned,MiraFlex 1,MiraFlex 1,A,07:00:00,15:00:00,513,0,undefined
477,2024-02-22T11:46:46.000Z,2024-02-22T11:53:06.000Z,380,414694,Completed,02/22/2024 11:31:06,02/22/2024 14:59:48,Unplanned,MiraFlex 1,MiraFlex 1,A,07:00:00,15:00:00,507,0,PET (400)
478,2024-02-22T12:14:47.000Z,2024-02-22T12:30:47.000Z,960,414776,Completed,02/22/2024 11:31:06,02/22/2024 14:59:48,Unplanned,MiraFlex 1,MiraFlex 1,A,07:00:00,15:00:00,507,0,PET (400)
479,2024-02-22T12:31:07.000Z,2024-02-22T12:32:27.000Z,80,414825,Completed,02/22/2024 11:31:06,02/22/2024 14:59:48,Unplanned,MiraFlex 1,MiraFlex 1,A,07:00:00,15:00:00,507,0,PET (400)
480,2024-02-22T13:07:27.000Z,2024-02-22T13:10:47.000Z,200,414934,Completed,02/22/2024 11:31:06,02/22/2024 14:59:48,Unplanned,MiraFlex 1,MiraFlex 1,A,07:00:00,15:00:00,507,0,PET (400)
481,2024-02-22T13:24:27.000Z,2024-02-22T13:47:07.000Z,1360,414985,Completed,02/22/2024 11:31:06,02/22/2024 14:59:48,Unplanned,MiraFlex 1,MiraFlex 1,A,07:00:00,15:00:00,507,0,PET (400)
482,2024-02-22T14:32:28.000Z,2024-02-22T14:39:28.000Z,420,415187,Completed,02/22/2024 11:31:06,02/22/2024 14:59:48,Unplanned,MiraFlex 1,MiraFlex 1,A,07:00:00,15:00:00,507,0,PET (400)
483,2024-02-21T07:00:12.000Z,2024-02-21T11:19:34.000Z,15562,408209,Completed,02/21/2024 07:00:12,02/21/2024 14:59:56,Unplanned,MiraFlex 1,MiraFlex 1,A,07:00:00,15:00:00,513,0,undefined
484,2024-02-21T11:19:54.000Z,2024-02-21T11:33:54.000Z,840,408912,Completed,02/21/2024 07:00:12,02/21/2024 14:59:56,Unplanned,MiraFlex 1,MiraFlex 1,A,07:00:00,15:00:00,513,0,undefined
485,2024-02-21T11:36:14.000Z,2024-02-21T11:36:34.000Z,20,408960,Completed,02/21/2024 07:00:12,02/21/2024 14:59:56,Unplanned,MiraFlex 1,MiraFlex 1,A,07:00:00,15:00:00,513,0,undefined
486,2024-02-21T12:15:54.000Z,2024-02-21T12:16:14.000Z,20,409078,Completed,02/21/2024 07:00:12,02/21/2024 14:59:56,Unplanned,MiraFlex 1,MiraFlex 1,A,07:00:00,15:00:00,513,0,undefined
487,2024-02-21T12:47:15.000Z,2024-02-21T14:07:55.000Z,4840,409171,Completed,02/21/2024 07:00:12,02/21/2024 14:59:56,Unplanned,MiraFlex 1,MiraFlex 1,A,07:00:00,15:00:00,513,0,undefined
488,2024-02-21T14:09:15.000Z,2024-02-21T14:14:35.000Z,320,409417,Completed,02/21/2024 07:00:12,02/21/2024 14:59:56,Unplanned,MiraFlex 1,MiraFlex 1,A,07:00:00,15:00:00,513,0,undefined
489,2024-02-21T14:15:35.000Z,2024-02-21T14:18:15.000Z,160,409436,Completed,02/21/2024 07:00:12,02/21/2024 14:59:56,Unplanned,MiraFlex 1,MiraFlex 1,A,07:00:00,15:00:00,513,0,undefined
490,2024-02-21T14:19:15.000Z,2024-02-21T14:21:55.000Z,160,409447,Completed,02/21/2024 07:00:12,02/21/2024 14:59:56,Unplanned,MiraFlex 1,MiraFlex 1,A,07:00:00,15:00:00,513,0,undefined
491,2024-02-21T14:26:35.000Z,2024-02-21T14:38:16.000Z,701,409469,Completed,02/21/2024 07:00:12,02/21/2024 14:59:56,Unplanned,MiraFlex 1,MiraFlex 1,A,07:00:00,15:00:00,513,0,undefined
492,2024-02-21T14:38:56.000Z,2024-02-21T14:39:16.000Z,20,409506,Completed,02/21/2024 07:00:12,02/21/2024 14:59:56,Unplanned,MiraFlex 1,MiraFlex 1,A,07:00:00,15:00:00,513,0,undefined
493,2024-02-21T14:42:56.000Z,2024-02-21T14:49:16.000Z,380,409518,Completed,02/21/2024 07:00:12,02/21/2024 14:59:56,Unplanned,MiraFlex 1,MiraFlex 1,A,07:00:00,15:00:00,513,0,undefined
494,2024-02-21T15:00:16.000Z,2024-02-21T15:39:36.000Z,2360,409570,Completed,02/21/2024 15:00:16,02/21/2024 22:59:40,Unplanned,MiraFlex 1,MiraFlex 1,B,15:00:00,23:00:00,513,0,undefined
495,2024-02-21T15:40:16.000Z,2024-02-21T15:40:56.000Z,40,409688,Completed,02/21/2024 15:00:16,02/21/2024 22:59:40,Unplanned,MiraFlex 1,MiraFlex 1,B,15:00:00,23:00:00,513,0,undefined
496,2024-02-21T15:41:36.000Z,2024-02-21T16:09:56.000Z,1700,409692,Completed,02/21/2024 15:00:16,02/21/2024 22:59:40,Unplanned,MiraFlex 1,MiraFlex 1,B,15:00:00,23:00:00,513,0,undefined
497,2024-02-21T16:10:36.000Z,2024-02-21T16:18:56.000Z,500,409779,Completed,02/21/2024 15:00:16,02/21/2024 22:59:40,Unplanned,MiraFlex 1,MiraFlex 1,B,15:00:00,23:00:00,513,0,undefined
498,2024-02-21T16:28:57.000Z,2024-02-21T17:29:57.000Z,3660,409834,Completed,02/21/2024 15:00:16,02/21/2024 22:59:40,Unplanned,MiraFlex 1,MiraFlex 1,B,15:00:00,23:00:00,513,0,undefined
499,2024-02-21T17:34:37.000Z,2024-02-21T17:34:57.000Z,20,410030,Completed,02/21/2024 15:00:16,02/21/2024 22:59:40,Unplanned,MiraFlex 1,MiraFlex 1,B,15:00:00,23:00:00,513,0,undefined
500,2024-02-21T17:39:57.000Z,2024-02-21T17:50:37.000Z,640,410046,Completed,02/21/2024 15:00:16,02/21/2024 22:59:40,Unplanned,MiraFlex 1,MiraFlex 1,B,15:00:00,23:00:00,513,0,undefined
501,2024-02-21T17:50:57.000Z,2024-02-21T17:54:57.000Z,240,410079,Completed,02/21/2024 15:00:16,02/21/2024 22:59:40,Unplanned,MiraFlex 1,MiraFlex 1,B,15:00:00,23:00:00,513,0,undefined
502,2024-02-21T17:55:37.000Z,2024-02-21T18:03:57.000Z,500,410093,Completed,02/21/2024 15:00:16,02/21/2024 22:59:40,Unplanned,MiraFlex 1,MiraFlex 1,B,15:00:00,23:00:00,513,0,undefined
503,2024-02-21T18:07:17.000Z,2024-02-21T18:15:37.000Z,500,410128,Completed,02/21/2024 15:00:16,02/21/2024 22:59:40,Unplanned,MiraFlex 1,MiraFlex 1,B,15:00:00,23:00:00,513,0,undefined
504,2024-02-21T18:17:57.000Z,2024-02-21T18:30:58.000Z,781,410160,Completed,02/21/2024 15:00:16,02/21/2024 22:59:40,Unplanned,MiraFlex 1,MiraFlex 1,B,15:00:00,23:00:00,513,0,undefined
505,2024-02-21T19:24:38.000Z,2024-02-21T19:24:58.000Z,20,410358,Completed,02/21/2024 15:00:16,02/21/2024 22:59:40,Unplanned,MiraFlex 1,MiraFlex 1,B,15:00:00,23:00:00,513,0,undefined
506,2024-02-21T19:27:18.000Z,2024-02-21T19:31:38.000Z,260,410366,Completed,02/21/2024 15:00:16,02/21/2024 22:59:40,Unplanned,MiraFlex 1,MiraFlex 1,B,15:00:00,23:00:00,513,0,undefined
507,2024-02-21T19:32:18.000Z,2024-02-21T19:32:38.000Z,20,410380,Completed,02/21/2024 15:00:16,02/21/2024 22:59:40,Unplanned,MiraFlex 1,MiraFlex 1,B,15:00:00,23:00:00,513,0,undefined
508,2024-02-21T19:44:18.000Z,2024-02-21T20:36:39.000Z,3141,410416,Completed,02/21/2024 15:00:16,02/21/2024 22:59:40,Unplanned,MiraFlex 1,MiraFlex 1,B,15:00:00,23:00:00,513,0,undefined
509,2024-02-21T20:36:59.000Z,2024-02-21T20:38:39.000Z,100,410574,Completed,02/21/2024 15:00:16,02/21/2024 22:59:40,Unplanned,MiraFlex 1,MiraFlex 1,B,15:00:00,23:00:00,513,0,undefined
510,2024-02-21T21:02:19.000Z,2024-02-21T21:05:59.000Z,220,410650,Completed,02/21/2024 15:00:16,02/21/2024 22:59:40,Unplanned,MiraFlex 1,MiraFlex 1,B,15:00:00,23:00:00,513,0,undefined
511,2024-02-21T21:12:19.000Z,2024-02-21T21:24:39.000Z,740,410680,Completed,02/21/2024 15:00:16,02/21/2024 22:59:40,Unplanned,MiraFlex 1,MiraFlex 1,B,15:00:00,23:00:00,513,0,undefined
512,2024-02-21T21:24:59.000Z,2024-02-21T21:26:19.000Z,80,410718,Completed,02/21/2024 15:00:16,02/21/2024 22:59:40,Unplanned,MiraFlex 1,MiraFlex 1,B,15:00:00,23:00:00,513,0,undefined
513,2024-02-21T21:33:39.000Z,2024-02-21T21:40:19.000Z,400,410744,Completed,02/21/2024 15:00:16,02/21/2024 22:59:40,Unplanned,MiraFlex 1,MiraFlex 1,B,15:00:00,23:00:00,513,0,undefined
514,2024-02-21T21:52:59.000Z,2024-02-21T21:55:39.000Z,160,410801,Completed,02/21/2024 15:00:16,02/21/2024 22:59:40,Unplanned,MiraFlex 1,MiraFlex 1,B,15:00:00,23:00:00,513,0,undefined
515,2024-02-21T22:24:00.000Z,2024-02-21T22:59:20.000Z,2120,410894,Completed,02/21/2024 15:00:16,02/21/2024 22:59:40,Unplanned,MiraFlex 1,MiraFlex 1,B,15:00:00,23:00:00,513,0,undefined
516,2024-02-22T23:23:52.000Z,2024-02-22T23:34:12.000Z,620,416785,Completed,02/22/2024 23:00:12,02/23/2024 05:36:15,Unplanned,MiraFlex 1,MiraFlex 1,C,23:00:00,07:00:00,507,0,PET (400)
517,2024-02-22T23:47:52.000Z,2024-02-23T00:08:53.000Z,1261,416927,Completed,02/22/2024 23:00:12,02/23/2024 05:36:15,Unplanned,MiraFlex 1,MiraFlex 1,C,23:00:00,07:00:00,507,0,PET (400)
518,2024-02-23T00:17:53.000Z,2024-02-23T00:27:33.000Z,580,417103,Completed,02/22/2024 23:00:12,02/23/2024 05:36:15,Unplanned,MiraFlex 1,MiraFlex 1,C,23:00:00,07:00:00,507,0,PET (400)
519,2024-02-23T00:51:53.000Z,2024-02-23T00:54:53.000Z,180,417312,Completed,02/22/2024 23:00:12,02/23/2024 05:36:15,Unplanned,MiraFlex 1,MiraFlex 1,C,23:00:00,07:00:00,507,0,PET (400)
520,2024-02-23T01:15:53.000Z,2024-02-23T01:19:13.000Z,200,417451,Completed,02/22/2024 23:00:12,02/23/2024 05:36:15,Unplanned,MiraFlex 1,MiraFlex 1,C,23:00:00,07:00:00,507,0,PET (400)
521,2024-02-23T01:28:53.000Z,2024-02-23T02:58:14.000Z,5361,417523,Completed,02/22/2024 23:00:12,02/23/2024 05:36:15,Unplanned,MiraFlex 1,MiraFlex 1,C,23:00:00,07:00:00,507,0,PET (400)
522,2024-02-23T03:06:14.000Z,2024-02-23T03:09:54.000Z,220,418124,Completed,02/22/2024 23:00:12,02/23/2024 05:36:15,Unplanned,MiraFlex 1,MiraFlex 1,C,23:00:00,07:00:00,507,0,PET (400)
523,2024-02-23T03:10:34.000Z,2024-02-23T03:12:14.000Z,100,418153,Completed,02/22/2024 23:00:12,02/23/2024 05:36:15,Unplanned,MiraFlex 1,MiraFlex 1,C,23:00:00,07:00:00,507,0,PET (400)
524,2024-02-23T03:16:54.000Z,2024-02-23T03:37:54.000Z,1260,418195,Completed,02/22/2024 23:00:12,02/23/2024 05:36:15,Unplanned,MiraFlex 1,MiraFlex 1,C,23:00:00,07:00:00,507,0,PET (400)
525,2024-02-23T03:40:34.000Z,2024-02-23T04:08:15.000Z,1661,418342,Completed,02/22/2024 23:00:12,02/23/2024 05:36:15,Unplanned,MiraFlex 1,MiraFlex 1,C,23:00:00,07:00:00,507,0,PET (400)
526,2024-02-21T15:00:16.000Z,2024-02-21T15:39:36.000Z,2360,409570,Completed,02/21/2024 15:00:16,02/21/2024 22:59:40,Unplanned,MiraFlex 1,MiraFlex 1,B,15:00:00,23:00:00,513,0,undefined
527,2024-02-21T15:40:16.000Z,2024-02-21T15:40:56.000Z,40,409688,Completed,02/21/2024 15:00:16,02/21/2024 22:59:40,Unplanned,MiraFlex 1,MiraFlex 1,B,15:00:00,23:00:00,513,0,undefined
528,2024-02-21T15:41:36.000Z,2024-02-21T16:09:56.000Z,1700,409692,Completed,02/21/2024 15:00:16,02/21/2024 22:59:40,Unplanned,MiraFlex 1,MiraFlex 1,B,15:00:00,23:00:00,513,0,undefined
529,2024-02-21T16:10:36.000Z,2024-02-21T16:18:56.000Z,500,409779,Completed,02/21/2024 15:00:16,02/21/2024 22:59:40,Unplanned,MiraFlex 1,MiraFlex 1,B,15:00:00,23:00:00,513,0,undefined
530,2024-02-21T16:28:57.000Z,2024-02-21T17:29:57.000Z,3660,409834,Completed,02/21/2024 15:00:16,02/21/2024 22:59:40,Unplanned,MiraFlex 1,MiraFlex 1,B,15:00:00,23:00:00,513,0,undefined
531,2024-02-21T17:34:37.000Z,2024-02-21T17:34:57.000Z,20,410030,Completed,02/21/2024 15:00:16,02/21/2024 22:59:40,Unplanned,MiraFlex 1,MiraFlex 1,B,15:00:00,23:00:00,513,0,undefined
532,2024-02-21T17:39:57.000Z,2024-02-21T17:50:37.000Z,640,410046,Completed,02/21/2024 15:00:16,02/21/2024 22:59:40,Unplanned,MiraFlex 1,MiraFlex 1,B,15:00:00,23:00:00,513,0,undefined
533,2024-02-21T17:50:57.000Z,2024-02-21T17:54:57.000Z,240,410079,Completed,02/21/2024 15:00:16,02/21/2024 22:59:40,Unplanned,MiraFlex 1,MiraFlex 1,B,15:00:00,23:00:00,513,0,undefined
534,2024-02-21T17:55:37.000Z,2024-02-21T18:03:57.000Z,500,410093,Completed,02/21/2024 15:00:16,02/21/2024 22:59:40,Unplanned,MiraFlex 1,MiraFlex 1,B,15:00:00,23:00:00,513,0,undefined
535,2024-02-21T18:07:17.000Z,2024-02-21T18:15:37.000Z,500,410128,Completed,02/21/2024 15:00:16,02/21/2024 22:59:40,Unplanned,MiraFlex 1,MiraFlex 1,B,15:00:00,23:00:00,513,0,undefined
536,2024-02-21T18:17:57.000Z,2024-02-21T18:30:58.000Z,781,410160,Completed,02/21/2024 15:00:16,02/21/2024 22:59:40,Unplanned,MiraFlex 1,MiraFlex 1,B,15:00:00,23:00:00,513,0,undefined
537,2024-02-21T19:24:38.000Z,2024-02-21T19:24:58.000Z,20,410358,Completed,02/21/2024 15:00:16,02/21/2024 22:59:40,Unplanned,MiraFlex 1,MiraFlex 1,B,15:00:00,23:00:00,513,0,undefined
538,2024-02-21T19:27:18.000Z,2024-02-21T19:31:38.000Z,260,410366,Completed,02/21/2024 15:00:16,02/21/2024 22:59:40,Unplanned,MiraFlex 1,MiraFlex 1,B,15:00:00,23:00:00,513,0,undefined
539,2024-02-21T19:32:18.000Z,2024-02-21T19:32:38.000Z,20,410380,Completed,02/21/2024 15:00:16,02/21/2024 22:59:40,Unplanned,MiraFlex 1,MiraFlex 1,B,15:00:00,23:00:00,513,0,undefined
540,2024-02-21T19:44:18.000Z,2024-02-21T20:36:39.000Z,3141,410416,Completed,02/21/2024 15:00:16,02/21/2024 22:59:40,Unplanned,MiraFlex 1,MiraFlex 1,B,15:00:00,23:00:00,513,0,undefined
541,2024-02-21T20:36:59.000Z,2024-02-21T20:38:39.000Z,100,410574,Completed,02/21/2024 15:00:16,02/21/2024 22:59:40,Unplanned,MiraFlex 1,MiraFlex 1,B,15:00:00,23:00:00,513,0,undefined
542,2024-02-21T21:02:19.000Z,2024-02-21T21:05:59.000Z,220,410650,Completed,02/21/2024 15:00:16,02/21/2024 22:59:40,Unplanned,MiraFlex 1,MiraFlex 1,B,15:00:00,23:00:00,513,0,undefined
543,2024-02-21T21:12:19.000Z,2024-02-21T21:24:39.000Z,740,410680,Completed,02/21/2024 15:00:16,02/21/2024 22:59:40,Unplanned,MiraFlex 1,MiraFlex 1,B,15:00:00,23:00:00,513,0,undefined
544,2024-02-21T21:24:59.000Z,2024-02-21T21:26:19.000Z,80,410718,Completed,02/21/2024 15:00:16,02/21/2024 22:59:40,Unplanned,MiraFlex 1,MiraFlex 1,B,15:00:00,23:00:00,513,0,undefined
545,2024-02-21T21:33:39.000Z,2024-02-21T21:40:19.000Z,400,410744,Completed,02/21/2024 15:00:16,02/21/2024 22:59:40,Unplanned,MiraFlex 1,MiraFlex 1,B,15:00:00,23:00:00,513,0,undefined
546,2024-02-21T21:52:59.000Z,2024-02-21T21:55:39.000Z,160,410801,Completed,02/21/2024 15:00:16,02/21/2024 22:59:40,Unplanned,MiraFlex 1,MiraFlex 1,B,15:00:00,23:00:00,513,0,undefined
547,2024-02-21T22:24:00.000Z,2024-02-21T22:59:20.000Z,2120,410894,Completed,02/21/2024 15:00:16,02/21/2024 22:59:40,Unplanned,MiraFlex 1,MiraFlex 1,B,15:00:00,23:00:00,513,0,undefined
548,2024-02-21T23:00:00.000Z,2024-02-21T23:07:00.000Z,420,411002,Completed,02/21/2024 23:00:00,02/22/2024 06:29:44,Unplanned,MiraFlex 1,MiraFlex 1,C,23:00:00,07:00:00,513,0,undefined
549,2024-02-21T23:41:40.000Z,2024-02-21T23:42:00.000Z,20,411239,Completed,02/21/2024 23:00:00,02/22/2024 06:29:44,Unplanned,MiraFlex 1,MiraFlex 1,C,23:00:00,07:00:00,513,0,undefined
550,2024-02-22T00:00:00.000Z,2024-02-22T00:07:40.000Z,460,411345,Completed,02/21/2024 23:00:00,02/22/2024 06:29:44,Unplanned,MiraFlex 1,MiraFlex 1,C,23:00:00,07:00:00,513,0,undefined
551,2024-02-22T00:39:01.000Z,2024-02-22T00:40:01.000Z,60,411571,Completed,02/21/2024 23:00:00,02/22/2024 06:29:44,Unplanned,MiraFlex 1,MiraFlex 1,C,23:00:00,07:00:00,513,0,undefined
552,2024-02-22T00:47:41.000Z,2024-02-22T00:55:41.000Z,480,411616,Completed,02/21/2024 23:00:00,02/22/2024 06:29:44,Unplanned,MiraFlex 1,MiraFlex 1,C,23:00:00,07:00:00,513,0,undefined
553,2024-02-22T00:56:41.000Z,2024-02-22T00:57:01.000Z,20,411666,Completed,02/21/2024 23:00:00,02/22/2024 06:29:44,Unplanned,MiraFlex 1,MiraFlex 1,C,23:00:00,07:00:00,513,0,undefined
554,2024-02-22T01:42:01.000Z,2024-02-22T01:48:21.000Z,380,411930,Completed,02/21/2024 23:00:00,02/22/2024 06:29:44,Unplanned,MiraFlex 1,MiraFlex 1,C,23:00:00,07:00:00,513,0,undefined
555,2024-02-22T02:02:21.000Z,2024-02-22T02:02:41.000Z,20,412047,Completed,02/21/2024 23:00:00,02/22/2024 06:29:44,Unplanned,MiraFlex 1,MiraFlex 1,C,23:00:00,07:00:00,513,0,undefined
556,2024-02-22T02:17:41.000Z,2024-02-22T02:20:42.000Z,181,412140,Completed,02/21/2024 23:00:00,02/22/2024 06:29:44,Unplanned,MiraFlex 1,MiraFlex 1,C,23:00:00,07:00:00,513,0,undefined
557,2024-02-22T02:56:22.000Z,2024-02-22T02:56:42.000Z,20,412379,Completed,02/21/2024 23:00:00,02/22/2024 06:29:44,Unplanned,MiraFlex 1,MiraFlex 1,C,23:00:00,07:00:00,513,0,undefined
558,2024-02-22T03:18:42.000Z,2024-02-22T03:21:22.000Z,160,412518,Completed,02/21/2024 23:00:00,02/22/2024 06:29:44,Unplanned,MiraFlex 1,MiraFlex 1,C,23:00:00,07:00:00,513,0,undefined
559,2024-02-22T03:40:02.000Z,2024-02-22T03:46:42.000Z,400,412644,Completed,02/21/2024 23:00:00,02/22/2024 06:29:44,Unplanned,MiraFlex 1,MiraFlex 1,C,23:00:00,07:00:00,513,0,undefined
560,2024-02-22T04:11:02.000Z,2024-02-22T04:11:22.000Z,20,412831,Completed,02/21/2024 23:00:00,02/22/2024 06:29:44,Unplanned,MiraFlex 1,MiraFlex 1,C,23:00:00,07:00:00,513,0,undefined
561,2024-02-22T04:28:23.000Z,2024-02-22T04:32:03.000Z,220,412933,Completed,02/21/2024 23:00:00,02/22/2024 06:29:44,Unplanned,MiraFlex 1,MiraFlex 1,C,23:00:00,07:00:00,513,0,undefined
562,2024-02-22T04:32:23.000Z,2024-02-22T04:32:43.000Z,20,412958,Completed,02/21/2024 23:00:00,02/22/2024 06:29:44,Unplanned,MiraFlex 1,MiraFlex 1,C,23:00:00,07:00:00,513,0,undefined
563,2024-02-22T05:08:43.000Z,2024-02-22T05:30:43.000Z,1320,413176,Completed,02/21/2024 23:00:00,02/22/2024 06:29:44,Unplanned,MiraFlex 1,MiraFlex 1,C,23:00:00,07:00:00,513,0,undefined
564,2024-02-22T05:57:03.000Z,2024-02-22T05:59:23.000Z,140,413467,Completed,02/21/2024 23:00:00,02/22/2024 06:29:44,Unplanned,MiraFlex 1,MiraFlex 1,C,23:00:00,07:00:00,513,0,undefined
565,2024-02-22T06:29:24.000Z,2024-02-22T06:29:44.000Z,20,413665,Completed,02/21/2024 23:00:00,02/22/2024 06:29:44,Unplanned,MiraFlex 1,MiraFlex 1,C,23:00:00,07:00:00,513,0,undefined
566,2024-02-23T07:00:04.000Z,2024-02-23T07:31:32.000Z,1888,419021,Completed,02/23/2024 07:00:04,02/23/2024 08:40:53,Unplanned,MiraFlex 1,MiraFlex 1,A,07:00:00,15:00:00,507,0,PET (400)
567,2024-02-23T07:33:32.000Z,2024-02-23T07:54:12.000Z,1240,419122,Completed,02/23/2024 07:00:04,02/23/2024 08:40:53,Unplanned,MiraFlex 1,MiraFlex 1,A,07:00:00,15:00:00,507,0,PET (400)
568,2024-02-23T07:56:32.000Z,2024-02-23T08:07:32.000Z,660,419191,Completed,02/23/2024 07:00:04,02/23/2024 08:40:53,Unplanned,MiraFlex 1,MiraFlex 1,A,07:00:00,15:00:00,507,0,PET (400)
569,2024-02-23T08:10:32.000Z,2024-02-23T08:19:13.000Z,521,419231,Completed,02/23/2024 07:00:04,02/23/2024 08:40:53,Unplanned,MiraFlex 1,MiraFlex 1,A,07:00:00,15:00:00,507,0,PET (400)
570,2024-02-23T08:19:53.000Z,2024-02-23T08:32:53.000Z,780,419259,Completed,02/23/2024 07:00:04,02/23/2024 08:40:53,Unplanned,MiraFlex 1,MiraFlex 1,A,07:00:00,15:00:00,507,0,PET (400)
571,2024-02-23T08:46:13.000Z,2024-02-23T09:15:53.000Z,1780,419338,Completed,02/23/2024 08:46:13,02/23/2024 14:59:56,Unplanned,MiraFlex 1,MiraFlex 1,A,07:00:00,15:00:00,515,0,PET (400)
572,2024-02-23T10:17:13.000Z,2024-02-23T10:19:14.000Z,121,419609,Completed,02/23/2024 08:46:13,02/23/2024 14:59:56,Unplanned,MiraFlex 1,MiraFlex 1,A,07:00:00,15:00:00,515,0,PET (400)
573,2024-02-23T10:19:34.000Z,2024-02-23T10:20:14.000Z,40,419616,Completed,02/23/2024 08:46:13,02/23/2024 14:59:56,Unplanned,MiraFlex 1,MiraFlex 1,A,07:00:00,15:00:00,515,0,PET (400)
574,2024-02-23T11:03:54.000Z,2024-02-23T11:05:54.000Z,120,419747,Completed,02/23/2024 08:46:13,02/23/2024 14:59:56,Unplanned,MiraFlex 1,MiraFlex 1,A,07:00:00,15:00:00,515,0,PET (400)
575,2024-02-23T12:48:55.000Z,2024-02-23T14:14:15.000Z,5120,420056,Completed,02/23/2024 08:46:13,02/23/2024 14:59:56,Unplanned,MiraFlex 1,MiraFlex 1,A,07:00:00,15:00:00,515,0,PET (400)
576,2024-02-23T14:30:56.000Z,2024-02-23T14:42:36.000Z,700,420362,Completed,02/23/2024 08:46:13,02/23/2024 14:59:56,Unplanned,MiraFlex 1,MiraFlex 1,A,07:00:00,15:00:00,515,0,PET (400)
577,2024-02-22T15:20:08.000Z,2024-02-22T15:28:08.000Z,480,415328,Completed,02/22/2024 15:00:08,02/22/2024 22:59:52,Unplanned,MiraFlex 1,MiraFlex 1,B,15:00:00,23:00:00,507,0,PET (400)
578,2024-02-22T15:46:48.000Z,2024-02-22T16:04:08.000Z,1040,415406,Completed,02/22/2024 15:00:08,02/22/2024 22:59:52,Unplanned,MiraFlex 1,MiraFlex 1,B,15:00:00,23:00:00,507,0,PET (400)
579,2024-02-22T17:17:09.000Z,2024-02-22T17:24:09.000Z,420,415675,Completed,02/22/2024 15:00:08,02/22/2024 22:59:52,Unplanned,MiraFlex 1,MiraFlex 1,B,15:00:00,23:00:00,507,0,PET (400)
580,2024-02-22T18:09:29.000Z,2024-02-22T18:15:50.000Z,381,415830,Completed,02/22/2024 15:00:08,02/22/2024 22:59:52,Unplanned,MiraFlex 1,MiraFlex 1,B,15:00:00,23:00:00,507,0,PET (400)
581,2024-02-22T19:48:10.000Z,2024-02-22T19:54:50.000Z,400,416120,Completed,02/22/2024 15:00:08,02/22/2024 22:59:52,Unplanned,MiraFlex 1,MiraFlex 1,B,15:00:00,23:00:00,507,0,PET (400)
582,2024-02-22T21:02:51.000Z,2024-02-22T21:10:11.000Z,440,416340,Completed,02/22/2024 15:00:08,02/22/2024 22:59:52,Unplanned,MiraFlex 1,MiraFlex 1,B,15:00:00,23:00:00,507,0,PET (400)
583,2024-02-22T21:28:11.000Z,2024-02-22T21:34:31.000Z,380,416416,Completed,02/22/2024 15:00:08,02/22/2024 22:59:52,Unplanned,MiraFlex 1,MiraFlex 1,B,15:00:00,23:00:00,507,0,PET (400)
584,2024-02-22T22:33:32.000Z,2024-02-22T22:38:32.000Z,300,416608,Completed,02/22/2024 15:00:08,02/22/2024 22:59:52,Unplanned,MiraFlex 1,MiraFlex 1,B,15:00:00,23:00:00,507,0,PET (400)
585,2024-02-23T15:42:16.000Z,2024-02-23T15:43:16.000Z,60,420571,Completed,02/23/2024 15:00:16,02/23/2024 16:36:17,Unplanned,MiraFlex 1,MiraFlex 1,B,15:00:00,23:00:00,515,0,PET (400)
586,2024-02-24T07:42:44.000Z,2024-02-24T07:56:44.000Z,840,424825,Completed,02/24/2024 07:00:04,02/24/2024 08:23:25,Unplanned,MiraFlex 1,MiraFlex 1,A,07:00:00,15:00:00,521,0,PET (400)
587,2024-02-20T21:19:07.000Z,2024-02-20T21:38:47.000Z,1180,404989,Completed,02/20/2024 21:04:27,02/20/2024 22:59:48,Unplanned,MiraFlex 1,MiraFlex 1,B,15:00:00,23:00:00,513,0,undefined
588,2024-02-20T21:47:47.000Z,2024-02-20T21:59:27.000Z,700,405068,Completed,02/20/2024 21:04:27,02/20/2024 22:59:48,Unplanned,MiraFlex 1,MiraFlex 1,B,15:00:00,23:00:00,513,0,undefined
589,2024-02-20T22:00:47.000Z,2024-02-20T22:09:47.000Z,540,405107,Completed,02/20/2024 21:04:27,02/20/2024 22:59:48,Unplanned,MiraFlex 1,MiraFlex 1,B,15:00:00,23:00:00,513,0,undefined
590,2024-02-20T22:32:07.000Z,2024-02-20T22:38:48.000Z,401,405200,Completed,02/20/2024 21:04:27,02/20/2024 22:59:48,Unplanned,MiraFlex 1,MiraFlex 1,B,15:00:00,23:00:00,513,0,undefined
591,2024-02-20T22:50:28.000Z,2024-02-20T22:58:28.000Z,480,405255,Completed,02/20/2024 21:04:27,02/20/2024 22:59:48,Unplanned,MiraFlex 1,MiraFlex 1,B,15:00:00,23:00:00,513,0,undefined
592,2024-02-23T16:36:37.000Z,2024-02-23T16:55:37.000Z,1140,420723,Completed,02/23/2024 16:36:37,02/23/2024 22:59:40,Unplanned,MiraFlex 1,MiraFlex 1,B,15:00:00,23:00:00,516,0,undefined
593,2024-02-23T17:07:39.000Z,2024-02-23T17:19:57.000Z,738,420805,Completed,02/23/2024 16:36:37,02/23/2024 22:59:40,Unplanned,MiraFlex 1,MiraFlex 1,B,15:00:00,23:00:00,516,0,undefined
594,2024-02-23T17:22:37.000Z,2024-02-23T18:15:58.000Z,3201,420850,Completed,02/23/2024 16:36:37,02/23/2024 22:59:40,Unplanned,MiraFlex 1,MiraFlex 1,B,15:00:00,23:00:00,516,0,undefined
595,2024-02-23T18:25:38.000Z,2024-02-23T18:38:18.000Z,760,421033,Completed,02/23/2024 16:36:37,02/23/2024 22:59:40,Unplanned,MiraFlex 1,MiraFlex 1,B,15:00:00,23:00:00,516,0,undefined
596,2024-02-23T19:20:58.000Z,2024-02-23T19:49:18.000Z,1700,421197,Completed,02/23/2024 16:36:37,02/23/2024 22:59:40,Unplanned,MiraFlex 1,MiraFlex 1,B,15:00:00,23:00:00,516,0,undefined
597,2024-02-23T20:09:18.000Z,2024-02-23T20:29:19.000Z,1201,421340,Completed,02/23/2024 16:36:37,02/23/2024 22:59:40,Unplanned,MiraFlex 1,MiraFlex 1,B,15:00:00,23:00:00,516,0,undefined
598,2024-02-23T20:57:19.000Z,2024-02-23T21:10:39.000Z,800,421484,Completed,02/23/2024 16:36:37,02/23/2024 22:59:40,Unplanned,MiraFlex 1,MiraFlex 1,B,15:00:00,23:00:00,516,0,undefined
599,2024-02-23T21:22:19.000Z,2024-02-23T21:22:59.000Z,40,421559,Completed,02/23/2024 16:36:37,02/23/2024 22:59:40,Unplanned,MiraFlex 1,MiraFlex 1,B,15:00:00,23:00:00,516,0,undefined
600,2024-02-23T22:22:40.000Z,2024-02-23T22:23:20.000Z,40,421738,Completed,02/23/2024 16:36:37,02/23/2024 22:59:40,Unplanned,MiraFlex 1,MiraFlex 1,B,15:00:00,23:00:00,516,0,undefined
601,2024-02-23T22:34:40.000Z,2024-02-23T22:39:20.000Z,280,421774,Completed,02/23/2024 16:36:37,02/23/2024 22:59:40,Unplanned,MiraFlex 1,MiraFlex 1,B,15:00:00,23:00:00,516,0,undefined
602,2024-02-24T08:23:45.000Z,2024-02-24T08:26:45.000Z,180,424948,Completed,02/24/2024 08:23:45,02/24/2024 13:50:47,Unplanned,MiraFlex 1,MiraFlex 1,A,07:00:00,15:00:00,523,0,PET (400)
603,2024-02-24T08:34:25.000Z,2024-02-24T08:40:25.000Z,360,424978,Completed,02/24/2024 08:23:45,02/24/2024 13:50:47,Unplanned,MiraFlex 1,MiraFlex 1,A,07:00:00,15:00:00,523,0,PET (400)
604,2024-02-24T09:09:25.000Z,2024-02-24T09:48:25.000Z,2340,425083,Completed,02/24/2024 08:23:45,02/24/2024 13:50:47,Unplanned,MiraFlex 1,MiraFlex 1,A,07:00:00,15:00:00,523,0,PET (400)
605,2024-02-24T10:17:06.000Z,2024-02-24T10:33:46.000Z,1000,425286,Completed,02/24/2024 08:23:45,02/24/2024 13:50:47,Unplanned,MiraFlex 1,MiraFlex 1,A,07:00:00,15:00:00,523,0,PET (400)
606,2024-02-24T10:37:46.000Z,2024-02-24T11:22:06.000Z,2660,425348,Completed,02/24/2024 08:23:45,02/24/2024 13:50:47,Unplanned,MiraFlex 1,MiraFlex 1,A,07:00:00,15:00:00,523,0,PET (400)
607,2024-02-24T11:54:06.000Z,2024-02-24T12:09:27.000Z,921,425577,Completed,02/24/2024 08:23:45,02/24/2024 13:50:47,Unplanned,MiraFlex 1,MiraFlex 1,A,07:00:00,15:00:00,523,0,PET (400)
608,2024-02-24T12:18:07.000Z,2024-02-24T12:38:27.000Z,1220,425648,Completed,02/24/2024 08:23:45,02/24/2024 13:50:47,Unplanned,MiraFlex 1,MiraFlex 1,A,07:00:00,15:00:00,523,0,PET (400)
609,2024-02-24T12:39:22.000Z,2024-02-24T13:05:07.000Z,1545,425711,Completed,02/24/2024 08:23:45,02/24/2024 13:50:47,Unplanned,MiraFlex 1,MiraFlex 1,A,07:00:00,15:00:00,523,0,PET (400)
610,2024-02-24T13:13:27.000Z,2024-02-24T13:26:27.000Z,780,425808,Completed,02/24/2024 08:23:45,02/24/2024 13:50:47,Unplanned,MiraFlex 1,MiraFlex 1,A,07:00:00,15:00:00,523,0,PET (400)
611,2024-02-24T11:55:06.000Z,2024-02-24T12:09:27.000Z,861,425580,Completed,02/24/2024 11:55:06,02/24/2024 13:50:27,Unplanned,MiraFlex 1,MiraFlex 1,A,07:00:00,15:00:00,523,0,PET (400)
612,2024-02-24T12:18:07.000Z,2024-02-24T12:38:27.000Z,1220,425648,Completed,02/24/2024 11:55:06,02/24/2024 13:50:27,Unplanned,MiraFlex 1,MiraFlex 1,A,07:00:00,15:00:00,523,0,PET (400)
613,2024-02-24T12:39:22.000Z,2024-02-24T13:05:07.000Z,1545,425711,Completed,02/24/2024 11:55:06,02/24/2024 13:50:27,Unplanned,MiraFlex 1,MiraFlex 1,A,07:00:00,15:00:00,523,0,PET (400)
614,2024-02-24T13:13:27.000Z,2024-02-24T13:26:27.000Z,780,425808,Completed,02/24/2024 11:55:06,02/24/2024 13:50:27,Unplanned,MiraFlex 1,MiraFlex 1,A,07:00:00,15:00:00,523,0,PET (400)
615,2024-02-24T11:55:06.000Z,2024-02-24T12:09:27.000Z,861,425580,Completed,02/24/2024 11:55:06,02/24/2024 13:50:27,Unplanned,MiraFlex 1,MiraFlex 1,A,07:00:00,15:00:00,523,0,PET (400)
616,2024-02-24T12:18:07.000Z,2024-02-24T12:38:27.000Z,1220,425648,Completed,02/24/2024 11:55:06,02/24/2024 13:50:27,Unplanned,MiraFlex 1,MiraFlex 1,A,07:00:00,15:00:00,523,0,PET (400)
617,2024-02-24T12:39:22.000Z,2024-02-24T13:05:07.000Z,1545,425711,Completed,02/24/2024 11:55:06,02/24/2024 13:50:27,Unplanned,MiraFlex 1,MiraFlex 1,A,07:00:00,15:00:00,523,0,PET (400)
618,2024-02-24T13:13:27.000Z,2024-02-24T13:26:27.000Z,780,425808,Completed,02/24/2024 11:55:06,02/24/2024 13:50:27,Unplanned,MiraFlex 1,MiraFlex 1,A,07:00:00,15:00:00,523,0,PET (400)
619,2024-02-24T13:51:07.000Z,2024-02-24T14:50:48.000Z,3581,425921,Completed,02/24/2024 13:51:07,02/24/2024 14:59:48,Unplanned,MiraFlex 1,MiraFlex 1,A,07:00:00,15:00:00,525,0,PET (400)
620,2024-02-24T08:36:25.000Z,2024-02-24T08:40:25.000Z,240,424984,Completed,02/24/2024 08:36:25,02/24/2024 11:54:26,Unplanned,MiraFlex 1,MiraFlex 1,A,07:00:00,15:00:00,524,0,PET (400)
621,2024-02-24T09:09:25.000Z,2024-02-24T09:48:25.000Z,2340,425083,Completed,02/24/2024 08:36:25,02/24/2024 11:54:26,Unplanned,MiraFlex 1,MiraFlex 1,A,07:00:00,15:00:00,524,0,PET (400)
622,2024-02-24T10:17:06.000Z,2024-02-24T10:33:46.000Z,1000,425286,Completed,02/24/2024 08:36:25,02/24/2024 11:54:26,Unplanned,MiraFlex 1,MiraFlex 1,A,07:00:00,15:00:00,524,0,PET (400)
623,2024-02-24T10:37:46.000Z,2024-02-24T11:22:06.000Z,2660,425348,Completed,02/24/2024 08:36:25,02/24/2024 11:54:26,Unplanned,MiraFlex 1,MiraFlex 1,A,07:00:00,15:00:00,524,0,PET (400)
624,2024-02-24T15:00:08.000Z,2024-02-24T15:06:48.000Z,400,426128,Completed,02/24/2024 15:00:08,02/24/2024 16:16:29,Unplanned,MiraFlex 1,MiraFlex 1,B,15:00:00,23:00:00,525,0,PET (400)
625,2024-02-24T15:09:08.000Z,2024-02-24T15:38:28.000Z,1760,426155,Completed,02/24/2024 15:00:08,02/24/2024 16:16:29,Unplanned,MiraFlex 1,MiraFlex 1,B,15:00:00,23:00:00,525,0,PET (400)
626,2024-02-24T15:40:23.000Z,2024-02-24T15:41:28.000Z,65,426246,Completed,02/24/2024 15:00:08,02/24/2024 16:16:29,Unplanned,MiraFlex 1,MiraFlex 1,B,15:00:00,23:00:00,525,0,PET (400)
627,2024-02-24T15:51:28.000Z,2024-02-24T15:57:09.000Z,341,426278,Completed,02/24/2024 15:00:08,02/24/2024 16:16:29,Unplanned,MiraFlex 1,MiraFlex 1,B,15:00:00,23:00:00,525,0,PET (400)
628,2024-02-24T13:51:07.000Z,2024-02-24T14:50:48.000Z,3581,425921,Completed,02/24/2024 13:51:07,02/24/2024 14:59:48,Unplanned,MiraFlex 1,MiraFlex 1,A,07:00:00,15:00:00,525,0,PET (400)
629,2024-02-24T16:17:29.000Z,2024-02-24T16:20:09.000Z,160,426355,Completed,02/24/2024 16:17:29,02/24/2024 16:55:49,Unplanned,MiraFlex 1,MiraFlex 1,B,15:00:00,23:00:00,526,0,undefined
630,2024-02-24T16:40:49.000Z,2024-02-24T16:43:29.000Z,160,426423,Completed,02/24/2024 16:17:29,02/24/2024 16:55:49,Unplanned,MiraFlex 1,MiraFlex 1,B,15:00:00,23:00:00,526,0,undefined
631,2024-02-24T16:51:29.000Z,2024-02-24T16:52:29.000Z,60,426454,Completed,02/24/2024 16:17:29,02/24/2024 16:55:49,Unplanned,MiraFlex 1,MiraFlex 1,B,15:00:00,23:00:00,526,0,undefined
632,2024-02-24T16:56:09.000Z,2024-02-24T18:04:10.000Z,4081,426468,Completed,02/24/2024 16:56:09,02/24/2024 20:52:51,Unplanned,MiraFlex 1,MiraFlex 1,B,15:00:00,23:00:00,527,0,undefined
633,2024-02-24T18:15:10.000Z,2024-02-24T18:32:10.000Z,1020,426697,Completed,02/24/2024 16:56:09,02/24/2024 20:52:51,Unplanned,MiraFlex 1,MiraFlex 1,B,15:00:00,23:00:00,527,0,undefined
634,2024-02-24T18:47:10.000Z,2024-02-24T18:51:30.000Z,260,426784,Completed,02/24/2024 16:56:09,02/24/2024 20:52:51,Unplanned,MiraFlex 1,MiraFlex 1,B,15:00:00,23:00:00,527,0,undefined
635,2024-02-24T18:52:10.000Z,2024-02-24T19:00:10.000Z,480,426798,Completed,02/24/2024 16:56:09,02/24/2024 20:52:51,Unplanned,MiraFlex 1,MiraFlex 1,B,15:00:00,23:00:00,527,0,undefined
636,2024-02-24T19:02:50.000Z,2024-02-24T20:01:31.000Z,3521,426829,Completed,02/24/2024 16:56:09,02/24/2024 20:52:51,Unplanned,MiraFlex 1,MiraFlex 1,B,15:00:00,23:00:00,527,0,undefined
637,2024-02-24T20:05:11.000Z,2024-02-24T20:06:11.000Z,60,427002,Completed,02/24/2024 16:56:09,02/24/2024 20:52:51,Unplanned,MiraFlex 1,MiraFlex 1,B,15:00:00,23:00:00,527,0,undefined
638,2024-02-24T20:14:31.000Z,2024-02-24T20:16:51.000Z,140,427027,Completed,02/24/2024 16:56:09,02/24/2024 20:52:51,Unplanned,MiraFlex 1,MiraFlex 1,B,15:00:00,23:00:00,527,0,undefined
639,2024-02-24T20:53:11.000Z,2024-02-24T21:21:11.000Z,1680,427131,Completed,02/24/2024 20:53:11,02/24/2024 22:59:52,Unplanned,MiraFlex 1,MiraFlex 1,B,15:00:00,23:00:00,530,0,undefined
640,2024-02-24T21:32:13.000Z,2024-02-24T21:40:31.000Z,498,427239,Completed,02/24/2024 20:53:11,02/24/2024 22:59:52,Unplanned,MiraFlex 1,MiraFlex 1,B,15:00:00,23:00:00,530,0,undefined
641,2024-02-24T21:48:31.000Z,2024-02-24T22:05:12.000Z,1001,427286,Completed,02/24/2024 20:53:11,02/24/2024 22:59:52,Unplanned,MiraFlex 1,MiraFlex 1,B,15:00:00,23:00:00,530,0,undefined
642,2024-02-24T22:19:32.000Z,2024-02-24T22:23:52.000Z,260,427376,Completed,02/24/2024 20:53:11,02/24/2024 22:59:52,Unplanned,MiraFlex 1,MiraFlex 1,B,15:00:00,23:00:00,530,0,undefined
643,2024-02-24T22:25:32.000Z,2024-02-24T22:38:12.000Z,760,427394,Completed,02/24/2024 20:53:11,02/24/2024 22:59:52,Unplanned,MiraFlex 1,MiraFlex 1,B,15:00:00,23:00:00,530,0,undefined
644,2024-02-24T22:38:32.000Z,2024-02-24T22:46:12.000Z,460,427433,Completed,02/24/2024 20:53:11,02/24/2024 22:59:52,Unplanned,MiraFlex 1,MiraFlex 1,B,15:00:00,23:00:00,530,0,undefined
645,2024-02-24T23:00:12.000Z,2024-02-24T23:02:12.000Z,120,427493,Completed,02/24/2024 23:00:12,02/24/2024 23:08:52,Unplanned,MiraFlex 1,MiraFlex 1,C,23:00:00,07:00:00,530,0,undefined
646,2024-02-24T23:02:32.000Z,2024-02-24T23:07:12.000Z,280,427506,Completed,02/24/2024 23:00:12,02/24/2024 23:08:52,Unplanned,MiraFlex 1,MiraFlex 1,C,23:00:00,07:00:00,530,0,undefined
647,2024-02-25T15:00:00.000Z,2024-02-25T15:01:00.000Z,60,431728,Completed,02/25/2024 15:00:00,02/25/2024 20:46:43,Unplanned,MiraFlex 1,MiraFlex 1,B,15:00:00,23:00:00,530,0,undefined
648,2024-02-25T15:02:40.000Z,2024-02-25T15:26:40.000Z,1440,431736,Completed,02/25/2024 15:00:00,02/25/2024 20:46:43,Unplanned,MiraFlex 1,MiraFlex 1,B,15:00:00,23:00:00,530,0,undefined
649,2024-02-25T15:30:55.000Z,2024-02-25T15:32:20.000Z,85,431819,Completed,02/25/2024 15:00:00,02/25/2024 20:46:43,Unplanned,MiraFlex 1,MiraFlex 1,B,15:00:00,23:00:00,530,0,undefined
650,2024-02-25T15:36:20.000Z,2024-02-25T15:41:01.000Z,281,431834,Completed,02/25/2024 15:00:00,02/25/2024 20:46:43,Unplanned,MiraFlex 1,MiraFlex 1,B,15:00:00,23:00:00,530,0,undefined
651,2024-02-25T15:43:21.000Z,2024-02-25T15:50:01.000Z,400,431854,Completed,02/25/2024 15:00:00,02/25/2024 20:46:43,Unplanned,MiraFlex 1,MiraFlex 1,B,15:00:00,23:00:00,530,0,undefined
652,2024-02-25T15:51:01.000Z,2024-02-25T16:03:41.000Z,760,431877,Completed,02/25/2024 15:00:00,02/25/2024 20:46:43,Unplanned,MiraFlex 1,MiraFlex 1,B,15:00:00,23:00:00,530,0,undefined
653,2024-02-25T16:10:41.000Z,2024-02-25T16:15:41.000Z,300,431934,Completed,02/25/2024 15:00:00,02/25/2024 20:46:43,Unplanned,MiraFlex 1,MiraFlex 1,B,15:00:00,23:00:00,530,0,undefined
654,2024-02-25T16:37:41.000Z,2024-02-25T16:52:01.000Z,860,432013,Completed,02/25/2024 15:00:00,02/25/2024 20:46:43,Unplanned,MiraFlex 1,MiraFlex 1,B,15:00:00,23:00:00,530,0,undefined
655,2024-02-25T17:57:42.000Z,2024-02-25T18:02:02.000Z,260,432249,Completed,02/25/2024 15:00:00,02/25/2024 20:46:43,Unplanned,MiraFlex 1,MiraFlex 1,B,15:00:00,23:00:00,530,0,undefined
656,2024-02-25T19:00:02.000Z,2024-02-25T19:17:22.000Z,1040,432428,Completed,02/25/2024 15:00:00,02/25/2024 20:46:43,Unplanned,MiraFlex 1,MiraFlex 1,B,15:00:00,23:00:00,530,0,undefined
657,2024-02-27T14:55:04.000Z,2024-02-27T14:57:04.000Z,120,432733,Completed,02/27/2024 14:55:04,02/27/2024 14:59:44,Unplanned,MiraFlex 1,MiraFlex 1,A,07:00:00,15:00:00,531,0,PET (400)
658,2024-02-27T14:57:44.000Z,2024-02-27T14:59:44.000Z,120,432741,Completed,02/27/2024 14:55:04,02/27/2024 14:59:44,Unplanned,MiraFlex 1,MiraFlex 1,A,07:00:00,15:00:00,531,0,PET (400)
659,2024-02-25T07:00:16.000Z,2024-02-25T07:36:16.000Z,2160,430340,Completed,02/25/2024 07:00:16,02/25/2024 14:59:40,Unplanned,MiraFlex 1,MiraFlex 1,A,07:00:00,15:00:00,530,0,undefined
660,2024-02-25T07:48:17.000Z,2024-02-25T08:05:57.000Z,1060,430482,Completed,02/25/2024 07:00:16,02/25/2024 14:59:40,Unplanned,MiraFlex 1,MiraFlex 1,A,07:00:00,15:00:00,530,0,undefined
661,2024-02-25T08:08:57.000Z,2024-02-25T08:41:17.000Z,1940,430542,Completed,02/25/2024 07:00:16,02/25/2024 14:59:40,Unplanned,MiraFlex 1,MiraFlex 1,A,07:00:00,15:00:00,530,0,undefined
662,2024-02-25T08:43:17.000Z,2024-02-25T09:14:37.000Z,1880,430642,Completed,02/25/2024 07:00:16,02/25/2024 14:59:40,Unplanned,MiraFlex 1,MiraFlex 1,A,07:00:00,15:00:00,530,0,undefined
663,2024-02-25T09:29:57.000Z,2024-02-25T09:40:37.000Z,640,430774,Completed,02/25/2024 07:00:16,02/25/2024 14:59:40,Unplanned,MiraFlex 1,MiraFlex 1,A,07:00:00,15:00:00,530,0,undefined
664,2024-02-25T09:58:58.000Z,2024-02-25T10:05:18.000Z,380,430858,Completed,02/25/2024 07:00:16,02/25/2024 14:59:40,Unplanned,MiraFlex 1,MiraFlex 1,A,07:00:00,15:00:00,530,0,undefined
665,2024-02-25T10:20:38.000Z,2024-02-25T10:24:38.000Z,240,430920,Completed,02/25/2024 07:00:16,02/25/2024 14:59:40,Unplanned,MiraFlex 1,MiraFlex 1,A,07:00:00,15:00:00,530,0,undefined
666,2024-02-25T10:52:38.000Z,2024-02-25T11:01:58.000Z,560,431011,Completed,02/25/2024 07:00:16,02/25/2024 14:59:40,Unplanned,MiraFlex 1,MiraFlex 1,A,07:00:00,15:00:00,530,0,undefined
667,2024-02-25T11:57:39.000Z,2024-02-25T12:11:59.000Z,860,431200,Completed,02/25/2024 07:00:16,02/25/2024 14:59:40,Unplanned,MiraFlex 1,MiraFlex 1,A,07:00:00,15:00:00,530,0,undefined
668,2024-02-25T14:15:00.000Z,2024-02-25T14:20:40.000Z,340,431597,Completed,02/25/2024 07:00:16,02/25/2024 14:59:40,Unplanned,MiraFlex 1,MiraFlex 1,A,07:00:00,15:00:00,530,0,undefined
669,2024-02-25T14:32:40.000Z,2024-02-25T14:34:20.000Z,100,431647,Completed,02/25/2024 07:00:16,02/25/2024 14:59:40,Unplanned,MiraFlex 1,MiraFlex 1,A,07:00:00,15:00:00,530,0,undefined
670,2024-02-25T15:00:00.000Z,2024-02-25T15:01:00.000Z,60,431728,Completed,02/25/2024 15:00:00,02/25/2024 20:46:43,Unplanned,MiraFlex 1,MiraFlex 1,B,15:00:00,23:00:00,530,0,undefined
671,2024-02-25T15:02:40.000Z,2024-02-25T15:26:40.000Z,1440,431736,Completed,02/25/2024 15:00:00,02/25/2024 20:46:43,Unplanned,MiraFlex 1,MiraFlex 1,B,15:00:00,23:00:00,530,0,undefined
672,2024-02-25T15:30:55.000Z,2024-02-25T15:32:20.000Z,85,431819,Completed,02/25/2024 15:00:00,02/25/2024 20:46:43,Unplanned,MiraFlex 1,MiraFlex 1,B,15:00:00,23:00:00,530,0,undefined
673,2024-02-25T15:36:20.000Z,2024-02-25T15:41:01.000Z,281,431834,Completed,02/25/2024 15:00:00,02/25/2024 20:46:43,Unplanned,MiraFlex 1,MiraFlex 1,B,15:00:00,23:00:00,530,0,undefined
674,2024-02-25T15:43:21.000Z,2024-02-25T15:50:01.000Z,400,431854,Completed,02/25/2024 15:00:00,02/25/2024 20:46:43,Unplanned,MiraFlex 1,MiraFlex 1,B,15:00:00,23:00:00,530,0,undefined
675,2024-02-25T15:51:01.000Z,2024-02-25T16:03:41.000Z,760,431877,Completed,02/25/2024 15:00:00,02/25/2024 20:46:43,Unplanned,MiraFlex 1,MiraFlex 1,B,15:00:00,23:00:00,530,0,undefined
676,2024-02-25T16:10:41.000Z,2024-02-25T16:15:41.000Z,300,431934,Completed,02/25/2024 15:00:00,02/25/2024 20:46:43,Unplanned,MiraFlex 1,MiraFlex 1,B,15:00:00,23:00:00,530,0,undefined
677,2024-02-25T16:37:41.000Z,2024-02-25T16:52:01.000Z,860,432013,Completed,02/25/2024 15:00:00,02/25/2024 20:46:43,Unplanned,MiraFlex 1,MiraFlex 1,B,15:00:00,23:00:00,530,0,undefined
678,2024-02-25T17:57:42.000Z,2024-02-25T18:02:02.000Z,260,432249,Completed,02/25/2024 15:00:00,02/25/2024 20:46:43,Unplanned,MiraFlex 1,MiraFlex 1,B,15:00:00,23:00:00,530,0,undefined
679,2024-02-25T19:00:02.000Z,2024-02-25T19:17:22.000Z,1040,432428,Completed,02/25/2024 15:00:00,02/25/2024 20:46:43,Unplanned,MiraFlex 1,MiraFlex 1,B,15:00:00,23:00:00,530,0,undefined
680,2024-02-27T15:00:44.000Z,2024-02-27T15:02:24.000Z,100,432750,Completed,02/27/2024 15:00:04,02/27/2024 22:59:48,Unplanned,MiraFlex 1,MiraFlex 1,B,15:00:00,23:00:00,531,0,PET (400)
681,2024-02-27T15:03:44.000Z,2024-02-27T15:26:25.000Z,1361,432759,Completed,02/27/2024 15:00:04,02/27/2024 22:59:48,Unplanned,MiraFlex 1,MiraFlex 1,B,15:00:00,23:00:00,531,0,PET (400)
682,2024-02-27T15:34:45.000Z,2024-02-27T15:41:45.000Z,420,432852,Completed,02/27/2024 15:00:04,02/27/2024 22:59:48,Unplanned,MiraFlex 1,MiraFlex 1,B,15:00:00,23:00:00,531,0,PET (400)
683,2024-02-27T15:47:45.000Z,2024-02-27T15:50:45.000Z,180,432891,Completed,02/27/2024 15:00:04,02/27/2024 22:59:48,Unplanned,MiraFlex 1,MiraFlex 1,B,15:00:00,23:00:00,531,0,PET (400)
684,2024-02-27T15:52:45.000Z,2024-02-27T16:12:45.000Z,1200,432905,Completed,02/27/2024 15:00:04,02/27/2024 22:59:48,Unplanned,MiraFlex 1,MiraFlex 1,B,15:00:00,23:00:00,531,0,PET (400)
685,2024-02-27T16:24:25.000Z,2024-02-27T16:41:45.000Z,1040,433000,Completed,02/27/2024 15:00:04,02/27/2024 22:59:48,Unplanned,MiraFlex 1,MiraFlex 1,B,15:00:00,23:00:00,531,0,PET (400)
686,2024-02-27T16:49:25.000Z,2024-02-27T17:20:46.000Z,1881,433075,Completed,02/27/2024 15:00:04,02/27/2024 22:59:48,Unplanned,MiraFlex 1,MiraFlex 1,B,15:00:00,23:00:00,531,0,PET (400)
687,2024-02-27T17:28:06.000Z,2024-02-27T17:44:06.000Z,960,433190,Completed,02/27/2024 15:00:04,02/27/2024 22:59:48,Unplanned,MiraFlex 1,MiraFlex 1,B,15:00:00,23:00:00,531,0,PET (400)
688,2024-02-27T17:58:46.000Z,2024-02-27T18:16:26.000Z,1060,433280,Completed,02/27/2024 15:00:04,02/27/2024 22:59:48,Unplanned,MiraFlex 1,MiraFlex 1,B,15:00:00,23:00:00,531,0,PET (400)
689,2024-02-27T18:35:26.000Z,2024-02-27T18:51:46.000Z,980,433387,Completed,02/27/2024 15:00:04,02/27/2024 22:59:48,Unplanned,MiraFlex 1,MiraFlex 1,B,15:00:00,23:00:00,531,0,PET (400)
690,2024-02-27T19:23:30.000Z,2024-02-27T19:41:47.000Z,1097,433525,Completed,02/27/2024 15:00:04,02/27/2024 22:59:48,Unplanned,MiraFlex 1,MiraFlex 1,B,15:00:00,23:00:00,531,0,PET (400)
691,2024-02-27T19:52:27.000Z,2024-02-27T20:06:07.000Z,820,433610,Completed,02/27/2024 15:00:04,02/27/2024 22:59:48,Unplanned,MiraFlex 1,MiraFlex 1,B,15:00:00,23:00:00,531,0,PET (400)
692,2024-02-27T20:34:27.000Z,2024-02-27T20:57:47.000Z,1400,433707,Completed,02/27/2024 15:00:04,02/27/2024 22:59:48,Unplanned,MiraFlex 1,MiraFlex 1,B,15:00:00,23:00:00,531,0,PET (400)
693,2024-02-27T21:19:28.000Z,2024-02-27T21:23:08.000Z,220,433792,Completed,02/27/2024 15:00:04,02/27/2024 22:59:48,Unplanned,MiraFlex 1,MiraFlex 1,B,15:00:00,23:00:00,531,0,PET (400)
694,2024-02-27T21:25:48.000Z,2024-02-27T21:34:28.000Z,520,433809,Completed,02/27/2024 15:00:04,02/27/2024 22:59:48,Unplanned,MiraFlex 1,MiraFlex 1,B,15:00:00,23:00:00,531,0,PET (400)
695,2024-02-27T21:59:28.000Z,2024-02-27T22:02:08.000Z,160,433891,Completed,02/27/2024 15:00:04,02/27/2024 22:59:48,Unplanned,MiraFlex 1,MiraFlex 1,B,15:00:00,23:00:00,531,0,PET (400)
696,2024-02-27T22:07:22.000Z,2024-02-27T22:25:48.000Z,1106,433903,Completed,02/27/2024 15:00:04,02/27/2024 22:59:48,Unplanned,MiraFlex 1,MiraFlex 1,B,15:00:00,23:00:00,531,0,PET (400)
697,2024-02-27T22:36:48.000Z,2024-02-27T22:52:28.000Z,940,433977,Completed,02/27/2024 15:00:04,02/27/2024 22:59:48,Unplanned,MiraFlex 1,MiraFlex 1,B,15:00:00,23:00:00,531,0,PET (400)
698,2024-02-29T11:45:47.000Z,2024-02-29T11:49:27.000Z,220,436725,Completed,02/29/2024 11:45:47,02/29/2024 12:15:47,Unplanned,MiraFlex 1,MiraFlex 1,A,07:00:00,15:00:00,532,0,LDPE (400)
699,2024-02-29T11:49:47.000Z,2024-02-29T11:52:47.000Z,180,436736,Completed,02/29/2024 11:45:47,02/29/2024 12:15:47,Unplanned,MiraFlex 1,MiraFlex 1,A,07:00:00,15:00:00,532,0,LDPE (400)
700,2024-02-29T12:18:47.000Z,2024-02-29T13:08:28.000Z,2981,436815,Completed,02/29/2024 12:18:47,02/29/2024 14:59:29,Unplanned,MiraFlex 1,MiraFlex 1,A,07:00:00,15:00:00,533,0,LDPE (400)
701,2024-02-29T13:10:28.000Z,2024-02-29T13:12:28.000Z,120,436970,Completed,02/29/2024 12:18:47,02/29/2024 14:59:29,Unplanned,MiraFlex 1,MiraFlex 1,A,07:00:00,15:00:00,533,0,LDPE (400)
702,2024-02-29T13:14:28.000Z,2024-02-29T13:17:28.000Z,180,436979,Completed,02/29/2024 12:18:47,02/29/2024 14:59:29,Unplanned,MiraFlex 1,MiraFlex 1,A,07:00:00,15:00:00,533,0,LDPE (400)
703,2024-02-29T13:19:08.000Z,2024-02-29T13:28:08.000Z,540,436991,Completed,02/29/2024 12:18:47,02/29/2024 14:59:29,Unplanned,MiraFlex 1,MiraFlex 1,A,07:00:00,15:00:00,533,0,LDPE (400)
704,2024-02-29T13:39:28.000Z,2024-02-29T13:49:28.000Z,600,437023,Completed,02/29/2024 12:18:47,02/29/2024 14:59:29,Unplanned,MiraFlex 1,MiraFlex 1,A,07:00:00,15:00:00,533,0,LDPE (400)
705,2024-02-29T13:50:48.000Z,2024-02-29T13:52:08.000Z,80,437049,Completed,02/29/2024 12:18:47,02/29/2024 14:59:29,Unplanned,MiraFlex 1,MiraFlex 1,A,07:00:00,15:00:00,533,0,LDPE (400)
706,2024-02-29T13:57:08.000Z,2024-02-29T14:36:28.000Z,2360,437060,Completed,02/29/2024 12:18:47,02/29/2024 14:59:29,Unplanned,MiraFlex 1,MiraFlex 1,A,07:00:00,15:00:00,533,0,LDPE (400)
707,2024-02-29T14:39:28.000Z,2024-02-29T14:45:28.000Z,360,437135,Completed,02/29/2024 12:18:47,02/29/2024 14:59:29,Unplanned,MiraFlex 1,MiraFlex 1,A,07:00:00,15:00:00,533,0,LDPE (400)
708,2024-02-28T07:00:32.000Z,2024-02-28T07:13:53.000Z,801,434041,Completed,02/28/2024 07:00:12,02/28/2024 14:59:56,Unplanned,MiraFlex 1,MiraFlex 1,A,07:00:00,15:00:00,531,0,PET (400)
709,2024-02-28T07:14:53.000Z,2024-02-28T07:30:13.000Z,920,434078,Completed,02/28/2024 07:00:12,02/28/2024 14:59:56,Unplanned,MiraFlex 1,MiraFlex 1,A,07:00:00,15:00:00,531,0,PET (400)
710,2024-02-28T07:37:33.000Z,2024-02-28T07:51:13.000Z,820,434141,Completed,02/28/2024 07:00:12,02/28/2024 14:59:56,Unplanned,MiraFlex 1,MiraFlex 1,A,07:00:00,15:00:00,531,0,PET (400)
711,2024-02-28T08:03:53.000Z,2024-02-28T08:22:33.000Z,1120,434220,Completed,02/28/2024 07:00:12,02/28/2024 14:59:56,Unplanned,MiraFlex 1,MiraFlex 1,A,07:00:00,15:00:00,531,0,PET (400)
712,2024-02-28T08:31:13.000Z,2024-02-28T08:37:13.000Z,360,434302,Completed,02/28/2024 07:00:12,02/28/2024 14:59:56,Unplanned,MiraFlex 1,MiraFlex 1,A,07:00:00,15:00:00,531,0,PET (400)
713,2024-02-28T08:50:53.000Z,2024-02-28T09:05:53.000Z,900,434360,Completed,02/28/2024 07:00:12,02/28/2024 14:59:56,Unplanned,MiraFlex 1,MiraFlex 1,A,07:00:00,15:00:00,531,0,PET (400)
714,2024-02-28T09:27:34.000Z,2024-02-28T09:42:34.000Z,900,434470,Completed,02/28/2024 07:00:12,02/28/2024 14:59:56,Unplanned,MiraFlex 1,MiraFlex 1,A,07:00:00,15:00:00,531,0,PET (400)
715,2024-02-28T09:57:34.000Z,2024-02-28T10:01:14.000Z,220,434558,Completed,02/28/2024 07:00:12,02/28/2024 14:59:56,Unplanned,MiraFlex 1,MiraFlex 1,A,07:00:00,15:00:00,531,0,PET (400)
716,2024-02-28T10:36:14.000Z,2024-02-28T10:54:34.000Z,1100,434674,Completed,02/28/2024 07:00:12,02/28/2024 14:59:56,Unplanned,MiraFlex 1,MiraFlex 1,A,07:00:00,15:00:00,531,0,PET (400)
717,2024-02-28T10:54:54.000Z,2024-02-28T12:09:35.000Z,4481,434730,Completed,02/28/2024 07:00:12,02/28/2024 14:59:56,Unplanned,MiraFlex 1,MiraFlex 1,A,07:00:00,15:00:00,531,0,PET (400)
718,2024-02-28T12:16:55.000Z,2024-02-28T12:20:35.000Z,220,434974,Completed,02/28/2024 07:00:12,02/28/2024 14:59:56,Unplanned,MiraFlex 1,MiraFlex 1,A,07:00:00,15:00:00,531,0,PET (400)
719,2024-02-28T12:23:35.000Z,2024-02-28T12:24:55.000Z,80,434994,Completed,02/28/2024 07:00:12,02/28/2024 14:59:56,Unplanned,MiraFlex 1,MiraFlex 1,A,07:00:00,15:00:00,531,0,PET (400)
720,2024-02-28T12:26:15.000Z,2024-02-28T12:29:15.000Z,180,435002,Completed,02/28/2024 07:00:12,02/28/2024 14:59:56,Unplanned,MiraFlex 1,MiraFlex 1,A,07:00:00,15:00:00,531,0,PET (400)
721,2024-02-28T12:29:35.000Z,2024-02-28T12:44:55.000Z,920,435012,Completed,02/28/2024 07:00:12,02/28/2024 14:59:56,Unplanned,MiraFlex 1,MiraFlex 1,A,07:00:00,15:00:00,531,0,PET (400)
722,2024-02-28T12:46:15.000Z,2024-02-28T12:50:35.000Z,260,435062,Completed,02/28/2024 07:00:12,02/28/2024 14:59:56,Unplanned,MiraFlex 1,MiraFlex 1,A,07:00:00,15:00:00,531,0,PET (400)
723,2024-02-28T12:56:15.000Z,2024-02-28T13:11:16.000Z,901,435088,Completed,02/28/2024 07:00:12,02/28/2024 14:59:56,Unplanned,MiraFlex 1,MiraFlex 1,A,07:00:00,15:00:00,531,0,PET (400)
724,2024-02-28T13:16:16.000Z,2024-02-28T13:26:56.000Z,640,435148,Completed,02/28/2024 07:00:12,02/28/2024 14:59:56,Unplanned,MiraFlex 1,MiraFlex 1,A,07:00:00,15:00:00,531,0,PET (400)
725,2024-02-28T13:46:56.000Z,2024-02-28T14:06:56.000Z,1200,435240,Completed,02/28/2024 07:00:12,02/28/2024 14:59:56,Unplanned,MiraFlex 1,MiraFlex 1,A,07:00:00,15:00:00,531,0,PET (400)
726,2024-02-28T14:28:56.000Z,2024-02-28T14:42:16.000Z,800,435366,Completed,02/28/2024 07:00:12,02/28/2024 14:59:56,Unplanned,MiraFlex 1,MiraFlex 1,A,07:00:00,15:00:00,531,0,PET (400)
727,2024-02-28T15:04:36.000Z,2024-02-28T15:21:37.000Z,1021,435469,Completed,02/28/2024 15:00:16,02/28/2024 22:15:00,Unplanned,MiraFlex 1,MiraFlex 1,B,15:00:00,23:00:00,531,0,PET (400)
728,2024-02-28T15:43:17.000Z,2024-02-28T16:09:17.000Z,1560,435583,Completed,02/28/2024 15:00:16,02/28/2024 22:15:00,Unplanned,MiraFlex 1,MiraFlex 1,B,15:00:00,23:00:00,531,0,PET (400)
729,2024-02-28T16:12:17.000Z,2024-02-28T16:42:17.000Z,1800,435667,Completed,02/28/2024 15:00:16,02/28/2024 22:15:00,Unplanned,MiraFlex 1,MiraFlex 1,B,15:00:00,23:00:00,531,0,PET (400)
730,2024-02-28T16:52:17.000Z,2024-02-28T16:54:37.000Z,140,435787,Completed,02/28/2024 15:00:16,02/28/2024 22:15:00,Unplanned,MiraFlex 1,MiraFlex 1,B,15:00:00,23:00:00,531,0,PET (400)
731,2024-02-28T17:09:58.000Z,2024-02-28T17:33:58.000Z,1440,435840,Completed,02/28/2024 15:00:16,02/28/2024 22:15:00,Unplanned,MiraFlex 1,MiraFlex 1,B,15:00:00,23:00:00,531,0,PET (400)
732,2024-02-28T17:46:58.000Z,2024-02-28T17:48:38.000Z,100,435951,Completed,02/28/2024 15:00:16,02/28/2024 22:15:00,Unplanned,MiraFlex 1,MiraFlex 1,B,15:00:00,23:00:00,531,0,PET (400)
733,2024-02-28T18:02:18.000Z,2024-02-28T19:29:59.000Z,5261,435993,Completed,02/28/2024 15:00:16,02/28/2024 22:15:00,Unplanned,MiraFlex 1,MiraFlex 1,B,15:00:00,23:00:00,531,0,PET (400)
734,2024-02-28T19:30:19.000Z,2024-02-28T19:34:39.000Z,260,436250,Completed,02/28/2024 15:00:16,02/28/2024 22:15:00,Unplanned,MiraFlex 1,MiraFlex 1,B,15:00:00,23:00:00,531,0,PET (400)
735,2024-02-28T19:42:39.000Z,2024-02-28T19:59:19.000Z,1000,436287,Completed,02/28/2024 15:00:16,02/28/2024 22:15:00,Unplanned,MiraFlex 1,MiraFlex 1,B,15:00:00,23:00:00,531,0,PET (400)
736,2024-02-28T20:05:39.000Z,2024-02-28T20:44:59.000Z,2360,436355,Completed,02/28/2024 15:00:16,02/28/2024 22:15:00,Unplanned,MiraFlex 1,MiraFlex 1,B,15:00:00,23:00:00,531,0,PET (400)
737,2024-02-28T21:18:20.000Z,2024-02-28T21:35:40.000Z,1040,436567,Completed,02/28/2024 15:00:16,02/28/2024 22:15:00,Unplanned,MiraFlex 1,MiraFlex 1,B,15:00:00,23:00:00,531,0,PET (400)
738,2024-03-01T18:11:42.000Z,2024-03-01T18:27:02.000Z,920,438512,Completed,03/01/2024 17:57:42,03/01/2024 22:59:45,Unplanned,MiraFlex 1,MiraFlex 1,B,15:00:00,23:00:00,535,0,PET (400)
739,2024-03-01T18:59:23.000Z,2024-03-01T19:58:23.000Z,3540,438653,Completed,03/01/2024 17:57:42,03/01/2024 22:59:45,Unplanned,MiraFlex 1,MiraFlex 1,B,15:00:00,23:00:00,535,0,PET (400)
740,2024-03-01T19:59:43.000Z,2024-03-01T20:17:43.000Z,1080,438831,Completed,03/01/2024 17:57:42,03/01/2024 22:59:45,Unplanned,MiraFlex 1,MiraFlex 1,B,15:00:00,23:00:00,535,0,PET (400)
741,2024-03-01T20:41:24.000Z,2024-03-01T21:07:44.000Z,1580,438952,Completed,03/01/2024 17:57:42,03/01/2024 22:59:45,Unplanned,MiraFlex 1,MiraFlex 1,B,15:00:00,23:00:00,535,0,PET (400)
742,2024-03-01T21:13:24.000Z,2024-03-01T21:20:04.000Z,400,439047,Completed,03/01/2024 17:57:42,03/01/2024 22:59:45,Unplanned,MiraFlex 1,MiraFlex 1,B,15:00:00,23:00:00,535,0,PET (400)
743,2024-03-01T21:46:04.000Z,2024-03-01T21:51:24.000Z,320,439145,Completed,03/01/2024 17:57:42,03/01/2024 22:59:45,Unplanned,MiraFlex 1,MiraFlex 1,B,15:00:00,23:00:00,535,0,PET (400)
744,2024-03-01T22:48:25.000Z,2024-03-01T22:53:25.000Z,300,439325,Completed,03/01/2024 17:57:42,03/01/2024 22:59:45,Unplanned,MiraFlex 1,MiraFlex 1,B,15:00:00,23:00:00,535,0,PET (400)
745,2024-02-29T15:01:49.000Z,2024-02-29T15:04:09.000Z,140,437185,Completed,02/29/2024 15:00:09,02/29/2024 22:59:53,Unplanned,MiraFlex 1,MiraFlex 1,B,15:00:00,23:00:00,533,0,LDPE (400)
746,2024-02-29T15:12:29.000Z,2024-02-29T15:13:29.000Z,60,437207,Completed,02/29/2024 15:00:09,02/29/2024 22:59:53,Unplanned,MiraFlex 1,MiraFlex 1,B,15:00:00,23:00:00,533,0,LDPE (400)
747,2024-02-29T15:26:49.000Z,2024-02-29T15:27:49.000Z,60,437247,Completed,02/29/2024 15:00:09,02/29/2024 22:59:53,Unplanned,MiraFlex 1,MiraFlex 1,B,15:00:00,23:00:00,533,0,LDPE (400)
748,2024-02-29T15:58:49.000Z,2024-02-29T17:09:50.000Z,4261,437330,Completed,02/29/2024 15:00:09,02/29/2024 22:59:53,Unplanned,MiraFlex 1,MiraFlex 1,B,15:00:00,23:00:00,533,0,LDPE (400)
749,2024-02-29T17:10:30.000Z,2024-02-29T17:40:10.000Z,1780,437505,Completed,02/29/2024 15:00:09,02/29/2024 22:59:53,Unplanned,MiraFlex 1,MiraFlex 1,B,15:00:00,23:00:00,533,0,LDPE (400)
750,2024-02-29T17:41:10.000Z,2024-02-29T17:49:10.000Z,480,437576,Completed,02/29/2024 15:00:09,02/29/2024 22:59:53,Unplanned,MiraFlex 1,MiraFlex 1,B,15:00:00,23:00:00,533,0,LDPE (400)
751,2024-02-29T17:56:30.000Z,2024-02-29T18:01:50.000Z,320,437614,Completed,02/29/2024 15:00:09,02/29/2024 22:59:53,Unplanned,MiraFlex 1,MiraFlex 1,B,15:00:00,23:00:00,533,0,LDPE (400)
752,2024-02-29T18:21:10.000Z,2024-02-29T18:28:30.000Z,440,437685,Completed,02/29/2024 15:00:09,02/29/2024 22:59:53,Unplanned,MiraFlex 1,MiraFlex 1,B,15:00:00,23:00:00,533,0,LDPE (400)
753,2024-02-29T18:33:10.000Z,2024-02-29T18:34:50.000Z,100,437718,Completed,02/29/2024 15:00:09,02/29/2024 22:59:53,Unplanned,MiraFlex 1,MiraFlex 1,B,15:00:00,23:00:00,533,0,LDPE (400)
754,2024-02-29T18:49:10.000Z,2024-02-29T18:55:51.000Z,401,437763,Completed,02/29/2024 15:00:09,02/29/2024 22:59:53,Unplanned,MiraFlex 1,MiraFlex 1,B,15:00:00,23:00:00,533,0,LDPE (400)
755,2024-02-29T19:14:51.000Z,2024-02-29T19:23:51.000Z,540,437836,Completed,02/29/2024 15:00:09,02/29/2024 22:59:53,Unplanned,MiraFlex 1,MiraFlex 1,B,15:00:00,23:00:00,533,0,LDPE (400)
756,2024-02-29T19:25:51.000Z,2024-02-29T19:48:11.000Z,1340,437869,Completed,02/29/2024 15:00:09,02/29/2024 22:59:53,Unplanned,MiraFlex 1,MiraFlex 1,B,15:00:00,23:00:00,533,0,LDPE (400)
757,2024-02-29T19:54:11.000Z,2024-02-29T20:19:31.000Z,1520,437946,Completed,02/29/2024 15:00:09,02/29/2024 22:59:53,Unplanned,MiraFlex 1,MiraFlex 1,B,15:00:00,23:00:00,533,0,LDPE (400)
758,2024-02-29T20:43:11.000Z,2024-02-29T21:05:12.000Z,1321,438069,Completed,02/29/2024 15:00:09,02/29/2024 22:59:53,Unplanned,MiraFlex 1,MiraFlex 1,B,15:00:00,23:00:00,533,0,LDPE (400)
759,2024-02-29T21:15:52.000Z,2024-02-29T21:27:52.000Z,720,438166,Completed,02/29/2024 15:00:09,02/29/2024 22:59:53,Unplanned,MiraFlex 1,MiraFlex 1,B,15:00:00,23:00:00,533,0,LDPE (400)
760,2024-02-29T21:54:52.000Z,2024-02-29T22:10:12.000Z,920,438277,Completed,02/29/2024 15:00:09,02/29/2024 22:59:53,Unplanned,MiraFlex 1,MiraFlex 1,B,15:00:00,23:00:00,533,0,LDPE (400)
761,2024-02-29T22:40:12.000Z,2024-02-29T22:47:53.000Z,461,438411,Completed,02/29/2024 15:00:09,02/29/2024 22:59:53,Unplanned,MiraFlex 1,MiraFlex 1,B,15:00:00,23:00:00,533,0,LDPE (400)
762,2024-02-29T22:57:33.000Z,2024-02-29T22:59:13.000Z,100,438462,Completed,02/29/2024 15:00:09,02/29/2024 22:59:53,Unplanned,MiraFlex 1,MiraFlex 1,B,15:00:00,23:00:00,533,0,LDPE (400)
763,2024-03-02T00:00:05.000Z,2024-03-02T00:02:05.000Z,120,439538,Completed,03/02/2024 00:00:05,03/02/2024 06:59:49,Unplanned,MiraFlex 1,MiraFlex 1,C,23:00:00,07:00:00,535,0,PET (400)
764,2024-03-02T00:16:45.000Z,2024-03-02T00:22:05.000Z,320,439588,Completed,03/02/2024 00:00:05,03/02/2024 06:59:49,Unplanned,MiraFlex 1,MiraFlex 1,C,23:00:00,07:00:00,535,0,PET (400)
765,2024-03-02T00:26:25.000Z,2024-03-02T01:34:06.000Z,4061,439617,Completed,03/02/2024 00:00:05,03/02/2024 06:59:49,Unplanned,MiraFlex 1,MiraFlex 1,C,23:00:00,07:00:00,535,0,PET (400)
766,2024-03-02T01:36:46.000Z,2024-03-02T01:39:46.000Z,180,439828,Completed,03/02/2024 00:00:05,03/02/2024 06:59:49,Unplanned,MiraFlex 1,MiraFlex 1,C,23:00:00,07:00:00,535,0,PET (400)
767,2024-03-02T01:40:46.000Z,2024-03-02T02:03:06.000Z,1340,439840,Completed,03/02/2024 00:00:05,03/02/2024 06:59:49,Unplanned,MiraFlex 1,MiraFlex 1,C,23:00:00,07:00:00,535,0,PET (400)
768,2024-03-02T02:04:46.000Z,2024-03-02T02:09:06.000Z,260,439912,Completed,03/02/2024 00:00:05,03/02/2024 06:59:49,Unplanned,MiraFlex 1,MiraFlex 1,C,23:00:00,07:00:00,535,0,PET (400)
769,2024-03-02T02:48:47.000Z,2024-03-02T03:18:27.000Z,1780,440042,Completed,03/02/2024 00:00:05,03/02/2024 06:59:49,Unplanned,MiraFlex 1,MiraFlex 1,C,23:00:00,07:00:00,535,0,PET (400)
770,2024-03-02T03:30:07.000Z,2024-03-02T03:40:07.000Z,600,440162,Completed,03/02/2024 00:00:05,03/02/2024 06:59:49,Unplanned,MiraFlex 1,MiraFlex 1,C,23:00:00,07:00:00,535,0,PET (400)
771,2024-03-02T03:58:47.000Z,2024-03-02T04:01:07.000Z,140,440248,Completed,03/02/2024 00:00:05,03/02/2024 06:59:49,Unplanned,MiraFlex 1,MiraFlex 1,C,23:00:00,07:00:00,535,0,PET (400)
772,2024-03-02T04:11:07.000Z,2024-03-02T04:19:27.000Z,500,440285,Completed,03/02/2024 00:00:05,03/02/2024 06:59:49,Unplanned,MiraFlex 1,MiraFlex 1,C,23:00:00,07:00:00,535,0,PET (400)
773,2024-03-02T04:24:07.000Z,2024-03-02T04:28:47.000Z,280,440324,Completed,03/02/2024 00:00:05,03/02/2024 06:59:49,Unplanned,MiraFlex 1,MiraFlex 1,C,23:00:00,07:00:00,535,0,PET (400)
774,2024-03-02T04:43:28.000Z,2024-03-02T05:07:08.000Z,1420,440382,Completed,03/02/2024 00:00:05,03/02/2024 06:59:49,Unplanned,MiraFlex 1,MiraFlex 1,C,23:00:00,07:00:00,535,0,PET (400)
775,2024-03-02T05:15:48.000Z,2024-03-02T06:13:28.000Z,3460,440479,Completed,03/02/2024 00:00:05,03/02/2024 06:59:49,Unplanned,MiraFlex 1,MiraFlex 1,C,23:00:00,07:00:00,535,0,PET (400)
776,2024-03-02T23:00:17.000Z,2024-03-02T23:08:17.000Z,480,443587,Completed,03/02/2024 23:00:17,03/02/2024 23:59:57,Unplanned,MiraFlex 1,MiraFlex 1,C,23:00:00,07:00:00,536,0,PET (400)
777,2024-03-02T23:10:17.000Z,2024-03-02T23:14:17.000Z,240,443617,Completed,03/02/2024 23:00:17,03/02/2024 23:59:57,Unplanned,MiraFlex 1,MiraFlex 1,C,23:00:00,07:00:00,536,0,PET (400)
778,2024-03-02T23:15:17.000Z,2024-03-02T23:49:37.000Z,2060,443631,Completed,03/02/2024 23:00:17,03/02/2024 23:59:57,Unplanned,MiraFlex 1,MiraFlex 1,C,23:00:00,07:00:00,536,0,PET (400)
779,2024-03-08T10:49:07.000Z,2024-03-08T10:53:47.000Z,280,444983,Completed,03/08/2024 10:19:27,03/08/2024 14:59:49,Unplanned,MiraFlex 1,MiraFlex 1,A,07:00:00,15:00:00,537,0,PET (400)
780,2024-03-08T10:54:07.000Z,2024-03-08T10:54:27.000Z,20,444998,Completed,03/08/2024 10:19:27,03/08/2024 14:59:49,Unplanned,MiraFlex 1,MiraFlex 1,A,07:00:00,15:00:00,537,0,PET (400)
781,2024-03-08T10:55:07.000Z,2024-03-08T11:34:47.000Z,2380,445001,Completed,03/08/2024 10:19:27,03/08/2024 14:59:49,Unplanned,MiraFlex 1,MiraFlex 1,A,07:00:00,15:00:00,537,0,PET (400)
782,2024-03-08T11:35:27.000Z,2024-03-08T11:43:28.000Z,481,445122,Completed,03/08/2024 10:19:27,03/08/2024 14:59:49,Unplanned,MiraFlex 1,MiraFlex 1,A,07:00:00,15:00:00,537,0,PET (400)
783,2024-03-08T11:43:48.000Z,2024-03-08T11:57:08.000Z,800,445147,Completed,03/08/2024 10:19:27,03/08/2024 14:59:49,Unplanned,MiraFlex 1,MiraFlex 1,A,07:00:00,15:00:00,537,0,PET (400)
784,2024-03-08T11:59:28.000Z,2024-03-08T12:02:48.000Z,200,445194,Completed,03/08/2024 10:19:27,03/08/2024 14:59:49,Unplanned,MiraFlex 1,MiraFlex 1,A,07:00:00,15:00:00,537,0,PET (400)
785,2024-03-08T12:11:28.000Z,2024-03-08T12:21:28.000Z,600,445230,Completed,03/08/2024 10:19:27,03/08/2024 14:59:49,Unplanned,MiraFlex 1,MiraFlex 1,A,07:00:00,15:00:00,537,0,PET (400)
786,2024-03-08T12:34:48.000Z,2024-03-08T12:48:08.000Z,800,445298,Completed,03/08/2024 10:19:27,03/08/2024 14:59:49,Unplanned,MiraFlex 1,MiraFlex 1,A,07:00:00,15:00:00,537,0,PET (400)
787,2024-03-02T15:09:13.000Z,2024-03-02T15:32:13.000Z,1380,442225,Completed,03/02/2024 15:09:13,03/02/2024 22:59:57,Unplanned,MiraFlex 1,MiraFlex 1,B,15:00:00,23:00:00,536,0,PET (400)
788,2024-03-02T15:34:53.000Z,2024-03-02T15:45:13.000Z,620,442302,Completed,03/02/2024 15:09:13,03/02/2024 22:59:57,Unplanned,MiraFlex 1,MiraFlex 1,B,15:00:00,23:00:00,536,0,PET (400)
789,2024-03-02T15:53:53.000Z,2024-03-02T16:38:34.000Z,2681,442355,Completed,03/02/2024 15:09:13,03/02/2024 22:59:57,Unplanned,MiraFlex 1,MiraFlex 1,B,15:00:00,23:00:00,536,0,PET (400)
790,2024-03-02T16:48:14.000Z,2024-03-02T17:07:34.000Z,1160,442518,Completed,03/02/2024 15:09:13,03/02/2024 22:59:57,Unplanned,MiraFlex 1,MiraFlex 1,B,15:00:00,23:00:00,536,0,PET (400)
791,2024-03-02T17:15:54.000Z,2024-03-02T17:32:34.000Z,1000,442600,Completed,03/02/2024 15:09:13,03/02/2024 22:59:57,Unplanned,MiraFlex 1,MiraFlex 1,B,15:00:00,23:00:00,536,0,PET (400)
792,2024-03-02T17:36:14.000Z,2024-03-02T18:23:34.000Z,2840,442660,Completed,03/02/2024 15:09:13,03/02/2024 22:59:57,Unplanned,MiraFlex 1,MiraFlex 1,B,15:00:00,23:00:00,536,0,PET (400)
793,2024-03-02T18:30:15.000Z,2024-03-02T19:39:35.000Z,4160,442822,Completed,03/02/2024 15:09:13,03/02/2024 22:59:57,Unplanned,MiraFlex 1,MiraFlex 1,B,15:00:00,23:00:00,536,0,PET (400)
794,2024-03-02T19:43:15.000Z,2024-03-02T19:56:35.000Z,800,443016,Completed,03/02/2024 15:09:13,03/02/2024 22:59:57,Unplanned,MiraFlex 1,MiraFlex 1,B,15:00:00,23:00:00,536,0,PET (400)
795,2024-03-02T19:59:55.000Z,2024-03-02T20:59:36.000Z,3581,443065,Completed,03/02/2024 15:09:13,03/02/2024 22:59:57,Unplanned,MiraFlex 1,MiraFlex 1,B,15:00:00,23:00:00,536,0,PET (400)
796,2024-03-02T21:02:56.000Z,2024-03-02T21:29:16.000Z,1580,443243,Completed,03/02/2024 15:09:13,03/02/2024 22:59:57,Unplanned,MiraFlex 1,MiraFlex 1,B,15:00:00,23:00:00,536,0,PET (400)
797,2024-03-03T00:00:17.000Z,2024-03-03T00:09:57.000Z,580,443761,Completed,03/03/2024 00:00:17,03/03/2024 06:18:20,Unplanned,MiraFlex 1,MiraFlex 1,C,23:00:00,07:00:00,536,0,PET (400)
798,2024-03-03T00:15:17.000Z,2024-03-03T00:35:38.000Z,1221,443806,Completed,03/03/2024 00:00:17,03/03/2024 06:18:20,Unplanned,MiraFlex 1,MiraFlex 1,C,23:00:00,07:00:00,536,0,PET (400)
799,2024-03-03T00:38:58.000Z,2024-03-03T00:41:18.000Z,140,443877,Completed,03/03/2024 00:00:17,03/03/2024 06:18:20,Unplanned,MiraFlex 1,MiraFlex 1,C,23:00:00,07:00:00,536,0,PET (400)
800,2024-03-03T01:22:58.000Z,2024-03-03T01:44:18.000Z,1280,444009,Completed,03/03/2024 00:00:17,03/03/2024 06:18:20,Unplanned,MiraFlex 1,MiraFlex 1,C,23:00:00,07:00:00,536,0,PET (400)
801,2024-03-03T01:49:58.000Z,2024-03-03T01:52:38.000Z,160,444090,Completed,03/03/2024 00:00:17,03/03/2024 06:18:20,Unplanned,MiraFlex 1,MiraFlex 1,C,23:00:00,07:00:00,536,0,PET (400)
802,2024-03-03T01:53:18.000Z,2024-03-03T02:13:38.000Z,1220,444100,Completed,03/03/2024 00:00:17,03/03/2024 06:18:20,Unplanned,MiraFlex 1,MiraFlex 1,C,23:00:00,07:00:00,536,0,PET (400)
803,2024-03-03T02:14:18.000Z,2024-03-03T02:21:58.000Z,460,444163,Completed,03/03/2024 00:00:17,03/03/2024 06:18:20,Unplanned,MiraFlex 1,MiraFlex 1,C,23:00:00,07:00:00,536,0,PET (400)
804,2024-03-03T02:23:18.000Z,2024-03-03T02:33:19.000Z,601,444190,Completed,03/03/2024 00:00:17,03/03/2024 06:18:20,Unplanned,MiraFlex 1,MiraFlex 1,C,23:00:00,07:00:00,536,0,PET (400)
805,2024-03-03T02:38:59.000Z,2024-03-03T02:46:19.000Z,440,444235,Completed,03/03/2024 00:00:17,03/03/2024 06:18:20,Unplanned,MiraFlex 1,MiraFlex 1,C,23:00:00,07:00:00,536,0,PET (400)
806,2024-03-03T02:57:59.000Z,2024-03-03T03:28:39.000Z,1840,444292,Completed,03/03/2024 00:00:17,03/03/2024 06:18:20,Unplanned,MiraFlex 1,MiraFlex 1,C,23:00:00,07:00:00,536,0,PET (400)
807,2024-03-02T07:01:09.000Z,2024-03-02T07:33:29.000Z,1940,440792,Completed,03/02/2024 07:00:09,03/02/2024 14:59:53,Unplanned,MiraFlex 1,MiraFlex 1,A,07:00:00,15:00:00,535,0,PET (400)
808,2024-03-02T07:41:49.000Z,2024-03-02T07:46:29.000Z,280,440912,Completed,03/02/2024 07:00:09,03/02/2024 14:59:53,Unplanned,MiraFlex 1,MiraFlex 1,A,07:00:00,15:00:00,535,0,PET (400)
809,2024-03-02T08:43:10.000Z,2024-03-02T08:44:50.000Z,100,441091,Completed,03/02/2024 07:00:09,03/02/2024 14:59:53,Unplanned,MiraFlex 1,MiraFlex 1,A,07:00:00,15:00:00,535,0,PET (400)
810,2024-03-02T08:45:10.000Z,2024-03-02T08:48:50.000Z,220,441097,Completed,03/02/2024 07:00:09,03/02/2024 14:59:53,Unplanned,MiraFlex 1,MiraFlex 1,A,07:00:00,15:00:00,535,0,PET (400)
811,2024-03-02T09:27:30.000Z,2024-03-02T09:50:10.000Z,1360,441223,Completed,03/02/2024 07:00:09,03/02/2024 14:59:53,Unplanned,MiraFlex 1,MiraFlex 1,A,07:00:00,15:00:00,535,0,PET (400)
812,2024-03-02T10:07:30.000Z,2024-03-02T10:12:10.000Z,280,441343,Completed,03/02/2024 07:00:09,03/02/2024 14:59:53,Unplanned,MiraFlex 1,MiraFlex 1,A,07:00:00,15:00:00,535,0,PET (400)
813,2024-03-02T10:55:11.000Z,2024-03-02T11:04:11.000Z,540,441484,Completed,03/02/2024 07:00:09,03/02/2024 14:59:53,Unplanned,MiraFlex 1,MiraFlex 1,A,07:00:00,15:00:00,535,0,PET (400)
814,2024-03-02T11:17:51.000Z,2024-03-02T11:27:11.000Z,560,441552,Completed,03/02/2024 07:00:09,03/02/2024 14:59:53,Unplanned,MiraFlex 1,MiraFlex 1,A,07:00:00,15:00:00,535,0,PET (400)
815,2024-03-02T11:57:51.000Z,2024-03-02T12:05:51.000Z,480,441666,Completed,03/02/2024 07:00:09,03/02/2024 14:59:53,Unplanned,MiraFlex 1,MiraFlex 1,A,07:00:00,15:00:00,535,0,PET (400)
816,2024-03-02T12:34:12.000Z,2024-03-02T12:55:12.000Z,1260,441772,Completed,03/02/2024 07:00:09,03/02/2024 14:59:53,Unplanned,MiraFlex 1,MiraFlex 1,A,07:00:00,15:00:00,535,0,PET (400)
817,2024-03-02T13:02:12.000Z,2024-03-02T13:12:52.000Z,640,441850,Completed,03/02/2024 07:00:09,03/02/2024 14:59:53,Unplanned,MiraFlex 1,MiraFlex 1,A,07:00:00,15:00:00,535,0,PET (400)
818,2024-03-02T14:02:32.000Z,2024-03-02T14:12:52.000Z,620,442027,Completed,03/02/2024 07:00:09,03/02/2024 14:59:53,Unplanned,MiraFlex 1,MiraFlex 1,A,07:00:00,15:00:00,535,0,PET (400)
819,2024-03-02T14:31:33.000Z,2024-03-02T14:59:53.000Z,1700,442112,Completed,03/02/2024 07:00:09,03/02/2024 14:59:53,Unplanned,MiraFlex 1,MiraFlex 1,A,07:00:00,15:00:00,535,0,PET (400)
820,2024-03-08T21:55:13.000Z,2024-03-08T22:04:33.000Z,560,446961,Completed,03/08/2024 21:55:13,03/08/2024 22:59:53,Unplanned,MiraFlex 1,MiraFlex 1,B,15:00:00,23:00:00,538,0,PET (400)
821,2024-03-08T22:12:13.000Z,2024-03-08T22:17:53.000Z,340,447012,Completed,03/08/2024 21:55:13,03/08/2024 22:59:53,Unplanned,MiraFlex 1,MiraFlex 1,B,15:00:00,23:00:00,538,0,PET (400)
822,2024-03-08T22:22:53.000Z,2024-03-08T22:31:33.000Z,520,447035,Completed,03/08/2024 21:55:13,03/08/2024 22:59:53,Unplanned,MiraFlex 1,MiraFlex 1,B,15:00:00,23:00:00,538,0,PET (400)
823,2024-03-08T22:31:53.000Z,2024-03-08T22:35:53.000Z,240,447061,Completed,03/08/2024 21:55:13,03/08/2024 22:59:53,Unplanned,MiraFlex 1,MiraFlex 1,B,15:00:00,23:00:00,538,0,PET (400)
824,2024-03-08T23:00:13.000Z,2024-03-08T23:03:13.000Z,180,447146,Completed,03/08/2024 23:00:13,03/08/2024 23:59:54,Unplanned,MiraFlex 1,MiraFlex 1,C,23:00:00,07:00:00,538,0,PET (400)
825,2024-03-08T23:16:53.000Z,2024-03-08T23:45:34.000Z,1721,447194,Completed,03/08/2024 23:00:13,03/08/2024 23:59:54,Unplanned,MiraFlex 1,MiraFlex 1,C,23:00:00,07:00:00,538,0,PET (400)
826,2024-03-09T00:21:14.000Z,2024-03-09T00:26:54.000Z,340,447387,Completed,03/09/2024 00:00:14,03/09/2024 01:48:35,Unplanned,MiraFlex 1,MiraFlex 1,C,23:00:00,07:00:00,538,0,PET (400)
827,2024-03-09T00:52:54.000Z,2024-03-09T01:22:14.000Z,1760,447480,Completed,03/09/2024 00:00:14,03/09/2024 01:48:35,Unplanned,MiraFlex 1,MiraFlex 1,C,23:00:00,07:00:00,538,0,PET (400)
828,2024-03-09T01:29:14.000Z,2024-03-09T01:30:15.000Z,61,447589,Completed,03/09/2024 00:00:14,03/09/2024 01:48:35,Unplanned,MiraFlex 1,MiraFlex 1,C,23:00:00,07:00:00,538,0,PET (400)
829,2024-03-08T15:00:09.000Z,2024-03-08T15:19:49.000Z,1180,445729,Completed,03/08/2024 15:00:09,03/08/2024 21:54:33,Unplanned,MiraFlex 1,MiraFlex 1,B,15:00:00,23:00:00,537,0,PET (400)
830,2024-03-08T15:20:09.000Z,2024-03-08T15:20:29.000Z,20,445789,Completed,03/08/2024 15:00:09,03/08/2024 21:54:33,Unplanned,MiraFlex 1,MiraFlex 1,B,15:00:00,23:00:00,537,0,PET (400)
831,2024-03-08T15:21:29.000Z,2024-03-08T15:54:50.000Z,2001,445793,Completed,03/08/2024 15:00:09,03/08/2024 21:54:33,Unplanned,MiraFlex 1,MiraFlex 1,B,15:00:00,23:00:00,537,0,PET (400)
832,2024-03-08T16:08:10.000Z,2024-03-08T16:13:10.000Z,300,445931,Completed,03/08/2024 15:00:09,03/08/2024 21:54:33,Unplanned,MiraFlex 1,MiraFlex 1,B,15:00:00,23:00:00,537,0,PET (400)
833,2024-03-08T17:23:30.000Z,2024-03-08T17:53:11.000Z,1781,446157,Completed,03/08/2024 15:00:09,03/08/2024 21:54:33,Unplanned,MiraFlex 1,MiraFlex 1,B,15:00:00,23:00:00,537,0,PET (400)
834,2024-03-08T17:55:31.000Z,2024-03-08T18:11:51.000Z,980,446253,Completed,03/08/2024 15:00:09,03/08/2024 21:54:33,Unplanned,MiraFlex 1,MiraFlex 1,B,15:00:00,23:00:00,537,0,PET (400)
835,2024-03-08T18:49:31.000Z,2024-03-08T18:56:11.000Z,400,446413,Completed,03/08/2024 15:00:09,03/08/2024 21:54:33,Unplanned,MiraFlex 1,MiraFlex 1,B,15:00:00,23:00:00,537,0,PET (400)
836,2024-03-08T19:21:51.000Z,2024-03-08T19:58:12.000Z,2181,446508,Completed,03/08/2024 15:00:09,03/08/2024 21:54:33,Unplanned,MiraFlex 1,MiraFlex 1,B,15:00:00,23:00:00,537,0,PET (400)
837,2024-03-08T19:58:52.000Z,2024-03-08T20:35:12.000Z,2180,446619,Completed,03/08/2024 15:00:09,03/08/2024 21:54:33,Unplanned,MiraFlex 1,MiraFlex 1,B,15:00:00,23:00:00,537,0,PET (400)
838,2024-03-08T20:51:32.000Z,2024-03-08T21:03:52.000Z,740,446772,Completed,03/08/2024 15:00:09,03/08/2024 21:54:33,Unplanned,MiraFlex 1,MiraFlex 1,B,15:00:00,23:00:00,537,0,PET (400)
839,2024-03-08T21:19:12.000Z,2024-03-08T21:39:13.000Z,1201,446855,Completed,03/08/2024 15:00:09,03/08/2024 21:54:33,Unplanned,MiraFlex 1,MiraFlex 1,B,15:00:00,23:00:00,537,0,PET (400)
840,2024-03-09T12:07:20.000Z,2024-03-09T12:12:20.000Z,300,448429,Completed,03/09/2024 12:07:20,03/09/2024 14:59:41,Unplanned,MiraFlex 1,MiraFlex 1,A,07:00:00,15:00:00,539,0,undefined
841,2024-03-09T12:13:40.000Z,2024-03-09T12:21:40.000Z,480,448448,Completed,03/09/2024 12:07:20,03/09/2024 14:59:41,Unplanned,MiraFlex 1,MiraFlex 1,A,07:00:00,15:00:00,539,0,undefined
842,2024-03-09T12:55:40.000Z,2024-03-09T13:06:00.000Z,620,448560,Completed,03/09/2024 12:07:20,03/09/2024 14:59:41,Unplanned,MiraFlex 1,MiraFlex 1,A,07:00:00,15:00:00,539,0,undefined
843,2024-03-09T13:18:20.000Z,2024-03-09T14:05:01.000Z,2801,448626,Completed,03/09/2024 12:07:20,03/09/2024 14:59:41,Unplanned,MiraFlex 1,MiraFlex 1,A,07:00:00,15:00:00,539,0,undefined
844,2024-03-09T14:07:41.000Z,2024-03-09T14:15:41.000Z,480,448772,Completed,03/09/2024 12:07:20,03/09/2024 14:59:41,Unplanned,MiraFlex 1,MiraFlex 1,A,07:00:00,15:00:00,539,0,undefined
845,2024-03-09T01:50:15.000Z,2024-03-09T01:56:55.000Z,400,447650,Completed,03/09/2024 01:50:15,03/09/2024 23:59:46,Unplanned,MiraFlex 1,MiraFlex 1,C,23:00:00,07:00:00,539,0,undefined
846,2024-03-09T02:04:55.000Z,2024-03-09T02:14:35.000Z,580,447692,Completed,03/09/2024 01:50:15,03/09/2024 23:59:46,Unplanned,MiraFlex 1,MiraFlex 1,C,23:00:00,07:00:00,539,0,undefined
847,2024-03-09T02:21:55.000Z,2024-03-09T02:22:55.000Z,60,447743,Completed,03/09/2024 01:50:15,03/09/2024 23:59:46,Unplanned,MiraFlex 1,MiraFlex 1,C,23:00:00,07:00:00,539,0,undefined
848,2024-03-09T02:25:15.000Z,2024-03-09T02:54:15.000Z,1740,447753,Completed,03/09/2024 01:50:15,03/09/2024 23:59:46,Unplanned,MiraFlex 1,MiraFlex 1,C,23:00:00,07:00:00,539,0,undefined
849,2024-03-09T02:56:35.000Z,2024-03-09T03:04:15.000Z,460,447847,Completed,03/09/2024 01:50:15,03/09/2024 23:59:46,Unplanned,MiraFlex 1,MiraFlex 1,C,23:00:00,07:00:00,539,0,undefined
850,2024-03-09T03:11:15.000Z,2024-03-09T03:34:56.000Z,1421,447891,Completed,03/09/2024 01:50:15,03/09/2024 23:59:46,Unplanned,MiraFlex 1,MiraFlex 1,C,23:00:00,07:00:00,539,0,undefined
851,2024-03-09T03:35:36.000Z,2024-03-09T03:39:36.000Z,240,447963,Completed,03/09/2024 01:50:15,03/09/2024 23:59:46,Unplanned,MiraFlex 1,MiraFlex 1,C,23:00:00,07:00:00,539,0,undefined
852,2024-03-09T03:40:56.000Z,2024-03-09T04:03:56.000Z,1380,447979,Completed,03/09/2024 01:50:15,03/09/2024 23:59:46,Unplanned,MiraFlex 1,MiraFlex 1,C,23:00:00,07:00:00,539,0,undefined
853,2024-03-09T04:05:36.000Z,2024-03-09T04:10:36.000Z,300,448053,Completed,03/09/2024 01:50:15,03/09/2024 23:59:46,Unplanned,MiraFlex 1,MiraFlex 1,C,23:00:00,07:00:00,539,0,undefined
854,2024-03-09T04:18:56.000Z,2024-03-09T04:29:16.000Z,620,448093,Completed,03/09/2024 01:50:15,03/09/2024 23:59:46,Unplanned,MiraFlex 1,MiraFlex 1,C,23:00:00,07:00:00,539,0,undefined
855,2024-03-09T04:39:56.000Z,2024-03-09T04:45:36.000Z,340,448156,Completed,03/09/2024 01:50:15,03/09/2024 23:59:46,Unplanned,MiraFlex 1,MiraFlex 1,C,23:00:00,07:00:00,539,0,undefined
856,2024-03-09T04:53:56.000Z,2024-03-09T04:58:16.000Z,260,448198,Completed,03/09/2024 01:50:15,03/09/2024 23:59:46,Unplanned,MiraFlex 1,MiraFlex 1,C,23:00:00,07:00:00,539,0,undefined
857,2024-03-09T05:01:16.000Z,2024-03-09T05:23:36.000Z,1340,448220,Completed,03/09/2024 01:50:15,03/09/2024 23:59:46,Unplanned,MiraFlex 1,MiraFlex 1,C,23:00:00,07:00:00,539,0,undefined
858,2024-03-09T05:25:56.000Z,2024-03-09T05:28:57.000Z,181,448294,Completed,03/09/2024 01:50:15,03/09/2024 23:59:46,Unplanned,MiraFlex 1,MiraFlex 1,C,23:00:00,07:00:00,539,0,undefined
859,2024-03-09T05:33:17.000Z,2024-03-09T06:00:57.000Z,1660,448316,Completed,03/09/2024 01:50:15,03/09/2024 23:59:46,Unplanned,MiraFlex 1,MiraFlex 1,C,23:00:00,07:00:00,539,0,undefined
860,2024-03-09T06:03:17.000Z,2024-03-09T12:12:20.000Z,22143,448406,Completed,03/09/2024 01:50:15,03/09/2024 23:59:46,Unplanned,MiraFlex 1,MiraFlex 1,C,23:00:00,07:00:00,539,0,undefined
861,2024-03-09T12:13:40.000Z,2024-03-09T12:21:40.000Z,480,448448,Completed,03/09/2024 01:50:15,03/09/2024 23:59:46,Unplanned,MiraFlex 1,MiraFlex 1,C,23:00:00,07:00:00,539,0,undefined
862,2024-03-09T12:55:40.000Z,2024-03-09T13:06:00.000Z,620,448560,Completed,03/09/2024 01:50:15,03/09/2024 23:59:46,Unplanned,MiraFlex 1,MiraFlex 1,C,23:00:00,07:00:00,539,0,undefined
863,2024-03-09T13:18:20.000Z,2024-03-09T14:05:01.000Z,2801,448626,Completed,03/09/2024 01:50:15,03/09/2024 23:59:46,Unplanned,MiraFlex 1,MiraFlex 1,C,23:00:00,07:00:00,539,0,undefined
864,2024-03-09T14:07:41.000Z,2024-03-09T14:15:41.000Z,480,448772,Completed,03/09/2024 01:50:15,03/09/2024 23:59:46,Unplanned,MiraFlex 1,MiraFlex 1,C,23:00:00,07:00:00,539,0,undefined
865,2024-03-09T14:39:21.000Z,2024-03-09T15:07:21.000Z,1680,448865,Completed,03/09/2024 01:50:15,03/09/2024 23:59:46,Unplanned,MiraFlex 1,MiraFlex 1,C,23:00:00,07:00:00,539,0,undefined
866,2024-03-09T15:28:22.000Z,2024-03-09T15:29:22.000Z,60,449008,Completed,03/09/2024 01:50:15,03/09/2024 23:59:46,Unplanned,MiraFlex 1,MiraFlex 1,C,23:00:00,07:00:00,539,0,undefined
867,2024-03-09T15:34:42.000Z,2024-03-09T15:58:02.000Z,1400,449027,Completed,03/09/2024 01:50:15,03/09/2024 23:59:46,Unplanned,MiraFlex 1,MiraFlex 1,C,23:00:00,07:00:00,539,0,undefined
868,2024-03-09T16:38:22.000Z,2024-03-09T17:18:22.000Z,2400,449218,Completed,03/09/2024 01:50:15,03/09/2024 23:59:46,Unplanned,MiraFlex 1,MiraFlex 1,C,23:00:00,07:00:00,539,0,undefined
869,2024-03-09T17:24:43.000Z,2024-03-09T17:30:43.000Z,360,449357,Completed,03/09/2024 01:50:15,03/09/2024 23:59:46,Unplanned,MiraFlex 1,MiraFlex 1,C,23:00:00,07:00:00,539,0,undefined
870,2024-03-09T17:38:23.000Z,2024-03-09T17:40:03.000Z,100,449398,Completed,03/09/2024 01:50:15,03/09/2024 23:59:46,Unplanned,MiraFlex 1,MiraFlex 1,C,23:00:00,07:00:00,539,0,undefined
871,2024-03-09T18:38:03.000Z,2024-03-09T18:44:23.000Z,380,449577,Completed,03/09/2024 01:50:15,03/09/2024 23:59:46,Unplanned,MiraFlex 1,MiraFlex 1,C,23:00:00,07:00:00,539,0,undefined
872,2024-03-09T18:45:43.000Z,2024-03-09T18:50:23.000Z,280,449600,Completed,03/09/2024 01:50:15,03/09/2024 23:59:46,Unplanned,MiraFlex 1,MiraFlex 1,C,23:00:00,07:00:00,539,0,undefined
873,2024-03-09T18:50:43.000Z,2024-03-09T19:22:23.000Z,1900,449615,Completed,03/09/2024 01:50:15,03/09/2024 23:59:46,Unplanned,MiraFlex 1,MiraFlex 1,C,23:00:00,07:00:00,539,0,undefined
874,2024-03-09T20:02:04.000Z,2024-03-09T20:03:04.000Z,60,449829,Completed,03/09/2024 01:50:15,03/09/2024 23:59:46,Unplanned,MiraFlex 1,MiraFlex 1,C,23:00:00,07:00:00,539,0,undefined
875,2024-03-09T20:03:44.000Z,2024-03-09T20:37:04.000Z,2000,449834,Completed,03/09/2024 01:50:15,03/09/2024 23:59:46,Unplanned,MiraFlex 1,MiraFlex 1,C,23:00:00,07:00:00,539,0,undefined
876,2024-03-09T20:38:24.000Z,2024-03-09T20:57:44.000Z,1160,449938,Completed,03/09/2024 01:50:15,03/09/2024 23:59:46,Unplanned,MiraFlex 1,MiraFlex 1,C,23:00:00,07:00:00,539,0,undefined
877,2024-03-09T20:58:24.000Z,2024-03-09T21:01:24.000Z,180,449998,Completed,03/09/2024 01:50:15,03/09/2024 23:59:46,Unplanned,MiraFlex 1,MiraFlex 1,C,23:00:00,07:00:00,539,0,undefined
878,2024-03-09T21:02:24.000Z,2024-03-09T21:04:04.000Z,100,450009,Completed,03/09/2024 01:50:15,03/09/2024 23:59:46,Unplanned,MiraFlex 1,MiraFlex 1,C,23:00:00,07:00:00,539,0,undefined
879,2024-03-09T21:15:44.000Z,2024-03-09T21:24:25.000Z,521,450049,Completed,03/09/2024 01:50:15,03/09/2024 23:59:46,Unplanned,MiraFlex 1,MiraFlex 1,C,23:00:00,07:00:00,539,0,undefined
880,2024-03-09T21:25:05.000Z,2024-03-09T21:28:25.000Z,200,450077,Completed,03/09/2024 01:50:15,03/09/2024 23:59:46,Unplanned,MiraFlex 1,MiraFlex 1,C,23:00:00,07:00:00,539,0,undefined
881,2024-03-09T21:28:45.000Z,2024-03-09T21:39:25.000Z,640,450088,Completed,03/09/2024 01:50:15,03/09/2024 23:59:46,Unplanned,MiraFlex 1,MiraFlex 1,C,23:00:00,07:00:00,539,0,undefined
882,2024-03-09T21:40:05.000Z,2024-03-09T21:43:45.000Z,220,450122,Completed,03/09/2024 01:50:15,03/09/2024 23:59:46,Unplanned,MiraFlex 1,MiraFlex 1,C,23:00:00,07:00:00,539,0,undefined
883,2024-03-09T21:51:25.000Z,2024-03-09T22:31:25.000Z,2400,450154,Completed,03/09/2024 01:50:15,03/09/2024 23:59:46,Unplanned,MiraFlex 1,MiraFlex 1,C,23:00:00,07:00:00,539,0,undefined
884,2024-03-09T22:33:45.000Z,2024-03-09T22:37:25.000Z,220,450280,Completed,03/09/2024 01:50:15,03/09/2024 23:59:46,Unplanned,MiraFlex 1,MiraFlex 1,C,23:00:00,07:00:00,539,0,undefined
885,2024-03-09T22:40:05.000Z,2024-03-09T23:10:25.000Z,1820,450299,Completed,03/09/2024 01:50:15,03/09/2024 23:59:46,Unplanned,MiraFlex 1,MiraFlex 1,C,23:00:00,07:00:00,539,0,undefined
886,2024-03-09T23:11:25.000Z,2024-03-09T23:46:06.000Z,2081,450393,Completed,03/09/2024 01:50:15,03/09/2024 23:59:46,Unplanned,MiraFlex 1,MiraFlex 1,C,23:00:00,07:00:00,539,0,undefined
887,2024-03-09T15:00:01.000Z,2024-03-09T15:07:21.000Z,440,448925,Completed,03/09/2024 15:00:01,03/09/2024 22:59:45,Unplanned,MiraFlex 1,MiraFlex 1,B,15:00:00,23:00:00,539,0,undefined
888,2024-03-09T15:28:22.000Z,2024-03-09T15:29:22.000Z,60,449008,Completed,03/09/2024 15:00:01,03/09/2024 22:59:45,Unplanned,MiraFlex 1,MiraFlex 1,B,15:00:00,23:00:00,539,0,undefined
889,2024-03-09T15:34:42.000Z,2024-03-09T15:58:02.000Z,1400,449027,Completed,03/09/2024 15:00:01,03/09/2024 22:59:45,Unplanned,MiraFlex 1,MiraFlex 1,B,15:00:00,23:00:00,539,0,undefined
890,2024-03-09T16:38:22.000Z,2024-03-09T17:18:22.000Z,2400,449218,Completed,03/09/2024 15:00:01,03/09/2024 22:59:45,Unplanned,MiraFlex 1,MiraFlex 1,B,15:00:00,23:00:00,539,0,undefined
891,2024-03-09T17:24:43.000Z,2024-03-09T17:30:43.000Z,360,449357,Completed,03/09/2024 15:00:01,03/09/2024 22:59:45,Unplanned,MiraFlex 1,MiraFlex 1,B,15:00:00,23:00:00,539,0,undefined
892,2024-03-09T17:38:23.000Z,2024-03-09T17:40:03.000Z,100,449398,Completed,03/09/2024 15:00:01,03/09/2024 22:59:45,Unplanned,MiraFlex 1,MiraFlex 1,B,15:00:00,23:00:00,539,0,undefined
893,2024-03-09T18:38:03.000Z,2024-03-09T18:44:23.000Z,380,449577,Completed,03/09/2024 15:00:01,03/09/2024 22:59:45,Unplanned,MiraFlex 1,MiraFlex 1,B,15:00:00,23:00:00,539,0,undefined
894,2024-03-09T18:45:43.000Z,2024-03-09T18:50:23.000Z,280,449600,Completed,03/09/2024 15:00:01,03/09/2024 22:59:45,Unplanned,MiraFlex 1,MiraFlex 1,B,15:00:00,23:00:00,539,0,undefined
895,2024-03-09T18:50:43.000Z,2024-03-09T19:22:23.000Z,1900,449615,Completed,03/09/2024 15:00:01,03/09/2024 22:59:45,Unplanned,MiraFlex 1,MiraFlex 1,B,15:00:00,23:00:00,539,0,undefined
896,2024-03-09T20:02:04.000Z,2024-03-09T20:03:04.000Z,60,449829,Completed,03/09/2024 15:00:01,03/09/2024 22:59:45,Unplanned,MiraFlex 1,MiraFlex 1,B,15:00:00,23:00:00,539,0,undefined
897,2024-03-09T20:03:44.000Z,2024-03-09T20:37:04.000Z,2000,449834,Completed,03/09/2024 15:00:01,03/09/2024 22:59:45,Unplanned,MiraFlex 1,MiraFlex 1,B,15:00:00,23:00:00,539,0,undefined
898,2024-03-09T20:38:24.000Z,2024-03-09T20:57:44.000Z,1160,449938,Completed,03/09/2024 15:00:01,03/09/2024 22:59:45,Unplanned,MiraFlex 1,MiraFlex 1,B,15:00:00,23:00:00,539,0,undefined
899,2024-03-09T20:58:24.000Z,2024-03-09T21:01:24.000Z,180,449998,Completed,03/09/2024 15:00:01,03/09/2024 22:59:45,Unplanned,MiraFlex 1,MiraFlex 1,B,15:00:00,23:00:00,539,0,undefined
900,2024-03-09T21:02:24.000Z,2024-03-09T21:04:04.000Z,100,450009,Completed,03/09/2024 15:00:01,03/09/2024 22:59:45,Unplanned,MiraFlex 1,MiraFlex 1,B,15:00:00,23:00:00,539,0,undefined
901,2024-03-09T21:15:44.000Z,2024-03-09T21:24:25.000Z,521,450049,Completed,03/09/2024 15:00:01,03/09/2024 22:59:45,Unplanned,MiraFlex 1,MiraFlex 1,B,15:00:00,23:00:00,539,0,undefined
902,2024-03-09T21:25:05.000Z,2024-03-09T21:28:25.000Z,200,450077,Completed,03/09/2024 15:00:01,03/09/2024 22:59:45,Unplanned,MiraFlex 1,MiraFlex 1,B,15:00:00,23:00:00,539,0,undefined
903,2024-03-09T21:28:45.000Z,2024-03-09T21:39:25.000Z,640,450088,Completed,03/09/2024 15:00:01,03/09/2024 22:59:45,Unplanned,MiraFlex 1,MiraFlex 1,B,15:00:00,23:00:00,539,0,undefined
904,2024-03-09T21:40:05.000Z,2024-03-09T21:43:45.000Z,220,450122,Completed,03/09/2024 15:00:01,03/09/2024 22:59:45,Unplanned,MiraFlex 1,MiraFlex 1,B,15:00:00,23:00:00,539,0,undefined
905,2024-03-09T21:51:25.000Z,2024-03-09T22:31:25.000Z,2400,450154,Completed,03/09/2024 15:00:01,03/09/2024 22:59:45,Unplanned,MiraFlex 1,MiraFlex 1,B,15:00:00,23:00:00,539,0,undefined
906,2024-03-09T22:33:45.000Z,2024-03-09T22:37:25.000Z,220,450280,Completed,03/09/2024 15:00:01,03/09/2024 22:59:45,Unplanned,MiraFlex 1,MiraFlex 1,B,15:00:00,23:00:00,539,0,undefined
907,2024-03-11T15:00:06.000Z,2024-03-11T15:13:26.000Z,800,457485,Completed,03/11/2024 15:00:06,03/11/2024 15:31:46,Unplanned,MiraFlex 1,MiraFlex 1,B,15:00:00,23:00:00,539,0,undefined
908,2024-03-10T07:00:09.000Z,2024-03-10T09:44:11.000Z,9842,451791,Completed,03/10/2024 07:00:09,03/10/2024 14:59:53,Unplanned,MiraFlex 1,MiraFlex 1,A,07:00:00,15:00:00,539,0,undefined
909,2024-03-10T09:49:31.000Z,2024-03-10T09:54:11.000Z,280,452297,Completed,03/10/2024 07:00:09,03/10/2024 14:59:53,Unplanned,MiraFlex 1,MiraFlex 1,A,07:00:00,15:00:00,539,0,undefined
910,2024-03-10T10:05:11.000Z,2024-03-10T10:29:11.000Z,1440,452338,Completed,03/10/2024 07:00:09,03/10/2024 14:59:53,Unplanned,MiraFlex 1,MiraFlex 1,A,07:00:00,15:00:00,539,0,undefined
911,2024-03-10T10:41:51.000Z,2024-03-10T10:48:31.000Z,400,452448,Completed,03/10/2024 07:00:09,03/10/2024 14:59:53,Unplanned,MiraFlex 1,MiraFlex 1,A,07:00:00,15:00:00,539,0,undefined
912,2024-03-10T10:49:11.000Z,2024-03-10T10:51:11.000Z,120,452470,Completed,03/10/2024 07:00:09,03/10/2024 14:59:53,Unplanned,MiraFlex 1,MiraFlex 1,A,07:00:00,15:00:00,539,0,undefined
913,2024-03-10T10:56:11.000Z,2024-03-10T11:11:51.000Z,940,452491,Completed,03/10/2024 07:00:09,03/10/2024 14:59:53,Unplanned,MiraFlex 1,MiraFlex 1,A,07:00:00,15:00:00,539,0,undefined
914,2024-03-10T11:21:52.000Z,2024-03-10T12:08:12.000Z,2780,452568,Completed,03/10/2024 07:00:09,03/10/2024 14:59:53,Unplanned,MiraFlex 1,MiraFlex 1,A,07:00:00,15:00:00,539,0,undefined
915,2024-03-10T12:46:12.000Z,2024-03-10T12:56:32.000Z,620,452819,Completed,03/10/2024 07:00:09,03/10/2024 14:59:53,Unplanned,MiraFlex 1,MiraFlex 1,A,07:00:00,15:00:00,539,0,undefined
916,2024-03-10T13:03:32.000Z,2024-03-10T13:12:12.000Z,520,452869,Completed,03/10/2024 07:00:09,03/10/2024 14:59:53,Unplanned,MiraFlex 1,MiraFlex 1,A,07:00:00,15:00:00,539,0,undefined
917,2024-03-10T13:54:53.000Z,2024-03-10T14:14:53.000Z,1200,453021,Completed,03/10/2024 07:00:09,03/10/2024 14:59:53,Unplanned,MiraFlex 1,MiraFlex 1,A,07:00:00,15:00:00,539,0,undefined
918,2024-03-10T14:36:33.000Z,2024-03-10T14:42:13.000Z,340,453144,Completed,03/10/2024 07:00:09,03/10/2024 14:59:53,Unplanned,MiraFlex 1,MiraFlex 1,A,07:00:00,15:00:00,539,0,undefined
919,2024-03-10T15:08:13.000Z,2024-03-10T16:26:14.000Z,4681,453239,Completed,03/10/2024 15:00:13,03/10/2024 22:59:57,Unplanned,MiraFlex 1,MiraFlex 1,B,15:00:00,23:00:00,539,0,undefined
920,2024-03-10T16:27:14.000Z,2024-03-10T16:31:34.000Z,260,453476,Completed,03/10/2024 15:00:13,03/10/2024 22:59:57,Unplanned,MiraFlex 1,MiraFlex 1,B,15:00:00,23:00:00,539,0,undefined
921,2024-03-10T16:33:34.000Z,2024-03-10T16:44:14.000Z,640,453494,Completed,03/10/2024 15:00:13,03/10/2024 22:59:57,Unplanned,MiraFlex 1,MiraFlex 1,B,15:00:00,23:00:00,539,0,undefined
922,2024-03-10T16:44:54.000Z,2024-03-10T16:51:34.000Z,400,453528,Completed,03/10/2024 15:00:13,03/10/2024 22:59:57,Unplanned,MiraFlex 1,MiraFlex 1,B,15:00:00,23:00:00,539,0,undefined
923,2024-03-10T16:51:54.000Z,2024-03-10T16:52:14.000Z,20,453549,Completed,03/10/2024 15:00:13,03/10/2024 22:59:57,Unplanned,MiraFlex 1,MiraFlex 1,B,15:00:00,23:00:00,539,0,undefined
924,2024-03-10T16:53:34.000Z,2024-03-10T17:13:35.000Z,1201,453554,Completed,03/10/2024 15:00:13,03/10/2024 22:59:57,Unplanned,MiraFlex 1,MiraFlex 1,B,15:00:00,23:00:00,539,0,undefined
925,2024-03-10T17:26:15.000Z,2024-03-10T17:29:35.000Z,200,453651,Completed,03/10/2024 15:00:13,03/10/2024 22:59:57,Unplanned,MiraFlex 1,MiraFlex 1,B,15:00:00,23:00:00,539,0,undefined
926,2024-03-10T17:41:55.000Z,2024-03-10T18:37:55.000Z,3360,453694,Completed,03/10/2024 15:00:13,03/10/2024 22:59:57,Unplanned,MiraFlex 1,MiraFlex 1,B,15:00:00,23:00:00,539,0,undefined
927,2024-03-10T18:49:15.000Z,2024-03-10T18:54:15.000Z,300,453895,Completed,03/10/2024 15:00:13,03/10/2024 22:59:57,Unplanned,MiraFlex 1,MiraFlex 1,B,15:00:00,23:00:00,539,0,undefined
928,2024-03-10T18:55:35.000Z,2024-03-10T19:45:16.000Z,2981,453913,Completed,03/10/2024 15:00:13,03/10/2024 22:59:57,Unplanned,MiraFlex 1,MiraFlex 1,B,15:00:00,23:00:00,539,0,undefined
929,2024-03-10T19:49:16.000Z,2024-03-10T20:12:56.000Z,1420,454070,Completed,03/10/2024 15:00:13,03/10/2024 22:59:57,Unplanned,MiraFlex 1,MiraFlex 1,B,15:00:00,23:00:00,539,0,undefined
930,2024-03-10T20:13:36.000Z,2024-03-10T20:37:16.000Z,1420,454142,Completed,03/10/2024 15:00:13,03/10/2024 22:59:57,Unplanned,MiraFlex 1,MiraFlex 1,B,15:00:00,23:00:00,539,0,undefined
931,2024-03-10T20:50:16.000Z,2024-03-10T21:09:17.000Z,1141,454250,Completed,03/10/2024 15:00:13,03/10/2024 22:59:57,Unplanned,MiraFlex 1,MiraFlex 1,B,15:00:00,23:00:00,539,0,undefined
932,2024-03-10T21:18:37.000Z,2024-03-10T21:43:17.000Z,1480,454334,Completed,03/10/2024 15:00:13,03/10/2024 22:59:57,Unplanned,MiraFlex 1,MiraFlex 1,B,15:00:00,23:00:00,539,0,undefined
933,2024-03-10T21:53:17.000Z,2024-03-10T22:01:17.000Z,480,454436,Completed,03/10/2024 15:00:13,03/10/2024 22:59:57,Unplanned,MiraFlex 1,MiraFlex 1,B,15:00:00,23:00:00,539,0,undefined
934,2024-03-10T22:20:17.000Z,2024-03-10T22:31:37.000Z,680,454516,Completed,03/10/2024 15:00:13,03/10/2024 22:59:57,Unplanned,MiraFlex 1,MiraFlex 1,B,15:00:00,23:00:00,539,0,undefined
935,2024-03-11T00:00:18.000Z,2024-03-11T00:05:38.000Z,320,454812,Completed,03/11/2024 00:00:18,03/11/2024 06:59:41,Unplanned,MiraFlex 1,MiraFlex 1,C,23:00:00,07:00:00,539,0,undefined
936,2024-03-11T00:06:18.000Z,2024-03-11T00:19:58.000Z,820,454830,Completed,03/11/2024 00:00:18,03/11/2024 06:59:41,Unplanned,MiraFlex 1,MiraFlex 1,C,23:00:00,07:00:00,539,0,undefined
937,2024-03-11T00:26:38.000Z,2024-03-11T00:49:18.000Z,1360,454891,Completed,03/11/2024 00:00:18,03/11/2024 06:59:41,Unplanned,MiraFlex 1,MiraFlex 1,C,23:00:00,07:00:00,539,0,undefined
938,2024-03-11T00:49:38.000Z,2024-03-11T01:06:59.000Z,1041,454960,Completed,03/11/2024 00:00:18,03/11/2024 06:59:41,Unplanned,MiraFlex 1,MiraFlex 1,C,23:00:00,07:00:00,539,0,undefined
939,2024-03-11T01:51:19.000Z,2024-03-11T01:54:19.000Z,180,455143,Completed,03/11/2024 00:00:18,03/11/2024 06:59:41,Unplanned,MiraFlex 1,MiraFlex 1,C,23:00:00,07:00:00,539,0,undefined
940,2024-03-11T02:01:59.000Z,2024-03-11T02:08:59.000Z,420,455173,Completed,03/11/2024 00:00:18,03/11/2024 06:59:41,Unplanned,MiraFlex 1,MiraFlex 1,C,23:00:00,07:00:00,539,0,undefined
941,2024-03-11T02:34:19.000Z,2024-03-11T02:39:19.000Z,300,455270,Completed,03/11/2024 00:00:18,03/11/2024 06:59:41,Unplanned,MiraFlex 1,MiraFlex 1,C,23:00:00,07:00:00,539,0,undefined
942,2024-03-11T02:46:19.000Z,2024-03-11T03:07:40.000Z,1281,455306,Completed,03/11/2024 00:00:18,03/11/2024 06:59:41,Unplanned,MiraFlex 1,MiraFlex 1,C,23:00:00,07:00:00,539,0,undefined
943,2024-03-11T03:09:00.000Z,2024-03-11T03:13:20.000Z,260,455374,Completed,03/11/2024 00:00:18,03/11/2024 06:59:41,Unplanned,MiraFlex 1,MiraFlex 1,C,23:00:00,07:00:00,539,0,undefined
944,2024-03-11T03:29:40.000Z,2024-03-11T03:47:00.000Z,1040,455436,Completed,03/11/2024 00:00:18,03/11/2024 06:59:41,Unplanned,MiraFlex 1,MiraFlex 1,C,23:00:00,07:00:00,539,0,undefined
945,2024-03-11T04:46:20.000Z,2024-03-11T04:55:00.000Z,520,455664,Completed,03/11/2024 00:00:18,03/11/2024 06:59:41,Unplanned,MiraFlex 1,MiraFlex 1,C,23:00:00,07:00:00,539,0,undefined
946,2024-03-11T05:04:01.000Z,2024-03-11T05:32:21.000Z,1700,455717,Completed,03/11/2024 00:00:18,03/11/2024 06:59:41,Unplanned,MiraFlex 1,MiraFlex 1,C,23:00:00,07:00:00,539,0,undefined
947,2024-03-11T06:15:01.000Z,2024-03-11T06:19:21.000Z,260,455928,Completed,03/11/2024 00:00:18,03/11/2024 06:59:41,Unplanned,MiraFlex 1,MiraFlex 1,C,23:00:00,07:00:00,539,0,undefined
948,2024-03-11T06:24:41.000Z,2024-03-11T06:31:01.000Z,380,455957,Completed,03/11/2024 00:00:18,03/11/2024 06:59:41,Unplanned,MiraFlex 1,MiraFlex 1,C,23:00:00,07:00:00,539,0,undefined
949,2024-03-11T07:00:01.000Z,2024-03-11T07:31:42.000Z,1901,456061,Completed,03/11/2024 07:00:01,03/11/2024 14:59:46,Unplanned,MiraFlex 1,MiraFlex 1,A,07:00:00,15:00:00,539,0,undefined
950,2024-03-11T07:39:42.000Z,2024-03-11T08:32:02.000Z,3140,456178,Completed,03/11/2024 07:00:01,03/11/2024 14:59:46,Unplanned,MiraFlex 1,MiraFlex 1,A,07:00:00,15:00:00,539,0,undefined
951,2024-03-11T08:40:02.000Z,2024-03-11T10:02:43.000Z,4961,456351,Completed,03/11/2024 07:00:01,03/11/2024 14:59:46,Unplanned,MiraFlex 1,MiraFlex 1,A,07:00:00,15:00:00,539,0,undefined
952,2024-03-11T10:07:03.000Z,2024-03-11T10:14:43.000Z,460,456612,Completed,03/11/2024 07:00:01,03/11/2024 14:59:46,Unplanned,MiraFlex 1,MiraFlex 1,A,07:00:00,15:00:00,539,0,undefined
953,2024-03-11T10:57:23.000Z,2024-03-11T11:36:04.000Z,2321,456763,Completed,03/11/2024 07:00:01,03/11/2024 14:59:46,Unplanned,MiraFlex 1,MiraFlex 1,A,07:00:00,15:00:00,539,0,undefined
954,2024-03-11T11:37:24.000Z,2024-03-11T11:44:04.000Z,400,456883,Completed,03/11/2024 07:00:01,03/11/2024 14:59:46,Unplanned,MiraFlex 1,MiraFlex 1,A,07:00:00,15:00:00,539,0,undefined
955,2024-03-11T11:55:44.000Z,2024-03-11T11:58:44.000Z,180,456934,Completed,03/11/2024 07:00:01,03/11/2024 14:59:46,Unplanned,MiraFlex 1,MiraFlex 1,A,07:00:00,15:00:00,539,0,undefined
956,2024-03-11T12:35:24.000Z,2024-03-11T13:35:25.000Z,3601,457051,Completed,03/11/2024 07:00:01,03/11/2024 14:59:46,Unplanned,MiraFlex 1,MiraFlex 1,A,07:00:00,15:00:00,539,0,undefined
957,2024-03-11T13:36:05.000Z,2024-03-11T14:36:45.000Z,3640,457233,Completed,03/11/2024 07:00:01,03/11/2024 14:59:46,Unplanned,MiraFlex 1,MiraFlex 1,A,07:00:00,15:00:00,539,0,undefined
958,2024-03-11T23:04:10.000Z,2024-03-11T23:19:50.000Z,940,458764,Completed,03/11/2024 23:00:10,03/11/2024 23:59:50,Unplanned,MiraFlex 1,MiraFlex 1,C,23:00:00,07:00:00,541,0,PET (400)
959,2024-03-11T23:20:10.000Z,2024-03-11T23:35:50.000Z,940,458812,Completed,03/11/2024 23:00:10,03/11/2024 23:59:50,Unplanned,MiraFlex 1,MiraFlex 1,C,23:00:00,07:00:00,541,0,PET (400)
960,2024-03-11T23:36:30.000Z,2024-03-11T23:52:30.000Z,960,458861,Completed,03/11/2024 23:00:10,03/11/2024 23:59:50,Unplanned,MiraFlex 1,MiraFlex 1,C,23:00:00,07:00:00,541,0,PET (400)
961,2024-03-11T15:34:26.000Z,2024-03-11T16:00:06.000Z,1540,457588,Completed,03/11/2024 15:34:26,03/11/2024 22:59:50,Unplanned,MiraFlex 1,MiraFlex 1,B,15:00:00,23:00:00,541,0,PET (400)
962,2024-03-11T16:00:46.000Z,2024-03-11T16:02:26.000Z,100,457666,Completed,03/11/2024 15:34:26,03/11/2024 22:59:50,Unplanned,MiraFlex 1,MiraFlex 1,B,15:00:00,23:00:00,541,0,PET (400)
963,2024-03-11T16:05:06.000Z,2024-03-11T16:10:26.000Z,320,457679,Completed,03/11/2024 15:34:26,03/11/2024 22:59:50,Unplanned,MiraFlex 1,MiraFlex 1,B,15:00:00,23:00:00,541,0,PET (400)
964,2024-03-11T16:56:26.000Z,2024-03-11T17:05:47.000Z,561,457704,Completed,03/11/2024 15:34:26,03/11/2024 22:59:50,Unplanned,MiraFlex 1,MiraFlex 1,B,15:00:00,23:00:00,541,0,PET (400)
965,2024-03-11T17:19:47.000Z,2024-03-11T17:27:47.000Z,480,457774,Completed,03/11/2024 15:34:26,03/11/2024 22:59:50,Unplanned,MiraFlex 1,MiraFlex 1,B,15:00:00,23:00:00,541,0,PET (400)
966,2024-03-11T17:29:07.000Z,2024-03-11T17:32:07.000Z,180,457802,Completed,03/11/2024 15:34:26,03/11/2024 22:59:50,Unplanned,MiraFlex 1,MiraFlex 1,B,15:00:00,23:00:00,541,0,PET (400)
967,2024-03-11T17:33:27.000Z,2024-03-11T17:45:07.000Z,700,457815,Completed,03/11/2024 15:34:26,03/11/2024 22:59:50,Unplanned,MiraFlex 1,MiraFlex 1,B,15:00:00,23:00:00,541,0,PET (400)
968,2024-03-11T17:51:27.000Z,2024-03-11T17:59:47.000Z,500,457867,Completed,03/11/2024 15:34:26,03/11/2024 22:59:50,Unplanned,MiraFlex 1,MiraFlex 1,B,15:00:00,23:00:00,541,0,PET (400)
969,2024-03-11T18:00:27.000Z,2024-03-11T18:02:07.000Z,100,457894,Completed,03/11/2024 15:34:26,03/11/2024 22:59:50,Unplanned,MiraFlex 1,MiraFlex 1,B,15:00:00,23:00:00,541,0,PET (400)
970,2024-03-11T18:13:27.000Z,2024-03-11T18:15:47.000Z,140,457932,Completed,03/11/2024 15:34:26,03/11/2024 22:59:50,Unplanned,MiraFlex 1,MiraFlex 1,B,15:00:00,23:00:00,541,0,PET (400)
971,2024-03-11T18:26:47.000Z,2024-03-11T19:09:08.000Z,2541,457970,Completed,03/11/2024 15:34:26,03/11/2024 22:59:50,Unplanned,MiraFlex 1,MiraFlex 1,B,15:00:00,23:00:00,541,0,PET (400)
972,2024-03-11T19:09:28.000Z,2024-03-11T19:11:48.000Z,140,458094,Completed,03/11/2024 15:34:26,03/11/2024 22:59:50,Unplanned,MiraFlex 1,MiraFlex 1,B,15:00:00,23:00:00,541,0,PET (400)
973,2024-03-11T19:17:28.000Z,2024-03-11T19:50:48.000Z,2000,458118,Completed,03/11/2024 15:34:26,03/11/2024 22:59:50,Unplanned,MiraFlex 1,MiraFlex 1,B,15:00:00,23:00:00,541,0,PET (400)
974,2024-03-11T19:52:08.000Z,2024-03-11T20:22:48.000Z,1840,458217,Completed,03/11/2024 15:34:26,03/11/2024 22:59:50,Unplanned,MiraFlex 1,MiraFlex 1,B,15:00:00,23:00:00,541,0,PET (400)
975,2024-03-11T20:23:08.000Z,2024-03-11T20:33:08.000Z,600,458305,Completed,03/11/2024 15:34:26,03/11/2024 22:59:50,Unplanned,MiraFlex 1,MiraFlex 1,B,15:00:00,23:00:00,541,0,PET (400)
976,2024-03-11T20:35:48.000Z,2024-03-11T21:23:49.000Z,2881,458342,Completed,03/11/2024 15:34:26,03/11/2024 22:59:50,Unplanned,MiraFlex 1,MiraFlex 1,B,15:00:00,23:00:00,541,0,PET (400)
977,2024-03-11T21:24:29.000Z,2024-03-11T21:33:49.000Z,560,458471,Completed,03/11/2024 15:34:26,03/11/2024 22:59:50,Unplanned,MiraFlex 1,MiraFlex 1,B,15:00:00,23:00:00,541,0,PET (400)
978,2024-03-11T21:38:49.000Z,2024-03-11T21:51:09.000Z,740,458513,Completed,03/11/2024 15:34:26,03/11/2024 22:59:50,Unplanned,MiraFlex 1,MiraFlex 1,B,15:00:00,23:00:00,541,0,PET (400)
979,2024-03-11T21:51:49.000Z,2024-03-11T22:30:49.000Z,2340,458550,Completed,03/11/2024 15:34:26,03/11/2024 22:59:50,Unplanned,MiraFlex 1,MiraFlex 1,B,15:00:00,23:00:00,541,0,PET (400)
980,2024-03-11T22:39:49.000Z,2024-03-11T22:56:50.000Z,1021,458693,Completed,03/11/2024 15:34:26,03/11/2024 22:59:50,Unplanned,MiraFlex 1,MiraFlex 1,B,15:00:00,23:00:00,541,0,PET (400)
981,2024-03-12T15:00:18.000Z,2024-03-12T15:11:58.000Z,700,461605,Completed,03/12/2024 15:00:18,03/12/2024 22:59:42,Unplanned,MiraFlex 1,MiraFlex 1,B,15:00:00,23:00:00,541,0,PET (400)
982,2024-03-12T15:54:38.000Z,2024-03-12T16:29:58.000Z,2120,461764,Completed,03/12/2024 15:00:18,03/12/2024 22:59:42,Unplanned,MiraFlex 1,MiraFlex 1,B,15:00:00,23:00:00,541,0,PET (400)
983,2024-03-12T16:42:18.000Z,2024-03-12T16:52:39.000Z,621,461907,Completed,03/12/2024 15:00:18,03/12/2024 22:59:42,Unplanned,MiraFlex 1,MiraFlex 1,B,15:00:00,23:00:00,541,0,PET (400)
984,2024-03-12T17:14:19.000Z,2024-03-12T17:23:39.000Z,560,461999,Completed,03/12/2024 15:00:18,03/12/2024 22:59:42,Unplanned,MiraFlex 1,MiraFlex 1,B,15:00:00,23:00:00,541,0,PET (400)
985,2024-03-12T17:45:19.000Z,2024-03-12T17:57:59.000Z,760,462090,Completed,03/12/2024 15:00:18,03/12/2024 22:59:42,Unplanned,MiraFlex 1,MiraFlex 1,B,15:00:00,23:00:00,541,0,PET (400)
986,2024-03-12T18:11:19.000Z,2024-03-12T18:13:59.000Z,160,462168,Completed,03/12/2024 15:00:18,03/12/2024 22:59:42,Unplanned,MiraFlex 1,MiraFlex 1,B,15:00:00,23:00:00,541,0,PET (400)
987,2024-03-12T18:40:59.000Z,2024-03-12T20:04:40.000Z,5021,462254,Completed,03/12/2024 15:00:18,03/12/2024 22:59:42,Unplanned,MiraFlex 1,MiraFlex 1,B,15:00:00,23:00:00,541,0,PET (400)
988,2024-03-12T20:07:20.000Z,2024-03-12T20:16:40.000Z,560,462501,Completed,03/12/2024 15:00:18,03/12/2024 22:59:42,Unplanned,MiraFlex 1,MiraFlex 1,B,15:00:00,23:00:00,541,0,PET (400)
989,2024-03-12T20:19:40.000Z,2024-03-12T20:21:20.000Z,100,462536,Completed,03/12/2024 15:00:18,03/12/2024 22:59:42,Unplanned,MiraFlex 1,MiraFlex 1,B,15:00:00,23:00:00,541,0,PET (400)
990,2024-03-12T20:22:40.000Z,2024-03-12T20:30:00.000Z,440,462544,Completed,03/12/2024 15:00:18,03/12/2024 22:59:42,Unplanned,MiraFlex 1,MiraFlex 1,B,15:00:00,23:00:00,541,0,PET (400)
991,2024-03-12T20:36:00.000Z,2024-03-12T20:45:41.000Z,581,462579,Completed,03/12/2024 15:00:18,03/12/2024 22:59:42,Unplanned,MiraFlex 1,MiraFlex 1,B,15:00:00,23:00:00,541,0,PET (400)
992,2024-03-12T20:57:41.000Z,2024-03-12T21:05:41.000Z,480,462639,Completed,03/12/2024 15:00:18,03/12/2024 22:59:42,Unplanned,MiraFlex 1,MiraFlex 1,B,15:00:00,23:00:00,541,0,PET (400)
993,2024-03-12T21:18:01.000Z,2024-03-12T21:26:21.000Z,500,462697,Completed,03/12/2024 15:00:18,03/12/2024 22:59:42,Unplanned,MiraFlex 1,MiraFlex 1,B,15:00:00,23:00:00,541,0,PET (400)
994,2024-03-12T21:49:41.000Z,2024-03-12T22:05:21.000Z,940,462787,Completed,03/12/2024 15:00:18,03/12/2024 22:59:42,Unplanned,MiraFlex 1,MiraFlex 1,B,15:00:00,23:00:00,541,0,PET (400)
995,2024-03-12T22:15:21.000Z,2024-03-12T22:45:22.000Z,1801,462850,Completed,03/12/2024 15:00:18,03/12/2024 22:59:42,Unplanned,MiraFlex 1,MiraFlex 1,B,15:00:00,23:00:00,541,0,PET (400)
996,2024-03-12T22:47:42.000Z,2024-03-12T22:51:42.000Z,240,462932,Completed,03/12/2024 15:00:18,03/12/2024 22:59:42,Unplanned,MiraFlex 1,MiraFlex 1,B,15:00:00,23:00:00,541,0,PET (400)
997,2024-03-12T07:24:14.000Z,2024-03-12T07:40:34.000Z,980,460246,Completed,03/12/2024 07:00:14,03/12/2024 14:59:58,Unplanned,MiraFlex 1,MiraFlex 1,A,07:00:00,15:00:00,541,0,PET (400)
998,2024-03-12T08:29:14.000Z,2024-03-12T09:13:15.000Z,2641,460437,Completed,03/12/2024 07:00:14,03/12/2024 14:59:58,Unplanned,MiraFlex 1,MiraFlex 1,A,07:00:00,15:00:00,541,0,PET (400)
999,2024-03-12T09:24:15.000Z,2024-03-12T09:34:55.000Z,640,460602,Completed,03/12/2024 07:00:14,03/12/2024 14:59:58,Unplanned,MiraFlex 1,MiraFlex 1,A,07:00:00,15:00:00,541,0,PET (400)
1000,2024-03-12T09:38:15.000Z,2024-03-12T09:45:15.000Z,420,460644,Completed,03/12/2024 07:00:14,03/12/2024 14:59:58,Unplanned,MiraFlex 1,MiraFlex 1,A,07:00:00,15:00:00,541,0,PET (400)
1001,2024-03-12T09:48:35.000Z,2024-03-12T09:54:15.000Z,340,460675,Completed,03/12/2024 07:00:14,03/12/2024 14:59:58,Unplanned,MiraFlex 1,MiraFlex 1,A,07:00:00,15:00:00,541,0,PET (400)
1002,2024-03-12T09:55:55.000Z,2024-03-12T10:33:55.000Z,2280,460697,Completed,03/12/2024 07:00:14,03/12/2024 14:59:58,Unplanned,MiraFlex 1,MiraFlex 1,A,07:00:00,15:00:00,541,0,PET (400)
1003,2024-03-12T10:35:35.000Z,2024-03-12T10:40:35.000Z,300,460816,Completed,03/12/2024 07:00:14,03/12/2024 14:59:58,Unplanned,MiraFlex 1,MiraFlex 1,A,07:00:00,15:00:00,541,0,PET (400)
1004,2024-03-12T10:41:35.000Z,2024-03-12T10:45:35.000Z,240,460834,Completed,03/12/2024 07:00:14,03/12/2024 14:59:58,Unplanned,MiraFlex 1,MiraFlex 1,A,07:00:00,15:00:00,541,0,PET (400)
1005,2024-03-12T10:47:56.000Z,2024-03-12T10:52:16.000Z,260,460853,Completed,03/12/2024 07:00:14,03/12/2024 14:59:58,Unplanned,MiraFlex 1,MiraFlex 1,A,07:00:00,15:00:00,541,0,PET (400)
1006,2024-03-12T11:09:56.000Z,2024-03-12T11:52:16.000Z,2540,460919,Completed,03/12/2024 07:00:14,03/12/2024 14:59:58,Unplanned,MiraFlex 1,MiraFlex 1,A,07:00:00,15:00:00,541,0,PET (400)
1007,2024-03-12T12:15:16.000Z,2024-03-12T12:34:56.000Z,1180,461115,Completed,03/12/2024 07:00:14,03/12/2024 14:59:58,Unplanned,MiraFlex 1,MiraFlex 1,A,07:00:00,15:00:00,541,0,PET (400)
1008,2024-03-12T13:13:37.000Z,2024-03-12T13:41:57.000Z,1700,461288,Completed,03/12/2024 07:00:14,03/12/2024 14:59:58,Unplanned,MiraFlex 1,MiraFlex 1,A,07:00:00,15:00:00,541,0,PET (400)
1009,2024-03-12T14:03:17.000Z,2024-03-12T14:11:17.000Z,480,461436,Completed,03/12/2024 07:00:14,03/12/2024 14:59:58,Unplanned,MiraFlex 1,MiraFlex 1,A,07:00:00,15:00:00,541,0,PET (400)
1010,2024-03-13T15:00:10.000Z,2024-03-13T15:07:10.000Z,420,465806,Completed,03/13/2024 15:00:10,03/13/2024 22:59:54,Unplanned,MiraFlex 1,MiraFlex 1,B,15:00:00,23:00:00,541,0,PET (400)
1011,2024-03-13T15:26:30.000Z,2024-03-13T17:38:51.000Z,7941,465872,Completed,03/13/2024 15:00:10,03/13/2024 22:59:54,Unplanned,MiraFlex 1,MiraFlex 1,B,15:00:00,23:00:00,541,0,PET (400)
1012,2024-03-13T17:44:51.000Z,2024-03-13T17:50:51.000Z,360,466246,Completed,03/13/2024 15:00:10,03/13/2024 22:59:54,Unplanned,MiraFlex 1,MiraFlex 1,B,15:00:00,23:00:00,541,0,PET (400)
1013,2024-03-13T17:58:11.000Z,2024-03-13T18:08:31.000Z,620,466279,Completed,03/13/2024 15:00:10,03/13/2024 22:59:54,Unplanned,MiraFlex 1,MiraFlex 1,B,15:00:00,23:00:00,541,0,PET (400)
1014,2024-03-13T18:10:11.000Z,2024-03-13T18:15:11.000Z,300,466313,Completed,03/13/2024 15:00:10,03/13/2024 22:59:54,Unplanned,MiraFlex 1,MiraFlex 1,B,15:00:00,23:00:00,541,0,PET (400)
1015,2024-03-13T18:16:11.000Z,2024-03-13T18:25:51.000Z,580,466330,Completed,03/13/2024 15:00:10,03/13/2024 22:59:54,Unplanned,MiraFlex 1,MiraFlex 1,B,15:00:00,23:00:00,541,0,PET (400)
1016,2024-03-13T18:29:12.000Z,2024-03-13T19:23:32.000Z,3260,466367,Completed,03/13/2024 15:00:10,03/13/2024 22:59:54,Unplanned,MiraFlex 1,MiraFlex 1,B,15:00:00,23:00:00,541,0,PET (400)
1017,2024-03-13T19:31:52.000Z,2024-03-13T19:39:32.000Z,460,466536,Completed,03/13/2024 15:00:10,03/13/2024 22:59:54,Unplanned,MiraFlex 1,MiraFlex 1,B,15:00:00,23:00:00,541,0,PET (400)
1018,2024-03-13T19:46:32.000Z,2024-03-13T20:02:12.000Z,940,466577,Completed,03/13/2024 15:00:10,03/13/2024 22:59:54,Unplanned,MiraFlex 1,MiraFlex 1,B,15:00:00,23:00:00,541,0,PET (400)
1019,2024-03-13T20:35:53.000Z,2024-03-13T20:37:53.000Z,120,466708,Completed,03/13/2024 15:00:10,03/13/2024 22:59:54,Unplanned,MiraFlex 1,MiraFlex 1,B,15:00:00,23:00:00,541,0,PET (400)
1020,2024-03-13T20:55:53.000Z,2024-03-13T21:03:53.000Z,480,466762,Completed,03/13/2024 15:00:10,03/13/2024 22:59:54,Unplanned,MiraFlex 1,MiraFlex 1,B,15:00:00,23:00:00,541,0,PET (400)
1021,2024-03-13T21:39:53.000Z,2024-03-13T22:01:33.000Z,1300,466884,Completed,03/13/2024 15:00:10,03/13/2024 22:59:54,Unplanned,MiraFlex 1,MiraFlex 1,B,15:00:00,23:00:00,541,0,PET (400)
1022,2024-03-14T07:00:18.000Z,2024-03-14T07:31:38.000Z,1880,468531,Completed,03/14/2024 07:00:18,03/14/2024 14:59:42,Unplanned,MiraFlex 1,MiraFlex 1,A,07:00:00,15:00:00,541,0,PET (400)
1023,2024-03-14T07:36:18.000Z,2024-03-14T07:39:18.000Z,180,468639,Completed,03/14/2024 07:00:18,03/14/2024 14:59:42,Unplanned,MiraFlex 1,MiraFlex 1,A,07:00:00,15:00:00,541,0,PET (400)
1024,2024-03-14T08:16:38.000Z,2024-03-14T08:22:19.000Z,341,468758,Completed,03/14/2024 07:00:18,03/14/2024 14:59:42,Unplanned,MiraFlex 1,MiraFlex 1,A,07:00:00,15:00:00,541,0,PET (400)
1025,2024-03-14T08:52:39.000Z,2024-03-14T08:53:39.000Z,60,468864,Completed,03/14/2024 07:00:18,03/14/2024 14:59:42,Unplanned,MiraFlex 1,MiraFlex 1,A,07:00:00,15:00:00,541,0,PET (400)
1026,2024-03-14T09:51:19.000Z,2024-03-14T10:01:19.000Z,600,469038,Completed,03/14/2024 07:00:18,03/14/2024 14:59:42,Unplanned,MiraFlex 1,MiraFlex 1,A,07:00:00,15:00:00,541,0,PET (400)
1027,2024-03-14T10:17:39.000Z,2024-03-14T10:44:40.000Z,1621,469115,Completed,03/14/2024 07:00:18,03/14/2024 14:59:42,Unplanned,MiraFlex 1,MiraFlex 1,A,07:00:00,15:00:00,541,0,PET (400)
1028,2024-03-14T11:59:20.000Z,2024-03-14T12:00:40.000Z,80,469418,Completed,03/14/2024 07:00:18,03/14/2024 14:59:42,Unplanned,MiraFlex 1,MiraFlex 1,A,07:00:00,15:00:00,541,0,PET (400)
1029,2024-03-14T12:23:41.000Z,2024-03-14T12:25:41.000Z,120,469491,Completed,03/14/2024 07:00:18,03/14/2024 14:59:42,Unplanned,MiraFlex 1,MiraFlex 1,A,07:00:00,15:00:00,541,0,PET (400)
1030,2024-03-14T13:31:41.000Z,2024-03-14T13:34:41.000Z,180,469693,Completed,03/14/2024 07:00:18,03/14/2024 14:59:42,Unplanned,MiraFlex 1,MiraFlex 1,A,07:00:00,15:00:00,541,0,PET (400)
1031,2024-03-14T13:55:01.000Z,2024-03-14T14:08:41.000Z,820,469763,Completed,03/14/2024 07:00:18,03/14/2024 14:59:42,Unplanned,MiraFlex 1,MiraFlex 1,A,07:00:00,15:00:00,541,0,PET (400)
1032,2024-03-14T14:14:21.000Z,2024-03-14T14:15:41.000Z,80,469821,Completed,03/14/2024 07:00:18,03/14/2024 14:59:42,Unplanned,MiraFlex 1,MiraFlex 1,A,07:00:00,15:00:00,541,0,PET (400)
1033,2024-03-14T14:22:22.000Z,2024-03-14T14:57:02.000Z,2080,469845,Completed,03/14/2024 07:00:18,03/14/2024 14:59:42,Unplanned,MiraFlex 1,MiraFlex 1,A,07:00:00,15:00:00,541,0,PET (400)
1034,2024-03-13T00:13:22.000Z,2024-03-13T00:28:22.000Z,900,463178,Completed,03/13/2024 00:00:02,03/13/2024 23:59:54,Unplanned,MiraFlex 1,MiraFlex 1,C,23:00:00,07:00:00,541,0,PET (400)
1035,2024-03-13T00:54:43.000Z,2024-03-13T00:59:23.000Z,280,463300,Completed,03/13/2024 00:00:02,03/13/2024 23:59:54,Unplanned,MiraFlex 1,MiraFlex 1,C,23:00:00,07:00:00,541,0,PET (400)
1036,2024-03-13T01:02:23.000Z,2024-03-13T01:22:43.000Z,1220,463323,Completed,03/13/2024 00:00:02,03/13/2024 23:59:54,Unplanned,MiraFlex 1,MiraFlex 1,C,23:00:00,07:00:00,541,0,PET (400)
1037,2024-03-13T01:26:03.000Z,2024-03-13T01:55:43.000Z,1780,463394,Completed,03/13/2024 00:00:02,03/13/2024 23:59:54,Unplanned,MiraFlex 1,MiraFlex 1,C,23:00:00,07:00:00,541,0,PET (400)
1038,2024-03-13T01:59:23.000Z,2024-03-13T02:13:03.000Z,820,463494,Completed,03/13/2024 00:00:02,03/13/2024 23:59:54,Unplanned,MiraFlex 1,MiraFlex 1,C,23:00:00,07:00:00,541,0,PET (400)
1039,2024-03-13T02:40:24.000Z,2024-03-13T02:44:04.000Z,220,463617,Completed,03/13/2024 00:00:02,03/13/2024 23:59:54,Unplanned,MiraFlex 1,MiraFlex 1,C,23:00:00,07:00:00,541,0,PET (400)
1040,2024-03-13T03:09:44.000Z,2024-03-13T03:58:04.000Z,2900,463703,Completed,03/13/2024 00:00:02,03/13/2024 23:59:54,Unplanned,MiraFlex 1,MiraFlex 1,C,23:00:00,07:00:00,541,0,PET (400)
1041,2024-03-13T04:11:24.000Z,2024-03-13T04:16:04.000Z,280,463888,Completed,03/13/2024 00:00:02,03/13/2024 23:59:54,Unplanned,MiraFlex 1,MiraFlex 1,C,23:00:00,07:00:00,541,0,PET (400)
1042,2024-03-13T04:20:24.000Z,2024-03-13T04:29:24.000Z,540,463915,Completed,03/13/2024 00:00:02,03/13/2024 23:59:54,Unplanned,MiraFlex 1,MiraFlex 1,C,23:00:00,07:00:00,541,0,PET (400)
1043,2024-03-13T04:32:44.000Z,2024-03-13T05:34:25.000Z,3701,463952,Completed,03/13/2024 00:00:02,03/13/2024 23:59:54,Unplanned,MiraFlex 1,MiraFlex 1,C,23:00:00,07:00:00,541,0,PET (400)
1044,2024-03-13T05:36:25.000Z,2024-03-13T05:49:25.000Z,780,464143,Completed,03/13/2024 00:00:02,03/13/2024 23:59:54,Unplanned,MiraFlex 1,MiraFlex 1,C,23:00:00,07:00:00,541,0,PET (400)
1045,2024-03-13T05:52:05.000Z,2024-03-13T05:58:25.000Z,380,464190,Completed,03/13/2024 00:00:02,03/13/2024 23:59:54,Unplanned,MiraFlex 1,MiraFlex 1,C,23:00:00,07:00:00,541,0,PET (400)
1046,2024-03-13T06:13:05.000Z,2024-03-13T06:14:05.000Z,60,464253,Completed,03/13/2024 00:00:02,03/13/2024 23:59:54,Unplanned,MiraFlex 1,MiraFlex 1,C,23:00:00,07:00:00,541,0,PET (400)
1047,2024-03-13T06:16:45.000Z,2024-03-13T06:41:26.000Z,1481,464264,Completed,03/13/2024 00:00:02,03/13/2024 23:59:54,Unplanned,MiraFlex 1,MiraFlex 1,C,23:00:00,07:00:00,541,0,PET (400)
1048,2024-03-13T07:02:06.000Z,2024-03-13T07:35:26.000Z,2000,464400,Completed,03/13/2024 00:00:02,03/13/2024 23:59:54,Unplanned,MiraFlex 1,MiraFlex 1,C,23:00:00,07:00:00,541,0,PET (400)
1049,2024-03-13T08:35:07.000Z,2024-03-13T09:07:07.000Z,1920,464677,Completed,03/13/2024 00:00:02,03/13/2024 23:59:54,Unplanned,MiraFlex 1,MiraFlex 1,C,23:00:00,07:00:00,541,0,PET (400)
1050,2024-03-13T09:09:07.000Z,2024-03-13T09:16:07.000Z,420,464778,Completed,03/13/2024 00:00:02,03/13/2024 23:59:54,Unplanned,MiraFlex 1,MiraFlex 1,C,23:00:00,07:00:00,541,0,PET (400)
1051,2024-03-13T09:53:47.000Z,2024-03-13T10:03:47.000Z,600,464896,Completed,03/13/2024 00:00:02,03/13/2024 23:59:54,Unplanned,MiraFlex 1,MiraFlex 1,C,23:00:00,07:00:00,541,0,PET (400)
1052,2024-03-13T10:27:27.000Z,2024-03-13T10:28:07.000Z,40,464995,Completed,03/13/2024 00:00:02,03/13/2024 23:59:54,Unplanned,MiraFlex 1,MiraFlex 1,C,23:00:00,07:00:00,541,0,PET (400)
1053,2024-03-13T10:48:28.000Z,2024-03-13T10:55:28.000Z,420,465054,Completed,03/13/2024 00:00:02,03/13/2024 23:59:54,Unplanned,MiraFlex 1,MiraFlex 1,C,23:00:00,07:00:00,541,0,PET (400)
1054,2024-03-13T10:58:08.000Z,2024-03-13T11:02:48.000Z,280,465083,Completed,03/13/2024 00:00:02,03/13/2024 23:59:54,Unplanned,MiraFlex 1,MiraFlex 1,C,23:00:00,07:00:00,541,0,PET (400)
1055,2024-03-13T11:04:08.000Z,2024-03-13T11:22:08.000Z,1080,465101,Completed,03/13/2024 00:00:02,03/13/2024 23:59:54,Unplanned,MiraFlex 1,MiraFlex 1,C,23:00:00,07:00:00,541,0,PET (400)
1056,2024-03-13T11:49:48.000Z,2024-03-13T11:51:08.000Z,80,465238,Completed,03/13/2024 00:00:02,03/13/2024 23:59:54,Unplanned,MiraFlex 1,MiraFlex 1,C,23:00:00,07:00:00,541,0,PET (400)
1057,2024-03-13T11:51:28.000Z,2024-03-13T11:54:48.000Z,200,465243,Completed,03/13/2024 00:00:02,03/13/2024 23:59:54,Unplanned,MiraFlex 1,MiraFlex 1,C,23:00:00,07:00:00,541,0,PET (400)
1058,2024-03-13T11:55:48.000Z,2024-03-13T11:57:08.000Z,80,465256,Completed,03/13/2024 00:00:02,03/13/2024 23:59:54,Unplanned,MiraFlex 1,MiraFlex 1,C,23:00:00,07:00:00,541,0,PET (400)
1059,2024-03-13T11:58:28.000Z,2024-03-13T12:15:48.000Z,1040,465264,Completed,03/13/2024 00:00:02,03/13/2024 23:59:54,Unplanned,MiraFlex 1,MiraFlex 1,C,23:00:00,07:00:00,541,0,PET (400)
1060,2024-03-13T12:16:48.000Z,2024-03-13T12:21:28.000Z,280,465319,Completed,03/13/2024 00:00:02,03/13/2024 23:59:54,Unplanned,MiraFlex 1,MiraFlex 1,C,23:00:00,07:00:00,541,0,PET (400)
1061,2024-03-13T12:25:08.000Z,2024-03-13T12:57:49.000Z,1961,465344,Completed,03/13/2024 00:00:02,03/13/2024 23:59:54,Unplanned,MiraFlex 1,MiraFlex 1,C,23:00:00,07:00:00,541,0,PET (400)
1062,2024-03-13T13:09:29.000Z,2024-03-13T13:22:29.000Z,780,465477,Completed,03/13/2024 00:00:02,03/13/2024 23:59:54,Unplanned,MiraFlex 1,MiraFlex 1,C,23:00:00,07:00:00,541,0,PET (400)
1063,2024-03-13T13:25:09.000Z,2024-03-13T13:36:29.000Z,680,465524,Completed,03/13/2024 00:00:02,03/13/2024 23:59:54,Unplanned,MiraFlex 1,MiraFlex 1,C,23:00:00,07:00:00,541,0,PET (400)
1064,2024-03-13T13:38:29.000Z,2024-03-13T14:02:29.000Z,1440,465564,Completed,03/13/2024 00:00:02,03/13/2024 23:59:54,Unplanned,MiraFlex 1,MiraFlex 1,C,23:00:00,07:00:00,541,0,PET (400)
1065,2024-03-13T14:03:09.000Z,2024-03-13T14:11:49.000Z,520,465638,Completed,03/13/2024 00:00:02,03/13/2024 23:59:54,Unplanned,MiraFlex 1,MiraFlex 1,C,23:00:00,07:00:00,541,0,PET (400)
1066,2024-03-13T14:15:29.000Z,2024-03-13T14:42:30.000Z,1621,465672,Completed,03/13/2024 00:00:02,03/13/2024 23:59:54,Unplanned,MiraFlex 1,MiraFlex 1,C,23:00:00,07:00:00,541,0,PET (400)
1067,2024-03-13T14:42:50.000Z,2024-03-13T14:48:10.000Z,320,465754,Completed,03/13/2024 00:00:02,03/13/2024 23:59:54,Unplanned,MiraFlex 1,MiraFlex 1,C,23:00:00,07:00:00,541,0,PET (400)
1068,2024-03-13T15:00:10.000Z,2024-03-13T15:07:10.000Z,420,465806,Completed,03/13/2024 00:00:02,03/13/2024 23:59:54,Unplanned,MiraFlex 1,MiraFlex 1,C,23:00:00,07:00:00,541,0,PET (400)
1069,2024-03-13T15:26:30.000Z,2024-03-13T17:38:51.000Z,7941,465872,Completed,03/13/2024 00:00:02,03/13/2024 23:59:54,Unplanned,MiraFlex 1,MiraFlex 1,C,23:00:00,07:00:00,541,0,PET (400)
1070,2024-03-13T17:44:51.000Z,2024-03-13T17:50:51.000Z,360,466246,Completed,03/13/2024 00:00:02,03/13/2024 23:59:54,Unplanned,MiraFlex 1,MiraFlex 1,C,23:00:00,07:00:00,541,0,PET (400)
1071,2024-03-13T17:58:11.000Z,2024-03-13T18:08:31.000Z,620,466279,Completed,03/13/2024 00:00:02,03/13/2024 23:59:54,Unplanned,MiraFlex 1,MiraFlex 1,C,23:00:00,07:00:00,541,0,PET (400)
1072,2024-03-13T18:10:11.000Z,2024-03-13T18:15:11.000Z,300,466313,Completed,03/13/2024 00:00:02,03/13/2024 23:59:54,Unplanned,MiraFlex 1,MiraFlex 1,C,23:00:00,07:00:00,541,0,PET (400)
1073,2024-03-13T18:16:11.000Z,2024-03-13T18:25:51.000Z,580,466330,Completed,03/13/2024 00:00:02,03/13/2024 23:59:54,Unplanned,MiraFlex 1,MiraFlex 1,C,23:00:00,07:00:00,541,0,PET (400)
1074,2024-03-13T18:29:12.000Z,2024-03-13T19:23:32.000Z,3260,466367,Completed,03/13/2024 00:00:02,03/13/2024 23:59:54,Unplanned,MiraFlex 1,MiraFlex 1,C,23:00:00,07:00:00,541,0,PET (400)
1075,2024-03-13T19:31:52.000Z,2024-03-13T19:39:32.000Z,460,466536,Completed,03/13/2024 00:00:02,03/13/2024 23:59:54,Unplanned,MiraFlex 1,MiraFlex 1,C,23:00:00,07:00:00,541,0,PET (400)
1076,2024-03-13T19:46:32.000Z,2024-03-13T20:02:12.000Z,940,466577,Completed,03/13/2024 00:00:02,03/13/2024 23:59:54,Unplanned,MiraFlex 1,MiraFlex 1,C,23:00:00,07:00:00,541,0,PET (400)
1077,2024-03-13T20:35:53.000Z,2024-03-13T20:37:53.000Z,120,466708,Completed,03/13/2024 00:00:02,03/13/2024 23:59:54,Unplanned,MiraFlex 1,MiraFlex 1,C,23:00:00,07:00:00,541,0,PET (400)
1078,2024-03-13T20:55:53.000Z,2024-03-13T21:03:53.000Z,480,466762,Completed,03/13/2024 00:00:02,03/13/2024 23:59:54,Unplanned,MiraFlex 1,MiraFlex 1,C,23:00:00,07:00:00,541,0,PET (400)
1079,2024-03-13T21:39:53.000Z,2024-03-13T22:01:33.000Z,1300,466884,Completed,03/13/2024 00:00:02,03/13/2024 23:59:54,Unplanned,MiraFlex 1,MiraFlex 1,C,23:00:00,07:00:00,541,0,PET (400)
1080,2024-03-13T23:43:34.000Z,2024-03-13T23:46:34.000Z,180,467237,Completed,03/13/2024 00:00:02,03/13/2024 23:59:54,Unplanned,MiraFlex 1,MiraFlex 1,C,23:00:00,07:00:00,541,0,PET (400)
1081,2024-03-13T07:02:06.000Z,2024-03-13T07:35:26.000Z,2000,464400,Completed,03/13/2024 07:00:06,03/13/2024 14:59:50,Unplanned,MiraFlex 1,MiraFlex 1,A,07:00:00,15:00:00,541,0,PET (400)
1082,2024-03-13T08:35:07.000Z,2024-03-13T09:07:07.000Z,1920,464677,Completed,03/13/2024 07:00:06,03/13/2024 14:59:50,Unplanned,MiraFlex 1,MiraFlex 1,A,07:00:00,15:00:00,541,0,PET (400)
1083,2024-03-13T09:09:07.000Z,2024-03-13T09:16:07.000Z,420,464778,Completed,03/13/2024 07:00:06,03/13/2024 14:59:50,Unplanned,MiraFlex 1,MiraFlex 1,A,07:00:00,15:00:00,541,0,PET (400)
1084,2024-03-13T09:53:47.000Z,2024-03-13T10:03:47.000Z,600,464896,Completed,03/13/2024 07:00:06,03/13/2024 14:59:50,Unplanned,MiraFlex 1,MiraFlex 1,A,07:00:00,15:00:00,541,0,PET (400)
1085,2024-03-13T10:27:27.000Z,2024-03-13T10:28:07.000Z,40,464995,Completed,03/13/2024 07:00:06,03/13/2024 14:59:50,Unplanned,MiraFlex 1,MiraFlex 1,A,07:00:00,15:00:00,541,0,PET (400)
1086,2024-03-13T10:48:28.000Z,2024-03-13T10:55:28.000Z,420,465054,Completed,03/13/2024 07:00:06,03/13/2024 14:59:50,Unplanned,MiraFlex 1,MiraFlex 1,A,07:00:00,15:00:00,541,0,PET (400)
1087,2024-03-13T10:58:08.000Z,2024-03-13T11:02:48.000Z,280,465083,Completed,03/13/2024 07:00:06,03/13/2024 14:59:50,Unplanned,MiraFlex 1,MiraFlex 1,A,07:00:00,15:00:00,541,0,PET (400)
1088,2024-03-13T11:04:08.000Z,2024-03-13T11:22:08.000Z,1080,465101,Completed,03/13/2024 07:00:06,03/13/2024 14:59:50,Unplanned,MiraFlex 1,MiraFlex 1,A,07:00:00,15:00:00,541,0,PET (400)
1089,2024-03-13T11:49:48.000Z,2024-03-13T11:51:08.000Z,80,465238,Completed,03/13/2024 07:00:06,03/13/2024 14:59:50,Unplanned,MiraFlex 1,MiraFlex 1,A,07:00:00,15:00:00,541,0,PET (400)
1090,2024-03-13T11:51:28.000Z,2024-03-13T11:54:48.000Z,200,465243,Completed,03/13/2024 07:00:06,03/13/2024 14:59:50,Unplanned,MiraFlex 1,MiraFlex 1,A,07:00:00,15:00:00,541,0,PET (400)
1091,2024-03-13T11:55:48.000Z,2024-03-13T11:57:08.000Z,80,465256,Completed,03/13/2024 07:00:06,03/13/2024 14:59:50,Unplanned,MiraFlex 1,MiraFlex 1,A,07:00:00,15:00:00,541,0,PET (400)
1092,2024-03-13T11:58:28.000Z,2024-03-13T12:15:48.000Z,1040,465264,Completed,03/13/2024 07:00:06,03/13/2024 14:59:50,Unplanned,MiraFlex 1,MiraFlex 1,A,07:00:00,15:00:00,541,0,PET (400)
1093,2024-03-13T12:16:48.000Z,2024-03-13T12:21:28.000Z,280,465319,Completed,03/13/2024 07:00:06,03/13/2024 14:59:50,Unplanned,MiraFlex 1,MiraFlex 1,A,07:00:00,15:00:00,541,0,PET (400)
1094,2024-03-13T12:25:08.000Z,2024-03-13T12:57:49.000Z,1961,465344,Completed,03/13/2024 07:00:06,03/13/2024 14:59:50,Unplanned,MiraFlex 1,MiraFlex 1,A,07:00:00,15:00:00,541,0,PET (400)
1095,2024-03-13T13:09:29.000Z,2024-03-13T13:22:29.000Z,780,465477,Completed,03/13/2024 07:00:06,03/13/2024 14:59:50,Unplanned,MiraFlex 1,MiraFlex 1,A,07:00:00,15:00:00,541,0,PET (400)
1096,2024-03-13T13:25:09.000Z,2024-03-13T13:36:29.000Z,680,465524,Completed,03/13/2024 07:00:06,03/13/2024 14:59:50,Unplanned,MiraFlex 1,MiraFlex 1,A,07:00:00,15:00:00,541,0,PET (400)
1097,2024-03-13T13:38:29.000Z,2024-03-13T14:02:29.000Z,1440,465564,Completed,03/13/2024 07:00:06,03/13/2024 14:59:50,Unplanned,MiraFlex 1,MiraFlex 1,A,07:00:00,15:00:00,541,0,PET (400)
1098,2024-03-13T14:03:09.000Z,2024-03-13T14:11:49.000Z,520,465638,Completed,03/13/2024 07:00:06,03/13/2024 14:59:50,Unplanned,MiraFlex 1,MiraFlex 1,A,07:00:00,15:00:00,541,0,PET (400)
1099,2024-03-13T14:15:29.000Z,2024-03-13T14:42:30.000Z,1621,465672,Completed,03/13/2024 07:00:06,03/13/2024 14:59:50,Unplanned,MiraFlex 1,MiraFlex 1,A,07:00:00,15:00:00,541,0,PET (400)
1100,2024-03-13T14:42:50.000Z,2024-03-13T14:48:10.000Z,320,465754,Completed,03/13/2024 07:00:06,03/13/2024 14:59:50,Unplanned,MiraFlex 1,MiraFlex 1,A,07:00:00,15:00:00,541,0,PET (400)
1101,2024-03-10T00:00:06.000Z,2024-03-10T00:01:06.000Z,60,450539,Completed,03/10/2024 00:00:06,03/10/2024 23:59:58,Unplanned,MiraFlex 1,MiraFlex 1,C,23:00:00,07:00:00,539,0,undefined
1102,2024-03-10T00:11:26.000Z,2024-03-10T00:16:06.000Z,280,450573,Completed,03/10/2024 00:00:06,03/10/2024 23:59:58,Unplanned,MiraFlex 1,MiraFlex 1,C,23:00:00,07:00:00,539,0,undefined
1103,2024-03-10T00:51:46.000Z,2024-03-10T00:55:06.000Z,200,450694,Completed,03/10/2024 00:00:06,03/10/2024 23:59:58,Unplanned,MiraFlex 1,MiraFlex 1,C,23:00:00,07:00:00,539,0,undefined
1104,2024-03-10T01:48:07.000Z,2024-03-10T01:57:27.000Z,560,450859,Completed,03/10/2024 00:00:06,03/10/2024 23:59:58,Unplanned,MiraFlex 1,MiraFlex 1,C,23:00:00,07:00:00,539,0,undefined
1105,2024-03-10T02:23:47.000Z,2024-03-10T02:40:07.000Z,980,450964,Completed,03/10/2024 00:00:06,03/10/2024 23:59:58,Unplanned,MiraFlex 1,MiraFlex 1,C,23:00:00,07:00:00,539,0,undefined
1106,2024-03-10T02:47:07.000Z,2024-03-10T02:48:47.000Z,100,451034,Completed,03/10/2024 00:00:06,03/10/2024 23:59:58,Unplanned,MiraFlex 1,MiraFlex 1,C,23:00:00,07:00:00,539,0,undefined
1107,2024-03-10T02:49:27.000Z,2024-03-10T02:57:47.000Z,500,451041,Completed,03/10/2024 00:00:06,03/10/2024 23:59:58,Unplanned,MiraFlex 1,MiraFlex 1,C,23:00:00,07:00:00,539,0,undefined
1108,2024-03-10T03:00:47.000Z,2024-03-10T03:30:28.000Z,1781,451075,Completed,03/10/2024 00:00:06,03/10/2024 23:59:58,Unplanned,MiraFlex 1,MiraFlex 1,C,23:00:00,07:00:00,539,0,undefined
1109,2024-03-10T03:32:28.000Z,2024-03-10T03:36:28.000Z,240,451170,Completed,03/10/2024 00:00:06,03/10/2024 23:59:58,Unplanned,MiraFlex 1,MiraFlex 1,C,23:00:00,07:00:00,539,0,undefined
1110,2024-03-10T03:45:28.000Z,2024-03-10T04:03:48.000Z,1100,451209,Completed,03/10/2024 00:00:06,03/10/2024 23:59:58,Unplanned,MiraFlex 1,MiraFlex 1,C,23:00:00,07:00:00,539,0,undefined
1111,2024-03-10T04:08:28.000Z,2024-03-10T04:12:08.000Z,220,451278,Completed,03/10/2024 00:00:06,03/10/2024 23:59:58,Unplanned,MiraFlex 1,MiraFlex 1,C,23:00:00,07:00:00,539,0,undefined
1112,2024-03-10T04:28:08.000Z,2024-03-10T04:42:28.000Z,860,451337,Completed,03/10/2024 00:00:06,03/10/2024 23:59:58,Unplanned,MiraFlex 1,MiraFlex 1,C,23:00:00,07:00:00,539,0,undefined
1113,2024-03-10T05:06:48.000Z,2024-03-10T05:25:09.000Z,1101,451451,Completed,03/10/2024 00:00:06,03/10/2024 23:59:58,Unplanned,MiraFlex 1,MiraFlex 1,C,23:00:00,07:00:00,539,0,undefined
1114,2024-03-10T05:31:29.000Z,2024-03-10T05:33:49.000Z,140,451525,Completed,03/10/2024 00:00:06,03/10/2024 23:59:58,Unplanned,MiraFlex 1,MiraFlex 1,C,23:00:00,07:00:00,539,0,undefined
1115,2024-03-10T05:37:09.000Z,2024-03-10T05:42:29.000Z,320,451542,Completed,03/10/2024 00:00:06,03/10/2024 23:59:58,Unplanned,MiraFlex 1,MiraFlex 1,C,23:00:00,07:00:00,539,0,undefined
1116,2024-03-10T05:50:09.000Z,2024-03-10T05:55:29.000Z,320,451581,Completed,03/10/2024 00:00:06,03/10/2024 23:59:58,Unplanned,MiraFlex 1,MiraFlex 1,C,23:00:00,07:00:00,539,0,undefined
1117,2024-03-10T06:02:09.000Z,2024-03-10T06:07:49.000Z,340,451617,Completed,03/10/2024 00:00:06,03/10/2024 23:59:58,Unplanned,MiraFlex 1,MiraFlex 1,C,23:00:00,07:00:00,539,0,undefined
1118,2024-03-10T06:08:29.000Z,2024-03-10T06:14:29.000Z,360,451636,Completed,03/10/2024 00:00:06,03/10/2024 23:59:58,Unplanned,MiraFlex 1,MiraFlex 1,C,23:00:00,07:00:00,539,0,undefined
1119,2024-03-10T06:14:49.000Z,2024-03-10T06:30:49.000Z,960,451655,Completed,03/10/2024 00:00:06,03/10/2024 23:59:58,Unplanned,MiraFlex 1,MiraFlex 1,C,23:00:00,07:00:00,539,0,undefined
1120,2024-03-10T06:59:49.000Z,2024-03-10T09:44:11.000Z,9862,451790,Completed,03/10/2024 00:00:06,03/10/2024 23:59:58,Unplanned,MiraFlex 1,MiraFlex 1,C,23:00:00,07:00:00,539,0,undefined
1121,2024-03-10T09:49:31.000Z,2024-03-10T09:54:11.000Z,280,452297,Completed,03/10/2024 00:00:06,03/10/2024 23:59:58,Unplanned,MiraFlex 1,MiraFlex 1,C,23:00:00,07:00:00,539,0,undefined
1122,2024-03-10T10:05:11.000Z,2024-03-10T10:29:11.000Z,1440,452338,Completed,03/10/2024 00:00:06,03/10/2024 23:59:58,Unplanned,MiraFlex 1,MiraFlex 1,C,23:00:00,07:00:00,539,0,undefined
1123,2024-03-10T10:41:51.000Z,2024-03-10T10:48:31.000Z,400,452448,Completed,03/10/2024 00:00:06,03/10/2024 23:59:58,Unplanned,MiraFlex 1,MiraFlex 1,C,23:00:00,07:00:00,539,0,undefined
1124,2024-03-10T10:49:11.000Z,2024-03-10T10:51:11.000Z,120,452470,Completed,03/10/2024 00:00:06,03/10/2024 23:59:58,Unplanned,MiraFlex 1,MiraFlex 1,C,23:00:00,07:00:00,539,0,undefined
1125,2024-03-10T10:56:11.000Z,2024-03-10T11:11:51.000Z,940,452491,Completed,03/10/2024 00:00:06,03/10/2024 23:59:58,Unplanned,MiraFlex 1,MiraFlex 1,C,23:00:00,07:00:00,539,0,undefined
1126,2024-03-10T11:21:52.000Z,2024-03-10T12:08:12.000Z,2780,452568,Completed,03/10/2024 00:00:06,03/10/2024 23:59:58,Unplanned,MiraFlex 1,MiraFlex 1,C,23:00:00,07:00:00,539,0,undefined
1127,2024-03-10T12:46:12.000Z,2024-03-10T12:56:32.000Z,620,452819,Completed,03/10/2024 00:00:06,03/10/2024 23:59:58,Unplanned,MiraFlex 1,MiraFlex 1,C,23:00:00,07:00:00,539,0,undefined
1128,2024-03-10T13:03:32.000Z,2024-03-10T13:12:12.000Z,520,452869,Completed,03/10/2024 00:00:06,03/10/2024 23:59:58,Unplanned,MiraFlex 1,MiraFlex 1,C,23:00:00,07:00:00,539,0,undefined
1129,2024-03-10T13:54:53.000Z,2024-03-10T14:14:53.000Z,1200,453021,Completed,03/10/2024 00:00:06,03/10/2024 23:59:58,Unplanned,MiraFlex 1,MiraFlex 1,C,23:00:00,07:00:00,539,0,undefined
1130,2024-03-10T14:36:33.000Z,2024-03-10T14:42:13.000Z,340,453144,Completed,03/10/2024 00:00:06,03/10/2024 23:59:58,Unplanned,MiraFlex 1,MiraFlex 1,C,23:00:00,07:00:00,539,0,undefined
1131,2024-03-10T15:08:13.000Z,2024-03-10T16:26:14.000Z,4681,453239,Completed,03/10/2024 00:00:06,03/10/2024 23:59:58,Unplanned,MiraFlex 1,MiraFlex 1,C,23:00:00,07:00:00,539,0,undefined
1132,2024-03-10T16:27:14.000Z,2024-03-10T16:31:34.000Z,260,453476,Completed,03/10/2024 00:00:06,03/10/2024 23:59:58,Unplanned,MiraFlex 1,MiraFlex 1,C,23:00:00,07:00:00,539,0,undefined
1133,2024-03-10T16:33:34.000Z,2024-03-10T16:44:14.000Z,640,453494,Completed,03/10/2024 00:00:06,03/10/2024 23:59:58,Unplanned,MiraFlex 1,MiraFlex 1,C,23:00:00,07:00:00,539,0,undefined
1134,2024-03-10T16:44:54.000Z,2024-03-10T16:51:34.000Z,400,453528,Completed,03/10/2024 00:00:06,03/10/2024 23:59:58,Unplanned,MiraFlex 1,MiraFlex 1,C,23:00:00,07:00:00,539,0,undefined
1135,2024-03-10T16:51:54.000Z,2024-03-10T16:52:14.000Z,20,453549,Completed,03/10/2024 00:00:06,03/10/2024 23:59:58,Unplanned,MiraFlex 1,MiraFlex 1,C,23:00:00,07:00:00,539,0,undefined
1136,2024-03-10T16:53:34.000Z,2024-03-10T17:13:35.000Z,1201,453554,Completed,03/10/2024 00:00:06,03/10/2024 23:59:58,Unplanned,MiraFlex 1,MiraFlex 1,C,23:00:00,07:00:00,539,0,undefined
1137,2024-03-10T17:26:15.000Z,2024-03-10T17:29:35.000Z,200,453651,Completed,03/10/2024 00:00:06,03/10/2024 23:59:58,Unplanned,MiraFlex 1,MiraFlex 1,C,23:00:00,07:00:00,539,0,undefined
1138,2024-03-10T17:41:55.000Z,2024-03-10T18:37:55.000Z,3360,453694,Completed,03/10/2024 00:00:06,03/10/2024 23:59:58,Unplanned,MiraFlex 1,MiraFlex 1,C,23:00:00,07:00:00,539,0,undefined
1139,2024-03-10T18:49:15.000Z,2024-03-10T18:54:15.000Z,300,453895,Completed,03/10/2024 00:00:06,03/10/2024 23:59:58,Unplanned,MiraFlex 1,MiraFlex 1,C,23:00:00,07:00:00,539,0,undefined
1140,2024-03-10T18:55:35.000Z,2024-03-10T19:45:16.000Z,2981,453913,Completed,03/10/2024 00:00:06,03/10/2024 23:59:58,Unplanned,MiraFlex 1,MiraFlex 1,C,23:00:00,07:00:00,539,0,undefined
1141,2024-03-10T19:49:16.000Z,2024-03-10T20:12:56.000Z,1420,454070,Completed,03/10/2024 00:00:06,03/10/2024 23:59:58,Unplanned,MiraFlex 1,MiraFlex 1,C,23:00:00,07:00:00,539,0,undefined
1142,2024-03-10T20:13:36.000Z,2024-03-10T20:37:16.000Z,1420,454142,Completed,03/10/2024 00:00:06,03/10/2024 23:59:58,Unplanned,MiraFlex 1,MiraFlex 1,C,23:00:00,07:00:00,539,0,undefined
1143,2024-03-10T20:50:16.000Z,2024-03-10T21:09:17.000Z,1141,454250,Completed,03/10/2024 00:00:06,03/10/2024 23:59:58,Unplanned,MiraFlex 1,MiraFlex 1,C,23:00:00,07:00:00,539,0,undefined
1144,2024-03-10T21:18:37.000Z,2024-03-10T21:43:17.000Z,1480,454334,Completed,03/10/2024 00:00:06,03/10/2024 23:59:58,Unplanned,MiraFlex 1,MiraFlex 1,C,23:00:00,07:00:00,539,0,undefined
1145,2024-03-10T21:53:17.000Z,2024-03-10T22:01:17.000Z,480,454436,Completed,03/10/2024 00:00:06,03/10/2024 23:59:58,Unplanned,MiraFlex 1,MiraFlex 1,C,23:00:00,07:00:00,539,0,undefined
1146,2024-03-10T22:20:17.000Z,2024-03-10T22:31:37.000Z,680,454516,Completed,03/10/2024 00:00:06,03/10/2024 23:59:58,Unplanned,MiraFlex 1,MiraFlex 1,C,23:00:00,07:00:00,539,0,undefined
1147,2024-03-10T22:53:57.000Z,2024-03-10T23:17:18.000Z,1401,454616,Completed,03/10/2024 00:00:06,03/10/2024 23:59:58,Unplanned,MiraFlex 1,MiraFlex 1,C,23:00:00,07:00:00,539,0,undefined
1148,2024-03-10T23:21:58.000Z,2024-03-10T23:26:38.000Z,280,454697,Completed,03/10/2024 00:00:06,03/10/2024 23:59:58,Unplanned,MiraFlex 1,MiraFlex 1,C,23:00:00,07:00:00,539,0,undefined
1149,2024-03-10T23:27:18.000Z,2024-03-10T23:37:18.000Z,600,454713,Completed,03/10/2024 00:00:06,03/10/2024 23:59:58,Unplanned,MiraFlex 1,MiraFlex 1,C,23:00:00,07:00:00,539,0,undefined
1150,2024-03-10T23:40:18.000Z,2024-03-10T23:46:18.000Z,360,454752,Completed,03/10/2024 00:00:06,03/10/2024 23:59:58,Unplanned,MiraFlex 1,MiraFlex 1,C,23:00:00,07:00:00,539,0,undefined
1151,2024-03-10T23:50:18.000Z,2024-03-10T23:53:38.000Z,200,454782,Completed,03/10/2024 00:00:06,03/10/2024 23:59:58,Unplanned,MiraFlex 1,MiraFlex 1,C,23:00:00,07:00:00,539,0,undefined
1152,2024-03-14T15:00:02.000Z,2024-03-14T15:02:02.000Z,120,469958,Completed,03/14/2024 15:00:02,03/14/2024 22:59:46,Unplanned,MiraFlex 1,MiraFlex 1,B,15:00:00,23:00:00,541,0,PET (400)
1153,2024-03-14T15:02:22.000Z,2024-03-14T15:24:02.000Z,1300,469965,Completed,03/14/2024 15:00:02,03/14/2024 22:59:46,Unplanned,MiraFlex 1,MiraFlex 1,B,15:00:00,23:00:00,541,0,PET (400)
1154,2024-03-14T15:25:02.000Z,2024-03-14T15:25:22.000Z,20,470031,Completed,03/14/2024 15:00:02,03/14/2024 22:59:46,Unplanned,MiraFlex 1,MiraFlex 1,B,15:00:00,23:00:00,541,0,PET (400)
1155,2024-03-14T15:29:02.000Z,2024-03-14T15:47:02.000Z,1080,470041,Completed,03/14/2024 15:00:02,03/14/2024 22:59:46,Unplanned,MiraFlex 1,MiraFlex 1,B,15:00:00,23:00:00,541,0,PET (400)
1156,2024-03-14T15:47:42.000Z,2024-03-14T15:49:02.000Z,80,470097,Completed,03/14/2024 15:00:02,03/14/2024 22:59:46,Unplanned,MiraFlex 1,MiraFlex 1,B,15:00:00,23:00:00,541,0,PET (400)
1157,2024-03-14T15:54:22.000Z,2024-03-14T16:19:03.000Z,1481,470117,Completed,03/14/2024 15:00:02,03/14/2024 22:59:46,Unplanned,MiraFlex 1,MiraFlex 1,B,15:00:00,23:00:00,541,0,PET (400)
1158,2024-03-14T16:27:23.000Z,2024-03-14T16:28:23.000Z,60,470216,Completed,03/14/2024 15:00:02,03/14/2024 22:59:46,Unplanned,MiraFlex 1,MiraFlex 1,B,15:00:00,23:00:00,541,0,PET (400)
1159,2024-03-14T16:29:03.000Z,2024-03-14T16:42:43.000Z,820,470221,Completed,03/14/2024 15:00:02,03/14/2024 22:59:46,Unplanned,MiraFlex 1,MiraFlex 1,B,15:00:00,23:00:00,541,0,PET (400)
1160,2024-03-14T16:44:23.000Z,2024-03-14T16:48:03.000Z,220,470267,Completed,03/14/2024 15:00:02,03/14/2024 22:59:46,Unplanned,MiraFlex 1,MiraFlex 1,B,15:00:00,23:00:00,541,0,PET (400)
1161,2024-03-14T16:58:23.000Z,2024-03-14T17:03:23.000Z,300,470309,Completed,03/14/2024 15:00:02,03/14/2024 22:59:46,Unplanned,MiraFlex 1,MiraFlex 1,B,15:00:00,23:00:00,541,0,PET (400)
1162,2024-03-14T17:18:43.000Z,2024-03-14T17:25:03.000Z,380,470370,Completed,03/14/2024 15:00:02,03/14/2024 22:59:46,Unplanned,MiraFlex 1,MiraFlex 1,B,15:00:00,23:00:00,541,0,PET (400)
1163,2024-03-14T17:39:23.000Z,2024-03-14T17:58:23.000Z,1140,470432,Completed,03/14/2024 15:00:02,03/14/2024 22:59:46,Unplanned,MiraFlex 1,MiraFlex 1,B,15:00:00,23:00:00,541,0,PET (400)
1164,2024-03-14T17:59:03.000Z,2024-03-14T17:59:43.000Z,40,470491,Completed,03/14/2024 15:00:02,03/14/2024 22:59:46,Unplanned,MiraFlex 1,MiraFlex 1,B,15:00:00,23:00:00,541,0,PET (400)
1165,2024-03-14T18:02:43.000Z,2024-03-14T18:09:23.000Z,400,470502,Completed,03/14/2024 15:00:02,03/14/2024 22:59:46,Unplanned,MiraFlex 1,MiraFlex 1,B,15:00:00,23:00:00,541,0,PET (400)
1166,2024-03-14T18:19:24.000Z,2024-03-14T18:29:44.000Z,620,470548,Completed,03/14/2024 15:00:02,03/14/2024 22:59:46,Unplanned,MiraFlex 1,MiraFlex 1,B,15:00:00,23:00:00,541,0,PET (400)
1167,2024-03-14T18:40:44.000Z,2024-03-14T19:34:24.000Z,3220,470610,Completed,03/14/2024 15:00:02,03/14/2024 22:59:46,Unplanned,MiraFlex 1,MiraFlex 1,B,15:00:00,23:00:00,541,0,PET (400)
1168,2024-03-14T19:37:04.000Z,2024-03-14T19:45:44.000Z,520,470777,Completed,03/14/2024 15:00:02,03/14/2024 22:59:46,Unplanned,MiraFlex 1,MiraFlex 1,B,15:00:00,23:00:00,541,0,PET (400)
1169,2024-03-14T19:46:44.000Z,2024-03-14T19:59:44.000Z,780,470806,Completed,03/14/2024 15:00:02,03/14/2024 22:59:46,Unplanned,MiraFlex 1,MiraFlex 1,B,15:00:00,23:00:00,541,0,PET (400)
1170,2024-03-14T20:00:04.000Z,2024-03-14T20:01:04.000Z,60,470845,Completed,03/14/2024 15:00:02,03/14/2024 22:59:46,Unplanned,MiraFlex 1,MiraFlex 1,B,15:00:00,23:00:00,541,0,PET (400)
1171,2024-03-14T20:08:04.000Z,2024-03-14T20:27:25.000Z,1161,470869,Completed,03/14/2024 15:00:02,03/14/2024 22:59:46,Unplanned,MiraFlex 1,MiraFlex 1,B,15:00:00,23:00:00,541,0,PET (400)
1172,2024-03-14T20:34:45.000Z,2024-03-14T20:40:45.000Z,360,470949,Completed,03/14/2024 15:00:02,03/14/2024 22:59:46,Unplanned,MiraFlex 1,MiraFlex 1,B,15:00:00,23:00:00,541,0,PET (400)
1173,2024-03-14T21:05:45.000Z,2024-03-14T21:11:05.000Z,320,471039,Completed,03/14/2024 15:00:02,03/14/2024 22:59:46,Unplanned,MiraFlex 1,MiraFlex 1,B,15:00:00,23:00:00,541,0,PET (400)
1174,2024-03-14T21:19:45.000Z,2024-03-14T21:32:45.000Z,780,471079,Completed,03/14/2024 15:00:02,03/14/2024 22:59:46,Unplanned,MiraFlex 1,MiraFlex 1,B,15:00:00,23:00:00,541,0,PET (400)
1175,2024-03-14T21:46:45.000Z,2024-03-14T22:15:46.000Z,1741,471158,Completed,03/14/2024 15:00:02,03/14/2024 22:59:46,Unplanned,MiraFlex 1,MiraFlex 1,B,15:00:00,23:00:00,541,0,PET (400)
1176,2024-03-14T22:18:46.000Z,2024-03-14T22:25:46.000Z,420,471254,Completed,03/14/2024 15:00:02,03/14/2024 22:59:46,Unplanned,MiraFlex 1,MiraFlex 1,B,15:00:00,23:00:00,541,0,PET (400)
1177,2024-03-14T22:28:26.000Z,2024-03-14T22:43:26.000Z,900,471283,Completed,03/14/2024 15:00:02,03/14/2024 22:59:46,Unplanned,MiraFlex 1,MiraFlex 1,B,15:00:00,23:00:00,541,0,PET (400)
1178,2024-03-12T00:00:10.000Z,2024-03-12T00:04:50.000Z,280,458932,Completed,03/12/2024 00:00:10,03/12/2024 23:59:42,Unplanned,MiraFlex 1,MiraFlex 1,C,23:00:00,07:00:00,541,0,PET (400)
1179,2024-03-12T00:08:10.000Z,2024-03-12T00:26:30.000Z,1100,458956,Completed,03/12/2024 00:00:10,03/12/2024 23:59:42,Unplanned,MiraFlex 1,MiraFlex 1,C,23:00:00,07:00:00,541,0,PET (400)
1180,2024-03-12T00:26:50.000Z,2024-03-12T00:56:11.000Z,1761,459012,Completed,03/12/2024 00:00:10,03/12/2024 23:59:42,Unplanned,MiraFlex 1,MiraFlex 1,C,23:00:00,07:00:00,541,0,PET (400)
1181,2024-03-12T01:21:51.000Z,2024-03-12T01:43:31.000Z,1300,459175,Completed,03/12/2024 00:00:10,03/12/2024 23:59:42,Unplanned,MiraFlex 1,MiraFlex 1,C,23:00:00,07:00:00,541,0,PET (400)
1182,2024-03-12T02:26:31.000Z,2024-03-12T02:54:52.000Z,1701,459365,Completed,03/12/2024 00:00:10,03/12/2024 23:59:42,Unplanned,MiraFlex 1,MiraFlex 1,C,23:00:00,07:00:00,541,0,PET (400)
1183,2024-03-12T03:01:52.000Z,2024-03-12T03:29:32.000Z,1660,459471,Completed,03/12/2024 00:00:10,03/12/2024 23:59:42,Unplanned,MiraFlex 1,MiraFlex 1,C,23:00:00,07:00:00,541,0,PET (400)
1184,2024-03-12T03:33:32.000Z,2024-03-12T03:38:32.000Z,300,459564,Completed,03/12/2024 00:00:10,03/12/2024 23:59:42,Unplanned,MiraFlex 1,MiraFlex 1,C,23:00:00,07:00:00,541,0,PET (400)
1185,2024-03-12T04:12:32.000Z,2024-03-12T04:18:32.000Z,360,459677,Completed,03/12/2024 00:00:10,03/12/2024 23:59:42,Unplanned,MiraFlex 1,MiraFlex 1,C,23:00:00,07:00:00,541,0,PET (400)
1186,2024-03-12T04:34:32.000Z,2024-03-12T04:47:12.000Z,760,459741,Completed,03/12/2024 00:00:10,03/12/2024 23:59:42,Unplanned,MiraFlex 1,MiraFlex 1,C,23:00:00,07:00:00,541,0,PET (400)
1187,2024-03-12T04:49:32.000Z,2024-03-12T06:06:53.000Z,4641,459786,Completed,03/12/2024 00:00:10,03/12/2024 23:59:42,Unplanned,MiraFlex 1,MiraFlex 1,C,23:00:00,07:00:00,541,0,PET (400)
1188,2024-03-12T06:15:33.000Z,2024-03-12T06:42:33.000Z,1620,460044,Completed,03/12/2024 00:00:10,03/12/2024 23:59:42,Unplanned,MiraFlex 1,MiraFlex 1,C,23:00:00,07:00:00,541,0,PET (400)
1189,2024-03-12T07:24:14.000Z,2024-03-12T07:40:34.000Z,980,460246,Completed,03/12/2024 00:00:10,03/12/2024 23:59:42,Unplanned,MiraFlex 1,MiraFlex 1,C,23:00:00,07:00:00,541,0,PET (400)
1190,2024-03-12T08:29:14.000Z,2024-03-12T09:13:15.000Z,2641,460437,Completed,03/12/2024 00:00:10,03/12/2024 23:59:42,Unplanned,MiraFlex 1,MiraFlex 1,C,23:00:00,07:00:00,541,0,PET (400)
1191,2024-03-12T09:24:15.000Z,2024-03-12T09:34:55.000Z,640,460602,Completed,03/12/2024 00:00:10,03/12/2024 23:59:42,Unplanned,MiraFlex 1,MiraFlex 1,C,23:00:00,07:00:00,541,0,PET (400)
1192,2024-03-12T09:38:15.000Z,2024-03-12T09:45:15.000Z,420,460644,Completed,03/12/2024 00:00:10,03/12/2024 23:59:42,Unplanned,MiraFlex 1,MiraFlex 1,C,23:00:00,07:00:00,541,0,PET (400)
1193,2024-03-12T09:48:35.000Z,2024-03-12T09:54:15.000Z,340,460675,Completed,03/12/2024 00:00:10,03/12/2024 23:59:42,Unplanned,MiraFlex 1,MiraFlex 1,C,23:00:00,07:00:00,541,0,PET (400)
1194,2024-03-12T09:55:55.000Z,2024-03-12T10:33:55.000Z,2280,460697,Completed,03/12/2024 00:00:10,03/12/2024 23:59:42,Unplanned,MiraFlex 1,MiraFlex 1,C,23:00:00,07:00:00,541,0,PET (400)
1195,2024-03-12T10:35:35.000Z,2024-03-12T10:40:35.000Z,300,460816,Completed,03/12/2024 00:00:10,03/12/2024 23:59:42,Unplanned,MiraFlex 1,MiraFlex 1,C,23:00:00,07:00:00,541,0,PET (400)
1196,2024-03-12T10:41:35.000Z,2024-03-12T10:45:35.000Z,240,460834,Completed,03/12/2024 00:00:10,03/12/2024 23:59:42,Unplanned,MiraFlex 1,MiraFlex 1,C,23:00:00,07:00:00,541,0,PET (400)
1197,2024-03-12T10:47:56.000Z,2024-03-12T10:52:16.000Z,260,460853,Completed,03/12/2024 00:00:10,03/12/2024 23:59:42,Unplanned,MiraFlex 1,MiraFlex 1,C,23:00:00,07:00:00,541,0,PET (400)
1198,2024-03-12T11:09:56.000Z,2024-03-12T11:52:16.000Z,2540,460919,Completed,03/12/2024 00:00:10,03/12/2024 23:59:42,Unplanned,MiraFlex 1,MiraFlex 1,C,23:00:00,07:00:00,541,0,PET (400)
1199,2024-03-12T12:15:16.000Z,2024-03-12T12:34:56.000Z,1180,461115,Completed,03/12/2024 00:00:10,03/12/2024 23:59:42,Unplanned,MiraFlex 1,MiraFlex 1,C,23:00:00,07:00:00,541,0,PET (400)
1200,2024-03-12T13:13:37.000Z,2024-03-12T13:41:57.000Z,1700,461288,Completed,03/12/2024 00:00:10,03/12/2024 23:59:42,Unplanned,MiraFlex 1,MiraFlex 1,C,23:00:00,07:00:00,541,0,PET (400)
1201,2024-03-12T14:03:17.000Z,2024-03-12T14:11:17.000Z,480,461436,Completed,03/12/2024 00:00:10,03/12/2024 23:59:42,Unplanned,MiraFlex 1,MiraFlex 1,C,23:00:00,07:00:00,541,0,PET (400)
1202,2024-03-12T14:25:17.000Z,2024-03-12T15:11:58.000Z,2801,461500,Completed,03/12/2024 00:00:10,03/12/2024 23:59:42,Unplanned,MiraFlex 1,MiraFlex 1,C,23:00:00,07:00:00,541,0,PET (400)
1203,2024-03-12T15:54:38.000Z,2024-03-12T16:29:58.000Z,2120,461764,Completed,03/12/2024 00:00:10,03/12/2024 23:59:42,Unplanned,MiraFlex 1,MiraFlex 1,C,23:00:00,07:00:00,541,0,PET (400)
1204,2024-03-12T16:42:18.000Z,2024-03-12T16:52:39.000Z,621,461907,Completed,03/12/2024 00:00:10,03/12/2024 23:59:42,Unplanned,MiraFlex 1,MiraFlex 1,C,23:00:00,07:00:00,541,0,PET (400)
1205,2024-03-12T17:14:19.000Z,2024-03-12T17:23:39.000Z,560,461999,Completed,03/12/2024 00:00:10,03/12/2024 23:59:42,Unplanned,MiraFlex 1,MiraFlex 1,C,23:00:00,07:00:00,541,0,PET (400)
1206,2024-03-12T17:45:19.000Z,2024-03-12T17:57:59.000Z,760,462090,Completed,03/12/2024 00:00:10,03/12/2024 23:59:42,Unplanned,MiraFlex 1,MiraFlex 1,C,23:00:00,07:00:00,541,0,PET (400)
1207,2024-03-12T18:11:19.000Z,2024-03-12T18:13:59.000Z,160,462168,Completed,03/12/2024 00:00:10,03/12/2024 23:59:42,Unplanned,MiraFlex 1,MiraFlex 1,C,23:00:00,07:00:00,541,0,PET (400)
1208,2024-03-12T18:40:59.000Z,2024-03-12T20:04:40.000Z,5021,462254,Completed,03/12/2024 00:00:10,03/12/2024 23:59:42,Unplanned,MiraFlex 1,MiraFlex 1,C,23:00:00,07:00:00,541,0,PET (400)
1209,2024-03-12T20:07:20.000Z,2024-03-12T20:16:40.000Z,560,462501,Completed,03/12/2024 00:00:10,03/12/2024 23:59:42,Unplanned,MiraFlex 1,MiraFlex 1,C,23:00:00,07:00:00,541,0,PET (400)
1210,2024-03-12T20:19:40.000Z,2024-03-12T20:21:20.000Z,100,462536,Completed,03/12/2024 00:00:10,03/12/2024 23:59:42,Unplanned,MiraFlex 1,MiraFlex 1,C,23:00:00,07:00:00,541,0,PET (400)
1211,2024-03-12T20:22:40.000Z,2024-03-12T20:30:00.000Z,440,462544,Completed,03/12/2024 00:00:10,03/12/2024 23:59:42,Unplanned,MiraFlex 1,MiraFlex 1,C,23:00:00,07:00:00,541,0,PET (400)
1212,2024-03-12T20:36:00.000Z,2024-03-12T20:45:41.000Z,581,462579,Completed,03/12/2024 00:00:10,03/12/2024 23:59:42,Unplanned,MiraFlex 1,MiraFlex 1,C,23:00:00,07:00:00,541,0,PET (400)
1213,2024-03-12T20:57:41.000Z,2024-03-12T21:05:41.000Z,480,462639,Completed,03/12/2024 00:00:10,03/12/2024 23:59:42,Unplanned,MiraFlex 1,MiraFlex 1,C,23:00:00,07:00:00,541,0,PET (400)
1214,2024-03-12T21:18:01.000Z,2024-03-12T21:26:21.000Z,500,462697,Completed,03/12/2024 00:00:10,03/12/2024 23:59:42,Unplanned,MiraFlex 1,MiraFlex 1,C,23:00:00,07:00:00,541,0,PET (400)
1215,2024-03-12T21:49:41.000Z,2024-03-12T22:05:21.000Z,940,462787,Completed,03/12/2024 00:00:10,03/12/2024 23:59:42,Unplanned,MiraFlex 1,MiraFlex 1,C,23:00:00,07:00:00,541,0,PET (400)
1216,2024-03-12T22:15:21.000Z,2024-03-12T22:45:22.000Z,1801,462850,Completed,03/12/2024 00:00:10,03/12/2024 23:59:42,Unplanned,MiraFlex 1,MiraFlex 1,C,23:00:00,07:00:00,541,0,PET (400)
1217,2024-03-12T22:47:42.000Z,2024-03-12T22:51:42.000Z,240,462932,Completed,03/12/2024 00:00:10,03/12/2024 23:59:42,Unplanned,MiraFlex 1,MiraFlex 1,C,23:00:00,07:00:00,541,0,PET (400)
1218,2024-03-12T23:02:42.000Z,2024-03-12T23:28:02.000Z,1520,462973,Completed,03/12/2024 00:00:10,03/12/2024 23:59:42,Unplanned,MiraFlex 1,MiraFlex 1,C,23:00:00,07:00:00,541,0,PET (400)
1219,2024-03-14T00:19:14.000Z,2024-03-14T00:23:14.000Z,240,467340,Completed,03/14/2024 00:00:14,03/14/2024 23:59:46,Unplanned,MiraFlex 1,MiraFlex 1,C,23:00:00,07:00:00,541,0,PET (400)
1220,2024-03-14T00:34:55.000Z,2024-03-14T01:18:55.000Z,2640,467387,Completed,03/14/2024 00:00:14,03/14/2024 23:59:46,Unplanned,MiraFlex 1,MiraFlex 1,C,23:00:00,07:00:00,541,0,PET (400)
1221,2024-03-14T01:48:15.000Z,2024-03-14T01:49:55.000Z,100,467607,Completed,03/14/2024 00:00:14,03/14/2024 23:59:46,Unplanned,MiraFlex 1,MiraFlex 1,C,23:00:00,07:00:00,541,0,PET (400)
1222,2024-03-14T01:53:15.000Z,2024-03-14T02:07:55.000Z,880,467622,Completed,03/14/2024 00:00:14,03/14/2024 23:59:46,Unplanned,MiraFlex 1,MiraFlex 1,C,23:00:00,07:00:00,541,0,PET (400)
1223,2024-03-14T02:15:55.000Z,2024-03-14T02:17:15.000Z,80,467690,Completed,03/14/2024 00:00:14,03/14/2024 23:59:46,Unplanned,MiraFlex 1,MiraFlex 1,C,23:00:00,07:00:00,541,0,PET (400)
1224,2024-03-14T02:20:15.000Z,2024-03-14T02:26:36.000Z,381,467703,Completed,03/14/2024 00:00:14,03/14/2024 23:59:46,Unplanned,MiraFlex 1,MiraFlex 1,C,23:00:00,07:00:00,541,0,PET (400)
1225,2024-03-14T02:27:56.000Z,2024-03-14T02:29:16.000Z,80,467726,Completed,03/14/2024 00:00:14,03/14/2024 23:59:46,Unplanned,MiraFlex 1,MiraFlex 1,C,23:00:00,07:00:00,541,0,PET (400)
1226,2024-03-14T02:30:56.000Z,2024-03-14T02:45:16.000Z,860,467735,Completed,03/14/2024 00:00:14,03/14/2024 23:59:46,Unplanned,MiraFlex 1,MiraFlex 1,C,23:00:00,07:00:00,541,0,PET (400)
1227,2024-03-14T02:53:16.000Z,2024-03-14T03:06:56.000Z,820,467802,Completed,03/14/2024 00:00:14,03/14/2024 23:59:46,Unplanned,MiraFlex 1,MiraFlex 1,C,23:00:00,07:00:00,541,0,PET (400)
1228,2024-03-14T03:48:36.000Z,2024-03-14T03:49:16.000Z,40,467966,Completed,03/14/2024 00:00:14,03/14/2024 23:59:46,Unplanned,MiraFlex 1,MiraFlex 1,C,23:00:00,07:00:00,541,0,PET (400)
1229,2024-03-14T03:52:56.000Z,2024-03-14T03:54:16.000Z,80,467979,Completed,03/14/2024 00:00:14,03/14/2024 23:59:46,Unplanned,MiraFlex 1,MiraFlex 1,C,23:00:00,07:00:00,541,0,PET (400)
1230,2024-03-14T04:04:16.000Z,2024-03-14T04:07:56.000Z,220,468011,Completed,03/14/2024 00:00:14,03/14/2024 23:59:46,Unplanned,MiraFlex 1,MiraFlex 1,C,23:00:00,07:00:00,541,0,PET (400)
1231,2024-03-14T04:08:16.000Z,2024-03-14T04:14:56.000Z,400,468023,Completed,03/14/2024 00:00:14,03/14/2024 23:59:46,Unplanned,MiraFlex 1,MiraFlex 1,C,23:00:00,07:00:00,541,0,PET (400)
1232,2024-03-14T04:32:57.000Z,2024-03-14T04:38:37.000Z,340,468095,Completed,03/14/2024 00:00:14,03/14/2024 23:59:46,Unplanned,MiraFlex 1,MiraFlex 1,C,23:00:00,07:00:00,541,0,PET (400)
1233,2024-03-14T04:46:17.000Z,2024-03-14T05:58:37.000Z,4340,468135,Completed,03/14/2024 00:00:14,03/14/2024 23:59:46,Unplanned,MiraFlex 1,MiraFlex 1,C,23:00:00,07:00:00,541,0,PET (400)
1234,2024-03-14T06:05:17.000Z,2024-03-14T06:05:57.000Z,40,468368,Completed,03/14/2024 00:00:14,03/14/2024 23:59:46,Unplanned,MiraFlex 1,MiraFlex 1,C,23:00:00,07:00:00,541,0,PET (400)
1235,2024-03-14T06:50:38.000Z,2024-03-14T07:31:38.000Z,2460,468502,Completed,03/14/2024 00:00:14,03/14/2024 23:59:46,Unplanned,MiraFlex 1,MiraFlex 1,C,23:00:00,07:00:00,541,0,PET (400)
1236,2024-03-14T07:36:18.000Z,2024-03-14T07:39:18.000Z,180,468639,Completed,03/14/2024 00:00:14,03/14/2024 23:59:46,Unplanned,MiraFlex 1,MiraFlex 1,C,23:00:00,07:00:00,541,0,PET (400)
1237,2024-03-14T08:16:38.000Z,2024-03-14T08:22:19.000Z,341,468758,Completed,03/14/2024 00:00:14,03/14/2024 23:59:46,Unplanned,MiraFlex 1,MiraFlex 1,C,23:00:00,07:00:00,541,0,PET (400)
1238,2024-03-14T08:52:39.000Z,2024-03-14T08:53:39.000Z,60,468864,Completed,03/14/2024 00:00:14,03/14/2024 23:59:46,Unplanned,MiraFlex 1,MiraFlex 1,C,23:00:00,07:00:00,541,0,PET (400)
1239,2024-03-14T09:51:19.000Z,2024-03-14T10:01:19.000Z,600,469038,Completed,03/14/2024 00:00:14,03/14/2024 23:59:46,Unplanned,MiraFlex 1,MiraFlex 1,C,23:00:00,07:00:00,541,0,PET (400)
1240,2024-03-14T10:17:39.000Z,2024-03-14T10:44:40.000Z,1621,469115,Completed,03/14/2024 00:00:14,03/14/2024 23:59:46,Unplanned,MiraFlex 1,MiraFlex 1,C,23:00:00,07:00:00,541,0,PET (400)
1241,2024-03-14T11:59:20.000Z,2024-03-14T12:00:40.000Z,80,469418,Completed,03/14/2024 00:00:14,03/14/2024 23:59:46,Unplanned,MiraFlex 1,MiraFlex 1,C,23:00:00,07:00:00,541,0,PET (400)
1242,2024-03-14T12:23:41.000Z,2024-03-14T12:25:41.000Z,120,469491,Completed,03/14/2024 00:00:14,03/14/2024 23:59:46,Unplanned,MiraFlex 1,MiraFlex 1,C,23:00:00,07:00:00,541,0,PET (400)
1243,2024-03-14T13:31:41.000Z,2024-03-14T13:34:41.000Z,180,469693,Completed,03/14/2024 00:00:14,03/14/2024 23:59:46,Unplanned,MiraFlex 1,MiraFlex 1,C,23:00:00,07:00:00,541,0,PET (400)
1244,2024-03-14T13:55:01.000Z,2024-03-14T14:08:41.000Z,820,469763,Completed,03/14/2024 00:00:14,03/14/2024 23:59:46,Unplanned,MiraFlex 1,MiraFlex 1,C,23:00:00,07:00:00,541,0,PET (400)
1245,2024-03-14T14:14:21.000Z,2024-03-14T14:15:41.000Z,80,469821,Completed,03/14/2024 00:00:14,03/14/2024 23:59:46,Unplanned,MiraFlex 1,MiraFlex 1,C,23:00:00,07:00:00,541,0,PET (400)
1246,2024-03-14T14:22:22.000Z,2024-03-14T14:57:02.000Z,2080,469845,Completed,03/14/2024 00:00:14,03/14/2024 23:59:46,Unplanned,MiraFlex 1,MiraFlex 1,C,23:00:00,07:00:00,541,0,PET (400)
1247,2024-03-14T14:58:42.000Z,2024-03-14T15:02:02.000Z,200,469954,Completed,03/14/2024 00:00:14,03/14/2024 23:59:46,Unplanned,MiraFlex 1,MiraFlex 1,C,23:00:00,07:00:00,541,0,PET (400)
1248,2024-03-14T15:02:22.000Z,2024-03-14T15:24:02.000Z,1300,469965,Completed,03/14/2024 00:00:14,03/14/2024 23:59:46,Unplanned,MiraFlex 1,MiraFlex 1,C,23:00:00,07:00:00,541,0,PET (400)
1249,2024-03-14T15:25:02.000Z,2024-03-14T15:25:22.000Z,20,470031,Completed,03/14/2024 00:00:14,03/14/2024 23:59:46,Unplanned,MiraFlex 1,MiraFlex 1,C,23:00:00,07:00:00,541,0,PET (400)
1250,2024-03-14T15:29:02.000Z,2024-03-14T15:47:02.000Z,1080,470041,Completed,03/14/2024 00:00:14,03/14/2024 23:59:46,Unplanned,MiraFlex 1,MiraFlex 1,C,23:00:00,07:00:00,541,0,PET (400)
1251,2024-03-14T15:47:42.000Z,2024-03-14T15:49:02.000Z,80,470097,Completed,03/14/2024 00:00:14,03/14/2024 23:59:46,Unplanned,MiraFlex 1,MiraFlex 1,C,23:00:00,07:00:00,541,0,PET (400)
1252,2024-03-14T15:54:22.000Z,2024-03-14T16:19:03.000Z,1481,470117,Completed,03/14/2024 00:00:14,03/14/2024 23:59:46,Unplanned,MiraFlex 1,MiraFlex 1,C,23:00:00,07:00:00,541,0,PET (400)
1253,2024-03-14T16:27:23.000Z,2024-03-14T16:28:23.000Z,60,470216,Completed,03/14/2024 00:00:14,03/14/2024 23:59:46,Unplanned,MiraFlex 1,MiraFlex 1,C,23:00:00,07:00:00,541,0,PET (400)
1254,2024-03-14T16:29:03.000Z,2024-03-14T16:42:43.000Z,820,470221,Completed,03/14/2024 00:00:14,03/14/2024 23:59:46,Unplanned,MiraFlex 1,MiraFlex 1,C,23:00:00,07:00:00,541,0,PET (400)
1255,2024-03-14T16:44:23.000Z,2024-03-14T16:48:03.000Z,220,470267,Completed,03/14/2024 00:00:14,03/14/2024 23:59:46,Unplanned,MiraFlex 1,MiraFlex 1,C,23:00:00,07:00:00,541,0,PET (400)
1256,2024-03-14T16:58:23.000Z,2024-03-14T17:03:23.000Z,300,470309,Completed,03/14/2024 00:00:14,03/14/2024 23:59:46,Unplanned,MiraFlex 1,MiraFlex 1,C,23:00:00,07:00:00,541,0,PET (400)
1257,2024-03-14T17:18:43.000Z,2024-03-14T17:25:03.000Z,380,470370,Completed,03/14/2024 00:00:14,03/14/2024 23:59:46,Unplanned,MiraFlex 1,MiraFlex 1,C,23:00:00,07:00:00,541,0,PET (400)
1258,2024-03-14T17:39:23.000Z,2024-03-14T17:58:23.000Z,1140,470432,Completed,03/14/2024 00:00:14,03/14/2024 23:59:46,Unplanned,MiraFlex 1,MiraFlex 1,C,23:00:00,07:00:00,541,0,PET (400)
1259,2024-03-14T17:59:03.000Z,2024-03-14T17:59:43.000Z,40,470491,Completed,03/14/2024 00:00:14,03/14/2024 23:59:46,Unplanned,MiraFlex 1,MiraFlex 1,C,23:00:00,07:00:00,541,0,PET (400)
1260,2024-03-14T18:02:43.000Z,2024-03-14T18:09:23.000Z,400,470502,Completed,03/14/2024 00:00:14,03/14/2024 23:59:46,Unplanned,MiraFlex 1,MiraFlex 1,C,23:00:00,07:00:00,541,0,PET (400)
1261,2024-03-14T18:19:24.000Z,2024-03-14T18:29:44.000Z,620,470548,Completed,03/14/2024 00:00:14,03/14/2024 23:59:46,Unplanned,MiraFlex 1,MiraFlex 1,C,23:00:00,07:00:00,541,0,PET (400)
1262,2024-03-14T18:40:44.000Z,2024-03-14T19:34:24.000Z,3220,470610,Completed,03/14/2024 00:00:14,03/14/2024 23:59:46,Unplanned,MiraFlex 1,MiraFlex 1,C,23:00:00,07:00:00,541,0,PET (400)
1263,2024-03-14T19:37:04.000Z,2024-03-14T19:45:44.000Z,520,470777,Completed,03/14/2024 00:00:14,03/14/2024 23:59:46,Unplanned,MiraFlex 1,MiraFlex 1,C,23:00:00,07:00:00,541,0,PET (400)
1264,2024-03-14T19:46:44.000Z,2024-03-14T19:59:44.000Z,780,470806,Completed,03/14/2024 00:00:14,03/14/2024 23:59:46,Unplanned,MiraFlex 1,MiraFlex 1,C,23:00:00,07:00:00,541,0,PET (400)
1265,2024-03-14T20:00:04.000Z,2024-03-14T20:01:04.000Z,60,470845,Completed,03/14/2024 00:00:14,03/14/2024 23:59:46,Unplanned,MiraFlex 1,MiraFlex 1,C,23:00:00,07:00:00,541,0,PET (400)
1266,2024-03-14T20:08:04.000Z,2024-03-14T20:27:25.000Z,1161,470869,Completed,03/14/2024 00:00:14,03/14/2024 23:59:46,Unplanned,MiraFlex 1,MiraFlex 1,C,23:00:00,07:00:00,541,0,PET (400)
1267,2024-03-14T20:34:45.000Z,2024-03-14T20:40:45.000Z,360,470949,Completed,03/14/2024 00:00:14,03/14/2024 23:59:46,Unplanned,MiraFlex 1,MiraFlex 1,C,23:00:00,07:00:00,541,0,PET (400)
1268,2024-03-14T21:05:45.000Z,2024-03-14T21:11:05.000Z,320,471039,Completed,03/14/2024 00:00:14,03/14/2024 23:59:46,Unplanned,MiraFlex 1,MiraFlex 1,C,23:00:00,07:00:00,541,0,PET (400)
1269,2024-03-14T21:19:45.000Z,2024-03-14T21:32:45.000Z,780,471079,Completed,03/14/2024 00:00:14,03/14/2024 23:59:46,Unplanned,MiraFlex 1,MiraFlex 1,C,23:00:00,07:00:00,541,0,PET (400)
1270,2024-03-14T21:46:45.000Z,2024-03-14T22:15:46.000Z,1741,471158,Completed,03/14/2024 00:00:14,03/14/2024 23:59:46,Unplanned,MiraFlex 1,MiraFlex 1,C,23:00:00,07:00:00,541,0,PET (400)
1271,2024-03-14T22:18:46.000Z,2024-03-14T22:25:46.000Z,420,471254,Completed,03/14/2024 00:00:14,03/14/2024 23:59:46,Unplanned,MiraFlex 1,MiraFlex 1,C,23:00:00,07:00:00,541,0,PET (400)
1272,2024-03-14T22:28:26.000Z,2024-03-14T22:43:26.000Z,900,471283,Completed,03/14/2024 00:00:14,03/14/2024 23:59:46,Unplanned,MiraFlex 1,MiraFlex 1,C,23:00:00,07:00:00,541,0,PET (400)
1273,2024-03-14T23:18:06.000Z,2024-03-14T23:36:06.000Z,1080,471430,Completed,03/14/2024 00:00:14,03/14/2024 23:59:46,Unplanned,MiraFlex 1,MiraFlex 1,C,23:00:00,07:00:00,541,0,PET (400)
1274,2024-03-16T00:00:19.000Z,2024-03-16T00:01:39.000Z,80,475842,Completed,03/16/2024 00:00:19,03/16/2024 06:59:42,Unplanned,MiraFlex 1,MiraFlex 1,C,23:00:00,07:00:00,541,0,PET (400)
1275,2024-03-16T00:04:19.000Z,2024-03-16T00:12:39.000Z,500,475854,Completed,03/16/2024 00:00:19,03/16/2024 06:59:42,Unplanned,MiraFlex 1,MiraFlex 1,C,23:00:00,07:00:00,541,0,PET (400)
1276,2024-03-16T00:38:19.000Z,2024-03-16T00:56:39.000Z,1100,475956,Completed,03/16/2024 00:00:19,03/16/2024 06:59:42,Unplanned,MiraFlex 1,MiraFlex 1,C,23:00:00,07:00:00,541,0,PET (400)
1277,2024-03-16T00:59:39.000Z,2024-03-16T01:02:19.000Z,160,476020,Completed,03/16/2024 00:00:19,03/16/2024 06:59:42,Unplanned,MiraFlex 1,MiraFlex 1,C,23:00:00,07:00:00,541,0,PET (400)
1278,2024-03-16T01:05:19.000Z,2024-03-16T01:08:19.000Z,180,476035,Completed,03/16/2024 00:00:19,03/16/2024 06:59:42,Unplanned,MiraFlex 1,MiraFlex 1,C,23:00:00,07:00:00,541,0,PET (400)
1279,2024-03-16T01:15:59.000Z,2024-03-16T01:56:40.000Z,2441,476067,Completed,03/16/2024 00:00:19,03/16/2024 06:59:42,Unplanned,MiraFlex 1,MiraFlex 1,C,23:00:00,07:00:00,541,0,PET (400)
1280,2024-03-16T02:05:00.000Z,2024-03-16T02:08:40.000Z,220,476214,Completed,03/16/2024 00:00:19,03/16/2024 06:59:42,Unplanned,MiraFlex 1,MiraFlex 1,C,23:00:00,07:00:00,541,0,PET (400)
1281,2024-03-16T02:10:20.000Z,2024-03-16T02:16:00.000Z,340,476230,Completed,03/16/2024 00:00:19,03/16/2024 06:59:42,Unplanned,MiraFlex 1,MiraFlex 1,C,23:00:00,07:00:00,541,0,PET (400)
1282,2024-03-16T02:21:00.000Z,2024-03-16T02:27:20.000Z,380,476262,Completed,03/16/2024 00:00:19,03/16/2024 06:59:42,Unplanned,MiraFlex 1,MiraFlex 1,C,23:00:00,07:00:00,541,0,PET (400)
1283,2024-03-16T02:32:20.000Z,2024-03-16T02:36:20.000Z,240,476296,Completed,03/16/2024 00:00:19,03/16/2024 06:59:42,Unplanned,MiraFlex 1,MiraFlex 1,C,23:00:00,07:00:00,541,0,PET (400)
1284,2024-03-16T02:41:00.000Z,2024-03-16T02:42:40.000Z,100,476322,Completed,03/16/2024 00:00:19,03/16/2024 06:59:42,Unplanned,MiraFlex 1,MiraFlex 1,C,23:00:00,07:00:00,541,0,PET (400)
1285,2024-03-16T02:47:20.000Z,2024-03-16T03:01:40.000Z,860,476341,Completed,03/16/2024 00:00:19,03/16/2024 06:59:42,Unplanned,MiraFlex 1,MiraFlex 1,C,23:00:00,07:00:00,541,0,PET (400)
1286,2024-03-16T03:02:00.000Z,2024-03-16T03:02:20.000Z,20,476385,Completed,03/16/2024 00:00:19,03/16/2024 06:59:42,Unplanned,MiraFlex 1,MiraFlex 1,C,23:00:00,07:00:00,541,0,PET (400)
1287,2024-03-16T03:10:40.000Z,2024-03-16T03:11:00.000Z,20,476411,Completed,03/16/2024 00:00:19,03/16/2024 06:59:42,Unplanned,MiraFlex 1,MiraFlex 1,C,23:00:00,07:00:00,541,0,PET (400)
1288,2024-03-16T03:12:20.000Z,2024-03-16T03:13:20.000Z,60,476416,Completed,03/16/2024 00:00:19,03/16/2024 06:59:42,Unplanned,MiraFlex 1,MiraFlex 1,C,23:00:00,07:00:00,541,0,PET (400)
1289,2024-03-16T03:14:00.000Z,2024-03-16T03:43:40.000Z,1780,476421,Completed,03/16/2024 00:00:19,03/16/2024 06:59:42,Unplanned,MiraFlex 1,MiraFlex 1,C,23:00:00,07:00:00,541,0,PET (400)
1290,2024-03-16T03:48:00.000Z,2024-03-16T04:02:21.000Z,861,476523,Completed,03/16/2024 00:00:19,03/16/2024 06:59:42,Unplanned,MiraFlex 1,MiraFlex 1,C,23:00:00,07:00:00,541,0,PET (400)
1291,2024-03-16T04:03:01.000Z,2024-03-16T04:12:41.000Z,580,476568,Completed,03/16/2024 00:00:19,03/16/2024 06:59:42,Unplanned,MiraFlex 1,MiraFlex 1,C,23:00:00,07:00:00,541,0,PET (400)
1292,2024-03-16T04:17:41.000Z,2024-03-16T04:20:21.000Z,160,476612,Completed,03/16/2024 00:00:19,03/16/2024 06:59:42,Unplanned,MiraFlex 1,MiraFlex 1,C,23:00:00,07:00:00,541,0,PET (400)
1293,2024-03-16T04:27:21.000Z,2024-03-16T04:31:41.000Z,260,476641,Completed,03/16/2024 00:00:19,03/16/2024 06:59:42,Unplanned,MiraFlex 1,MiraFlex 1,C,23:00:00,07:00:00,541,0,PET (400)
1294,2024-03-16T04:48:41.000Z,2024-03-16T05:57:22.000Z,4121,476703,Completed,03/16/2024 00:00:19,03/16/2024 06:59:42,Unplanned,MiraFlex 1,MiraFlex 1,C,23:00:00,07:00:00,541,0,PET (400)
1295,2024-03-16T06:14:02.000Z,2024-03-16T06:16:22.000Z,140,476959,Completed,03/16/2024 00:00:19,03/16/2024 06:59:42,Unplanned,MiraFlex 1,MiraFlex 1,C,23:00:00,07:00:00,541,0,PET (400)
1296,2024-03-16T06:23:42.000Z,2024-03-16T06:25:42.000Z,120,476988,Completed,03/16/2024 00:00:19,03/16/2024 06:59:42,Unplanned,MiraFlex 1,MiraFlex 1,C,23:00:00,07:00:00,541,0,PET (400)
1297,2024-03-16T06:40:42.000Z,2024-03-16T06:45:42.000Z,300,477039,Completed,03/16/2024 00:00:19,03/16/2024 06:59:42,Unplanned,MiraFlex 1,MiraFlex 1,C,23:00:00,07:00:00,541,0,PET (400)
1298,2024-03-16T10:35:24.000Z,2024-03-16T10:38:24.000Z,180,477733,Completed,03/16/2024 07:00:02,03/16/2024 10:48:04,Unplanned,MiraFlex 1,MiraFlex 1,A,07:00:00,15:00:00,541,0,PET (400)
1299,2024-03-16T10:41:04.000Z,2024-03-16T10:44:44.000Z,220,477750,Completed,03/16/2024 07:00:02,03/16/2024 10:48:04,Unplanned,MiraFlex 1,MiraFlex 1,A,07:00:00,15:00:00,541,0,PET (400)
1300,2024-03-15T15:00:14.000Z,2024-03-15T15:15:14.000Z,900,474236,Completed,03/15/2024 15:00:14,03/15/2024 22:59:58,Unplanned,MiraFlex 1,MiraFlex 1,B,15:00:00,23:00:00,541,0,PET (400)
1301,2024-03-15T15:27:54.000Z,2024-03-15T15:48:14.000Z,1220,474319,Completed,03/15/2024 15:00:14,03/15/2024 22:59:58,Unplanned,MiraFlex 1,MiraFlex 1,B,15:00:00,23:00:00,541,0,PET (400)
1302,2024-03-15T15:53:14.000Z,2024-03-15T15:54:54.000Z,100,474395,Completed,03/15/2024 15:00:14,03/15/2024 22:59:58,Unplanned,MiraFlex 1,MiraFlex 1,B,15:00:00,23:00:00,541,0,PET (400)
1303,2024-03-15T16:01:15.000Z,2024-03-15T16:02:15.000Z,60,474419,Completed,03/15/2024 15:00:14,03/15/2024 22:59:58,Unplanned,MiraFlex 1,MiraFlex 1,B,15:00:00,23:00:00,541,0,PET (400)
1304,2024-03-15T16:11:55.000Z,2024-03-15T16:13:35.000Z,100,474451,Completed,03/15/2024 15:00:14,03/15/2024 22:59:58,Unplanned,MiraFlex 1,MiraFlex 1,B,15:00:00,23:00:00,541,0,PET (400)
1305,2024-03-15T16:19:55.000Z,2024-03-15T16:21:55.000Z,120,474475,Completed,03/15/2024 15:00:14,03/15/2024 22:59:58,Unplanned,MiraFlex 1,MiraFlex 1,B,15:00:00,23:00:00,541,0,PET (400)
1306,2024-03-15T16:26:15.000Z,2024-03-15T16:43:15.000Z,1020,474494,Completed,03/15/2024 15:00:14,03/15/2024 22:59:58,Unplanned,MiraFlex 1,MiraFlex 1,B,15:00:00,23:00:00,541,0,PET (400)
1307,2024-03-15T16:48:35.000Z,2024-03-15T17:13:55.000Z,1520,474561,Completed,03/15/2024 15:00:14,03/15/2024 22:59:58,Unplanned,MiraFlex 1,MiraFlex 1,B,15:00:00,23:00:00,541,0,PET (400)
1308,2024-03-15T17:14:35.000Z,2024-03-15T17:18:15.000Z,220,474639,Completed,03/15/2024 15:00:14,03/15/2024 22:59:58,Unplanned,MiraFlex 1,MiraFlex 1,B,15:00:00,23:00:00,541,0,PET (400)
1309,2024-03-15T17:22:55.000Z,2024-03-15T17:32:35.000Z,580,474664,Completed,03/15/2024 15:00:14,03/15/2024 22:59:58,Unplanned,MiraFlex 1,MiraFlex 1,B,15:00:00,23:00:00,541,0,PET (400)
1310,2024-03-15T17:33:35.000Z,2024-03-15T17:35:15.000Z,100,474694,Completed,03/15/2024 15:00:14,03/15/2024 22:59:58,Unplanned,MiraFlex 1,MiraFlex 1,B,15:00:00,23:00:00,541,0,PET (400)
1311,2024-03-15T17:37:35.000Z,2024-03-15T17:49:35.000Z,720,474706,Completed,03/15/2024 15:00:14,03/15/2024 22:59:58,Unplanned,MiraFlex 1,MiraFlex 1,B,15:00:00,23:00:00,541,0,PET (400)
1312,2024-03-15T17:55:55.000Z,2024-03-15T18:16:16.000Z,1221,474761,Completed,03/15/2024 15:00:14,03/15/2024 22:59:58,Unplanned,MiraFlex 1,MiraFlex 1,B,15:00:00,23:00:00,541,0,PET (400)
1313,2024-03-15T18:39:56.000Z,2024-03-15T19:26:36.000Z,2800,474891,Completed,03/15/2024 15:00:14,03/15/2024 22:59:58,Unplanned,MiraFlex 1,MiraFlex 1,B,15:00:00,23:00:00,541,0,PET (400)
1314,2024-03-15T19:28:36.000Z,2024-03-15T19:42:16.000Z,820,475035,Completed,03/15/2024 15:00:14,03/15/2024 22:59:58,Unplanned,MiraFlex 1,MiraFlex 1,B,15:00:00,23:00:00,541,0,PET (400)
1315,2024-03-15T19:52:16.000Z,2024-03-15T20:08:57.000Z,1001,475106,Completed,03/15/2024 15:00:14,03/15/2024 22:59:58,Unplanned,MiraFlex 1,MiraFlex 1,B,15:00:00,23:00:00,541,0,PET (400)
1316,2024-03-15T20:13:17.000Z,2024-03-15T20:19:37.000Z,380,475168,Completed,03/15/2024 15:00:14,03/15/2024 22:59:58,Unplanned,MiraFlex 1,MiraFlex 1,B,15:00:00,23:00:00,541,0,PET (400)
1317,2024-03-15T20:20:57.000Z,2024-03-15T20:23:17.000Z,140,475191,Completed,03/15/2024 15:00:14,03/15/2024 22:59:58,Unplanned,MiraFlex 1,MiraFlex 1,B,15:00:00,23:00:00,541,0,PET (400)
1318,2024-03-15T20:57:57.000Z,2024-03-15T21:12:17.000Z,860,475300,Completed,03/15/2024 15:00:14,03/15/2024 22:59:58,Unplanned,MiraFlex 1,MiraFlex 1,B,15:00:00,23:00:00,541,0,PET (400)
1319,2024-03-15T21:12:57.000Z,2024-03-15T21:13:37.000Z,40,475345,Completed,03/15/2024 15:00:14,03/15/2024 22:59:58,Unplanned,MiraFlex 1,MiraFlex 1,B,15:00:00,23:00:00,541,0,PET (400)
1320,2024-03-15T21:19:37.000Z,2024-03-15T21:21:37.000Z,120,475365,Completed,03/15/2024 15:00:14,03/15/2024 22:59:58,Unplanned,MiraFlex 1,MiraFlex 1,B,15:00:00,23:00:00,541,0,PET (400)
1321,2024-03-15T21:21:57.000Z,2024-03-15T21:23:57.000Z,120,475372,Completed,03/15/2024 15:00:14,03/15/2024 22:59:58,Unplanned,MiraFlex 1,MiraFlex 1,B,15:00:00,23:00:00,541,0,PET (400)
1322,2024-03-15T21:24:57.000Z,2024-03-15T21:26:17.000Z,80,475380,Completed,03/15/2024 15:00:14,03/15/2024 22:59:58,Unplanned,MiraFlex 1,MiraFlex 1,B,15:00:00,23:00:00,541,0,PET (400)
1323,2024-03-15T21:26:57.000Z,2024-03-15T21:31:37.000Z,280,475386,Completed,03/15/2024 15:00:14,03/15/2024 22:59:58,Unplanned,MiraFlex 1,MiraFlex 1,B,15:00:00,23:00:00,541,0,PET (400)
1324,2024-03-15T21:31:57.000Z,2024-03-15T21:42:57.000Z,660,475401,Completed,03/15/2024 15:00:14,03/15/2024 22:59:58,Unplanned,MiraFlex 1,MiraFlex 1,B,15:00:00,23:00:00,541,0,PET (400)
1325,2024-03-15T21:53:57.000Z,2024-03-15T22:01:38.000Z,461,475466,Completed,03/15/2024 15:00:14,03/15/2024 22:59:58,Unplanned,MiraFlex 1,MiraFlex 1,B,15:00:00,23:00:00,541,0,PET (400)
1326,2024-03-15T22:09:58.000Z,2024-03-15T22:13:18.000Z,200,475514,Completed,03/15/2024 15:00:14,03/15/2024 22:59:58,Unplanned,MiraFlex 1,MiraFlex 1,B,15:00:00,23:00:00,541,0,PET (400)
1327,2024-03-15T22:41:58.000Z,2024-03-15T22:44:58.000Z,180,475609,Completed,03/15/2024 15:00:14,03/15/2024 22:59:58,Unplanned,MiraFlex 1,MiraFlex 1,B,15:00:00,23:00:00,541,0,PET (400)
1328,2024-03-16T11:03:44.000Z,2024-03-16T11:06:44.000Z,180,477816,Completed,03/16/2024 10:48:24,03/16/2024 14:59:46,Unplanned,MiraFlex 1,MiraFlex 1,A,07:00:00,15:00:00,542,0,LDPE (400)
1329,2024-03-16T11:09:24.000Z,2024-03-16T11:15:04.000Z,340,477833,Completed,03/16/2024 10:48:24,03/16/2024 14:59:46,Unplanned,MiraFlex 1,MiraFlex 1,A,07:00:00,15:00:00,542,0,LDPE (400)
1330,2024-03-16T11:26:44.000Z,2024-03-16T11:31:04.000Z,260,477885,Completed,03/16/2024 10:48:24,03/16/2024 14:59:46,Unplanned,MiraFlex 1,MiraFlex 1,A,07:00:00,15:00:00,542,0,LDPE (400)
1331,2024-03-16T11:31:44.000Z,2024-03-16T11:34:24.000Z,160,477900,Completed,03/16/2024 10:48:24,03/16/2024 14:59:46,Unplanned,MiraFlex 1,MiraFlex 1,A,07:00:00,15:00:00,542,0,LDPE (400)
1332,2024-03-16T11:35:04.000Z,2024-03-16T11:37:24.000Z,140,477910,Completed,03/16/2024 10:48:24,03/16/2024 14:59:46,Unplanned,MiraFlex 1,MiraFlex 1,A,07:00:00,15:00:00,542,0,LDPE (400)
1333,2024-03-16T11:44:04.000Z,2024-03-16T11:47:25.000Z,201,477937,Completed,03/16/2024 10:48:24,03/16/2024 14:59:46,Unplanned,MiraFlex 1,MiraFlex 1,A,07:00:00,15:00:00,542,0,LDPE (400)
1334,2024-03-16T12:05:45.000Z,2024-03-16T12:07:25.000Z,100,478002,Completed,03/16/2024 10:48:24,03/16/2024 14:59:46,Unplanned,MiraFlex 1,MiraFlex 1,A,07:00:00,15:00:00,542,0,LDPE (400)
1335,2024-03-16T13:52:26.000Z,2024-03-16T14:06:06.000Z,820,478314,Completed,03/16/2024 10:48:24,03/16/2024 14:59:46,Unplanned,MiraFlex 1,MiraFlex 1,A,07:00:00,15:00:00,542,0,LDPE (400)
1336,2024-03-16T14:15:06.000Z,2024-03-16T14:41:26.000Z,1580,478382,Completed,03/16/2024 10:48:24,03/16/2024 14:59:46,Unplanned,MiraFlex 1,MiraFlex 1,A,07:00:00,15:00:00,542,0,LDPE (400)
1337,2024-03-15T07:00:10.000Z,2024-03-15T07:13:50.000Z,820,472806,Completed,03/15/2024 07:00:10,03/15/2024 14:59:54,Unplanned,MiraFlex 1,MiraFlex 1,A,07:00:00,15:00:00,541,0,PET (400)
1338,2024-03-15T07:21:50.000Z,2024-03-15T07:33:50.000Z,720,472869,Completed,03/15/2024 07:00:10,03/15/2024 14:59:54,Unplanned,MiraFlex 1,MiraFlex 1,A,07:00:00,15:00:00,541,0,PET (400)
1339,2024-03-15T07:35:30.000Z,2024-03-15T07:36:50.000Z,80,472910,Completed,03/15/2024 07:00:10,03/15/2024 14:59:54,Unplanned,MiraFlex 1,MiraFlex 1,A,07:00:00,15:00:00,541,0,PET (400)
1340,2024-03-15T07:44:50.000Z,2024-03-15T07:49:50.000Z,300,472938,Completed,03/15/2024 07:00:10,03/15/2024 14:59:54,Unplanned,MiraFlex 1,MiraFlex 1,A,07:00:00,15:00:00,541,0,PET (400)
1341,2024-03-15T08:01:10.000Z,2024-03-15T09:17:11.000Z,4561,472985,Completed,03/15/2024 07:00:10,03/15/2024 14:59:54,Unplanned,MiraFlex 1,MiraFlex 1,A,07:00:00,15:00:00,541,0,PET (400)
1342,2024-03-15T09:17:31.000Z,2024-03-15T09:20:11.000Z,160,473214,Completed,03/15/2024 07:00:10,03/15/2024 14:59:54,Unplanned,MiraFlex 1,MiraFlex 1,A,07:00:00,15:00:00,541,0,PET (400)
1343,2024-03-15T09:22:51.000Z,2024-03-15T09:27:31.000Z,280,473230,Completed,03/15/2024 07:00:10,03/15/2024 14:59:54,Unplanned,MiraFlex 1,MiraFlex 1,A,07:00:00,15:00:00,541,0,PET (400)
1344,2024-03-15T09:31:51.000Z,2024-03-15T09:49:51.000Z,1080,473257,Completed,03/15/2024 07:00:10,03/15/2024 14:59:54,Unplanned,MiraFlex 1,MiraFlex 1,A,07:00:00,15:00:00,541,0,PET (400)
1345,2024-03-15T09:54:31.000Z,2024-03-15T09:58:31.000Z,240,473325,Completed,03/15/2024 07:00:10,03/15/2024 14:59:54,Unplanned,MiraFlex 1,MiraFlex 1,A,07:00:00,15:00:00,541,0,PET (400)
1346,2024-03-15T10:23:52.000Z,2024-03-15T10:28:52.000Z,300,473411,Completed,03/15/2024 07:00:10,03/15/2024 14:59:54,Unplanned,MiraFlex 1,MiraFlex 1,A,07:00:00,15:00:00,541,0,PET (400)
1347,2024-03-15T10:37:52.000Z,2024-03-15T11:07:32.000Z,1780,473451,Completed,03/15/2024 07:00:10,03/15/2024 14:59:54,Unplanned,MiraFlex 1,MiraFlex 1,A,07:00:00,15:00:00,541,0,PET (400)
1348,2024-03-15T11:16:52.000Z,2024-03-15T11:37:52.000Z,1260,473567,Completed,03/15/2024 07:00:10,03/15/2024 14:59:54,Unplanned,MiraFlex 1,MiraFlex 1,A,07:00:00,15:00:00,541,0,PET (400)
1349,2024-03-15T11:39:52.000Z,2024-03-15T11:58:12.000Z,1100,473636,Completed,03/15/2024 07:00:10,03/15/2024 14:59:54,Unplanned,MiraFlex 1,MiraFlex 1,A,07:00:00,15:00:00,541,0,PET (400)
1350,2024-03-15T11:58:52.000Z,2024-03-15T12:20:13.000Z,1281,473693,Completed,03/15/2024 07:00:10,03/15/2024 14:59:54,Unplanned,MiraFlex 1,MiraFlex 1,A,07:00:00,15:00:00,541,0,PET (400)
1351,2024-03-15T12:20:33.000Z,2024-03-15T12:52:13.000Z,1900,473757,Completed,03/15/2024 07:00:10,03/15/2024 14:59:54,Unplanned,MiraFlex 1,MiraFlex 1,A,07:00:00,15:00:00,541,0,PET (400)
1352,2024-03-15T12:52:53.000Z,2024-03-15T12:53:33.000Z,40,473854,Completed,03/15/2024 07:00:10,03/15/2024 14:59:54,Unplanned,MiraFlex 1,MiraFlex 1,A,07:00:00,15:00:00,541,0,PET (400)
1353,2024-03-15T12:54:13.000Z,2024-03-15T12:56:13.000Z,120,473858,Completed,03/15/2024 07:00:10,03/15/2024 14:59:54,Unplanned,MiraFlex 1,MiraFlex 1,A,07:00:00,15:00:00,541,0,PET (400)
1354,2024-03-15T12:56:53.000Z,2024-03-15T13:03:33.000Z,400,473866,Completed,03/15/2024 07:00:10,03/15/2024 14:59:54,Unplanned,MiraFlex 1,MiraFlex 1,A,07:00:00,15:00:00,541,0,PET (400)
1355,2024-03-15T13:04:13.000Z,2024-03-15T14:05:34.000Z,3681,473888,Completed,03/15/2024 07:00:10,03/15/2024 14:59:54,Unplanned,MiraFlex 1,MiraFlex 1,A,07:00:00,15:00:00,541,0,PET (400)
1356,2024-03-15T14:09:34.000Z,2024-03-15T14:33:34.000Z,1440,474084,Completed,03/15/2024 07:00:10,03/15/2024 14:59:54,Unplanned,MiraFlex 1,MiraFlex 1,A,07:00:00,15:00:00,541,0,PET (400)
1357,2024-03-16T15:00:06.000Z,2024-03-16T15:27:26.000Z,1640,478517,Completed,03/16/2024 15:00:06,03/16/2024 22:59:50,Unplanned,MiraFlex 1,MiraFlex 1,B,15:00:00,23:00:00,542,0,LDPE (400)
1358,2024-03-16T16:09:27.000Z,2024-03-16T16:12:47.000Z,200,478723,Completed,03/16/2024 15:00:06,03/16/2024 22:59:50,Unplanned,MiraFlex 1,MiraFlex 1,B,15:00:00,23:00:00,542,0,LDPE (400)
1359,2024-03-16T18:13:48.000Z,2024-03-16T18:24:48.000Z,660,479088,Completed,03/16/2024 15:00:06,03/16/2024 22:59:50,Unplanned,MiraFlex 1,MiraFlex 1,B,15:00:00,23:00:00,542,0,LDPE (400)
1360,2024-03-16T18:29:28.000Z,2024-03-16T19:00:28.000Z,1860,479135,Completed,03/16/2024 15:00:06,03/16/2024 22:59:50,Unplanned,MiraFlex 1,MiraFlex 1,B,15:00:00,23:00:00,542,0,LDPE (400)
1361,2024-03-16T19:00:48.000Z,2024-03-16T19:28:08.000Z,1640,479229,Completed,03/16/2024 15:00:06,03/16/2024 22:59:50,Unplanned,MiraFlex 1,MiraFlex 1,B,15:00:00,23:00:00,542,0,LDPE (400)
1362,2024-03-16T19:29:48.000Z,2024-03-16T19:48:09.000Z,1101,479316,Completed,03/16/2024 15:00:06,03/16/2024 22:59:50,Unplanned,MiraFlex 1,MiraFlex 1,B,15:00:00,23:00:00,542,0,LDPE (400)
1363,2024-03-16T20:18:29.000Z,2024-03-16T20:19:29.000Z,60,479460,Completed,03/16/2024 15:00:06,03/16/2024 22:59:50,Unplanned,MiraFlex 1,MiraFlex 1,B,15:00:00,23:00:00,542,0,LDPE (400)
1364,2024-03-16T20:21:29.000Z,2024-03-16T20:25:29.000Z,240,479469,Completed,03/16/2024 15:00:06,03/16/2024 22:59:50,Unplanned,MiraFlex 1,MiraFlex 1,B,15:00:00,23:00:00,542,0,LDPE (400)
1365,2024-03-16T20:37:09.000Z,2024-03-16T20:51:49.000Z,880,479515,Completed,03/16/2024 15:00:06,03/16/2024 22:59:50,Unplanned,MiraFlex 1,MiraFlex 1,B,15:00:00,23:00:00,542,0,LDPE (400)
1366,2024-03-16T21:18:09.000Z,2024-03-16T21:18:49.000Z,40,479638,Completed,03/16/2024 15:00:06,03/16/2024 22:59:50,Unplanned,MiraFlex 1,MiraFlex 1,B,15:00:00,23:00:00,542,0,LDPE (400)
1367,2024-03-17T07:00:14.000Z,2024-03-17T07:23:14.000Z,1380,481366,Completed,03/17/2024 07:00:14,03/17/2024 14:59:58,Unplanned,MiraFlex 1,MiraFlex 1,A,07:00:00,15:00:00,542,0,LDPE (400)
1368,2024-03-17T08:08:35.000Z,2024-03-17T08:50:35.000Z,2520,481476,Completed,03/17/2024 07:00:14,03/17/2024 14:59:58,Unplanned,MiraFlex 1,MiraFlex 1,A,07:00:00,15:00:00,542,0,LDPE (400)
1369,2024-03-17T08:51:55.000Z,2024-03-17T08:59:15.000Z,440,481606,Completed,03/17/2024 07:00:14,03/17/2024 14:59:58,Unplanned,MiraFlex 1,MiraFlex 1,A,07:00:00,15:00:00,542,0,LDPE (400)
1370,2024-03-17T09:06:35.000Z,2024-03-17T09:09:55.000Z,200,481650,Completed,03/17/2024 07:00:14,03/17/2024 14:59:58,Unplanned,MiraFlex 1,MiraFlex 1,A,07:00:00,15:00:00,542,0,LDPE (400)
1371,2024-03-17T09:52:56.000Z,2024-03-17T10:06:56.000Z,840,481787,Completed,03/17/2024 07:00:14,03/17/2024 14:59:58,Unplanned,MiraFlex 1,MiraFlex 1,A,07:00:00,15:00:00,542,0,LDPE (400)
1372,2024-03-17T11:41:57.000Z,2024-03-17T11:56:17.000Z,860,482099,Completed,03/17/2024 07:00:14,03/17/2024 14:59:58,Unplanned,MiraFlex 1,MiraFlex 1,A,07:00:00,15:00:00,542,0,LDPE (400)
1373,2024-03-17T12:50:57.000Z,2024-03-17T13:01:17.000Z,620,482306,Completed,03/17/2024 07:00:14,03/17/2024 14:59:58,Unplanned,MiraFlex 1,MiraFlex 1,A,07:00:00,15:00:00,542,0,LDPE (400)
1374,2024-03-17T13:31:38.000Z,2024-03-17T13:40:18.000Z,520,482428,Completed,03/17/2024 07:00:14,03/17/2024 14:59:58,Unplanned,MiraFlex 1,MiraFlex 1,A,07:00:00,15:00:00,542,0,LDPE (400)
1375,2024-03-17T13:48:38.000Z,2024-03-17T14:17:58.000Z,1760,482479,Completed,03/17/2024 07:00:14,03/17/2024 14:59:58,Unplanned,MiraFlex 1,MiraFlex 1,A,07:00:00,15:00:00,542,0,LDPE (400)
1376,2024-03-17T14:19:38.000Z,2024-03-17T14:24:38.000Z,300,482572,Completed,03/17/2024 07:00:14,03/17/2024 14:59:58,Unplanned,MiraFlex 1,MiraFlex 1,A,07:00:00,15:00:00,542,0,LDPE (400)
1377,2024-03-17T14:27:38.000Z,2024-03-17T14:42:58.000Z,920,482596,Completed,03/17/2024 07:00:14,03/17/2024 14:59:58,Unplanned,MiraFlex 1,MiraFlex 1,A,07:00:00,15:00:00,542,0,LDPE (400)
1378,2024-03-17T14:51:18.000Z,2024-03-17T14:59:38.000Z,500,482667,Completed,03/17/2024 07:00:14,03/17/2024 14:59:58,Unplanned,MiraFlex 1,MiraFlex 1,A,07:00:00,15:00:00,542,0,LDPE (400)
1379,2024-03-17T15:11:38.000Z,2024-03-17T15:15:38.000Z,240,482728,Completed,03/17/2024 15:00:18,03/17/2024 22:59:42,Unplanned,MiraFlex 1,MiraFlex 1,B,15:00:00,23:00:00,542,0,LDPE (400)
1380,2024-03-17T15:27:39.000Z,2024-03-17T19:17:40.000Z,13801,482776,Completed,03/17/2024 15:00:18,03/17/2024 22:59:42,Unplanned,MiraFlex 1,MiraFlex 1,B,15:00:00,23:00:00,542,0,LDPE (400)
1381,2024-03-17T19:19:00.000Z,2024-03-17T19:34:21.000Z,921,483469,Completed,03/17/2024 15:00:18,03/17/2024 22:59:42,Unplanned,MiraFlex 1,MiraFlex 1,B,15:00:00,23:00:00,542,0,LDPE (400)
1382,2024-03-17T19:37:01.000Z,2024-03-17T19:54:01.000Z,1020,483523,Completed,03/17/2024 15:00:18,03/17/2024 22:59:42,Unplanned,MiraFlex 1,MiraFlex 1,B,15:00:00,23:00:00,542,0,LDPE (400)
1383,2024-03-17T19:54:41.000Z,2024-03-17T20:06:01.000Z,680,483576,Completed,03/17/2024 15:00:18,03/17/2024 22:59:42,Unplanned,MiraFlex 1,MiraFlex 1,B,15:00:00,23:00:00,542,0,LDPE (400)
1384,2024-03-17T20:06:41.000Z,2024-03-17T20:07:41.000Z,60,483612,Completed,03/17/2024 15:00:18,03/17/2024 22:59:42,Unplanned,MiraFlex 1,MiraFlex 1,B,15:00:00,23:00:00,542,0,LDPE (400)
1385,2024-03-17T20:08:21.000Z,2024-03-17T20:09:21.000Z,60,483617,Completed,03/17/2024 15:00:18,03/17/2024 22:59:42,Unplanned,MiraFlex 1,MiraFlex 1,B,15:00:00,23:00:00,542,0,LDPE (400)
1386,2024-03-17T20:09:41.000Z,2024-03-17T20:22:41.000Z,780,483621,Completed,03/17/2024 15:00:18,03/17/2024 22:59:42,Unplanned,MiraFlex 1,MiraFlex 1,B,15:00:00,23:00:00,542,0,LDPE (400)
1387,2024-03-17T20:23:21.000Z,2024-03-17T20:57:41.000Z,2060,483662,Completed,03/17/2024 15:00:18,03/17/2024 22:59:42,Unplanned,MiraFlex 1,MiraFlex 1,B,15:00:00,23:00:00,542,0,LDPE (400)
1388,2024-03-17T21:13:21.000Z,2024-03-17T21:49:42.000Z,2181,483812,Completed,03/17/2024 15:00:18,03/17/2024 22:59:42,Unplanned,MiraFlex 1,MiraFlex 1,B,15:00:00,23:00:00,542,0,LDPE (400)
1389,2024-03-17T21:50:22.000Z,2024-03-17T22:11:02.000Z,1240,483922,Completed,03/17/2024 15:00:18,03/17/2024 22:59:42,Unplanned,MiraFlex 1,MiraFlex 1,B,15:00:00,23:00:00,542,0,LDPE (400)
1390,2024-03-17T22:11:42.000Z,2024-03-17T22:16:22.000Z,280,483986,Completed,03/17/2024 15:00:18,03/17/2024 22:59:42,Unplanned,MiraFlex 1,MiraFlex 1,B,15:00:00,23:00:00,542,0,LDPE (400)
1391,2024-03-17T22:18:42.000Z,2024-03-17T22:31:42.000Z,780,484007,Completed,03/17/2024 15:00:18,03/17/2024 22:59:42,Unplanned,MiraFlex 1,MiraFlex 1,B,15:00:00,23:00:00,542,0,LDPE (400)
1392,2024-03-17T22:44:42.000Z,2024-03-17T22:51:02.000Z,380,484083,Completed,03/17/2024 15:00:18,03/17/2024 22:59:42,Unplanned,MiraFlex 1,MiraFlex 1,B,15:00:00,23:00:00,542,0,LDPE (400)
1393,2024-03-17T22:51:22.000Z,2024-03-17T22:51:42.000Z,20,484103,Completed,03/17/2024 15:00:18,03/17/2024 22:59:42,Unplanned,MiraFlex 1,MiraFlex 1,B,15:00:00,23:00:00,542,0,LDPE (400)
1394,2024-03-18T00:00:03.000Z,2024-03-18T00:01:03.000Z,60,484301,Completed,03/18/2024 00:00:03,03/18/2024 06:59:46,Unplanned,MiraFlex 1,MiraFlex 1,C,23:00:00,07:00:00,542,0,LDPE (400)
1395,2024-03-18T00:02:23.000Z,2024-03-18T00:02:43.000Z,20,484308,Completed,03/18/2024 00:00:03,03/18/2024 06:59:46,Unplanned,MiraFlex 1,MiraFlex 1,C,23:00:00,07:00:00,542,0,LDPE (400)
1396,2024-03-18T00:03:03.000Z,2024-03-18T00:06:23.000Z,200,484310,Completed,03/18/2024 00:00:03,03/18/2024 06:59:46,Unplanned,MiraFlex 1,MiraFlex 1,C,23:00:00,07:00:00,542,0,LDPE (400)
1397,2024-03-18T00:09:23.000Z,2024-03-18T00:10:03.000Z,40,484329,Completed,03/18/2024 00:00:03,03/18/2024 06:59:46,Unplanned,MiraFlex 1,MiraFlex 1,C,23:00:00,07:00:00,542,0,LDPE (400)
1398,2024-03-18T00:11:23.000Z,2024-03-18T00:24:03.000Z,760,484335,Completed,03/18/2024 00:00:03,03/18/2024 06:59:46,Unplanned,MiraFlex 1,MiraFlex 1,C,23:00:00,07:00:00,542,0,LDPE (400)
1399,2024-03-18T00:26:03.000Z,2024-03-18T00:52:03.000Z,1560,484379,Completed,03/18/2024 00:00:03,03/18/2024 06:59:46,Unplanned,MiraFlex 1,MiraFlex 1,C,23:00:00,07:00:00,542,0,LDPE (400)
1400,2024-03-18T00:53:23.000Z,2024-03-18T00:58:23.000Z,300,484461,Completed,03/18/2024 00:00:03,03/18/2024 06:59:46,Unplanned,MiraFlex 1,MiraFlex 1,C,23:00:00,07:00:00,542,0,LDPE (400)
1401,2024-03-18T01:02:23.000Z,2024-03-18T01:28:04.000Z,1541,484486,Completed,03/18/2024 00:00:03,03/18/2024 06:59:46,Unplanned,MiraFlex 1,MiraFlex 1,C,23:00:00,07:00:00,542,0,LDPE (400)
1402,2024-03-18T01:30:24.000Z,2024-03-18T01:38:04.000Z,460,484570,Completed,03/18/2024 00:00:03,03/18/2024 06:59:46,Unplanned,MiraFlex 1,MiraFlex 1,C,23:00:00,07:00:00,542,0,LDPE (400)
1403,2024-03-18T02:11:44.000Z,2024-03-18T02:26:04.000Z,860,484692,Completed,03/18/2024 00:00:03,03/18/2024 06:59:46,Unplanned,MiraFlex 1,MiraFlex 1,C,23:00:00,07:00:00,542,0,LDPE (400)
1404,2024-03-18T02:30:24.000Z,2024-03-18T03:03:24.000Z,1980,484748,Completed,03/18/2024 00:00:03,03/18/2024 06:59:46,Unplanned,MiraFlex 1,MiraFlex 1,C,23:00:00,07:00:00,542,0,LDPE (400)
1405,2024-03-18T03:08:44.000Z,2024-03-18T03:41:05.000Z,1941,484863,Completed,03/18/2024 00:00:03,03/18/2024 06:59:46,Unplanned,MiraFlex 1,MiraFlex 1,C,23:00:00,07:00:00,542,0,LDPE (400)
1406,2024-03-18T03:42:45.000Z,2024-03-18T03:49:05.000Z,380,484965,Completed,03/18/2024 00:00:03,03/18/2024 06:59:46,Unplanned,MiraFlex 1,MiraFlex 1,C,23:00:00,07:00:00,542,0,LDPE (400)
1407,2024-03-18T03:50:05.000Z,2024-03-18T04:00:05.000Z,600,484987,Completed,03/18/2024 00:00:03,03/18/2024 06:59:46,Unplanned,MiraFlex 1,MiraFlex 1,C,23:00:00,07:00:00,542,0,LDPE (400)
1408,2024-03-18T04:04:05.000Z,2024-03-18T04:08:45.000Z,280,485029,Completed,03/18/2024 00:00:03,03/18/2024 06:59:46,Unplanned,MiraFlex 1,MiraFlex 1,C,23:00:00,07:00:00,542,0,LDPE (400)
1409,2024-03-18T04:13:25.000Z,2024-03-18T04:14:05.000Z,40,485057,Completed,03/18/2024 00:00:03,03/18/2024 06:59:46,Unplanned,MiraFlex 1,MiraFlex 1,C,23:00:00,07:00:00,542,0,LDPE (400)
1410,2024-03-18T04:30:05.000Z,2024-03-18T04:43:05.000Z,780,485107,Completed,03/18/2024 00:00:03,03/18/2024 06:59:46,Unplanned,MiraFlex 1,MiraFlex 1,C,23:00:00,07:00:00,542,0,LDPE (400)
1411,2024-03-18T04:43:25.000Z,2024-03-18T05:25:26.000Z,2521,485147,Completed,03/18/2024 00:00:03,03/18/2024 06:59:46,Unplanned,MiraFlex 1,MiraFlex 1,C,23:00:00,07:00:00,542,0,LDPE (400)
1412,2024-03-18T05:25:46.000Z,2024-03-18T05:35:06.000Z,560,485274,Completed,03/18/2024 00:00:03,03/18/2024 06:59:46,Unplanned,MiraFlex 1,MiraFlex 1,C,23:00:00,07:00:00,542,0,LDPE (400)
1413,2024-03-18T05:38:26.000Z,2024-03-18T05:52:26.000Z,840,485312,Completed,03/18/2024 00:00:03,03/18/2024 06:59:46,Unplanned,MiraFlex 1,MiraFlex 1,C,23:00:00,07:00:00,542,0,LDPE (400)
1414,2024-03-18T07:00:06.000Z,2024-03-18T07:31:27.000Z,1881,485557,Completed,03/18/2024 07:00:06,03/18/2024 11:20:49,Unplanned,MiraFlex 1,MiraFlex 1,A,07:00:00,15:00:00,542,0,LDPE (400)
1415,2024-03-18T07:32:27.000Z,2024-03-18T07:34:07.000Z,100,485654,Completed,03/18/2024 07:00:06,03/18/2024 11:20:49,Unplanned,MiraFlex 1,MiraFlex 1,A,07:00:00,15:00:00,542,0,LDPE (400)
1416,2024-03-18T07:38:07.000Z,2024-03-18T07:45:07.000Z,420,485669,Completed,03/18/2024 07:00:06,03/18/2024 11:20:49,Unplanned,MiraFlex 1,MiraFlex 1,A,07:00:00,15:00:00,542,0,LDPE (400)
1417,2024-03-18T07:46:27.000Z,2024-03-18T07:47:27.000Z,60,485694,Completed,03/18/2024 07:00:06,03/18/2024 11:20:49,Unplanned,MiraFlex 1,MiraFlex 1,A,07:00:00,15:00:00,542,0,LDPE (400)
1418,2024-03-18T07:50:27.000Z,2024-03-18T07:54:27.000Z,240,485706,Completed,03/18/2024 07:00:06,03/18/2024 11:20:49,Unplanned,MiraFlex 1,MiraFlex 1,A,07:00:00,15:00:00,542,0,LDPE (400)
1419,2024-03-18T08:02:27.000Z,2024-03-18T08:29:07.000Z,1600,485742,Completed,03/18/2024 07:00:06,03/18/2024 11:20:49,Unplanned,MiraFlex 1,MiraFlex 1,A,07:00:00,15:00:00,542,0,LDPE (400)
1420,2024-03-18T08:52:27.000Z,2024-03-18T08:58:07.000Z,340,485892,Completed,03/18/2024 07:00:06,03/18/2024 11:20:49,Unplanned,MiraFlex 1,MiraFlex 1,A,07:00:00,15:00:00,542,0,LDPE (400)
1421,2024-03-18T08:58:27.000Z,2024-03-18T09:02:47.000Z,260,485910,Completed,03/18/2024 07:00:06,03/18/2024 11:20:49,Unplanned,MiraFlex 1,MiraFlex 1,A,07:00:00,15:00:00,542,0,LDPE (400)
1422,2024-03-18T09:22:48.000Z,2024-03-18T09:25:08.000Z,140,485983,Completed,03/18/2024 07:00:06,03/18/2024 11:20:49,Unplanned,MiraFlex 1,MiraFlex 1,A,07:00:00,15:00:00,542,0,LDPE (400)
1423,2024-03-15T00:00:06.000Z,2024-03-15T00:18:27.000Z,1101,471556,Completed,03/15/2024 00:00:06,03/15/2024 23:59:59,Unplanned,MiraFlex 1,MiraFlex 1,C,23:00:00,07:00:00,541,0,PET (400)
1424,2024-03-15T00:28:47.000Z,2024-03-15T00:56:07.000Z,1640,471642,Completed,03/15/2024 00:00:06,03/15/2024 23:59:59,Unplanned,MiraFlex 1,MiraFlex 1,C,23:00:00,07:00:00,541,0,PET (400)
1425,2024-03-15T00:56:27.000Z,2024-03-15T00:57:27.000Z,60,471725,Completed,03/15/2024 00:00:06,03/15/2024 23:59:59,Unplanned,MiraFlex 1,MiraFlex 1,C,23:00:00,07:00:00,541,0,PET (400)
1426,2024-03-15T01:03:27.000Z,2024-03-15T01:09:47.000Z,380,471746,Completed,03/15/2024 00:00:06,03/15/2024 23:59:59,Unplanned,MiraFlex 1,MiraFlex 1,C,23:00:00,07:00:00,541,0,PET (400)
1427,2024-03-15T01:18:47.000Z,2024-03-15T01:29:07.000Z,620,471792,Completed,03/15/2024 00:00:06,03/15/2024 23:59:59,Unplanned,MiraFlex 1,MiraFlex 1,C,23:00:00,07:00:00,541,0,PET (400)
1428,2024-03-15T01:30:47.000Z,2024-03-15T01:34:47.000Z,240,471828,Completed,03/15/2024 00:00:06,03/15/2024 23:59:59,Unplanned,MiraFlex 1,MiraFlex 1,C,23:00:00,07:00:00,541,0,PET (400)
1429,2024-03-15T01:36:27.000Z,2024-03-15T01:40:07.000Z,220,471845,Completed,03/15/2024 00:00:06,03/15/2024 23:59:59,Unplanned,MiraFlex 1,MiraFlex 1,C,23:00:00,07:00:00,541,0,PET (400)
1430,2024-03-15T02:05:27.000Z,2024-03-15T02:14:48.000Z,561,471930,Completed,03/15/2024 00:00:06,03/15/2024 23:59:59,Unplanned,MiraFlex 1,MiraFlex 1,C,23:00:00,07:00:00,541,0,PET (400)
1431,2024-03-15T02:28:28.000Z,2024-03-15T02:37:08.000Z,520,471999,Completed,03/15/2024 00:00:06,03/15/2024 23:59:59,Unplanned,MiraFlex 1,MiraFlex 1,C,23:00:00,07:00:00,541,0,PET (400)
1432,2024-03-15T02:40:48.000Z,2024-03-15T02:44:08.000Z,200,472036,Completed,03/15/2024 00:00:06,03/15/2024 23:59:59,Unplanned,MiraFlex 1,MiraFlex 1,C,23:00:00,07:00:00,541,0,PET (400)
1433,2024-03-15T03:06:48.000Z,2024-03-15T03:09:08.000Z,140,472114,Completed,03/15/2024 00:00:06,03/15/2024 23:59:59,Unplanned,MiraFlex 1,MiraFlex 1,C,23:00:00,07:00:00,541,0,PET (400)
1434,2024-03-15T03:22:28.000Z,2024-03-15T03:38:48.000Z,980,472159,Completed,03/15/2024 00:00:06,03/15/2024 23:59:59,Unplanned,MiraFlex 1,MiraFlex 1,C,23:00:00,07:00:00,541,0,PET (400)
1435,2024-03-15T03:50:48.000Z,2024-03-15T03:54:28.000Z,220,472244,Completed,03/15/2024 00:00:06,03/15/2024 23:59:59,Unplanned,MiraFlex 1,MiraFlex 1,C,23:00:00,07:00:00,541,0,PET (400)
1436,2024-03-15T03:56:08.000Z,2024-03-15T04:05:48.000Z,580,472260,Completed,03/15/2024 00:00:06,03/15/2024 23:59:59,Unplanned,MiraFlex 1,MiraFlex 1,C,23:00:00,07:00:00,541,0,PET (400)
1437,2024-03-15T04:22:29.000Z,2024-03-15T04:39:29.000Z,1020,472335,Completed,03/15/2024 00:00:06,03/15/2024 23:59:59,Unplanned,MiraFlex 1,MiraFlex 1,C,23:00:00,07:00:00,541,0,PET (400)
1438,2024-03-15T04:44:49.000Z,2024-03-15T05:57:29.000Z,4360,472402,Completed,03/15/2024 00:00:06,03/15/2024 23:59:59,Unplanned,MiraFlex 1,MiraFlex 1,C,23:00:00,07:00:00,541,0,PET (400)
1439,2024-03-15T06:01:49.000Z,2024-03-15T06:11:30.000Z,581,472633,Completed,03/15/2024 00:00:06,03/15/2024 23:59:59,Unplanned,MiraFlex 1,MiraFlex 1,C,23:00:00,07:00:00,541,0,PET (400)
1440,2024-03-15T06:21:50.000Z,2024-03-15T06:34:30.000Z,760,472693,Completed,03/15/2024 00:00:06,03/15/2024 23:59:59,Unplanned,MiraFlex 1,MiraFlex 1,C,23:00:00,07:00:00,541,0,PET (400)
1441,2024-03-15T06:54:10.000Z,2024-03-15T07:13:50.000Z,1180,472788,Completed,03/15/2024 00:00:06,03/15/2024 23:59:59,Unplanned,MiraFlex 1,MiraFlex 1,C,23:00:00,07:00:00,541,0,PET (400)
1442,2024-03-15T07:21:50.000Z,2024-03-15T07:33:50.000Z,720,472869,Completed,03/15/2024 00:00:06,03/15/2024 23:59:59,Unplanned,MiraFlex 1,MiraFlex 1,C,23:00:00,07:00:00,541,0,PET (400)
1443,2024-03-15T07:35:30.000Z,2024-03-15T07:36:50.000Z,80,472910,Completed,03/15/2024 00:00:06,03/15/2024 23:59:59,Unplanned,MiraFlex 1,MiraFlex 1,C,23:00:00,07:00:00,541,0,PET (400)
1444,2024-03-15T07:44:50.000Z,2024-03-15T07:49:50.000Z,300,472938,Completed,03/15/2024 00:00:06,03/15/2024 23:59:59,Unplanned,MiraFlex 1,MiraFlex 1,C,23:00:00,07:00:00,541,0,PET (400)
1445,2024-03-15T08:01:10.000Z,2024-03-15T09:17:11.000Z,4561,472985,Completed,03/15/2024 00:00:06,03/15/2024 23:59:59,Unplanned,MiraFlex 1,MiraFlex 1,C,23:00:00,07:00:00,541,0,PET (400)
1446,2024-03-15T09:17:31.000Z,2024-03-15T09:20:11.000Z,160,473214,Completed,03/15/2024 00:00:06,03/15/2024 23:59:59,Unplanned,MiraFlex 1,MiraFlex 1,C,23:00:00,07:00:00,541,0,PET (400)
1447,2024-03-15T09:22:51.000Z,2024-03-15T09:27:31.000Z,280,473230,Completed,03/15/2024 00:00:06,03/15/2024 23:59:59,Unplanned,MiraFlex 1,MiraFlex 1,C,23:00:00,07:00:00,541,0,PET (400)
1448,2024-03-15T09:31:51.000Z,2024-03-15T09:49:51.000Z,1080,473257,Completed,03/15/2024 00:00:06,03/15/2024 23:59:59,Unplanned,MiraFlex 1,MiraFlex 1,C,23:00:00,07:00:00,541,0,PET (400)
1449,2024-03-15T09:54:31.000Z,2024-03-15T09:58:31.000Z,240,473325,Completed,03/15/2024 00:00:06,03/15/2024 23:59:59,Unplanned,MiraFlex 1,MiraFlex 1,C,23:00:00,07:00:00,541,0,PET (400)
1450,2024-03-15T10:23:52.000Z,2024-03-15T10:28:52.000Z,300,473411,Completed,03/15/2024 00:00:06,03/15/2024 23:59:59,Unplanned,MiraFlex 1,MiraFlex 1,C,23:00:00,07:00:00,541,0,PET (400)
1451,2024-03-15T10:37:52.000Z,2024-03-15T11:07:32.000Z,1780,473451,Completed,03/15/2024 00:00:06,03/15/2024 23:59:59,Unplanned,MiraFlex 1,MiraFlex 1,C,23:00:00,07:00:00,541,0,PET (400)
1452,2024-03-15T11:16:52.000Z,2024-03-15T11:37:52.000Z,1260,473567,Completed,03/15/2024 00:00:06,03/15/2024 23:59:59,Unplanned,MiraFlex 1,MiraFlex 1,C,23:00:00,07:00:00,541,0,PET (400)
1453,2024-03-15T11:39:52.000Z,2024-03-15T11:58:12.000Z,1100,473636,Completed,03/15/2024 00:00:06,03/15/2024 23:59:59,Unplanned,MiraFlex 1,MiraFlex 1,C,23:00:00,07:00:00,541,0,PET (400)
1454,2024-03-15T11:58:52.000Z,2024-03-15T12:20:13.000Z,1281,473693,Completed,03/15/2024 00:00:06,03/15/2024 23:59:59,Unplanned,MiraFlex 1,MiraFlex 1,C,23:00:00,07:00:00,541,0,PET (400)
1455,2024-03-15T12:20:33.000Z,2024-03-15T12:52:13.000Z,1900,473757,Completed,03/15/2024 00:00:06,03/15/2024 23:59:59,Unplanned,MiraFlex 1,MiraFlex 1,C,23:00:00,07:00:00,541,0,PET (400)
1456,2024-03-15T12:52:53.000Z,2024-03-15T12:53:33.000Z,40,473854,Completed,03/15/2024 00:00:06,03/15/2024 23:59:59,Unplanned,MiraFlex 1,MiraFlex 1,C,23:00:00,07:00:00,541,0,PET (400)
1457,2024-03-15T12:54:13.000Z,2024-03-15T12:56:13.000Z,120,473858,Completed,03/15/2024 00:00:06,03/15/2024 23:59:59,Unplanned,MiraFlex 1,MiraFlex 1,C,23:00:00,07:00:00,541,0,PET (400)
1458,2024-03-15T12:56:53.000Z,2024-03-15T13:03:33.000Z,400,473866,Completed,03/15/2024 00:00:06,03/15/2024 23:59:59,Unplanned,MiraFlex 1,MiraFlex 1,C,23:00:00,07:00:00,541,0,PET (400)
1459,2024-03-15T13:04:13.000Z,2024-03-15T14:05:34.000Z,3681,473888,Completed,03/15/2024 00:00:06,03/15/2024 23:59:59,Unplanned,MiraFlex 1,MiraFlex 1,C,23:00:00,07:00:00,541,0,PET (400)
1460,2024-03-15T14:09:34.000Z,2024-03-15T14:33:34.000Z,1440,474084,Completed,03/15/2024 00:00:06,03/15/2024 23:59:59,Unplanned,MiraFlex 1,MiraFlex 1,C,23:00:00,07:00:00,541,0,PET (400)
1461,2024-03-15T14:48:54.000Z,2024-03-15T15:15:14.000Z,1580,474202,Completed,03/15/2024 00:00:06,03/15/2024 23:59:59,Unplanned,MiraFlex 1,MiraFlex 1,C,23:00:00,07:00:00,541,0,PET (400)
1462,2024-03-15T15:27:54.000Z,2024-03-15T15:48:14.000Z,1220,474319,Completed,03/15/2024 00:00:06,03/15/2024 23:59:59,Unplanned,MiraFlex 1,MiraFlex 1,C,23:00:00,07:00:00,541,0,PET (400)
1463,2024-03-15T15:53:14.000Z,2024-03-15T15:54:54.000Z,100,474395,Completed,03/15/2024 00:00:06,03/15/2024 23:59:59,Unplanned,MiraFlex 1,MiraFlex 1,C,23:00:00,07:00:00,541,0,PET (400)
1464,2024-03-15T16:01:15.000Z,2024-03-15T16:02:15.000Z,60,474419,Completed,03/15/2024 00:00:06,03/15/2024 23:59:59,Unplanned,MiraFlex 1,MiraFlex 1,C,23:00:00,07:00:00,541,0,PET (400)
1465,2024-03-15T16:11:55.000Z,2024-03-15T16:13:35.000Z,100,474451,Completed,03/15/2024 00:00:06,03/15/2024 23:59:59,Unplanned,MiraFlex 1,MiraFlex 1,C,23:00:00,07:00:00,541,0,PET (400)
1466,2024-03-15T16:19:55.000Z,2024-03-15T16:21:55.000Z,120,474475,Completed,03/15/2024 00:00:06,03/15/2024 23:59:59,Unplanned,MiraFlex 1,MiraFlex 1,C,23:00:00,07:00:00,541,0,PET (400)
1467,2024-03-15T16:26:15.000Z,2024-03-15T16:43:15.000Z,1020,474494,Completed,03/15/2024 00:00:06,03/15/2024 23:59:59,Unplanned,MiraFlex 1,MiraFlex 1,C,23:00:00,07:00:00,541,0,PET (400)
1468,2024-03-15T16:48:35.000Z,2024-03-15T17:13:55.000Z,1520,474561,Completed,03/15/2024 00:00:06,03/15/2024 23:59:59,Unplanned,MiraFlex 1,MiraFlex 1,C,23:00:00,07:00:00,541,0,PET (400)
1469,2024-03-15T17:14:35.000Z,2024-03-15T17:18:15.000Z,220,474639,Completed,03/15/2024 00:00:06,03/15/2024 23:59:59,Unplanned,MiraFlex 1,MiraFlex 1,C,23:00:00,07:00:00,541,0,PET (400)
1470,2024-03-15T17:22:55.000Z,2024-03-15T17:32:35.000Z,580,474664,Completed,03/15/2024 00:00:06,03/15/2024 23:59:59,Unplanned,MiraFlex 1,MiraFlex 1,C,23:00:00,07:00:00,541,0,PET (400)
1471,2024-03-15T17:33:35.000Z,2024-03-15T17:35:15.000Z,100,474694,Completed,03/15/2024 00:00:06,03/15/2024 23:59:59,Unplanned,MiraFlex 1,MiraFlex 1,C,23:00:00,07:00:00,541,0,PET (400)
1472,2024-03-15T17:37:35.000Z,2024-03-15T17:49:35.000Z,720,474706,Completed,03/15/2024 00:00:06,03/15/2024 23:59:59,Unplanned,MiraFlex 1,MiraFlex 1,C,23:00:00,07:00:00,541,0,PET (400)
1473,2024-03-15T17:55:55.000Z,2024-03-15T18:16:16.000Z,1221,474761,Completed,03/15/2024 00:00:06,03/15/2024 23:59:59,Unplanned,MiraFlex 1,MiraFlex 1,C,23:00:00,07:00:00,541,0,PET (400)
1474,2024-03-15T18:39:56.000Z,2024-03-15T19:26:36.000Z,2800,474891,Completed,03/15/2024 00:00:06,03/15/2024 23:59:59,Unplanned,MiraFlex 1,MiraFlex 1,C,23:00:00,07:00:00,541,0,PET (400)
1475,2024-03-15T19:28:36.000Z,2024-03-15T19:42:16.000Z,820,475035,Completed,03/15/2024 00:00:06,03/15/2024 23:59:59,Unplanned,MiraFlex 1,MiraFlex 1,C,23:00:00,07:00:00,541,0,PET (400)
1476,2024-03-15T19:52:16.000Z,2024-03-15T20:08:57.000Z,1001,475106,Completed,03/15/2024 00:00:06,03/15/2024 23:59:59,Unplanned,MiraFlex 1,MiraFlex 1,C,23:00:00,07:00:00,541,0,PET (400)
1477,2024-03-15T20:13:17.000Z,2024-03-15T20:19:37.000Z,380,475168,Completed,03/15/2024 00:00:06,03/15/2024 23:59:59,Unplanned,MiraFlex 1,MiraFlex 1,C,23:00:00,07:00:00,541,0,PET (400)
1478,2024-03-15T20:20:57.000Z,2024-03-15T20:23:17.000Z,140,475191,Completed,03/15/2024 00:00:06,03/15/2024 23:59:59,Unplanned,MiraFlex 1,MiraFlex 1,C,23:00:00,07:00:00,541,0,PET (400)
1479,2024-03-15T20:57:57.000Z,2024-03-15T21:12:17.000Z,860,475300,Completed,03/15/2024 00:00:06,03/15/2024 23:59:59,Unplanned,MiraFlex 1,MiraFlex 1,C,23:00:00,07:00:00,541,0,PET (400)
1480,2024-03-15T21:12:57.000Z,2024-03-15T21:13:37.000Z,40,475345,Completed,03/15/2024 00:00:06,03/15/2024 23:59:59,Unplanned,MiraFlex 1,MiraFlex 1,C,23:00:00,07:00:00,541,0,PET (400)
1481,2024-03-15T21:19:37.000Z,2024-03-15T21:21:37.000Z,120,475365,Completed,03/15/2024 00:00:06,03/15/2024 23:59:59,Unplanned,MiraFlex 1,MiraFlex 1,C,23:00:00,07:00:00,541,0,PET (400)
1482,2024-03-15T21:21:57.000Z,2024-03-15T21:23:57.000Z,120,475372,Completed,03/15/2024 00:00:06,03/15/2024 23:59:59,Unplanned,MiraFlex 1,MiraFlex 1,C,23:00:00,07:00:00,541,0,PET (400)
1483,2024-03-15T21:24:57.000Z,2024-03-15T21:26:17.000Z,80,475380,Completed,03/15/2024 00:00:06,03/15/2024 23:59:59,Unplanned,MiraFlex 1,MiraFlex 1,C,23:00:00,07:00:00,541,0,PET (400)
1484,2024-03-15T21:26:57.000Z,2024-03-15T21:31:37.000Z,280,475386,Completed,03/15/2024 00:00:06,03/15/2024 23:59:59,Unplanned,MiraFlex 1,MiraFlex 1,C,23:00:00,07:00:00,541,0,PET (400)
1485,2024-03-15T21:31:57.000Z,2024-03-15T21:42:57.000Z,660,475401,Completed,03/15/2024 00:00:06,03/15/2024 23:59:59,Unplanned,MiraFlex 1,MiraFlex 1,C,23:00:00,07:00:00,541,0,PET (400)
1486,2024-03-15T21:53:57.000Z,2024-03-15T22:01:38.000Z,461,475466,Completed,03/15/2024 00:00:06,03/15/2024 23:59:59,Unplanned,MiraFlex 1,MiraFlex 1,C,23:00:00,07:00:00,541,0,PET (400)
1487,2024-03-15T22:09:58.000Z,2024-03-15T22:13:18.000Z,200,475514,Completed,03/15/2024 00:00:06,03/15/2024 23:59:59,Unplanned,MiraFlex 1,MiraFlex 1,C,23:00:00,07:00:00,541,0,PET (400)
1488,2024-03-15T22:41:58.000Z,2024-03-15T22:44:58.000Z,180,475609,Completed,03/15/2024 00:00:06,03/15/2024 23:59:59,Unplanned,MiraFlex 1,MiraFlex 1,C,23:00:00,07:00:00,541,0,PET (400)
1489,2024-03-15T23:00:58.000Z,2024-03-15T23:22:58.000Z,1320,475666,Completed,03/15/2024 00:00:06,03/15/2024 23:59:59,Unplanned,MiraFlex 1,MiraFlex 1,C,23:00:00,07:00:00,541,0,PET (400)
1490,2024-03-18T11:25:29.000Z,2024-03-18T12:19:09.000Z,3220,486345,Completed,03/18/2024 11:25:29,03/18/2024 14:59:50,Unplanned,MiraFlex 1,MiraFlex 1,A,07:00:00,15:00:00,543,0,PET (400)
1491,2024-03-18T12:22:09.000Z,2024-03-18T12:25:49.000Z,220,486511,Completed,03/18/2024 11:25:29,03/18/2024 14:59:50,Unplanned,MiraFlex 1,MiraFlex 1,A,07:00:00,15:00:00,543,0,PET (400)
1492,2024-03-18T12:26:09.000Z,2024-03-18T12:29:29.000Z,200,486523,Completed,03/18/2024 11:25:29,03/18/2024 14:59:50,Unplanned,MiraFlex 1,MiraFlex 1,A,07:00:00,15:00:00,543,0,PET (400)
1493,2024-03-18T12:30:29.000Z,2024-03-18T12:34:29.000Z,240,486536,Completed,03/18/2024 11:25:29,03/18/2024 14:59:50,Unplanned,MiraFlex 1,MiraFlex 1,A,07:00:00,15:00:00,543,0,PET (400)
1494,2024-03-18T12:39:29.000Z,2024-03-18T12:56:29.000Z,1020,486561,Completed,03/18/2024 11:25:29,03/18/2024 14:59:50,Unplanned,MiraFlex 1,MiraFlex 1,A,07:00:00,15:00:00,543,0,PET (400)
1495,2024-03-18T12:57:29.000Z,2024-03-18T13:41:50.000Z,2661,486615,Completed,03/18/2024 11:25:29,03/18/2024 14:59:50,Unplanned,MiraFlex 1,MiraFlex 1,A,07:00:00,15:00:00,543,0,PET (400)
1496,2024-03-18T13:42:30.000Z,2024-03-18T14:41:10.000Z,3520,486750,Completed,03/18/2024 11:25:29,03/18/2024 14:59:50,Unplanned,MiraFlex 1,MiraFlex 1,A,07:00:00,15:00:00,543,0,PET (400)
1497,2024-03-18T14:41:30.000Z,2024-03-18T14:48:50.000Z,440,486927,Completed,03/18/2024 11:25:29,03/18/2024 14:59:50,Unplanned,MiraFlex 1,MiraFlex 1,A,07:00:00,15:00:00,543,0,PET (400)
1498,2024-03-18T15:00:10.000Z,2024-03-18T17:18:12.000Z,8282,486983,Completed,03/18/2024 15:00:10,03/18/2024 22:59:54,Unplanned,MiraFlex 1,MiraFlex 1,B,15:00:00,23:00:00,543,0,PET (400)
1499,2024-03-18T17:18:32.000Z,2024-03-18T17:22:32.000Z,240,487398,Completed,03/18/2024 15:00:10,03/18/2024 22:59:54,Unplanned,MiraFlex 1,MiraFlex 1,B,15:00:00,23:00:00,543,0,PET (400)
1500,2024-03-18T17:25:12.000Z,2024-03-18T17:27:52.000Z,160,487418,Completed,03/18/2024 15:00:10,03/18/2024 22:59:54,Unplanned,MiraFlex 1,MiraFlex 1,B,15:00:00,23:00:00,543,0,PET (400)
1501,2024-03-18T17:30:32.000Z,2024-03-18T17:31:52.000Z,80,487434,Completed,03/18/2024 15:00:10,03/18/2024 22:59:54,Unplanned,MiraFlex 1,MiraFlex 1,B,15:00:00,23:00:00,543,0,PET (400)
1502,2024-03-18T17:32:12.000Z,2024-03-18T17:50:12.000Z,1080,487439,Completed,03/18/2024 15:00:10,03/18/2024 22:59:54,Unplanned,MiraFlex 1,MiraFlex 1,B,15:00:00,23:00:00,543,0,PET (400)
1503,2024-03-18T17:55:32.000Z,2024-03-18T18:04:12.000Z,520,487509,Completed,03/18/2024 15:00:10,03/18/2024 22:59:54,Unplanned,MiraFlex 1,MiraFlex 1,B,15:00:00,23:00:00,543,0,PET (400)
1504,2024-03-18T18:22:12.000Z,2024-03-18T19:26:53.000Z,3881,487589,Completed,03/18/2024 15:00:10,03/18/2024 22:59:54,Unplanned,MiraFlex 1,MiraFlex 1,B,15:00:00,23:00:00,543,0,PET (400)
1505,2024-03-18T19:49:33.000Z,2024-03-18T20:17:13.000Z,1660,487846,Completed,03/18/2024 15:00:10,03/18/2024 22:59:54,Unplanned,MiraFlex 1,MiraFlex 1,B,15:00:00,23:00:00,543,0,PET (400)
1506,2024-03-18T20:41:13.000Z,2024-03-18T20:43:53.000Z,160,487997,Completed,03/18/2024 15:00:10,03/18/2024 22:59:54,Unplanned,MiraFlex 1,MiraFlex 1,B,15:00:00,23:00:00,543,0,PET (400)
1507,2024-03-18T21:00:53.000Z,2024-03-18T21:18:34.000Z,1061,488056,Completed,03/18/2024 15:00:10,03/18/2024 22:59:54,Unplanned,MiraFlex 1,MiraFlex 1,B,15:00:00,23:00:00,543,0,PET (400)
1508,2024-03-18T21:22:14.000Z,2024-03-18T21:24:14.000Z,120,488118,Completed,03/18/2024 15:00:10,03/18/2024 22:59:54,Unplanned,MiraFlex 1,MiraFlex 1,B,15:00:00,23:00:00,543,0,PET (400)
1509,2024-03-18T21:24:54.000Z,2024-03-18T21:28:34.000Z,220,488126,Completed,03/18/2024 15:00:10,03/18/2024 22:59:54,Unplanned,MiraFlex 1,MiraFlex 1,B,15:00:00,23:00:00,543,0,PET (400)
1510,2024-03-18T21:50:14.000Z,2024-03-18T21:53:34.000Z,200,488200,Completed,03/18/2024 15:00:10,03/18/2024 22:59:54,Unplanned,MiraFlex 1,MiraFlex 1,B,15:00:00,23:00:00,543,0,PET (400)
1511,2024-03-18T22:31:14.000Z,2024-03-18T22:32:14.000Z,60,488318,Completed,03/18/2024 15:00:10,03/18/2024 22:59:54,Unplanned,MiraFlex 1,MiraFlex 1,B,15:00:00,23:00:00,543,0,PET (400)
1512,2024-03-18T22:34:54.000Z,2024-03-18T22:35:34.000Z,40,488329,Completed,03/18/2024 15:00:10,03/18/2024 22:59:54,Unplanned,MiraFlex 1,MiraFlex 1,B,15:00:00,23:00:00,543,0,PET (400)
1513,2024-03-19T07:05:19.000Z,2024-03-19T07:23:59.000Z,1120,489691,Completed,03/19/2024 07:00:19,03/19/2024 11:51:41,Unplanned,MiraFlex 1,MiraFlex 1,A,07:00:00,15:00:00,543,0,PET (400)
1514,2024-03-19T07:24:59.000Z,2024-03-19T07:39:39.000Z,880,489750,Completed,03/19/2024 07:00:19,03/19/2024 11:51:41,Unplanned,MiraFlex 1,MiraFlex 1,A,07:00:00,15:00:00,543,0,PET (400)
1515,2024-03-19T08:03:59.000Z,2024-03-19T08:18:59.000Z,900,489867,Completed,03/19/2024 07:00:19,03/19/2024 11:51:41,Unplanned,MiraFlex 1,MiraFlex 1,A,07:00:00,15:00:00,543,0,PET (400)
1516,2024-03-19T08:48:59.000Z,2024-03-19T08:54:20.000Z,321,490000,Completed,03/19/2024 07:00:19,03/19/2024 11:51:41,Unplanned,MiraFlex 1,MiraFlex 1,A,07:00:00,15:00:00,543,0,PET (400)
1517,2024-03-19T08:56:00.000Z,2024-03-19T09:09:40.000Z,820,490021,Completed,03/19/2024 07:00:19,03/19/2024 11:51:41,Unplanned,MiraFlex 1,MiraFlex 1,A,07:00:00,15:00:00,543,0,PET (400)
1518,2024-03-19T09:31:00.000Z,2024-03-19T09:51:40.000Z,1240,490124,Completed,03/19/2024 07:00:19,03/19/2024 11:51:41,Unplanned,MiraFlex 1,MiraFlex 1,A,07:00:00,15:00:00,543,0,PET (400)
1519,2024-03-19T10:25:20.000Z,2024-03-19T11:23:01.000Z,3461,490287,Completed,03/19/2024 07:00:19,03/19/2024 11:51:41,Unplanned,MiraFlex 1,MiraFlex 1,A,07:00:00,15:00:00,543,0,PET (400)
1520,2024-03-19T12:45:21.000Z,2024-03-19T12:46:41.000Z,80,490699,Completed,03/19/2024 11:54:21,03/19/2024 14:59:43,Unplanned,MiraFlex 1,MiraFlex 1,A,07:00:00,15:00:00,544,0,LDPE (400)
1521,2024-03-19T12:47:01.000Z,2024-03-19T12:48:21.000Z,80,490704,Completed,03/19/2024 11:54:21,03/19/2024 14:59:43,Unplanned,MiraFlex 1,MiraFlex 1,A,07:00:00,15:00:00,544,0,LDPE (400)
1522,2024-03-19T12:52:42.000Z,2024-03-19T12:54:22.000Z,100,490721,Completed,03/19/2024 11:54:21,03/19/2024 14:59:43,Unplanned,MiraFlex 1,MiraFlex 1,A,07:00:00,15:00:00,544,0,LDPE (400)
1523,2024-03-19T12:58:02.000Z,2024-03-19T13:06:02.000Z,480,490737,Completed,03/19/2024 11:54:21,03/19/2024 14:59:43,Unplanned,MiraFlex 1,MiraFlex 1,A,07:00:00,15:00:00,544,0,LDPE (400)
1524,2024-03-19T13:31:22.000Z,2024-03-19T14:13:02.000Z,2500,490837,Completed,03/19/2024 11:54:21,03/19/2024 14:59:43,Unplanned,MiraFlex 1,MiraFlex 1,A,07:00:00,15:00:00,544,0,LDPE (400)
1525,2024-03-19T14:21:42.000Z,2024-03-19T14:26:42.000Z,300,490988,Completed,03/19/2024 11:54:21,03/19/2024 14:59:43,Unplanned,MiraFlex 1,MiraFlex 1,A,07:00:00,15:00:00,544,0,LDPE (400)
1526,2024-03-17T00:00:11.000Z,2024-03-17T00:50:31.000Z,3020,480121,Completed,03/17/2024 00:00:11,03/17/2024 23:59:43,Unplanned,MiraFlex 1,MiraFlex 1,C,23:00:00,07:00:00,542,0,LDPE (400)
1527,2024-03-17T00:53:11.000Z,2024-03-17T00:54:31.000Z,80,480280,Completed,03/17/2024 00:00:11,03/17/2024 23:59:43,Unplanned,MiraFlex 1,MiraFlex 1,C,23:00:00,07:00:00,542,0,LDPE (400)
1528,2024-03-17T00:58:11.000Z,2024-03-17T01:00:11.000Z,120,480295,Completed,03/17/2024 00:00:11,03/17/2024 23:59:43,Unplanned,MiraFlex 1,MiraFlex 1,C,23:00:00,07:00:00,542,0,LDPE (400)
1529,2024-03-17T01:02:11.000Z,2024-03-17T01:38:12.000Z,2161,480307,Completed,03/17/2024 00:00:11,03/17/2024 23:59:43,Unplanned,MiraFlex 1,MiraFlex 1,C,23:00:00,07:00:00,542,0,LDPE (400)
1530,2024-03-17T01:38:52.000Z,2024-03-17T01:39:52.000Z,60,480417,Completed,03/17/2024 00:00:11,03/17/2024 23:59:43,Unplanned,MiraFlex 1,MiraFlex 1,C,23:00:00,07:00:00,542,0,LDPE (400)
1531,2024-03-17T01:42:32.000Z,2024-03-17T01:44:32.000Z,120,480428,Completed,03/17/2024 00:00:11,03/17/2024 23:59:43,Unplanned,MiraFlex 1,MiraFlex 1,C,23:00:00,07:00:00,542,0,LDPE (400)
1532,2024-03-17T01:45:12.000Z,2024-03-17T01:58:52.000Z,820,480436,Completed,03/17/2024 00:00:11,03/17/2024 23:59:43,Unplanned,MiraFlex 1,MiraFlex 1,C,23:00:00,07:00:00,542,0,LDPE (400)
1533,2024-03-17T01:59:12.000Z,2024-03-17T02:11:52.000Z,760,480478,Completed,03/17/2024 00:00:11,03/17/2024 23:59:43,Unplanned,MiraFlex 1,MiraFlex 1,C,23:00:00,07:00:00,542,0,LDPE (400)
1534,2024-03-17T02:18:32.000Z,2024-03-17T02:28:52.000Z,620,480536,Completed,03/17/2024 00:00:11,03/17/2024 23:59:43,Unplanned,MiraFlex 1,MiraFlex 1,C,23:00:00,07:00:00,542,0,LDPE (400)
1535,2024-03-17T02:36:52.000Z,2024-03-17T02:42:12.000Z,320,480589,Completed,03/17/2024 00:00:11,03/17/2024 23:59:43,Unplanned,MiraFlex 1,MiraFlex 1,C,23:00:00,07:00:00,542,0,LDPE (400)
1536,2024-03-17T02:42:32.000Z,2024-03-17T02:45:12.000Z,160,480606,Completed,03/17/2024 00:00:11,03/17/2024 23:59:43,Unplanned,MiraFlex 1,MiraFlex 1,C,23:00:00,07:00:00,542,0,LDPE (400)
1537,2024-03-17T02:45:32.000Z,2024-03-17T02:48:32.000Z,180,480615,Completed,03/17/2024 00:00:11,03/17/2024 23:59:43,Unplanned,MiraFlex 1,MiraFlex 1,C,23:00:00,07:00:00,542,0,LDPE (400)
1538,2024-03-17T02:48:52.000Z,2024-03-17T03:05:32.000Z,1000,480625,Completed,03/17/2024 00:00:11,03/17/2024 23:59:43,Unplanned,MiraFlex 1,MiraFlex 1,C,23:00:00,07:00:00,542,0,LDPE (400)
1539,2024-03-17T03:05:52.000Z,2024-03-17T03:22:52.000Z,1020,480676,Completed,03/17/2024 00:00:11,03/17/2024 23:59:43,Unplanned,MiraFlex 1,MiraFlex 1,C,23:00:00,07:00:00,542,0,LDPE (400)
1540,2024-03-17T03:23:12.000Z,2024-03-17T03:46:33.000Z,1401,480728,Completed,03/17/2024 00:00:11,03/17/2024 23:59:43,Unplanned,MiraFlex 1,MiraFlex 1,C,23:00:00,07:00:00,542,0,LDPE (400)
1541,2024-03-17T03:46:53.000Z,2024-03-17T04:02:53.000Z,960,480799,Completed,03/17/2024 00:00:11,03/17/2024 23:59:43,Unplanned,MiraFlex 1,MiraFlex 1,C,23:00:00,07:00:00,542,0,LDPE (400)
1542,2024-03-17T04:10:13.000Z,2024-03-17T04:16:53.000Z,400,480869,Completed,03/17/2024 00:00:11,03/17/2024 23:59:43,Unplanned,MiraFlex 1,MiraFlex 1,C,23:00:00,07:00:00,542,0,LDPE (400)
1543,2024-03-17T04:25:53.000Z,2024-03-17T04:39:13.000Z,800,480916,Completed,03/17/2024 00:00:11,03/17/2024 23:59:43,Unplanned,MiraFlex 1,MiraFlex 1,C,23:00:00,07:00:00,542,0,LDPE (400)
1544,2024-03-17T04:49:13.000Z,2024-03-17T05:58:34.000Z,4161,480986,Completed,03/17/2024 00:00:11,03/17/2024 23:59:43,Unplanned,MiraFlex 1,MiraFlex 1,C,23:00:00,07:00:00,542,0,LDPE (400)
1545,2024-03-17T06:01:14.000Z,2024-03-17T06:04:14.000Z,180,481202,Completed,03/17/2024 00:00:11,03/17/2024 23:59:43,Unplanned,MiraFlex 1,MiraFlex 1,C,23:00:00,07:00:00,542,0,LDPE (400)
1546,2024-03-17T06:44:14.000Z,2024-03-17T07:23:14.000Z,2340,481318,Completed,03/17/2024 00:00:11,03/17/2024 23:59:43,Unplanned,MiraFlex 1,MiraFlex 1,C,23:00:00,07:00:00,542,0,LDPE (400)
1547,2024-03-17T08:08:35.000Z,2024-03-17T08:50:35.000Z,2520,481476,Completed,03/17/2024 00:00:11,03/17/2024 23:59:43,Unplanned,MiraFlex 1,MiraFlex 1,C,23:00:00,07:00:00,542,0,LDPE (400)
1548,2024-03-17T08:51:55.000Z,2024-03-17T08:59:15.000Z,440,481606,Completed,03/17/2024 00:00:11,03/17/2024 23:59:43,Unplanned,MiraFlex 1,MiraFlex 1,C,23:00:00,07:00:00,542,0,LDPE (400)
1549,2024-03-17T09:06:35.000Z,2024-03-17T09:09:55.000Z,200,481650,Completed,03/17/2024 00:00:11,03/17/2024 23:59:43,Unplanned,MiraFlex 1,MiraFlex 1,C,23:00:00,07:00:00,542,0,LDPE (400)
1550,2024-03-17T09:52:56.000Z,2024-03-17T10:06:56.000Z,840,481787,Completed,03/17/2024 00:00:11,03/17/2024 23:59:43,Unplanned,MiraFlex 1,MiraFlex 1,C,23:00:00,07:00:00,542,0,LDPE (400)
1551,2024-03-17T11:41:57.000Z,2024-03-17T11:56:17.000Z,860,482099,Completed,03/17/2024 00:00:11,03/17/2024 23:59:43,Unplanned,MiraFlex 1,MiraFlex 1,C,23:00:00,07:00:00,542,0,LDPE (400)
1552,2024-03-17T12:50:57.000Z,2024-03-17T13:01:17.000Z,620,482306,Completed,03/17/2024 00:00:11,03/17/2024 23:59:43,Unplanned,MiraFlex 1,MiraFlex 1,C,23:00:00,07:00:00,542,0,LDPE (400)
1553,2024-03-17T13:31:38.000Z,2024-03-17T13:40:18.000Z,520,482428,Completed,03/17/2024 00:00:11,03/17/2024 23:59:43,Unplanned,MiraFlex 1,MiraFlex 1,C,23:00:00,07:00:00,542,0,LDPE (400)
1554,2024-03-17T13:48:38.000Z,2024-03-17T14:17:58.000Z,1760,482479,Completed,03/17/2024 00:00:11,03/17/2024 23:59:43,Unplanned,MiraFlex 1,MiraFlex 1,C,23:00:00,07:00:00,542,0,LDPE (400)
1555,2024-03-17T14:19:38.000Z,2024-03-17T14:24:38.000Z,300,482572,Completed,03/17/2024 00:00:11,03/17/2024 23:59:43,Unplanned,MiraFlex 1,MiraFlex 1,C,23:00:00,07:00:00,542,0,LDPE (400)
1556,2024-03-17T14:27:38.000Z,2024-03-17T14:42:58.000Z,920,482596,Completed,03/17/2024 00:00:11,03/17/2024 23:59:43,Unplanned,MiraFlex 1,MiraFlex 1,C,23:00:00,07:00:00,542,0,LDPE (400)
1557,2024-03-17T14:51:18.000Z,2024-03-17T14:59:38.000Z,500,482667,Completed,03/17/2024 00:00:11,03/17/2024 23:59:43,Unplanned,MiraFlex 1,MiraFlex 1,C,23:00:00,07:00:00,542,0,LDPE (400)
1558,2024-03-17T15:11:38.000Z,2024-03-17T15:15:38.000Z,240,482728,Completed,03/17/2024 00:00:11,03/17/2024 23:59:43,Unplanned,MiraFlex 1,MiraFlex 1,C,23:00:00,07:00:00,542,0,LDPE (400)
1559,2024-03-17T15:27:39.000Z,2024-03-17T19:17:40.000Z,13801,482776,Completed,03/17/2024 00:00:11,03/17/2024 23:59:43,Unplanned,MiraFlex 1,MiraFlex 1,C,23:00:00,07:00:00,542,0,LDPE (400)
1560,2024-03-17T19:19:00.000Z,2024-03-17T19:34:21.000Z,921,483469,Completed,03/17/2024 00:00:11,03/17/2024 23:59:43,Unplanned,MiraFlex 1,MiraFlex 1,C,23:00:00,07:00:00,542,0,LDPE (400)
1561,2024-03-17T19:37:01.000Z,2024-03-17T19:54:01.000Z,1020,483523,Completed,03/17/2024 00:00:11,03/17/2024 23:59:43,Unplanned,MiraFlex 1,MiraFlex 1,C,23:00:00,07:00:00,542,0,LDPE (400)
1562,2024-03-17T19:54:41.000Z,2024-03-17T20:06:01.000Z,680,483576,Completed,03/17/2024 00:00:11,03/17/2024 23:59:43,Unplanned,MiraFlex 1,MiraFlex 1,C,23:00:00,07:00:00,542,0,LDPE (400)
1563,2024-03-17T20:06:41.000Z,2024-03-17T20:07:41.000Z,60,483612,Completed,03/17/2024 00:00:11,03/17/2024 23:59:43,Unplanned,MiraFlex 1,MiraFlex 1,C,23:00:00,07:00:00,542,0,LDPE (400)
1564,2024-03-17T20:08:21.000Z,2024-03-17T20:09:21.000Z,60,483617,Completed,03/17/2024 00:00:11,03/17/2024 23:59:43,Unplanned,MiraFlex 1,MiraFlex 1,C,23:00:00,07:00:00,542,0,LDPE (400)
1565,2024-03-17T20:09:41.000Z,2024-03-17T20:22:41.000Z,780,483621,Completed,03/17/2024 00:00:11,03/17/2024 23:59:43,Unplanned,MiraFlex 1,MiraFlex 1,C,23:00:00,07:00:00,542,0,LDPE (400)
1566,2024-03-17T20:23:21.000Z,2024-03-17T20:57:41.000Z,2060,483662,Completed,03/17/2024 00:00:11,03/17/2024 23:59:43,Unplanned,MiraFlex 1,MiraFlex 1,C,23:00:00,07:00:00,542,0,LDPE (400)
1567,2024-03-17T21:13:21.000Z,2024-03-17T21:49:42.000Z,2181,483812,Completed,03/17/2024 00:00:11,03/17/2024 23:59:43,Unplanned,MiraFlex 1,MiraFlex 1,C,23:00:00,07:00:00,542,0,LDPE (400)
1568,2024-03-17T21:50:22.000Z,2024-03-17T22:11:02.000Z,1240,483922,Completed,03/17/2024 00:00:11,03/17/2024 23:59:43,Unplanned,MiraFlex 1,MiraFlex 1,C,23:00:00,07:00:00,542,0,LDPE (400)
1569,2024-03-17T22:11:42.000Z,2024-03-17T22:16:22.000Z,280,483986,Completed,03/17/2024 00:00:11,03/17/2024 23:59:43,Unplanned,MiraFlex 1,MiraFlex 1,C,23:00:00,07:00:00,542,0,LDPE (400)
1570,2024-03-17T22:18:42.000Z,2024-03-17T22:31:42.000Z,780,484007,Completed,03/17/2024 00:00:11,03/17/2024 23:59:43,Unplanned,MiraFlex 1,MiraFlex 1,C,23:00:00,07:00:00,542,0,LDPE (400)
1571,2024-03-17T22:44:42.000Z,2024-03-17T22:51:02.000Z,380,484083,Completed,03/17/2024 00:00:11,03/17/2024 23:59:43,Unplanned,MiraFlex 1,MiraFlex 1,C,23:00:00,07:00:00,542,0,LDPE (400)
1572,2024-03-17T22:51:22.000Z,2024-03-17T22:51:42.000Z,20,484103,Completed,03/17/2024 00:00:11,03/17/2024 23:59:43,Unplanned,MiraFlex 1,MiraFlex 1,C,23:00:00,07:00:00,542,0,LDPE (400)
1573,2024-03-17T23:19:23.000Z,2024-03-17T23:20:03.000Z,40,484183,Completed,03/17/2024 00:00:11,03/17/2024 23:59:43,Unplanned,MiraFlex 1,MiraFlex 1,C,23:00:00,07:00:00,542,0,LDPE (400)
1574,2024-03-19T23:00:07.000Z,2024-03-19T23:04:47.000Z,280,492530,Completed,03/19/2024 23:00:07,03/19/2024 23:59:47,Unplanned,MiraFlex 1,MiraFlex 1,C,23:00:00,07:00:00,544,0,LDPE (400)
1575,2024-03-19T23:09:07.000Z,2024-03-19T23:10:47.000Z,100,492555,Completed,03/19/2024 23:00:07,03/19/2024 23:59:47,Unplanned,MiraFlex 1,MiraFlex 1,C,23:00:00,07:00:00,544,0,LDPE (400)
1576,2024-03-19T00:00:15.000Z,2024-03-19T00:11:35.000Z,680,488428,Completed,03/19/2024 00:00:15,03/19/2024 06:59:59,Unplanned,MiraFlex 1,MiraFlex 1,C,23:00:00,07:00:00,543,0,PET (400)
1577,2024-03-19T00:12:35.000Z,2024-03-19T00:13:55.000Z,80,488465,Completed,03/19/2024 00:00:15,03/19/2024 06:59:59,Unplanned,MiraFlex 1,MiraFlex 1,C,23:00:00,07:00:00,543,0,PET (400)
1578,2024-03-19T00:30:35.000Z,2024-03-19T00:36:55.000Z,380,488519,Completed,03/19/2024 00:00:15,03/19/2024 06:59:59,Unplanned,MiraFlex 1,MiraFlex 1,C,23:00:00,07:00:00,543,0,PET (400)
1579,2024-03-19T00:43:15.000Z,2024-03-19T00:49:55.000Z,400,488557,Completed,03/19/2024 00:00:15,03/19/2024 06:59:59,Unplanned,MiraFlex 1,MiraFlex 1,C,23:00:00,07:00:00,543,0,PET (400)
1580,2024-03-19T01:17:16.000Z,2024-03-19T01:21:56.000Z,280,488659,Completed,03/19/2024 00:00:15,03/19/2024 06:59:59,Unplanned,MiraFlex 1,MiraFlex 1,C,23:00:00,07:00:00,543,0,PET (400)
1581,2024-03-19T01:35:36.000Z,2024-03-19T01:48:16.000Z,760,488712,Completed,03/19/2024 00:00:15,03/19/2024 06:59:59,Unplanned,MiraFlex 1,MiraFlex 1,C,23:00:00,07:00:00,543,0,PET (400)
1582,2024-03-19T02:35:16.000Z,2024-03-19T02:38:16.000Z,180,488891,Completed,03/19/2024 00:00:15,03/19/2024 06:59:59,Unplanned,MiraFlex 1,MiraFlex 1,C,23:00:00,07:00:00,543,0,PET (400)
1583,2024-03-19T03:21:17.000Z,2024-03-19T03:35:17.000Z,840,489029,Completed,03/19/2024 00:00:15,03/19/2024 06:59:59,Unplanned,MiraFlex 1,MiraFlex 1,C,23:00:00,07:00:00,543,0,PET (400)
1584,2024-03-19T04:07:57.000Z,2024-03-19T04:11:37.000Z,220,489165,Completed,03/19/2024 00:00:15,03/19/2024 06:59:59,Unplanned,MiraFlex 1,MiraFlex 1,C,23:00:00,07:00:00,543,0,PET (400)
1585,2024-03-19T04:34:17.000Z,2024-03-19T05:34:38.000Z,3621,489244,Completed,03/19/2024 00:00:15,03/19/2024 06:59:59,Unplanned,MiraFlex 1,MiraFlex 1,C,23:00:00,07:00:00,543,0,PET (400)
1586,2024-03-19T05:34:58.000Z,2024-03-19T05:35:58.000Z,60,489426,Completed,03/19/2024 00:00:15,03/19/2024 06:59:59,Unplanned,MiraFlex 1,MiraFlex 1,C,23:00:00,07:00:00,543,0,PET (400)
1587,2024-03-19T05:38:58.000Z,2024-03-19T06:17:18.000Z,2300,489438,Completed,03/19/2024 00:00:15,03/19/2024 06:59:59,Unplanned,MiraFlex 1,MiraFlex 1,C,23:00:00,07:00:00,543,0,PET (400)
1588,2024-03-19T06:17:58.000Z,2024-03-19T06:18:38.000Z,40,489555,Completed,03/19/2024 00:00:15,03/19/2024 06:59:59,Unplanned,MiraFlex 1,MiraFlex 1,C,23:00:00,07:00:00,543,0,PET (400)
1589,2024-03-19T06:24:38.000Z,2024-03-19T06:26:58.000Z,140,489575,Completed,03/19/2024 00:00:15,03/19/2024 06:59:59,Unplanned,MiraFlex 1,MiraFlex 1,C,23:00:00,07:00:00,543,0,PET (400)
1590,2024-03-19T06:28:58.000Z,2024-03-19T06:30:58.000Z,120,489588,Completed,03/19/2024 00:00:15,03/19/2024 06:59:59,Unplanned,MiraFlex 1,MiraFlex 1,C,23:00:00,07:00:00,543,0,PET (400)
1591,2024-03-19T15:00:03.000Z,2024-03-19T15:17:03.000Z,1020,491102,Completed,03/19/2024 15:00:03,03/19/2024 22:59:47,Unplanned,MiraFlex 1,MiraFlex 1,B,15:00:00,23:00:00,544,0,LDPE (400)
1592,2024-03-19T15:18:23.000Z,2024-03-19T15:35:03.000Z,1000,491157,Completed,03/19/2024 15:00:03,03/19/2024 22:59:47,Unplanned,MiraFlex 1,MiraFlex 1,B,15:00:00,23:00:00,544,0,LDPE (400)
1593,2024-03-19T15:35:23.000Z,2024-03-19T15:36:03.000Z,40,491208,Completed,03/19/2024 15:00:03,03/19/2024 22:59:47,Unplanned,MiraFlex 1,MiraFlex 1,B,15:00:00,23:00:00,544,0,LDPE (400)
1594,2024-03-19T15:46:23.000Z,2024-03-19T16:25:03.000Z,2320,491239,Completed,03/19/2024 15:00:03,03/19/2024 22:59:47,Unplanned,MiraFlex 1,MiraFlex 1,B,15:00:00,23:00:00,544,0,LDPE (400)
1595,2024-03-19T17:32:44.000Z,2024-03-19T17:48:24.000Z,940,491552,Completed,03/19/2024 15:00:03,03/19/2024 22:59:47,Unplanned,MiraFlex 1,MiraFlex 1,B,15:00:00,23:00:00,544,0,LDPE (400)
1596,2024-03-19T17:56:44.000Z,2024-03-19T18:05:24.000Z,520,491624,Completed,03/19/2024 15:00:03,03/19/2024 22:59:47,Unplanned,MiraFlex 1,MiraFlex 1,B,15:00:00,23:00:00,544,0,LDPE (400)
1597,2024-03-19T18:05:44.000Z,2024-03-19T18:12:04.000Z,380,491651,Completed,03/19/2024 15:00:03,03/19/2024 22:59:47,Unplanned,MiraFlex 1,MiraFlex 1,B,15:00:00,23:00:00,544,0,LDPE (400)
1598,2024-03-19T18:15:04.000Z,2024-03-19T19:50:05.000Z,5701,491679,Completed,03/19/2024 15:00:03,03/19/2024 22:59:47,Unplanned,MiraFlex 1,MiraFlex 1,B,15:00:00,23:00:00,544,0,LDPE (400)
1599,2024-03-19T19:50:45.000Z,2024-03-19T19:52:25.000Z,100,491966,Completed,03/19/2024 15:00:03,03/19/2024 22:59:47,Unplanned,MiraFlex 1,MiraFlex 1,B,15:00:00,23:00:00,544,0,LDPE (400)
1600,2024-03-19T19:53:45.000Z,2024-03-19T19:59:25.000Z,340,491975,Completed,03/19/2024 15:00:03,03/19/2024 22:59:47,Unplanned,MiraFlex 1,MiraFlex 1,B,15:00:00,23:00:00,544,0,LDPE (400)
1601,2024-03-19T20:02:45.000Z,2024-03-19T20:04:05.000Z,80,492002,Completed,03/19/2024 15:00:03,03/19/2024 22:59:47,Unplanned,MiraFlex 1,MiraFlex 1,B,15:00:00,23:00:00,544,0,LDPE (400)
1602,2024-03-19T20:07:25.000Z,2024-03-19T20:12:45.000Z,320,492016,Completed,03/19/2024 15:00:03,03/19/2024 22:59:47,Unplanned,MiraFlex 1,MiraFlex 1,B,15:00:00,23:00:00,544,0,LDPE (400)
1603,2024-03-19T20:18:05.000Z,2024-03-19T20:21:05.000Z,180,492048,Completed,03/19/2024 15:00:03,03/19/2024 22:59:47,Unplanned,MiraFlex 1,MiraFlex 1,B,15:00:00,23:00:00,544,0,LDPE (400)
1604,2024-03-19T20:25:25.000Z,2024-03-19T20:33:05.000Z,460,492069,Completed,03/19/2024 15:00:03,03/19/2024 22:59:47,Unplanned,MiraFlex 1,MiraFlex 1,B,15:00:00,23:00:00,544,0,LDPE (400)
1605,2024-03-19T20:37:05.000Z,2024-03-19T20:40:05.000Z,180,492104,Completed,03/19/2024 15:00:03,03/19/2024 22:59:47,Unplanned,MiraFlex 1,MiraFlex 1,B,15:00:00,23:00:00,544,0,LDPE (400)
1606,2024-03-19T20:45:26.000Z,2024-03-19T20:50:26.000Z,300,492128,Completed,03/19/2024 15:00:03,03/19/2024 22:59:47,Unplanned,MiraFlex 1,MiraFlex 1,B,15:00:00,23:00:00,544,0,LDPE (400)
1607,2024-03-19T20:57:46.000Z,2024-03-19T21:04:06.000Z,380,492165,Completed,03/19/2024 15:00:03,03/19/2024 22:59:47,Unplanned,MiraFlex 1,MiraFlex 1,B,15:00:00,23:00:00,544,0,LDPE (400)
1608,2024-03-19T21:07:26.000Z,2024-03-19T21:31:26.000Z,1440,492194,Completed,03/19/2024 15:00:03,03/19/2024 22:59:47,Unplanned,MiraFlex 1,MiraFlex 1,B,15:00:00,23:00:00,544,0,LDPE (400)
1609,2024-03-19T21:34:06.000Z,2024-03-19T21:35:26.000Z,80,492272,Completed,03/19/2024 15:00:03,03/19/2024 22:59:47,Unplanned,MiraFlex 1,MiraFlex 1,B,15:00:00,23:00:00,544,0,LDPE (400)
1610,2024-03-19T21:46:26.000Z,2024-03-19T21:56:06.000Z,580,492309,Completed,03/19/2024 15:00:03,03/19/2024 22:59:47,Unplanned,MiraFlex 1,MiraFlex 1,B,15:00:00,23:00:00,544,0,LDPE (400)
1611,2024-03-19T22:04:26.000Z,2024-03-19T22:09:26.000Z,300,492363,Completed,03/19/2024 15:00:03,03/19/2024 22:59:47,Unplanned,MiraFlex 1,MiraFlex 1,B,15:00:00,23:00:00,544,0,LDPE (400)
1612,2024-03-19T22:22:06.000Z,2024-03-19T22:23:46.000Z,100,492416,Completed,03/19/2024 15:00:03,03/19/2024 22:59:47,Unplanned,MiraFlex 1,MiraFlex 1,B,15:00:00,23:00:00,544,0,LDPE (400)
1613,2024-03-19T22:26:26.000Z,2024-03-19T22:27:46.000Z,80,492429,Completed,03/19/2024 15:00:03,03/19/2024 22:59:47,Unplanned,MiraFlex 1,MiraFlex 1,B,15:00:00,23:00:00,544,0,LDPE (400)
1614,2024-03-20T07:00:11.000Z,2024-03-20T07:23:11.000Z,1380,493962,Completed,03/20/2024 07:00:11,03/20/2024 14:59:55,Unplanned,MiraFlex 1,MiraFlex 1,A,07:00:00,15:00:00,544,0,LDPE (400)
1615,2024-03-20T07:40:11.000Z,2024-03-20T09:12:12.000Z,5521,494080,Completed,03/20/2024 07:00:11,03/20/2024 14:59:55,Unplanned,MiraFlex 1,MiraFlex 1,A,07:00:00,15:00:00,544,0,LDPE (400)
1616,2024-03-20T09:14:52.000Z,2024-03-20T09:18:12.000Z,200,494307,Completed,03/20/2024 07:00:11,03/20/2024 14:59:55,Unplanned,MiraFlex 1,MiraFlex 1,A,07:00:00,15:00:00,544,0,LDPE (400)
1617,2024-03-20T09:25:12.000Z,2024-03-20T09:40:52.000Z,940,494336,Completed,03/20/2024 07:00:11,03/20/2024 14:59:55,Unplanned,MiraFlex 1,MiraFlex 1,A,07:00:00,15:00:00,544,0,LDPE (400)
1618,2024-03-20T09:53:52.000Z,2024-03-20T09:56:32.000Z,160,494422,Completed,03/20/2024 07:00:11,03/20/2024 14:59:55,Unplanned,MiraFlex 1,MiraFlex 1,A,07:00:00,15:00:00,544,0,LDPE (400)
1619,2024-03-20T10:20:12.000Z,2024-03-20T12:25:53.000Z,7541,494499,Completed,03/20/2024 07:00:11,03/20/2024 14:59:55,Unplanned,MiraFlex 1,MiraFlex 1,A,07:00:00,15:00:00,544,0,LDPE (400)
1620,2024-03-20T12:27:33.000Z,2024-03-20T12:37:54.000Z,621,494881,Completed,03/20/2024 07:00:11,03/20/2024 14:59:55,Unplanned,MiraFlex 1,MiraFlex 1,A,07:00:00,15:00:00,544,0,LDPE (400)
1621,2024-03-20T12:38:34.000Z,2024-03-20T12:41:54.000Z,200,494914,Completed,03/20/2024 07:00:11,03/20/2024 14:59:55,Unplanned,MiraFlex 1,MiraFlex 1,A,07:00:00,15:00:00,544,0,LDPE (400)
1622,2024-03-20T12:48:54.000Z,2024-03-20T12:56:14.000Z,440,494943,Completed,03/20/2024 07:00:11,03/20/2024 14:59:55,Unplanned,MiraFlex 1,MiraFlex 1,A,07:00:00,15:00:00,544,0,LDPE (400)
1623,2024-03-20T12:57:14.000Z,2024-03-20T12:57:34.000Z,20,494968,Completed,03/20/2024 07:00:11,03/20/2024 14:59:55,Unplanned,MiraFlex 1,MiraFlex 1,A,07:00:00,15:00:00,544,0,LDPE (400)
1624,2024-03-20T12:58:14.000Z,2024-03-20T13:08:14.000Z,600,494971,Completed,03/20/2024 07:00:11,03/20/2024 14:59:55,Unplanned,MiraFlex 1,MiraFlex 1,A,07:00:00,15:00:00,544,0,LDPE (400)
1625,2024-03-20T13:13:14.000Z,2024-03-20T13:19:14.000Z,360,495016,Completed,03/20/2024 07:00:11,03/20/2024 14:59:55,Unplanned,MiraFlex 1,MiraFlex 1,A,07:00:00,15:00:00,544,0,LDPE (400)
1626,2024-03-20T13:28:54.000Z,2024-03-20T13:39:54.000Z,660,495061,Completed,03/20/2024 07:00:11,03/20/2024 14:59:55,Unplanned,MiraFlex 1,MiraFlex 1,A,07:00:00,15:00:00,544,0,LDPE (400)
1627,2024-03-20T13:41:14.000Z,2024-03-20T13:44:14.000Z,180,495098,Completed,03/20/2024 07:00:11,03/20/2024 14:59:55,Unplanned,MiraFlex 1,MiraFlex 1,A,07:00:00,15:00:00,544,0,LDPE (400)
1628,2024-03-20T13:52:34.000Z,2024-03-20T14:01:34.000Z,540,495132,Completed,03/20/2024 07:00:11,03/20/2024 14:59:55,Unplanned,MiraFlex 1,MiraFlex 1,A,07:00:00,15:00:00,544,0,LDPE (400)
1629,2024-03-21T07:00:03.000Z,2024-03-21T10:39:25.000Z,13162,498168,Completed,03/21/2024 07:00:03,03/21/2024 14:59:47,Unplanned,MiraFlex 1,MiraFlex 1,A,07:00:00,15:00:00,544,0,LDPE (400)
1630,2024-03-21T10:40:05.000Z,2024-03-21T10:44:45.000Z,280,498822,Completed,03/21/2024 07:00:03,03/21/2024 14:59:47,Unplanned,MiraFlex 1,MiraFlex 1,A,07:00:00,15:00:00,544,0,LDPE (400)
1631,2024-03-21T10:46:25.000Z,2024-03-21T13:12:06.000Z,8741,498841,Completed,03/21/2024 07:00:03,03/21/2024 14:59:47,Unplanned,MiraFlex 1,MiraFlex 1,A,07:00:00,15:00:00,544,0,LDPE (400)
1632,2024-03-21T13:12:46.000Z,2024-03-21T13:18:26.000Z,340,499273,Completed,03/21/2024 07:00:03,03/21/2024 14:59:47,Unplanned,MiraFlex 1,MiraFlex 1,A,07:00:00,15:00:00,544,0,LDPE (400)
1633,2024-03-21T13:22:26.000Z,2024-03-21T13:26:06.000Z,220,499302,Completed,03/21/2024 07:00:03,03/21/2024 14:59:47,Unplanned,MiraFlex 1,MiraFlex 1,A,07:00:00,15:00:00,544,0,LDPE (400)
1634,2024-03-21T13:33:06.000Z,2024-03-21T13:34:06.000Z,60,499334,Completed,03/21/2024 07:00:03,03/21/2024 14:59:47,Unplanned,MiraFlex 1,MiraFlex 1,A,07:00:00,15:00:00,544,0,LDPE (400)
1635,2024-03-25T18:40:34.000Z,2024-03-25T19:46:34.000Z,3960,500943,Completed,03/25/2024 18:28:54,03/25/2024 22:59:56,Unplanned,MiraFlex 1,MiraFlex 1,B,15:00:00,23:00:00,544,0,LDPE (400)
1636,2024-03-25T19:53:14.000Z,2024-03-25T20:43:35.000Z,3021,501161,Completed,03/25/2024 18:28:54,03/25/2024 22:59:56,Unplanned,MiraFlex 1,MiraFlex 1,B,15:00:00,23:00:00,544,0,LDPE (400)
1637,2024-03-25T20:46:55.000Z,2024-03-25T20:55:35.000Z,520,501322,Completed,03/25/2024 18:28:54,03/25/2024 22:59:56,Unplanned,MiraFlex 1,MiraFlex 1,B,15:00:00,23:00:00,544,0,LDPE (400)
1638,2024-03-25T21:03:55.000Z,2024-03-25T21:08:55.000Z,300,501373,Completed,03/25/2024 18:28:54,03/25/2024 22:59:56,Unplanned,MiraFlex 1,MiraFlex 1,B,15:00:00,23:00:00,544,0,LDPE (400)
1639,2024-03-25T21:12:35.000Z,2024-03-25T21:17:55.000Z,320,501399,Completed,03/25/2024 18:28:54,03/25/2024 22:59:56,Unplanned,MiraFlex 1,MiraFlex 1,B,15:00:00,23:00:00,544,0,LDPE (400)
1640,2024-03-25T21:34:15.000Z,2024-03-25T21:55:35.000Z,1280,501463,Completed,03/25/2024 18:28:54,03/25/2024 22:59:56,Unplanned,MiraFlex 1,MiraFlex 1,B,15:00:00,23:00:00,544,0,LDPE (400)
1641,2024-03-25T22:26:36.000Z,2024-03-25T22:37:16.000Z,640,501620,Completed,03/25/2024 18:28:54,03/25/2024 22:59:56,Unplanned,MiraFlex 1,MiraFlex 1,B,15:00:00,23:00:00,544,0,LDPE (400)
1642,2024-03-20T15:00:15.000Z,2024-03-20T17:06:56.000Z,7601,495318,Completed,03/20/2024 15:00:15,03/20/2024 22:59:59,Unplanned,MiraFlex 1,MiraFlex 1,B,15:00:00,23:00:00,544,0,LDPE (400)
1643,2024-03-20T17:07:16.000Z,2024-03-20T17:08:16.000Z,60,495699,Completed,03/20/2024 15:00:15,03/20/2024 22:59:59,Unplanned,MiraFlex 1,MiraFlex 1,B,15:00:00,23:00:00,544,0,LDPE (400)
1644,2024-03-20T17:15:16.000Z,2024-03-20T17:32:16.000Z,1020,495723,Completed,03/20/2024 15:00:15,03/20/2024 22:59:59,Unplanned,MiraFlex 1,MiraFlex 1,B,15:00:00,23:00:00,544,0,LDPE (400)
1645,2024-03-20T17:32:36.000Z,2024-03-20T17:37:56.000Z,320,495773,Completed,03/20/2024 15:00:15,03/20/2024 22:59:59,Unplanned,MiraFlex 1,MiraFlex 1,B,15:00:00,23:00:00,544,0,LDPE (400)
1646,2024-03-20T17:44:56.000Z,2024-03-20T17:51:16.000Z,380,495810,Completed,03/20/2024 15:00:15,03/20/2024 22:59:59,Unplanned,MiraFlex 1,MiraFlex 1,B,15:00:00,23:00:00,544,0,LDPE (400)
1647,2024-03-20T18:08:56.000Z,2024-03-20T18:17:56.000Z,540,495882,Completed,03/20/2024 15:00:15,03/20/2024 22:59:59,Unplanned,MiraFlex 1,MiraFlex 1,B,15:00:00,23:00:00,544,0,LDPE (400)
1648,2024-03-20T18:23:56.000Z,2024-03-20T18:24:16.000Z,20,495927,Completed,03/20/2024 15:00:15,03/20/2024 22:59:59,Unplanned,MiraFlex 1,MiraFlex 1,B,15:00:00,23:00:00,544,0,LDPE (400)
1649,2024-03-20T18:34:17.000Z,2024-03-20T19:27:17.000Z,3180,495958,Completed,03/20/2024 15:00:15,03/20/2024 22:59:59,Unplanned,MiraFlex 1,MiraFlex 1,B,15:00:00,23:00:00,544,0,LDPE (400)
1650,2024-03-20T19:31:57.000Z,2024-03-20T19:32:57.000Z,60,496131,Completed,03/20/2024 15:00:15,03/20/2024 22:59:59,Unplanned,MiraFlex 1,MiraFlex 1,B,15:00:00,23:00:00,544,0,LDPE (400)
1651,2024-03-20T19:47:17.000Z,2024-03-20T19:48:57.000Z,100,496177,Completed,03/20/2024 15:00:15,03/20/2024 22:59:59,Unplanned,MiraFlex 1,MiraFlex 1,B,15:00:00,23:00:00,544,0,LDPE (400)
1652,2024-03-20T20:32:58.000Z,2024-03-20T20:50:38.000Z,1060,496310,Completed,03/20/2024 15:00:15,03/20/2024 22:59:59,Unplanned,MiraFlex 1,MiraFlex 1,B,15:00:00,23:00:00,544,0,LDPE (400)
1653,2024-03-20T20:59:38.000Z,2024-03-20T21:07:18.000Z,460,496390,Completed,03/20/2024 15:00:15,03/20/2024 22:59:59,Unplanned,MiraFlex 1,MiraFlex 1,B,15:00:00,23:00:00,544,0,LDPE (400)
1654,2024-03-20T21:11:38.000Z,2024-03-20T21:17:38.000Z,360,496425,Completed,03/20/2024 15:00:15,03/20/2024 22:59:59,Unplanned,MiraFlex 1,MiraFlex 1,B,15:00:00,23:00:00,544,0,LDPE (400)
1655,2024-03-20T21:46:58.000Z,2024-03-20T21:48:38.000Z,100,496525,Completed,03/20/2024 15:00:15,03/20/2024 22:59:59,Unplanned,MiraFlex 1,MiraFlex 1,B,15:00:00,23:00:00,544,0,LDPE (400)
1656,2024-03-25T23:00:16.000Z,2024-03-25T23:09:56.000Z,580,501721,Completed,03/25/2024 23:00:16,03/25/2024 23:59:56,Unplanned,MiraFlex 1,MiraFlex 1,C,23:00:00,07:00:00,544,0,LDPE (400)
1657,2024-03-25T23:23:36.000Z,2024-03-25T23:30:16.000Z,400,501791,Completed,03/25/2024 23:00:16,03/25/2024 23:59:56,Unplanned,MiraFlex 1,MiraFlex 1,C,23:00:00,07:00:00,544,0,LDPE (400)
1658,2024-03-25T23:36:16.000Z,2024-03-25T23:58:16.000Z,1320,501829,Completed,03/25/2024 23:00:16,03/25/2024 23:59:56,Unplanned,MiraFlex 1,MiraFlex 1,C,23:00:00,07:00:00,544,0,LDPE (400)
1659,2024-03-26T07:00:00.000Z,2024-03-26T07:23:40.000Z,1420,503160,Completed,03/26/2024 07:00:00,03/26/2024 14:59:44,Unplanned,MiraFlex 1,MiraFlex 1,A,07:00:00,15:00:00,544,0,LDPE (400)
1660,2024-03-26T07:25:20.000Z,2024-03-26T07:30:20.000Z,300,503236,Completed,03/26/2024 07:00:00,03/26/2024 14:59:44,Unplanned,MiraFlex 1,MiraFlex 1,A,07:00:00,15:00:00,544,0,LDPE (400)
1661,2024-03-26T07:32:00.000Z,2024-03-26T07:44:20.000Z,740,503256,Completed,03/26/2024 07:00:00,03/26/2024 14:59:44,Unplanned,MiraFlex 1,MiraFlex 1,A,07:00:00,15:00:00,544,0,LDPE (400)
1662,2024-03-26T07:46:00.000Z,2024-03-26T09:21:41.000Z,5741,503298,Completed,03/26/2024 07:00:00,03/26/2024 14:59:44,Unplanned,MiraFlex 1,MiraFlex 1,A,07:00:00,15:00:00,544,0,LDPE (400)
1663,2024-03-26T09:30:21.000Z,2024-03-26T10:04:41.000Z,2060,503611,Completed,03/26/2024 07:00:00,03/26/2024 14:59:44,Unplanned,MiraFlex 1,MiraFlex 1,A,07:00:00,15:00:00,544,0,LDPE (400)
1664,2024-03-26T10:07:02.000Z,2024-03-26T10:41:42.000Z,2080,503721,Completed,03/26/2024 07:00:00,03/26/2024 14:59:44,Unplanned,MiraFlex 1,MiraFlex 1,A,07:00:00,15:00:00,544,0,LDPE (400)
1665,2024-03-26T10:43:02.000Z,2024-03-26T11:17:42.000Z,2080,503829,Completed,03/26/2024 07:00:00,03/26/2024 14:59:44,Unplanned,MiraFlex 1,MiraFlex 1,A,07:00:00,15:00:00,544,0,LDPE (400)
1666,2024-03-26T11:18:42.000Z,2024-03-26T11:34:42.000Z,960,503936,Completed,03/26/2024 07:00:00,03/26/2024 14:59:44,Unplanned,MiraFlex 1,MiraFlex 1,A,07:00:00,15:00:00,544,0,LDPE (400)
1667,2024-03-26T11:36:02.000Z,2024-03-26T11:46:42.000Z,640,503988,Completed,03/26/2024 07:00:00,03/26/2024 14:59:44,Unplanned,MiraFlex 1,MiraFlex 1,A,07:00:00,15:00:00,544,0,LDPE (400)
1668,2024-03-26T11:51:02.000Z,2024-03-26T12:08:03.000Z,1021,504023,Completed,03/26/2024 07:00:00,03/26/2024 14:59:44,Unplanned,MiraFlex 1,MiraFlex 1,A,07:00:00,15:00:00,544,0,LDPE (400)
1669,2024-03-26T12:18:23.000Z,2024-03-26T12:20:43.000Z,140,504105,Completed,03/26/2024 07:00:00,03/26/2024 14:59:44,Unplanned,MiraFlex 1,MiraFlex 1,A,07:00:00,15:00:00,544,0,LDPE (400)
1670,2024-03-26T12:24:23.000Z,2024-03-26T12:50:03.000Z,1540,504123,Completed,03/26/2024 07:00:00,03/26/2024 14:59:44,Unplanned,MiraFlex 1,MiraFlex 1,A,07:00:00,15:00:00,544,0,LDPE (400)
1671,2024-03-26T13:05:23.000Z,2024-03-26T13:10:23.000Z,300,504246,Completed,03/26/2024 07:00:00,03/26/2024 14:59:44,Unplanned,MiraFlex 1,MiraFlex 1,A,07:00:00,15:00:00,544,0,LDPE (400)
1672,2024-03-26T13:21:43.000Z,2024-03-26T13:23:23.000Z,100,504295,Completed,03/26/2024 07:00:00,03/26/2024 14:59:44,Unplanned,MiraFlex 1,MiraFlex 1,A,07:00:00,15:00:00,544,0,LDPE (400)
1673,2024-03-26T13:53:43.000Z,2024-03-26T13:55:43.000Z,120,504391,Completed,03/26/2024 07:00:00,03/26/2024 14:59:44,Unplanned,MiraFlex 1,MiraFlex 1,A,07:00:00,15:00:00,544,0,LDPE (400)
1674,2024-03-26T14:13:24.000Z,2024-03-26T14:30:44.000Z,1040,504448,Completed,03/26/2024 07:00:00,03/26/2024 14:59:44,Unplanned,MiraFlex 1,MiraFlex 1,A,07:00:00,15:00:00,544,0,LDPE (400)
1675,2024-03-20T00:00:07.000Z,2024-03-20T00:17:07.000Z,1020,492708,Completed,03/20/2024 00:00:07,03/20/2024 23:59:59,Unplanned,MiraFlex 1,MiraFlex 1,C,23:00:00,07:00:00,544,0,LDPE (400)
1676,2024-03-20T00:40:28.000Z,2024-03-20T00:59:48.000Z,1160,492829,Completed,03/20/2024 00:00:07,03/20/2024 23:59:59,Unplanned,MiraFlex 1,MiraFlex 1,C,23:00:00,07:00:00,544,0,LDPE (400)
1677,2024-03-20T01:10:28.000Z,2024-03-20T01:36:28.000Z,1560,492919,Completed,03/20/2024 00:00:07,03/20/2024 23:59:59,Unplanned,MiraFlex 1,MiraFlex 1,C,23:00:00,07:00:00,544,0,LDPE (400)
1678,2024-03-20T01:59:28.000Z,2024-03-20T02:03:28.000Z,240,493064,Completed,03/20/2024 00:00:07,03/20/2024 23:59:59,Unplanned,MiraFlex 1,MiraFlex 1,C,23:00:00,07:00:00,544,0,LDPE (400)
1679,2024-03-20T02:06:48.000Z,2024-03-20T02:07:48.000Z,60,493086,Completed,03/20/2024 00:00:07,03/20/2024 23:59:59,Unplanned,MiraFlex 1,MiraFlex 1,C,23:00:00,07:00:00,544,0,LDPE (400)
1680,2024-03-20T02:25:08.000Z,2024-03-20T02:28:08.000Z,180,493141,Completed,03/20/2024 00:00:07,03/20/2024 23:59:59,Unplanned,MiraFlex 1,MiraFlex 1,C,23:00:00,07:00:00,544,0,LDPE (400)
1681,2024-03-20T02:33:48.000Z,2024-03-20T02:53:09.000Z,1161,493167,Completed,03/20/2024 00:00:07,03/20/2024 23:59:59,Unplanned,MiraFlex 1,MiraFlex 1,C,23:00:00,07:00:00,544,0,LDPE (400)
1682,2024-03-20T03:03:29.000Z,2024-03-20T03:23:29.000Z,1200,493256,Completed,03/20/2024 00:00:07,03/20/2024 23:59:59,Unplanned,MiraFlex 1,MiraFlex 1,C,23:00:00,07:00:00,544,0,LDPE (400)
1683,2024-03-20T03:31:09.000Z,2024-03-20T03:33:49.000Z,160,493339,Completed,03/20/2024 00:00:07,03/20/2024 23:59:59,Unplanned,MiraFlex 1,MiraFlex 1,C,23:00:00,07:00:00,544,0,LDPE (400)
1684,2024-03-20T03:37:09.000Z,2024-03-20T03:39:29.000Z,140,493357,Completed,03/20/2024 00:00:07,03/20/2024 23:59:59,Unplanned,MiraFlex 1,MiraFlex 1,C,23:00:00,07:00:00,544,0,LDPE (400)
1685,2024-03-20T04:02:49.000Z,2024-03-20T04:17:09.000Z,860,493432,Completed,03/20/2024 00:00:07,03/20/2024 23:59:59,Unplanned,MiraFlex 1,MiraFlex 1,C,23:00:00,07:00:00,544,0,LDPE (400)
1686,2024-03-20T04:32:09.000Z,2024-03-20T05:56:10.000Z,5041,493520,Completed,03/20/2024 00:00:07,03/20/2024 23:59:59,Unplanned,MiraFlex 1,MiraFlex 1,C,23:00:00,07:00:00,544,0,LDPE (400)
1687,2024-03-20T05:59:50.000Z,2024-03-20T06:02:50.000Z,180,493783,Completed,03/20/2024 00:00:07,03/20/2024 23:59:59,Unplanned,MiraFlex 1,MiraFlex 1,C,23:00:00,07:00:00,544,0,LDPE (400)
1688,2024-03-20T06:11:10.000Z,2024-03-20T06:11:50.000Z,40,493817,Completed,03/20/2024 00:00:07,03/20/2024 23:59:59,Unplanned,MiraFlex 1,MiraFlex 1,C,23:00:00,07:00:00,544,0,LDPE (400)
1689,2024-03-20T06:19:10.000Z,2024-03-20T06:26:10.000Z,420,493841,Completed,03/20/2024 00:00:07,03/20/2024 23:59:59,Unplanned,MiraFlex 1,MiraFlex 1,C,23:00:00,07:00:00,544,0,LDPE (400)
1690,2024-03-20T06:41:51.000Z,2024-03-20T06:46:31.000Z,280,493907,Completed,03/20/2024 00:00:07,03/20/2024 23:59:59,Unplanned,MiraFlex 1,MiraFlex 1,C,23:00:00,07:00:00,544,0,LDPE (400)
1691,2024-03-20T06:53:31.000Z,2024-03-20T07:23:11.000Z,1780,493942,Completed,03/20/2024 00:00:07,03/20/2024 23:59:59,Unplanned,MiraFlex 1,MiraFlex 1,C,23:00:00,07:00:00,544,0,LDPE (400)
1692,2024-03-20T07:40:11.000Z,2024-03-20T09:12:12.000Z,5521,494080,Completed,03/20/2024 00:00:07,03/20/2024 23:59:59,Unplanned,MiraFlex 1,MiraFlex 1,C,23:00:00,07:00:00,544,0,LDPE (400)
1693,2024-03-20T09:14:52.000Z,2024-03-20T09:18:12.000Z,200,494307,Completed,03/20/2024 00:00:07,03/20/2024 23:59:59,Unplanned,MiraFlex 1,MiraFlex 1,C,23:00:00,07:00:00,544,0,LDPE (400)
1694,2024-03-20T09:25:12.000Z,2024-03-20T09:40:52.000Z,940,494336,Completed,03/20/2024 00:00:07,03/20/2024 23:59:59,Unplanned,MiraFlex 1,MiraFlex 1,C,23:00:00,07:00:00,544,0,LDPE (400)
1695,2024-03-20T09:53:52.000Z,2024-03-20T09:56:32.000Z,160,494422,Completed,03/20/2024 00:00:07,03/20/2024 23:59:59,Unplanned,MiraFlex 1,MiraFlex 1,C,23:00:00,07:00:00,544,0,LDPE (400)
1696,2024-03-20T10:20:12.000Z,2024-03-20T12:25:53.000Z,7541,494499,Completed,03/20/2024 00:00:07,03/20/2024 23:59:59,Unplanned,MiraFlex 1,MiraFlex 1,C,23:00:00,07:00:00,544,0,LDPE (400)
1697,2024-03-20T12:27:33.000Z,2024-03-20T12:37:54.000Z,621,494881,Completed,03/20/2024 00:00:07,03/20/2024 23:59:59,Unplanned,MiraFlex 1,MiraFlex 1,C,23:00:00,07:00:00,544,0,LDPE (400)
1698,2024-03-20T12:38:34.000Z,2024-03-20T12:41:54.000Z,200,494914,Completed,03/20/2024 00:00:07,03/20/2024 23:59:59,Unplanned,MiraFlex 1,MiraFlex 1,C,23:00:00,07:00:00,544,0,LDPE (400)
1699,2024-03-20T12:48:54.000Z,2024-03-20T12:56:14.000Z,440,494943,Completed,03/20/2024 00:00:07,03/20/2024 23:59:59,Unplanned,MiraFlex 1,MiraFlex 1,C,23:00:00,07:00:00,544,0,LDPE (400)
1700,2024-03-20T12:57:14.000Z,2024-03-20T12:57:34.000Z,20,494968,Completed,03/20/2024 00:00:07,03/20/2024 23:59:59,Unplanned,MiraFlex 1,MiraFlex 1,C,23:00:00,07:00:00,544,0,LDPE (400)
1701,2024-03-20T12:58:14.000Z,2024-03-20T13:08:14.000Z,600,494971,Completed,03/20/2024 00:00:07,03/20/2024 23:59:59,Unplanned,MiraFlex 1,MiraFlex 1,C,23:00:00,07:00:00,544,0,LDPE (400)
1702,2024-03-20T13:13:14.000Z,2024-03-20T13:19:14.000Z,360,495016,Completed,03/20/2024 00:00:07,03/20/2024 23:59:59,Unplanned,MiraFlex 1,MiraFlex 1,C,23:00:00,07:00:00,544,0,LDPE (400)
1703,2024-03-20T13:28:54.000Z,2024-03-20T13:39:54.000Z,660,495061,Completed,03/20/2024 00:00:07,03/20/2024 23:59:59,Unplanned,MiraFlex 1,MiraFlex 1,C,23:00:00,07:00:00,544,0,LDPE (400)
1704,2024-03-20T13:41:14.000Z,2024-03-20T13:44:14.000Z,180,495098,Completed,03/20/2024 00:00:07,03/20/2024 23:59:59,Unplanned,MiraFlex 1,MiraFlex 1,C,23:00:00,07:00:00,544,0,LDPE (400)
1705,2024-03-20T13:52:34.000Z,2024-03-20T14:01:34.000Z,540,495132,Completed,03/20/2024 00:00:07,03/20/2024 23:59:59,Unplanned,MiraFlex 1,MiraFlex 1,C,23:00:00,07:00:00,544,0,LDPE (400)
1706,2024-03-20T14:08:14.000Z,2024-03-20T17:06:56.000Z,10722,495179,Completed,03/20/2024 00:00:07,03/20/2024 23:59:59,Unplanned,MiraFlex 1,MiraFlex 1,C,23:00:00,07:00:00,544,0,LDPE (400)
1707,2024-03-20T17:07:16.000Z,2024-03-20T17:08:16.000Z,60,495699,Completed,03/20/2024 00:00:07,03/20/2024 23:59:59,Unplanned,MiraFlex 1,MiraFlex 1,C,23:00:00,07:00:00,544,0,LDPE (400)
1708,2024-03-20T17:15:16.000Z,2024-03-20T17:32:16.000Z,1020,495723,Completed,03/20/2024 00:00:07,03/20/2024 23:59:59,Unplanned,MiraFlex 1,MiraFlex 1,C,23:00:00,07:00:00,544,0,LDPE (400)
1709,2024-03-20T17:32:36.000Z,2024-03-20T17:37:56.000Z,320,495773,Completed,03/20/2024 00:00:07,03/20/2024 23:59:59,Unplanned,MiraFlex 1,MiraFlex 1,C,23:00:00,07:00:00,544,0,LDPE (400)
1710,2024-03-20T17:44:56.000Z,2024-03-20T17:51:16.000Z,380,495810,Completed,03/20/2024 00:00:07,03/20/2024 23:59:59,Unplanned,MiraFlex 1,MiraFlex 1,C,23:00:00,07:00:00,544,0,LDPE (400)
1711,2024-03-20T18:08:56.000Z,2024-03-20T18:17:56.000Z,540,495882,Completed,03/20/2024 00:00:07,03/20/2024 23:59:59,Unplanned,MiraFlex 1,MiraFlex 1,C,23:00:00,07:00:00,544,0,LDPE (400)
1712,2024-03-20T18:23:56.000Z,2024-03-20T18:24:16.000Z,20,495927,Completed,03/20/2024 00:00:07,03/20/2024 23:59:59,Unplanned,MiraFlex 1,MiraFlex 1,C,23:00:00,07:00:00,544,0,LDPE (400)
1713,2024-03-20T18:34:17.000Z,2024-03-20T19:27:17.000Z,3180,495958,Completed,03/20/2024 00:00:07,03/20/2024 23:59:59,Unplanned,MiraFlex 1,MiraFlex 1,C,23:00:00,07:00:00,544,0,LDPE (400)
1714,2024-03-20T19:31:57.000Z,2024-03-20T19:32:57.000Z,60,496131,Completed,03/20/2024 00:00:07,03/20/2024 23:59:59,Unplanned,MiraFlex 1,MiraFlex 1,C,23:00:00,07:00:00,544,0,LDPE (400)
1715,2024-03-20T19:47:17.000Z,2024-03-20T19:48:57.000Z,100,496177,Completed,03/20/2024 00:00:07,03/20/2024 23:59:59,Unplanned,MiraFlex 1,MiraFlex 1,C,23:00:00,07:00:00,544,0,LDPE (400)
1716,2024-03-20T20:32:58.000Z,2024-03-20T20:50:38.000Z,1060,496310,Completed,03/20/2024 00:00:07,03/20/2024 23:59:59,Unplanned,MiraFlex 1,MiraFlex 1,C,23:00:00,07:00:00,544,0,LDPE (400)
1717,2024-03-20T20:59:38.000Z,2024-03-20T21:07:18.000Z,460,496390,Completed,03/20/2024 00:00:07,03/20/2024 23:59:59,Unplanned,MiraFlex 1,MiraFlex 1,C,23:00:00,07:00:00,544,0,LDPE (400)
1718,2024-03-20T21:11:38.000Z,2024-03-20T21:17:38.000Z,360,496425,Completed,03/20/2024 00:00:07,03/20/2024 23:59:59,Unplanned,MiraFlex 1,MiraFlex 1,C,23:00:00,07:00:00,544,0,LDPE (400)
1719,2024-03-20T21:46:58.000Z,2024-03-20T21:48:38.000Z,100,496525,Completed,03/20/2024 00:00:07,03/20/2024 23:59:59,Unplanned,MiraFlex 1,MiraFlex 1,C,23:00:00,07:00:00,544,0,LDPE (400)
1720,2024-03-20T22:40:39.000Z,2024-03-20T23:24:19.000Z,2620,496686,Completed,03/20/2024 00:00:07,03/20/2024 23:59:59,Unplanned,MiraFlex 1,MiraFlex 1,C,23:00:00,07:00:00,544,0,LDPE (400)
1721,2024-03-27T07:00:12.000Z,2024-03-27T08:03:33.000Z,3801,507448,Completed,03/27/2024 07:00:12,03/27/2024 14:59:56,Unplanned,MiraFlex 1,MiraFlex 1,A,07:00:00,15:00:00,544,0,LDPE (400)
1722,2024-03-27T08:17:13.000Z,2024-03-27T08:49:33.000Z,1940,507676,Completed,03/27/2024 07:00:12,03/27/2024 14:59:56,Unplanned,MiraFlex 1,MiraFlex 1,A,07:00:00,15:00:00,544,0,LDPE (400)
1723,2024-03-27T08:51:13.000Z,2024-03-27T09:15:13.000Z,1440,507778,Completed,03/27/2024 07:00:12,03/27/2024 14:59:56,Unplanned,MiraFlex 1,MiraFlex 1,A,07:00:00,15:00:00,544,0,LDPE (400)
1724,2024-03-27T09:28:33.000Z,2024-03-27T09:50:34.000Z,1321,507888,Completed,03/27/2024 07:00:12,03/27/2024 14:59:56,Unplanned,MiraFlex 1,MiraFlex 1,A,07:00:00,15:00:00,544,0,LDPE (400)
1725,2024-03-27T10:32:14.000Z,2024-03-27T11:13:14.000Z,2460,508075,Completed,03/27/2024 07:00:12,03/27/2024 14:59:56,Unplanned,MiraFlex 1,MiraFlex 1,A,07:00:00,15:00:00,544,0,LDPE (400)
1726,2024-03-27T11:44:35.000Z,2024-03-27T12:00:55.000Z,980,508288,Completed,03/27/2024 07:00:12,03/27/2024 14:59:56,Unplanned,MiraFlex 1,MiraFlex 1,A,07:00:00,15:00:00,544,0,LDPE (400)
1727,2024-03-27T12:10:35.000Z,2024-03-27T13:34:35.000Z,5040,508339,Completed,03/27/2024 07:00:12,03/27/2024 14:59:56,Unplanned,MiraFlex 1,MiraFlex 1,A,07:00:00,15:00:00,544,0,LDPE (400)
1728,2024-03-27T14:03:16.000Z,2024-03-27T14:20:16.000Z,1020,508648,Completed,03/27/2024 07:00:12,03/27/2024 14:59:56,Unplanned,MiraFlex 1,MiraFlex 1,A,07:00:00,15:00:00,544,0,LDPE (400)
1729,2024-03-27T15:00:16.000Z,2024-03-27T15:09:16.000Z,540,508819,Completed,03/27/2024 15:00:16,03/27/2024 22:59:40,Unplanned,MiraFlex 1,MiraFlex 1,B,15:00:00,23:00:00,544,0,LDPE (400)
1730,2024-03-27T15:27:16.000Z,2024-03-27T15:30:56.000Z,220,508900,Completed,03/27/2024 15:00:16,03/27/2024 22:59:40,Unplanned,MiraFlex 1,MiraFlex 1,B,15:00:00,23:00:00,544,0,LDPE (400)
1731,2024-03-27T15:43:57.000Z,2024-03-27T15:54:17.000Z,620,508950,Completed,03/27/2024 15:00:16,03/27/2024 22:59:40,Unplanned,MiraFlex 1,MiraFlex 1,B,15:00:00,23:00:00,544,0,LDPE (400)
1732,2024-03-27T16:41:37.000Z,2024-03-27T16:47:37.000Z,360,509121,Completed,03/27/2024 15:00:16,03/27/2024 22:59:40,Unplanned,MiraFlex 1,MiraFlex 1,B,15:00:00,23:00:00,544,0,LDPE (400)
1733,2024-03-27T17:17:57.000Z,2024-03-27T17:29:37.000Z,700,509230,Completed,03/27/2024 15:00:16,03/27/2024 22:59:40,Unplanned,MiraFlex 1,MiraFlex 1,B,15:00:00,23:00:00,544,0,LDPE (400)
1734,2024-03-27T17:45:38.000Z,2024-03-27T19:33:58.000Z,6500,509313,Completed,03/27/2024 15:00:16,03/27/2024 22:59:40,Unplanned,MiraFlex 1,MiraFlex 1,B,15:00:00,23:00:00,544,0,LDPE (400)
1735,2024-03-27T19:44:39.000Z,2024-03-27T19:46:39.000Z,120,509670,Completed,03/27/2024 15:00:16,03/27/2024 22:59:40,Unplanned,MiraFlex 1,MiraFlex 1,B,15:00:00,23:00:00,544,0,LDPE (400)
1736,2024-03-27T20:48:19.000Z,2024-03-27T21:11:39.000Z,1400,509854,Completed,03/27/2024 15:00:16,03/27/2024 22:59:40,Unplanned,MiraFlex 1,MiraFlex 1,B,15:00:00,23:00:00,544,0,LDPE (400)
1737,2024-03-27T21:12:19.000Z,2024-03-27T21:13:39.000Z,80,509926,Completed,03/27/2024 15:00:16,03/27/2024 22:59:40,Unplanned,MiraFlex 1,MiraFlex 1,B,15:00:00,23:00:00,544,0,LDPE (400)
1738,2024-03-27T21:45:20.000Z,2024-03-27T22:05:40.000Z,1220,510025,Completed,03/27/2024 15:00:16,03/27/2024 22:59:40,Unplanned,MiraFlex 1,MiraFlex 1,B,15:00:00,23:00:00,544,0,LDPE (400)
1739,2024-03-26T15:07:44.000Z,2024-03-26T15:11:24.000Z,220,504609,Completed,03/26/2024 15:00:04,03/26/2024 22:59:48,Unplanned,MiraFlex 1,MiraFlex 1,B,15:00:00,23:00:00,544,0,LDPE (400)
1740,2024-03-26T15:46:24.000Z,2024-03-26T15:48:44.000Z,140,504725,Completed,03/26/2024 15:00:04,03/26/2024 22:59:48,Unplanned,MiraFlex 1,MiraFlex 1,B,15:00:00,23:00:00,544,0,LDPE (400)
1741,2024-03-26T16:26:45.000Z,2024-03-26T16:54:45.000Z,1680,504844,Completed,03/26/2024 15:00:04,03/26/2024 22:59:48,Unplanned,MiraFlex 1,MiraFlex 1,B,15:00:00,23:00:00,544,0,LDPE (400)
1742,2024-03-26T17:40:25.000Z,2024-03-26T18:13:46.000Z,2001,505063,Completed,03/26/2024 15:00:04,03/26/2024 22:59:48,Unplanned,MiraFlex 1,MiraFlex 1,B,15:00:00,23:00:00,544,0,LDPE (400)
1743,2024-03-26T18:26:26.000Z,2024-03-26T18:35:26.000Z,540,505197,Completed,03/26/2024 15:00:04,03/26/2024 22:59:48,Unplanned,MiraFlex 1,MiraFlex 1,B,15:00:00,23:00:00,544,0,LDPE (400)
1744,2024-03-26T18:38:26.000Z,2024-03-26T19:04:26.000Z,1560,505233,Completed,03/26/2024 15:00:04,03/26/2024 22:59:48,Unplanned,MiraFlex 1,MiraFlex 1,B,15:00:00,23:00:00,544,0,LDPE (400)
1745,2024-03-26T19:13:06.000Z,2024-03-26T19:57:07.000Z,2641,505337,Completed,03/26/2024 15:00:04,03/26/2024 22:59:48,Unplanned,MiraFlex 1,MiraFlex 1,B,15:00:00,23:00:00,544,0,LDPE (400)
1746,2024-03-26T20:07:47.000Z,2024-03-26T20:51:27.000Z,2620,505501,Completed,03/26/2024 15:00:04,03/26/2024 22:59:48,Unplanned,MiraFlex 1,MiraFlex 1,B,15:00:00,23:00:00,544,0,LDPE (400)
1747,2024-03-26T20:53:27.000Z,2024-03-26T21:37:27.000Z,2640,505638,Completed,03/26/2024 15:00:04,03/26/2024 22:59:48,Unplanned,MiraFlex 1,MiraFlex 1,B,15:00:00,23:00:00,544,0,LDPE (400)
1748,2024-03-28T07:00:04.000Z,2024-03-28T07:24:45.000Z,1481,511677,Completed,03/28/2024 07:00:04,03/28/2024 14:59:48,Unplanned,MiraFlex 1,MiraFlex 1,A,07:00:00,15:00:00,544,0,LDPE (400)
1749,2024-03-28T07:48:45.000Z,2024-03-28T08:42:45.000Z,3240,511819,Completed,03/28/2024 07:00:04,03/28/2024 14:59:48,Unplanned,MiraFlex 1,MiraFlex 1,A,07:00:00,15:00:00,544,0,LDPE (400)
1750,2024-03-28T08:46:25.000Z,2024-03-28T08:55:25.000Z,540,511992,Completed,03/28/2024 07:00:04,03/28/2024 14:59:48,Unplanned,MiraFlex 1,MiraFlex 1,A,07:00:00,15:00:00,544,0,LDPE (400)
1751,2024-03-28T08:55:45.000Z,2024-03-28T08:57:25.000Z,100,512020,Completed,03/28/2024 07:00:04,03/28/2024 14:59:48,Unplanned,MiraFlex 1,MiraFlex 1,A,07:00:00,15:00:00,544,0,LDPE (400)
1752,2024-03-28T09:03:05.000Z,2024-03-28T09:23:26.000Z,1221,512042,Completed,03/28/2024 07:00:04,03/28/2024 14:59:48,Unplanned,MiraFlex 1,MiraFlex 1,A,07:00:00,15:00:00,544,0,LDPE (400)
1753,2024-03-28T09:24:06.000Z,2024-03-28T09:41:26.000Z,1040,512105,Completed,03/28/2024 07:00:04,03/28/2024 14:59:48,Unplanned,MiraFlex 1,MiraFlex 1,A,07:00:00,15:00:00,544,0,LDPE (400)
1754,2024-03-28T09:42:26.000Z,2024-03-28T10:16:26.000Z,2040,512160,Completed,03/28/2024 07:00:04,03/28/2024 14:59:48,Unplanned,MiraFlex 1,MiraFlex 1,A,07:00:00,15:00:00,544,0,LDPE (400)
1755,2024-03-28T10:16:46.000Z,2024-03-28T10:25:46.000Z,540,512263,Completed,03/28/2024 07:00:04,03/28/2024 14:59:48,Unplanned,MiraFlex 1,MiraFlex 1,A,07:00:00,15:00:00,544,0,LDPE (400)
1756,2024-03-28T10:26:46.000Z,2024-03-28T10:42:06.000Z,920,512293,Completed,03/28/2024 07:00:04,03/28/2024 14:59:48,Unplanned,MiraFlex 1,MiraFlex 1,A,07:00:00,15:00:00,544,0,LDPE (400)
1757,2024-03-28T10:43:26.000Z,2024-03-28T11:32:27.000Z,2941,512343,Completed,03/28/2024 07:00:04,03/28/2024 14:59:48,Unplanned,MiraFlex 1,MiraFlex 1,A,07:00:00,15:00:00,544,0,LDPE (400)
1758,2024-03-28T11:46:47.000Z,2024-03-28T12:08:27.000Z,1300,512533,Completed,03/28/2024 07:00:04,03/28/2024 14:59:48,Unplanned,MiraFlex 1,MiraFlex 1,A,07:00:00,15:00:00,544,0,LDPE (400)
1759,2024-03-28T12:13:47.000Z,2024-03-28T12:22:07.000Z,500,512612,Completed,03/28/2024 07:00:04,03/28/2024 14:59:48,Unplanned,MiraFlex 1,MiraFlex 1,A,07:00:00,15:00:00,544,0,LDPE (400)
1760,2024-03-28T12:22:27.000Z,2024-03-28T12:25:07.000Z,160,512636,Completed,03/28/2024 07:00:04,03/28/2024 14:59:48,Unplanned,MiraFlex 1,MiraFlex 1,A,07:00:00,15:00:00,544,0,LDPE (400)
1761,2024-03-28T12:29:07.000Z,2024-03-28T12:38:47.000Z,580,512656,Completed,03/28/2024 07:00:04,03/28/2024 14:59:48,Unplanned,MiraFlex 1,MiraFlex 1,A,07:00:00,15:00:00,544,0,LDPE (400)
1762,2024-03-28T12:50:07.000Z,2024-03-28T13:05:07.000Z,900,512717,Completed,03/28/2024 07:00:04,03/28/2024 14:59:48,Unplanned,MiraFlex 1,MiraFlex 1,A,07:00:00,15:00:00,544,0,LDPE (400)
1763,2024-03-28T15:00:08.000Z,2024-03-28T15:24:49.000Z,1481,513074,Completed,03/28/2024 15:00:08,03/28/2024 22:59:52,Unplanned,MiraFlex 1,MiraFlex 1,B,15:00:00,23:00:00,544,0,LDPE (400)
1764,2024-03-28T15:41:29.000Z,2024-03-28T16:02:09.000Z,1240,513194,Completed,03/28/2024 15:00:08,03/28/2024 22:59:52,Unplanned,MiraFlex 1,MiraFlex 1,B,15:00:00,23:00:00,544,0,LDPE (400)
1765,2024-03-28T16:31:09.000Z,2024-03-28T16:33:09.000Z,120,513336,Completed,03/28/2024 15:00:08,03/28/2024 22:59:52,Unplanned,MiraFlex 1,MiraFlex 1,B,15:00:00,23:00:00,544,0,LDPE (400)
1766,2024-03-28T16:40:09.000Z,2024-03-28T17:00:09.000Z,1200,513361,Completed,03/28/2024 15:00:08,03/28/2024 22:59:52,Unplanned,MiraFlex 1,MiraFlex 1,B,15:00:00,23:00:00,544,0,LDPE (400)
1767,2024-03-28T17:09:29.000Z,2024-03-28T17:13:09.000Z,220,513438,Completed,03/28/2024 15:00:08,03/28/2024 22:59:52,Unplanned,MiraFlex 1,MiraFlex 1,B,15:00:00,23:00:00,544,0,LDPE (400)
1768,2024-03-28T18:01:50.000Z,2024-03-28T18:31:50.000Z,1800,513582,Completed,03/28/2024 15:00:08,03/28/2024 22:59:52,Unplanned,MiraFlex 1,MiraFlex 1,B,15:00:00,23:00:00,544,0,LDPE (400)
1769,2024-03-28T18:44:10.000Z,2024-03-28T19:34:31.000Z,3021,513696,Completed,03/28/2024 15:00:08,03/28/2024 22:59:52,Unplanned,MiraFlex 1,MiraFlex 1,B,15:00:00,23:00:00,544,0,LDPE (400)
1770,2024-03-28T20:19:11.000Z,2024-03-28T21:15:12.000Z,3361,513951,Completed,03/28/2024 15:00:08,03/28/2024 22:59:52,Unplanned,MiraFlex 1,MiraFlex 1,B,15:00:00,23:00:00,544,0,LDPE (400)
1771,2024-03-28T22:00:32.000Z,2024-03-28T22:38:52.000Z,2300,514234,Completed,03/28/2024 15:00:08,03/28/2024 22:59:52,Unplanned,MiraFlex 1,MiraFlex 1,B,15:00:00,23:00:00,544,0,LDPE (400)
1772,2024-03-27T00:07:49.000Z,2024-03-27T00:30:09.000Z,1340,506219,Completed,03/27/2024 00:00:09,03/27/2024 23:59:41,Unplanned,MiraFlex 1,MiraFlex 1,C,23:00:00,07:00:00,544,0,LDPE (400)
1773,2024-03-27T00:30:49.000Z,2024-03-27T00:39:09.000Z,500,506288,Completed,03/27/2024 00:00:09,03/27/2024 23:59:41,Unplanned,MiraFlex 1,MiraFlex 1,C,23:00:00,07:00:00,544,0,LDPE (400)
1774,2024-03-27T00:40:09.000Z,2024-03-27T00:45:29.000Z,320,506316,Completed,03/27/2024 00:00:09,03/27/2024 23:59:41,Unplanned,MiraFlex 1,MiraFlex 1,C,23:00:00,07:00:00,544,0,LDPE (400)
1775,2024-03-27T00:46:29.000Z,2024-03-27T00:57:09.000Z,640,506335,Completed,03/27/2024 00:00:09,03/27/2024 23:59:41,Unplanned,MiraFlex 1,MiraFlex 1,C,23:00:00,07:00:00,544,0,LDPE (400)
1776,2024-03-27T00:57:49.000Z,2024-03-27T01:04:49.000Z,420,506369,Completed,03/27/2024 00:00:09,03/27/2024 23:59:41,Unplanned,MiraFlex 1,MiraFlex 1,C,23:00:00,07:00:00,544,0,LDPE (400)
1777,2024-03-27T01:34:29.000Z,2024-03-27T02:28:50.000Z,3261,506479,Completed,03/27/2024 00:00:09,03/27/2024 23:59:41,Unplanned,MiraFlex 1,MiraFlex 1,C,23:00:00,07:00:00,544,0,LDPE (400)
1778,2024-03-27T02:42:30.000Z,2024-03-27T02:42:50.000Z,20,506683,Completed,03/27/2024 00:00:09,03/27/2024 23:59:41,Unplanned,MiraFlex 1,MiraFlex 1,C,23:00:00,07:00:00,544,0,LDPE (400)
1779,2024-03-27T02:44:50.000Z,2024-03-27T03:28:10.000Z,2600,506690,Completed,03/27/2024 00:00:09,03/27/2024 23:59:41,Unplanned,MiraFlex 1,MiraFlex 1,C,23:00:00,07:00:00,544,0,LDPE (400)
1780,2024-03-27T03:30:10.000Z,2024-03-27T03:30:30.000Z,20,506826,Completed,03/27/2024 00:00:09,03/27/2024 23:59:41,Unplanned,MiraFlex 1,MiraFlex 1,C,23:00:00,07:00:00,544,0,LDPE (400)
1781,2024-03-27T03:36:10.000Z,2024-03-27T03:43:50.000Z,460,506842,Completed,03/27/2024 00:00:09,03/27/2024 23:59:41,Unplanned,MiraFlex 1,MiraFlex 1,C,23:00:00,07:00:00,544,0,LDPE (400)
1782,2024-03-27T03:44:50.000Z,2024-03-27T03:50:31.000Z,341,506868,Completed,03/27/2024 00:00:09,03/27/2024 23:59:41,Unplanned,MiraFlex 1,MiraFlex 1,C,23:00:00,07:00:00,544,0,LDPE (400)
1783,2024-03-27T04:22:31.000Z,2024-03-27T04:33:31.000Z,660,506981,Completed,03/27/2024 00:00:09,03/27/2024 23:59:41,Unplanned,MiraFlex 1,MiraFlex 1,C,23:00:00,07:00:00,544,0,LDPE (400)
1784,2024-03-27T04:33:51.000Z,2024-03-27T05:06:51.000Z,1980,507015,Completed,03/27/2024 00:00:09,03/27/2024 23:59:41,Unplanned,MiraFlex 1,MiraFlex 1,C,23:00:00,07:00:00,544,0,LDPE (400)
1785,2024-03-27T05:49:52.000Z,2024-03-27T06:13:52.000Z,1440,507241,Completed,03/27/2024 00:00:09,03/27/2024 23:59:41,Unplanned,MiraFlex 1,MiraFlex 1,C,23:00:00,07:00:00,544,0,LDPE (400)
1786,2024-03-27T06:44:32.000Z,2024-03-27T06:52:32.000Z,480,507401,Completed,03/27/2024 00:00:09,03/27/2024 23:59:41,Unplanned,MiraFlex 1,MiraFlex 1,C,23:00:00,07:00:00,544,0,LDPE (400)
1787,2024-03-27T06:57:12.000Z,2024-03-27T08:03:33.000Z,3981,507439,Completed,03/27/2024 00:00:09,03/27/2024 23:59:41,Unplanned,MiraFlex 1,MiraFlex 1,C,23:00:00,07:00:00,544,0,LDPE (400)
1788,2024-03-27T08:17:13.000Z,2024-03-27T08:49:33.000Z,1940,507676,Completed,03/27/2024 00:00:09,03/27/2024 23:59:41,Unplanned,MiraFlex 1,MiraFlex 1,C,23:00:00,07:00:00,544,0,LDPE (400)
1789,2024-03-27T08:51:13.000Z,2024-03-27T09:15:13.000Z,1440,507778,Completed,03/27/2024 00:00:09,03/27/2024 23:59:41,Unplanned,MiraFlex 1,MiraFlex 1,C,23:00:00,07:00:00,544,0,LDPE (400)
1790,2024-03-27T09:28:33.000Z,2024-03-27T09:50:34.000Z,1321,507888,Completed,03/27/2024 00:00:09,03/27/2024 23:59:41,Unplanned,MiraFlex 1,MiraFlex 1,C,23:00:00,07:00:00,544,0,LDPE (400)
1791,2024-03-27T10:32:14.000Z,2024-03-27T11:13:14.000Z,2460,508075,Completed,03/27/2024 00:00:09,03/27/2024 23:59:41,Unplanned,MiraFlex 1,MiraFlex 1,C,23:00:00,07:00:00,544,0,LDPE (400)
1792,2024-03-27T11:44:35.000Z,2024-03-27T12:00:55.000Z,980,508288,Completed,03/27/2024 00:00:09,03/27/2024 23:59:41,Unplanned,MiraFlex 1,MiraFlex 1,C,23:00:00,07:00:00,544,0,LDPE (400)
1793,2024-03-27T12:10:35.000Z,2024-03-27T13:34:35.000Z,5040,508339,Completed,03/27/2024 00:00:09,03/27/2024 23:59:41,Unplanned,MiraFlex 1,MiraFlex 1,C,23:00:00,07:00:00,544,0,LDPE (400)
1794,2024-03-27T14:03:16.000Z,2024-03-27T14:20:16.000Z,1020,508648,Completed,03/27/2024 00:00:09,03/27/2024 23:59:41,Unplanned,MiraFlex 1,MiraFlex 1,C,23:00:00,07:00:00,544,0,LDPE (400)
1795,2024-03-27T14:52:16.000Z,2024-03-27T15:09:16.000Z,1020,508795,Completed,03/27/2024 00:00:09,03/27/2024 23:59:41,Unplanned,MiraFlex 1,MiraFlex 1,C,23:00:00,07:00:00,544,0,LDPE (400)
1796,2024-03-27T15:27:16.000Z,2024-03-27T15:30:56.000Z,220,508900,Completed,03/27/2024 00:00:09,03/27/2024 23:59:41,Unplanned,MiraFlex 1,MiraFlex 1,C,23:00:00,07:00:00,544,0,LDPE (400)
1797,2024-03-27T15:43:57.000Z,2024-03-27T15:54:17.000Z,620,508950,Completed,03/27/2024 00:00:09,03/27/2024 23:59:41,Unplanned,MiraFlex 1,MiraFlex 1,C,23:00:00,07:00:00,544,0,LDPE (400)
1798,2024-03-27T16:41:37.000Z,2024-03-27T16:47:37.000Z,360,509121,Completed,03/27/2024 00:00:09,03/27/2024 23:59:41,Unplanned,MiraFlex 1,MiraFlex 1,C,23:00:00,07:00:00,544,0,LDPE (400)
1799,2024-03-27T17:17:57.000Z,2024-03-27T17:29:37.000Z,700,509230,Completed,03/27/2024 00:00:09,03/27/2024 23:59:41,Unplanned,MiraFlex 1,MiraFlex 1,C,23:00:00,07:00:00,544,0,LDPE (400)
1800,2024-03-27T17:45:38.000Z,2024-03-27T19:33:58.000Z,6500,509313,Completed,03/27/2024 00:00:09,03/27/2024 23:59:41,Unplanned,MiraFlex 1,MiraFlex 1,C,23:00:00,07:00:00,544,0,LDPE (400)
1801,2024-03-27T19:44:39.000Z,2024-03-27T19:46:39.000Z,120,509670,Completed,03/27/2024 00:00:09,03/27/2024 23:59:41,Unplanned,MiraFlex 1,MiraFlex 1,C,23:00:00,07:00:00,544,0,LDPE (400)
1802,2024-03-27T20:48:19.000Z,2024-03-27T21:11:39.000Z,1400,509854,Completed,03/27/2024 00:00:09,03/27/2024 23:59:41,Unplanned,MiraFlex 1,MiraFlex 1,C,23:00:00,07:00:00,544,0,LDPE (400)
1803,2024-03-27T21:12:19.000Z,2024-03-27T21:13:39.000Z,80,509926,Completed,03/27/2024 00:00:09,03/27/2024 23:59:41,Unplanned,MiraFlex 1,MiraFlex 1,C,23:00:00,07:00:00,544,0,LDPE (400)
1804,2024-03-27T21:45:20.000Z,2024-03-27T22:05:40.000Z,1220,510025,Completed,03/27/2024 00:00:09,03/27/2024 23:59:41,Unplanned,MiraFlex 1,MiraFlex 1,C,23:00:00,07:00:00,544,0,LDPE (400)
1805,2024-03-27T22:52:40.000Z,2024-03-27T23:10:00.000Z,1040,510227,Completed,03/27/2024 00:00:09,03/27/2024 23:59:41,Unplanned,MiraFlex 1,MiraFlex 1,C,23:00:00,07:00:00,544,0,LDPE (400)
1806,2024-03-27T23:43:41.000Z,2024-03-27T23:51:01.000Z,440,510378,Completed,03/27/2024 00:00:09,03/27/2024 23:59:41,Unplanned,MiraFlex 1,MiraFlex 1,C,23:00:00,07:00:00,544,0,LDPE (400)
1807,2024-03-29T15:41:01.000Z,2024-03-29T15:48:41.000Z,460,517360,Completed,03/29/2024 15:00:21,03/29/2024 22:59:25,Unplanned,MiraFlex 1,MiraFlex 1,B,15:00:00,23:00:00,544,0,LDPE (400)
1808,2024-03-29T16:09:01.000Z,2024-03-29T16:22:01.000Z,780,517443,Completed,03/29/2024 15:00:21,03/29/2024 22:59:25,Unplanned,MiraFlex 1,MiraFlex 1,B,15:00:00,23:00:00,544,0,LDPE (400)
1809,2024-03-29T16:57:42.000Z,2024-03-29T17:04:22.000Z,400,517584,Completed,03/29/2024 15:00:21,03/29/2024 22:59:25,Unplanned,MiraFlex 1,MiraFlex 1,B,15:00:00,23:00:00,544,0,LDPE (400)
1810,2024-03-29T17:15:42.000Z,2024-03-29T17:32:42.000Z,1020,517637,Completed,03/29/2024 15:00:21,03/29/2024 22:59:25,Unplanned,MiraFlex 1,MiraFlex 1,B,15:00:00,23:00:00,544,0,LDPE (400)
1811,2024-03-29T17:41:42.000Z,2024-03-29T17:47:02.000Z,320,517714,Completed,03/29/2024 15:00:21,03/29/2024 22:59:25,Unplanned,MiraFlex 1,MiraFlex 1,B,15:00:00,23:00:00,544,0,LDPE (400)
1812,2024-03-29T18:24:42.000Z,2024-03-29T18:29:02.000Z,260,517835,Completed,03/29/2024 15:00:21,03/29/2024 22:59:25,Unplanned,MiraFlex 1,MiraFlex 1,B,15:00:00,23:00:00,544,0,LDPE (400)
1813,2024-03-29T18:31:02.000Z,2024-03-29T18:33:02.000Z,120,517851,Completed,03/29/2024 15:00:21,03/29/2024 22:59:25,Unplanned,MiraFlex 1,MiraFlex 1,B,15:00:00,23:00:00,544,0,LDPE (400)
1814,2024-03-29T18:44:02.000Z,2024-03-29T19:36:03.000Z,3121,517889,Completed,03/29/2024 15:00:21,03/29/2024 22:59:25,Unplanned,MiraFlex 1,MiraFlex 1,B,15:00:00,23:00:00,544,0,LDPE (400)
1815,2024-03-29T20:18:43.000Z,2024-03-29T20:21:43.000Z,180,518154,Completed,03/29/2024 15:00:21,03/29/2024 22:59:25,Unplanned,MiraFlex 1,MiraFlex 1,B,15:00:00,23:00:00,544,0,LDPE (400)
1816,2024-03-29T20:53:04.000Z,2024-03-29T21:13:24.000Z,1220,518251,Completed,03/29/2024 15:00:21,03/29/2024 22:59:25,Unplanned,MiraFlex 1,MiraFlex 1,B,15:00:00,23:00:00,544,0,LDPE (400)
1817,2024-03-29T21:13:44.000Z,2024-03-29T21:15:44.000Z,120,518310,Completed,03/29/2024 15:00:21,03/29/2024 22:59:25,Unplanned,MiraFlex 1,MiraFlex 1,B,15:00:00,23:00:00,544,0,LDPE (400)
1818,2024-03-29T21:44:24.000Z,2024-03-29T21:47:04.000Z,160,518401,Completed,03/29/2024 15:00:21,03/29/2024 22:59:25,Unplanned,MiraFlex 1,MiraFlex 1,B,15:00:00,23:00:00,544,0,LDPE (400)
1819,2024-03-29T22:22:24.000Z,2024-03-29T22:53:05.000Z,1841,518510,Completed,03/29/2024 15:00:21,03/29/2024 22:59:25,Unplanned,MiraFlex 1,MiraFlex 1,B,15:00:00,23:00:00,544,0,LDPE (400)
1820,2024-03-28T00:32:01.000Z,2024-03-28T00:39:41.000Z,460,510519,Completed,03/28/2024 00:00:01,03/28/2024 23:59:53,Unplanned,MiraFlex 1,MiraFlex 1,C,23:00:00,07:00:00,544,0,LDPE (400)
1821,2024-03-28T01:02:01.000Z,2024-03-28T01:14:01.000Z,720,510609,Completed,03/28/2024 00:00:01,03/28/2024 23:59:53,Unplanned,MiraFlex 1,MiraFlex 1,C,23:00:00,07:00:00,544,0,LDPE (400)
1822,2024-03-28T01:30:02.000Z,2024-03-28T01:52:22.000Z,1340,510693,Completed,03/28/2024 00:00:01,03/28/2024 23:59:53,Unplanned,MiraFlex 1,MiraFlex 1,C,23:00:00,07:00:00,544,0,LDPE (400)
1823,2024-03-28T01:55:22.000Z,2024-03-28T01:56:02.000Z,40,510769,Completed,03/28/2024 00:00:01,03/28/2024 23:59:53,Unplanned,MiraFlex 1,MiraFlex 1,C,23:00:00,07:00:00,544,0,LDPE (400)
1824,2024-03-28T02:02:22.000Z,2024-03-28T02:14:42.000Z,740,510790,Completed,03/28/2024 00:00:01,03/28/2024 23:59:53,Unplanned,MiraFlex 1,MiraFlex 1,C,23:00:00,07:00:00,544,0,LDPE (400)
1825,2024-03-28T02:15:22.000Z,2024-03-28T02:17:22.000Z,120,510829,Completed,03/28/2024 00:00:01,03/28/2024 23:59:53,Unplanned,MiraFlex 1,MiraFlex 1,C,23:00:00,07:00:00,544,0,LDPE (400)
1826,2024-03-28T02:19:02.000Z,2024-03-28T02:22:42.000Z,220,510840,Completed,03/28/2024 00:00:01,03/28/2024 23:59:53,Unplanned,MiraFlex 1,MiraFlex 1,C,23:00:00,07:00:00,544,0,LDPE (400)
1827,2024-03-28T02:56:22.000Z,2024-03-28T03:05:22.000Z,540,510952,Completed,03/28/2024 00:00:01,03/28/2024 23:59:53,Unplanned,MiraFlex 1,MiraFlex 1,C,23:00:00,07:00:00,544,0,LDPE (400)
1828,2024-03-28T03:45:23.000Z,2024-03-28T03:50:03.000Z,280,511097,Completed,03/28/2024 00:00:01,03/28/2024 23:59:53,Unplanned,MiraFlex 1,MiraFlex 1,C,23:00:00,07:00:00,544,0,LDPE (400)
1829,2024-03-28T04:34:03.000Z,2024-03-28T05:09:43.000Z,2140,511243,Completed,03/28/2024 00:00:01,03/28/2024 23:59:53,Unplanned,MiraFlex 1,MiraFlex 1,C,23:00:00,07:00:00,544,0,LDPE (400)
1830,2024-03-28T05:28:44.000Z,2024-03-28T05:43:04.000Z,860,511405,Completed,03/28/2024 00:00:01,03/28/2024 23:59:53,Unplanned,MiraFlex 1,MiraFlex 1,C,23:00:00,07:00:00,544,0,LDPE (400)
1831,2024-03-28T05:51:24.000Z,2024-03-28T06:06:44.000Z,920,511473,Completed,03/28/2024 00:00:01,03/28/2024 23:59:53,Unplanned,MiraFlex 1,MiraFlex 1,C,23:00:00,07:00:00,544,0,LDPE (400)
1832,2024-03-28T06:07:24.000Z,2024-03-28T06:12:44.000Z,320,511521,Completed,03/28/2024 00:00:01,03/28/2024 23:59:53,Unplanned,MiraFlex 1,MiraFlex 1,C,23:00:00,07:00:00,544,0,LDPE (400)
1833,2024-03-28T06:42:24.000Z,2024-03-28T06:44:04.000Z,100,511626,Completed,03/28/2024 00:00:01,03/28/2024 23:59:53,Unplanned,MiraFlex 1,MiraFlex 1,C,23:00:00,07:00:00,544,0,LDPE (400)
1834,2024-03-28T06:55:24.000Z,2024-03-28T07:24:45.000Z,1761,511663,Completed,03/28/2024 00:00:01,03/28/2024 23:59:53,Unplanned,MiraFlex 1,MiraFlex 1,C,23:00:00,07:00:00,544,0,LDPE (400)
1835,2024-03-28T07:48:45.000Z,2024-03-28T08:42:45.000Z,3240,511819,Completed,03/28/2024 00:00:01,03/28/2024 23:59:53,Unplanned,MiraFlex 1,MiraFlex 1,C,23:00:00,07:00:00,544,0,LDPE (400)
1836,2024-03-28T08:46:25.000Z,2024-03-28T08:55:25.000Z,540,511992,Completed,03/28/2024 00:00:01,03/28/2024 23:59:53,Unplanned,MiraFlex 1,MiraFlex 1,C,23:00:00,07:00:00,544,0,LDPE (400)
1837,2024-03-28T08:55:45.000Z,2024-03-28T08:57:25.000Z,100,512020,Completed,03/28/2024 00:00:01,03/28/2024 23:59:53,Unplanned,MiraFlex 1,MiraFlex 1,C,23:00:00,07:00:00,544,0,LDPE (400)
1838,2024-03-28T09:03:05.000Z,2024-03-28T09:23:26.000Z,1221,512042,Completed,03/28/2024 00:00:01,03/28/2024 23:59:53,Unplanned,MiraFlex 1,MiraFlex 1,C,23:00:00,07:00:00,544,0,LDPE (400)
1839,2024-03-28T09:24:06.000Z,2024-03-28T09:41:26.000Z,1040,512105,Completed,03/28/2024 00:00:01,03/28/2024 23:59:53,Unplanned,MiraFlex 1,MiraFlex 1,C,23:00:00,07:00:00,544,0,LDPE (400)
1840,2024-03-28T09:42:26.000Z,2024-03-28T10:16:26.000Z,2040,512160,Completed,03/28/2024 00:00:01,03/28/2024 23:59:53,Unplanned,MiraFlex 1,MiraFlex 1,C,23:00:00,07:00:00,544,0,LDPE (400)
1841,2024-03-28T10:16:46.000Z,2024-03-28T10:25:46.000Z,540,512263,Completed,03/28/2024 00:00:01,03/28/2024 23:59:53,Unplanned,MiraFlex 1,MiraFlex 1,C,23:00:00,07:00:00,544,0,LDPE (400)
1842,2024-03-28T10:26:46.000Z,2024-03-28T10:42:06.000Z,920,512293,Completed,03/28/2024 00:00:01,03/28/2024 23:59:53,Unplanned,MiraFlex 1,MiraFlex 1,C,23:00:00,07:00:00,544,0,LDPE (400)
1843,2024-03-28T10:43:26.000Z,2024-03-28T11:32:27.000Z,2941,512343,Completed,03/28/2024 00:00:01,03/28/2024 23:59:53,Unplanned,MiraFlex 1,MiraFlex 1,C,23:00:00,07:00:00,544,0,LDPE (400)
1844,2024-03-28T11:46:47.000Z,2024-03-28T12:08:27.000Z,1300,512533,Completed,03/28/2024 00:00:01,03/28/2024 23:59:53,Unplanned,MiraFlex 1,MiraFlex 1,C,23:00:00,07:00:00,544,0,LDPE (400)
1845,2024-03-28T12:13:47.000Z,2024-03-28T12:22:07.000Z,500,512612,Completed,03/28/2024 00:00:01,03/28/2024 23:59:53,Unplanned,MiraFlex 1,MiraFlex 1,C,23:00:00,07:00:00,544,0,LDPE (400)
1846,2024-03-28T12:22:27.000Z,2024-03-28T12:25:07.000Z,160,512636,Completed,03/28/2024 00:00:01,03/28/2024 23:59:53,Unplanned,MiraFlex 1,MiraFlex 1,C,23:00:00,07:00:00,544,0,LDPE (400)
1847,2024-03-28T12:29:07.000Z,2024-03-28T12:38:47.000Z,580,512656,Completed,03/28/2024 00:00:01,03/28/2024 23:59:53,Unplanned,MiraFlex 1,MiraFlex 1,C,23:00:00,07:00:00,544,0,LDPE (400)
1848,2024-03-28T12:50:07.000Z,2024-03-28T13:05:07.000Z,900,512717,Completed,03/28/2024 00:00:01,03/28/2024 23:59:53,Unplanned,MiraFlex 1,MiraFlex 1,C,23:00:00,07:00:00,544,0,LDPE (400)
1849,2024-03-28T13:14:27.000Z,2024-03-28T15:24:49.000Z,7822,512775,Completed,03/28/2024 00:00:01,03/28/2024 23:59:53,Unplanned,MiraFlex 1,MiraFlex 1,C,23:00:00,07:00:00,544,0,LDPE (400)
1850,2024-03-28T15:41:29.000Z,2024-03-28T16:02:09.000Z,1240,513194,Completed,03/28/2024 00:00:01,03/28/2024 23:59:53,Unplanned,MiraFlex 1,MiraFlex 1,C,23:00:00,07:00:00,544,0,LDPE (400)
1851,2024-03-28T16:31:09.000Z,2024-03-28T16:33:09.000Z,120,513336,Completed,03/28/2024 00:00:01,03/28/2024 23:59:53,Unplanned,MiraFlex 1,MiraFlex 1,C,23:00:00,07:00:00,544,0,LDPE (400)
1852,2024-03-28T16:40:09.000Z,2024-03-28T17:00:09.000Z,1200,513361,Completed,03/28/2024 00:00:01,03/28/2024 23:59:53,Unplanned,MiraFlex 1,MiraFlex 1,C,23:00:00,07:00:00,544,0,LDPE (400)
1853,2024-03-28T17:09:29.000Z,2024-03-28T17:13:09.000Z,220,513438,Completed,03/28/2024 00:00:01,03/28/2024 23:59:53,Unplanned,MiraFlex 1,MiraFlex 1,C,23:00:00,07:00:00,544,0,LDPE (400)
1854,2024-03-28T18:01:50.000Z,2024-03-28T18:31:50.000Z,1800,513582,Completed,03/28/2024 00:00:01,03/28/2024 23:59:53,Unplanned,MiraFlex 1,MiraFlex 1,C,23:00:00,07:00:00,544,0,LDPE (400)
1855,2024-03-28T18:44:10.000Z,2024-03-28T19:34:31.000Z,3021,513696,Completed,03/28/2024 00:00:01,03/28/2024 23:59:53,Unplanned,MiraFlex 1,MiraFlex 1,C,23:00:00,07:00:00,544,0,LDPE (400)
1856,2024-03-28T20:19:11.000Z,2024-03-28T21:15:12.000Z,3361,513951,Completed,03/28/2024 00:00:01,03/28/2024 23:59:53,Unplanned,MiraFlex 1,MiraFlex 1,C,23:00:00,07:00:00,544,0,LDPE (400)
1857,2024-03-28T22:00:32.000Z,2024-03-28T22:38:52.000Z,2300,514234,Completed,03/28/2024 00:00:01,03/28/2024 23:59:53,Unplanned,MiraFlex 1,MiraFlex 1,C,23:00:00,07:00:00,544,0,LDPE (400)
1858,2024-03-26T00:04:16.000Z,2024-03-26T00:04:36.000Z,20,501913,Completed,03/26/2024 00:00:16,03/26/2024 23:59:49,Unplanned,MiraFlex 1,MiraFlex 1,C,23:00:00,07:00:00,544,0,LDPE (400)
1859,2024-03-26T00:10:16.000Z,2024-03-26T00:37:57.000Z,1661,501931,Completed,03/26/2024 00:00:16,03/26/2024 23:59:49,Unplanned,MiraFlex 1,MiraFlex 1,C,23:00:00,07:00:00,544,0,LDPE (400)
1860,2024-03-26T00:39:17.000Z,2024-03-26T00:52:57.000Z,820,502018,Completed,03/26/2024 00:00:16,03/26/2024 23:59:49,Unplanned,MiraFlex 1,MiraFlex 1,C,23:00:00,07:00:00,544,0,LDPE (400)
1861,2024-03-26T01:03:17.000Z,2024-03-26T01:20:57.000Z,1060,502090,Completed,03/26/2024 00:00:16,03/26/2024 23:59:49,Unplanned,MiraFlex 1,MiraFlex 1,C,23:00:00,07:00:00,544,0,LDPE (400)
1862,2024-03-26T01:47:17.000Z,2024-03-26T01:56:17.000Z,540,502222,Completed,03/26/2024 00:00:16,03/26/2024 23:59:49,Unplanned,MiraFlex 1,MiraFlex 1,C,23:00:00,07:00:00,544,0,LDPE (400)
1863,2024-03-26T02:22:58.000Z,2024-03-26T02:32:18.000Z,560,502329,Completed,03/26/2024 00:00:16,03/26/2024 23:59:49,Unplanned,MiraFlex 1,MiraFlex 1,C,23:00:00,07:00:00,544,0,LDPE (400)
1864,2024-03-26T02:59:58.000Z,2024-03-26T03:09:18.000Z,560,502440,Completed,03/26/2024 00:00:16,03/26/2024 23:59:49,Unplanned,MiraFlex 1,MiraFlex 1,C,23:00:00,07:00:00,544,0,LDPE (400)
1865,2024-03-26T03:22:58.000Z,2024-03-26T04:22:39.000Z,3581,502509,Completed,03/26/2024 00:00:16,03/26/2024 23:59:49,Unplanned,MiraFlex 1,MiraFlex 1,C,23:00:00,07:00:00,544,0,LDPE (400)
1866,2024-03-26T04:29:19.000Z,2024-03-26T04:34:19.000Z,300,502708,Completed,03/26/2024 00:00:16,03/26/2024 23:59:49,Unplanned,MiraFlex 1,MiraFlex 1,C,23:00:00,07:00:00,544,0,LDPE (400)
1867,2024-03-26T04:37:19.000Z,2024-03-26T04:37:59.000Z,40,502732,Completed,03/26/2024 00:00:16,03/26/2024 23:59:49,Unplanned,MiraFlex 1,MiraFlex 1,C,23:00:00,07:00:00,544,0,LDPE (400)
1868,2024-03-26T04:39:39.000Z,2024-03-26T05:15:39.000Z,2160,502739,Completed,03/26/2024 00:00:16,03/26/2024 23:59:49,Unplanned,MiraFlex 1,MiraFlex 1,C,23:00:00,07:00:00,544,0,LDPE (400)
1869,2024-03-26T05:17:39.000Z,2024-03-26T05:20:39.000Z,180,502853,Completed,03/26/2024 00:00:16,03/26/2024 23:59:49,Unplanned,MiraFlex 1,MiraFlex 1,C,23:00:00,07:00:00,544,0,LDPE (400)
1870,2024-03-26T05:22:39.000Z,2024-03-26T05:32:19.000Z,580,502868,Completed,03/26/2024 00:00:16,03/26/2024 23:59:49,Unplanned,MiraFlex 1,MiraFlex 1,C,23:00:00,07:00:00,544,0,LDPE (400)
1871,2024-03-26T05:38:39.000Z,2024-03-26T06:08:39.000Z,1800,502916,Completed,03/26/2024 00:00:16,03/26/2024 23:59:49,Unplanned,MiraFlex 1,MiraFlex 1,C,23:00:00,07:00:00,544,0,LDPE (400)
1872,2024-03-26T06:10:00.000Z,2024-03-26T06:27:00.000Z,1020,503010,Completed,03/26/2024 00:00:16,03/26/2024 23:59:49,Unplanned,MiraFlex 1,MiraFlex 1,C,23:00:00,07:00:00,544,0,LDPE (400)
1873,2024-03-26T06:30:00.000Z,2024-03-26T07:23:40.000Z,3220,503070,Completed,03/26/2024 00:00:16,03/26/2024 23:59:49,Unplanned,MiraFlex 1,MiraFlex 1,C,23:00:00,07:00:00,544,0,LDPE (400)
1874,2024-03-26T07:25:20.000Z,2024-03-26T07:30:20.000Z,300,503236,Completed,03/26/2024 00:00:16,03/26/2024 23:59:49,Unplanned,MiraFlex 1,MiraFlex 1,C,23:00:00,07:00:00,544,0,LDPE (400)
1875,2024-03-26T07:32:00.000Z,2024-03-26T07:44:20.000Z,740,503256,Completed,03/26/2024 00:00:16,03/26/2024 23:59:49,Unplanned,MiraFlex 1,MiraFlex 1,C,23:00:00,07:00:00,544,0,LDPE (400)
1876,2024-03-26T07:46:00.000Z,2024-03-26T09:21:41.000Z,5741,503298,Completed,03/26/2024 00:00:16,03/26/2024 23:59:49,Unplanned,MiraFlex 1,MiraFlex 1,C,23:00:00,07:00:00,544,0,LDPE (400)
1877,2024-03-26T09:30:21.000Z,2024-03-26T10:04:41.000Z,2060,503611,Completed,03/26/2024 00:00:16,03/26/2024 23:59:49,Unplanned,MiraFlex 1,MiraFlex 1,C,23:00:00,07:00:00,544,0,LDPE (400)
1878,2024-03-26T10:07:02.000Z,2024-03-26T10:41:42.000Z,2080,503721,Completed,03/26/2024 00:00:16,03/26/2024 23:59:49,Unplanned,MiraFlex 1,MiraFlex 1,C,23:00:00,07:00:00,544,0,LDPE (400)
1879,2024-03-26T10:43:02.000Z,2024-03-26T11:17:42.000Z,2080,503829,Completed,03/26/2024 00:00:16,03/26/2024 23:59:49,Unplanned,MiraFlex 1,MiraFlex 1,C,23:00:00,07:00:00,544,0,LDPE (400)
1880,2024-03-26T11:18:42.000Z,2024-03-26T11:34:42.000Z,960,503936,Completed,03/26/2024 00:00:16,03/26/2024 23:59:49,Unplanned,MiraFlex 1,MiraFlex 1,C,23:00:00,07:00:00,544,0,LDPE (400)
1881,2024-03-26T11:36:02.000Z,2024-03-26T11:46:42.000Z,640,503988,Completed,03/26/2024 00:00:16,03/26/2024 23:59:49,Unplanned,MiraFlex 1,MiraFlex 1,C,23:00:00,07:00:00,544,0,LDPE (400)
1882,2024-03-26T11:51:02.000Z,2024-03-26T12:08:03.000Z,1021,504023,Completed,03/26/2024 00:00:16,03/26/2024 23:59:49,Unplanned,MiraFlex 1,MiraFlex 1,C,23:00:00,07:00:00,544,0,LDPE (400)
1883,2024-03-26T12:18:23.000Z,2024-03-26T12:20:43.000Z,140,504105,Completed,03/26/2024 00:00:16,03/26/2024 23:59:49,Unplanned,MiraFlex 1,MiraFlex 1,C,23:00:00,07:00:00,544,0,LDPE (400)
1884,2024-03-26T12:24:23.000Z,2024-03-26T12:50:03.000Z,1540,504123,Completed,03/26/2024 00:00:16,03/26/2024 23:59:49,Unplanned,MiraFlex 1,MiraFlex 1,C,23:00:00,07:00:00,544,0,LDPE (400)
1885,2024-03-26T13:05:23.000Z,2024-03-26T13:10:23.000Z,300,504246,Completed,03/26/2024 00:00:16,03/26/2024 23:59:49,Unplanned,MiraFlex 1,MiraFlex 1,C,23:00:00,07:00:00,544,0,LDPE (400)
1886,2024-03-26T13:21:43.000Z,2024-03-26T13:23:23.000Z,100,504295,Completed,03/26/2024 00:00:16,03/26/2024 23:59:49,Unplanned,MiraFlex 1,MiraFlex 1,C,23:00:00,07:00:00,544,0,LDPE (400)
1887,2024-03-26T13:53:43.000Z,2024-03-26T13:55:43.000Z,120,504391,Completed,03/26/2024 00:00:16,03/26/2024 23:59:49,Unplanned,MiraFlex 1,MiraFlex 1,C,23:00:00,07:00:00,544,0,LDPE (400)
1888,2024-03-26T14:13:24.000Z,2024-03-26T14:30:44.000Z,1040,504448,Completed,03/26/2024 00:00:16,03/26/2024 23:59:49,Unplanned,MiraFlex 1,MiraFlex 1,C,23:00:00,07:00:00,544,0,LDPE (400)
1889,2024-03-26T15:07:44.000Z,2024-03-26T15:11:24.000Z,220,504609,Completed,03/26/2024 00:00:16,03/26/2024 23:59:49,Unplanned,MiraFlex 1,MiraFlex 1,C,23:00:00,07:00:00,544,0,LDPE (400)
1890,2024-03-26T15:46:24.000Z,2024-03-26T15:48:44.000Z,140,504725,Completed,03/26/2024 00:00:16,03/26/2024 23:59:49,Unplanned,MiraFlex 1,MiraFlex 1,C,23:00:00,07:00:00,544,0,LDPE (400)
1891,2024-03-26T16:26:45.000Z,2024-03-26T16:54:45.000Z,1680,504844,Completed,03/26/2024 00:00:16,03/26/2024 23:59:49,Unplanned,MiraFlex 1,MiraFlex 1,C,23:00:00,07:00:00,544,0,LDPE (400)
1892,2024-03-26T17:40:25.000Z,2024-03-26T18:13:46.000Z,2001,505063,Completed,03/26/2024 00:00:16,03/26/2024 23:59:49,Unplanned,MiraFlex 1,MiraFlex 1,C,23:00:00,07:00:00,544,0,LDPE (400)
1893,2024-03-26T18:26:26.000Z,2024-03-26T18:35:26.000Z,540,505197,Completed,03/26/2024 00:00:16,03/26/2024 23:59:49,Unplanned,MiraFlex 1,MiraFlex 1,C,23:00:00,07:00:00,544,0,LDPE (400)
1894,2024-03-26T18:38:26.000Z,2024-03-26T19:04:26.000Z,1560,505233,Completed,03/26/2024 00:00:16,03/26/2024 23:59:49,Unplanned,MiraFlex 1,MiraFlex 1,C,23:00:00,07:00:00,544,0,LDPE (400)
1895,2024-03-26T19:13:06.000Z,2024-03-26T19:57:07.000Z,2641,505337,Completed,03/26/2024 00:00:16,03/26/2024 23:59:49,Unplanned,MiraFlex 1,MiraFlex 1,C,23:00:00,07:00:00,544,0,LDPE (400)
1896,2024-03-26T20:07:47.000Z,2024-03-26T20:51:27.000Z,2620,505501,Completed,03/26/2024 00:00:16,03/26/2024 23:59:49,Unplanned,MiraFlex 1,MiraFlex 1,C,23:00:00,07:00:00,544,0,LDPE (400)
1897,2024-03-26T20:53:27.000Z,2024-03-26T21:37:27.000Z,2640,505638,Completed,03/26/2024 00:00:16,03/26/2024 23:59:49,Unplanned,MiraFlex 1,MiraFlex 1,C,23:00:00,07:00:00,544,0,LDPE (400)
1898,2024-03-26T21:38:07.000Z,2024-03-26T23:16:28.000Z,5901,505772,Completed,03/26/2024 00:00:16,03/26/2024 23:59:49,Unplanned,MiraFlex 1,MiraFlex 1,C,23:00:00,07:00:00,544,0,LDPE (400)
1899,2024-03-26T23:19:28.000Z,2024-03-26T23:26:48.000Z,440,506076,Completed,03/26/2024 00:00:16,03/26/2024 23:59:49,Unplanned,MiraFlex 1,MiraFlex 1,C,23:00:00,07:00:00,544,0,LDPE (400)
1900,2024-03-26T23:33:08.000Z,2024-03-26T23:47:08.000Z,840,506115,Completed,03/26/2024 00:00:16,03/26/2024 23:59:49,Unplanned,MiraFlex 1,MiraFlex 1,C,23:00:00,07:00:00,544,0,LDPE (400)
1901,2024-03-26T23:48:08.000Z,2024-03-26T23:59:29.000Z,681,506160,Completed,03/26/2024 00:00:16,03/26/2024 23:59:49,Unplanned,MiraFlex 1,MiraFlex 1,C,23:00:00,07:00:00,544,0,LDPE (400)
1902,2024-03-29T07:00:16.000Z,2024-03-29T07:55:37.000Z,3321,515839,Completed,03/29/2024 07:00:16,03/29/2024 14:59:21,Unplanned,MiraFlex 1,MiraFlex 1,A,07:00:00,15:00:00,544,0,LDPE (400)
1903,2024-03-29T08:09:57.000Z,2024-03-29T08:10:57.000Z,60,516044,Completed,03/29/2024 07:00:16,03/29/2024 14:59:21,Unplanned,MiraFlex 1,MiraFlex 1,A,07:00:00,15:00:00,544,0,LDPE (400)
1904,2024-03-29T08:11:57.000Z,2024-03-29T08:46:37.000Z,2080,516050,Completed,03/29/2024 07:00:16,03/29/2024 14:59:21,Unplanned,MiraFlex 1,MiraFlex 1,A,07:00:00,15:00:00,544,0,LDPE (400)
1905,2024-03-29T08:50:37.000Z,2024-03-29T10:02:58.000Z,4341,516165,Completed,03/29/2024 07:00:16,03/29/2024 14:59:21,Unplanned,MiraFlex 1,MiraFlex 1,A,07:00:00,15:00:00,544,0,LDPE (400)
1906,2024-03-29T10:40:58.000Z,2024-03-29T10:51:18.000Z,620,516493,Completed,03/29/2024 07:00:16,03/29/2024 14:59:21,Unplanned,MiraFlex 1,MiraFlex 1,A,07:00:00,15:00:00,544,0,LDPE (400)
1907,2024-03-29T11:03:19.000Z,2024-03-29T11:11:39.000Z,500,516557,Completed,03/29/2024 07:00:16,03/29/2024 14:59:21,Unplanned,MiraFlex 1,MiraFlex 1,A,07:00:00,15:00:00,544,0,LDPE (400)
1908,2024-03-29T11:35:19.000Z,2024-03-29T12:15:39.000Z,2420,516653,Completed,03/29/2024 07:00:16,03/29/2024 14:59:21,Unplanned,MiraFlex 1,MiraFlex 1,A,07:00:00,15:00:00,544,0,LDPE (400)
1909,2024-03-29T12:42:59.000Z,2024-03-29T12:48:59.000Z,360,516850,Completed,03/29/2024 07:00:16,03/29/2024 14:59:21,Unplanned,MiraFlex 1,MiraFlex 1,A,07:00:00,15:00:00,544,0,LDPE (400)
1910,2024-03-29T12:50:59.000Z,2024-03-29T14:40:00.000Z,6541,516872,Completed,03/29/2024 07:00:16,03/29/2024 14:59:21,Unplanned,MiraFlex 1,MiraFlex 1,A,07:00:00,15:00:00,544,0,LDPE (400)
1911,2024-03-29T14:43:20.000Z,2024-03-29T14:45:40.000Z,140,517197,Completed,03/29/2024 07:00:16,03/29/2024 14:59:21,Unplanned,MiraFlex 1,MiraFlex 1,A,07:00:00,15:00:00,544,0,LDPE (400)
1912,2024-03-30T00:21:45.000Z,2024-03-30T00:53:46.000Z,1921,518851,Completed,03/30/2024 00:00:05,03/30/2024 23:59:57,Unplanned,MiraFlex 1,MiraFlex 1,C,23:00:00,07:00:00,544,0,LDPE (400)
1913,2024-03-30T00:56:06.000Z,2024-03-30T01:15:06.000Z,1140,518954,Completed,03/30/2024 00:00:05,03/30/2024 23:59:57,Unplanned,MiraFlex 1,MiraFlex 1,C,23:00:00,07:00:00,544,0,LDPE (400)
1914,2024-03-30T01:35:26.000Z,2024-03-30T01:44:46.000Z,560,519072,Completed,03/30/2024 00:00:05,03/30/2024 23:59:57,Unplanned,MiraFlex 1,MiraFlex 1,C,23:00:00,07:00:00,544,0,LDPE (400)
1915,2024-03-30T01:45:26.000Z,2024-03-30T01:51:06.000Z,340,519102,Completed,03/30/2024 00:00:05,03/30/2024 23:59:57,Unplanned,MiraFlex 1,MiraFlex 1,C,23:00:00,07:00:00,544,0,LDPE (400)
1916,2024-03-30T02:16:06.000Z,2024-03-30T02:40:46.000Z,1480,519192,Completed,03/30/2024 00:00:05,03/30/2024 23:59:57,Unplanned,MiraFlex 1,MiraFlex 1,C,23:00:00,07:00:00,544,0,LDPE (400)
1917,2024-03-30T02:50:27.000Z,2024-03-30T02:59:27.000Z,540,519293,Completed,03/30/2024 00:00:05,03/30/2024 23:59:57,Unplanned,MiraFlex 1,MiraFlex 1,C,23:00:00,07:00:00,544,0,LDPE (400)
1918,2024-03-30T03:31:07.000Z,2024-03-30T03:37:27.000Z,380,519412,Completed,03/30/2024 00:00:05,03/30/2024 23:59:57,Unplanned,MiraFlex 1,MiraFlex 1,C,23:00:00,07:00:00,544,0,LDPE (400)
1919,2024-03-30T03:48:07.000Z,2024-03-30T03:50:07.000Z,120,519461,Completed,03/30/2024 00:00:05,03/30/2024 23:59:57,Unplanned,MiraFlex 1,MiraFlex 1,C,23:00:00,07:00:00,544,0,LDPE (400)
1920,2024-03-30T04:32:27.000Z,2024-03-30T05:15:28.000Z,2581,519594,Completed,03/30/2024 00:00:05,03/30/2024 23:59:57,Unplanned,MiraFlex 1,MiraFlex 1,C,23:00:00,07:00:00,544,0,LDPE (400)
1921,2024-03-30T05:25:08.000Z,2024-03-30T05:26:08.000Z,60,519752,Completed,03/30/2024 00:00:05,03/30/2024 23:59:57,Unplanned,MiraFlex 1,MiraFlex 1,C,23:00:00,07:00:00,544,0,LDPE (400)
1922,2024-03-30T05:41:48.000Z,2024-03-30T05:55:48.000Z,840,519802,Completed,03/30/2024 00:00:05,03/30/2024 23:59:57,Unplanned,MiraFlex 1,MiraFlex 1,C,23:00:00,07:00:00,544,0,LDPE (400)
1923,2024-03-30T05:56:08.000Z,2024-03-30T06:02:28.000Z,380,519845,Completed,03/30/2024 00:00:05,03/30/2024 23:59:57,Unplanned,MiraFlex 1,MiraFlex 1,C,23:00:00,07:00:00,544,0,LDPE (400)
1924,2024-03-30T06:35:28.000Z,2024-03-30T06:38:08.000Z,160,519963,Completed,03/30/2024 00:00:05,03/30/2024 23:59:57,Unplanned,MiraFlex 1,MiraFlex 1,C,23:00:00,07:00:00,544,0,LDPE (400)
1925,2024-03-30T07:12:49.000Z,2024-03-30T07:51:09.000Z,2300,520071,Completed,03/30/2024 00:00:05,03/30/2024 23:59:57,Unplanned,MiraFlex 1,MiraFlex 1,C,23:00:00,07:00:00,544,0,LDPE (400)
1926,2024-03-30T07:56:49.000Z,2024-03-30T08:05:49.000Z,540,520202,Completed,03/30/2024 00:00:05,03/30/2024 23:59:57,Unplanned,MiraFlex 1,MiraFlex 1,C,23:00:00,07:00:00,544,0,LDPE (400)
1927,2024-03-30T08:16:49.000Z,2024-03-30T08:38:49.000Z,1320,520259,Completed,03/30/2024 00:00:05,03/30/2024 23:59:57,Unplanned,MiraFlex 1,MiraFlex 1,C,23:00:00,07:00:00,544,0,LDPE (400)
1928,2024-03-30T08:47:30.000Z,2024-03-30T08:50:10.000Z,160,520347,Completed,03/30/2024 00:00:05,03/30/2024 23:59:57,Unplanned,MiraFlex 1,MiraFlex 1,C,23:00:00,07:00:00,544,0,LDPE (400)
1929,2024-03-30T09:12:10.000Z,2024-03-30T09:48:10.000Z,2160,520419,Completed,03/30/2024 00:00:05,03/30/2024 23:59:57,Unplanned,MiraFlex 1,MiraFlex 1,C,23:00:00,07:00:00,544,0,LDPE (400)
1930,2024-03-30T10:05:10.000Z,2024-03-30T11:17:11.000Z,4321,520573,Completed,03/30/2024 00:00:05,03/30/2024 23:59:57,Unplanned,MiraFlex 1,MiraFlex 1,C,23:00:00,07:00:00,544,0,LDPE (400)
1931,2024-03-30T11:20:31.000Z,2024-03-30T11:34:11.000Z,820,520788,Completed,03/30/2024 00:00:05,03/30/2024 23:59:57,Unplanned,MiraFlex 1,MiraFlex 1,C,23:00:00,07:00:00,544,0,LDPE (400)
1932,2024-03-30T11:39:31.000Z,2024-03-30T11:46:11.000Z,400,520843,Completed,03/30/2024 00:00:05,03/30/2024 23:59:57,Unplanned,MiraFlex 1,MiraFlex 1,C,23:00:00,07:00:00,544,0,LDPE (400)
1933,2024-03-30T11:49:31.000Z,2024-03-30T12:25:11.000Z,2140,520873,Completed,03/30/2024 00:00:05,03/30/2024 23:59:57,Unplanned,MiraFlex 1,MiraFlex 1,C,23:00:00,07:00:00,544,0,LDPE (400)
1934,2024-03-30T12:26:11.000Z,2024-03-30T12:27:31.000Z,80,520970,Completed,03/30/2024 00:00:05,03/30/2024 23:59:57,Unplanned,MiraFlex 1,MiraFlex 1,C,23:00:00,07:00:00,544,0,LDPE (400)
1935,2024-03-30T12:32:51.000Z,2024-03-30T12:33:51.000Z,60,520990,Completed,03/30/2024 00:00:05,03/30/2024 23:59:57,Unplanned,MiraFlex 1,MiraFlex 1,C,23:00:00,07:00:00,544,0,LDPE (400)
1936,2024-03-30T13:29:52.000Z,2024-03-30T13:31:52.000Z,120,521161,Completed,03/30/2024 00:00:05,03/30/2024 23:59:57,Unplanned,MiraFlex 1,MiraFlex 1,C,23:00:00,07:00:00,544,0,LDPE (400)
1937,2024-03-30T14:06:52.000Z,2024-03-30T14:15:32.000Z,520,521272,Completed,03/30/2024 00:00:05,03/30/2024 23:59:57,Unplanned,MiraFlex 1,MiraFlex 1,C,23:00:00,07:00:00,544,0,LDPE (400)
1938,2024-03-30T14:25:12.000Z,2024-03-30T14:31:12.000Z,360,521326,Completed,03/30/2024 00:00:05,03/30/2024 23:59:57,Unplanned,MiraFlex 1,MiraFlex 1,C,23:00:00,07:00:00,544,0,LDPE (400)
1939,2024-03-30T14:43:13.000Z,2024-03-30T14:45:33.000Z,140,521380,Completed,03/30/2024 00:00:05,03/30/2024 23:59:57,Unplanned,MiraFlex 1,MiraFlex 1,C,23:00:00,07:00:00,544,0,LDPE (400)
1940,2024-03-30T15:26:13.000Z,2024-03-30T15:27:53.000Z,100,521506,Completed,03/30/2024 00:00:05,03/30/2024 23:59:57,Unplanned,MiraFlex 1,MiraFlex 1,C,23:00:00,07:00:00,544,0,LDPE (400)
1941,2024-03-30T15:41:13.000Z,2024-03-30T16:14:33.000Z,2000,521549,Completed,03/30/2024 00:00:05,03/30/2024 23:59:57,Unplanned,MiraFlex 1,MiraFlex 1,C,23:00:00,07:00:00,544,0,LDPE (400)
1942,2024-03-30T16:18:53.000Z,2024-03-30T17:01:54.000Z,2581,521659,Completed,03/30/2024 00:00:05,03/30/2024 23:59:57,Unplanned,MiraFlex 1,MiraFlex 1,C,23:00:00,07:00:00,544,0,LDPE (400)
1943,2024-03-30T17:02:34.000Z,2024-03-30T17:03:34.000Z,60,521789,Completed,03/30/2024 00:00:05,03/30/2024 23:59:57,Unplanned,MiraFlex 1,MiraFlex 1,C,23:00:00,07:00:00,544,0,LDPE (400)
1944,2024-03-30T17:06:54.000Z,2024-03-30T18:20:34.000Z,4420,521802,Completed,03/30/2024 00:00:05,03/30/2024 23:59:57,Unplanned,MiraFlex 1,MiraFlex 1,C,23:00:00,07:00:00,544,0,LDPE (400)
1945,2024-03-30T18:29:34.000Z,2024-03-30T18:31:14.000Z,100,522043,Completed,03/30/2024 00:00:05,03/30/2024 23:59:57,Unplanned,MiraFlex 1,MiraFlex 1,C,23:00:00,07:00:00,544,0,LDPE (400)
1946,2024-03-30T18:32:34.000Z,2024-03-30T19:43:35.000Z,4261,522052,Completed,03/30/2024 00:00:05,03/30/2024 23:59:57,Unplanned,MiraFlex 1,MiraFlex 1,C,23:00:00,07:00:00,544,0,LDPE (400)
1947,2024-03-30T19:50:35.000Z,2024-03-30T19:55:15.000Z,280,522269,Completed,03/30/2024 00:00:05,03/30/2024 23:59:57,Unplanned,MiraFlex 1,MiraFlex 1,C,23:00:00,07:00:00,544,0,LDPE (400)
1948,2024-03-30T20:01:15.000Z,2024-03-30T20:03:35.000Z,140,522294,Completed,03/30/2024 00:00:05,03/30/2024 23:59:57,Unplanned,MiraFlex 1,MiraFlex 1,C,23:00:00,07:00:00,544,0,LDPE (400)
1949,2024-03-30T21:01:36.000Z,2024-03-30T21:19:56.000Z,1100,522458,Completed,03/30/2024 00:00:05,03/30/2024 23:59:57,Unplanned,MiraFlex 1,MiraFlex 1,C,23:00:00,07:00:00,544,0,LDPE (400)
1950,2024-03-30T21:23:16.000Z,2024-03-30T21:23:56.000Z,40,522517,Completed,03/30/2024 00:00:05,03/30/2024 23:59:57,Unplanned,MiraFlex 1,MiraFlex 1,C,23:00:00,07:00:00,544,0,LDPE (400)
1951,2024-03-30T22:16:16.000Z,2024-03-30T22:17:16.000Z,60,522660,Completed,03/30/2024 00:00:05,03/30/2024 23:59:57,Unplanned,MiraFlex 1,MiraFlex 1,C,23:00:00,07:00:00,544,0,LDPE (400)
1952,2024-03-30T22:52:17.000Z,2024-03-30T23:23:37.000Z,1880,522760,Completed,03/30/2024 00:00:05,03/30/2024 23:59:57,Unplanned,MiraFlex 1,MiraFlex 1,C,23:00:00,07:00:00,544,0,LDPE (400)
1953,2024-03-30T23:23:57.000Z,2024-03-30T23:29:37.000Z,340,522854,Completed,03/30/2024 00:00:05,03/30/2024 23:59:57,Unplanned,MiraFlex 1,MiraFlex 1,C,23:00:00,07:00:00,544,0,LDPE (400)
1954,2024-03-31T07:00:01.000Z,2024-03-31T13:11:44.000Z,22303,524202,Completed,03/31/2024 07:00:01,03/31/2024 14:59:45,Unplanned,MiraFlex 1,MiraFlex 1,A,07:00:00,15:00:00,544,0,LDPE (400)
1955,2024-03-31T13:12:44.000Z,2024-03-31T13:20:24.000Z,460,525302,Completed,03/31/2024 07:00:01,03/31/2024 14:59:45,Unplanned,MiraFlex 1,MiraFlex 1,A,07:00:00,15:00:00,544,0,LDPE (400)
1956,2024-03-31T13:30:04.000Z,2024-03-31T13:52:44.000Z,1360,525352,Completed,03/31/2024 07:00:01,03/31/2024 14:59:45,Unplanned,MiraFlex 1,MiraFlex 1,A,07:00:00,15:00:00,544,0,LDPE (400)
1957,2024-03-31T13:57:44.000Z,2024-03-31T14:06:24.000Z,520,525434,Completed,03/31/2024 07:00:01,03/31/2024 14:59:45,Unplanned,MiraFlex 1,MiraFlex 1,A,07:00:00,15:00:00,544,0,LDPE (400)
1958,2024-03-31T14:12:04.000Z,2024-03-31T14:15:04.000Z,180,525477,Completed,03/31/2024 07:00:01,03/31/2024 14:59:45,Unplanned,MiraFlex 1,MiraFlex 1,A,07:00:00,15:00:00,544,0,LDPE (400)
1959,2024-03-30T15:26:13.000Z,2024-03-30T15:27:53.000Z,100,521506,Completed,03/30/2024 15:00:13,03/30/2024 22:59:57,Unplanned,MiraFlex 1,MiraFlex 1,B,15:00:00,23:00:00,544,0,LDPE (400)
1960,2024-03-30T15:41:13.000Z,2024-03-30T16:14:33.000Z,2000,521549,Completed,03/30/2024 15:00:13,03/30/2024 22:59:57,Unplanned,MiraFlex 1,MiraFlex 1,B,15:00:00,23:00:00,544,0,LDPE (400)
1961,2024-03-30T16:18:53.000Z,2024-03-30T17:01:54.000Z,2581,521659,Completed,03/30/2024 15:00:13,03/30/2024 22:59:57,Unplanned,MiraFlex 1,MiraFlex 1,B,15:00:00,23:00:00,544,0,LDPE (400)
1962,2024-03-30T17:02:34.000Z,2024-03-30T17:03:34.000Z,60,521789,Completed,03/30/2024 15:00:13,03/30/2024 22:59:57,Unplanned,MiraFlex 1,MiraFlex 1,B,15:00:00,23:00:00,544,0,LDPE (400)
1963,2024-03-30T17:06:54.000Z,2024-03-30T18:20:34.000Z,4420,521802,Completed,03/30/2024 15:00:13,03/30/2024 22:59:57,Unplanned,MiraFlex 1,MiraFlex 1,B,15:00:00,23:00:00,544,0,LDPE (400)
1964,2024-03-30T18:29:34.000Z,2024-03-30T18:31:14.000Z,100,522043,Completed,03/30/2024 15:00:13,03/30/2024 22:59:57,Unplanned,MiraFlex 1,MiraFlex 1,B,15:00:00,23:00:00,544,0,LDPE (400)
1965,2024-03-30T18:32:34.000Z,2024-03-30T19:43:35.000Z,4261,522052,Completed,03/30/2024 15:00:13,03/30/2024 22:59:57,Unplanned,MiraFlex 1,MiraFlex 1,B,15:00:00,23:00:00,544,0,LDPE (400)
1966,2024-03-30T19:50:35.000Z,2024-03-30T19:55:15.000Z,280,522269,Completed,03/30/2024 15:00:13,03/30/2024 22:59:57,Unplanned,MiraFlex 1,MiraFlex 1,B,15:00:00,23:00:00,544,0,LDPE (400)
1967,2024-03-30T20:01:15.000Z,2024-03-30T20:03:35.000Z,140,522294,Completed,03/30/2024 15:00:13,03/30/2024 22:59:57,Unplanned,MiraFlex 1,MiraFlex 1,B,15:00:00,23:00:00,544,0,LDPE (400)
1968,2024-03-30T21:01:36.000Z,2024-03-30T21:19:56.000Z,1100,522458,Completed,03/30/2024 15:00:13,03/30/2024 22:59:57,Unplanned,MiraFlex 1,MiraFlex 1,B,15:00:00,23:00:00,544,0,LDPE (400)
1969,2024-03-30T21:23:16.000Z,2024-03-30T21:23:56.000Z,40,522517,Completed,03/30/2024 15:00:13,03/30/2024 22:59:57,Unplanned,MiraFlex 1,MiraFlex 1,B,15:00:00,23:00:00,544,0,LDPE (400)
1970,2024-03-30T22:16:16.000Z,2024-03-30T22:17:16.000Z,60,522660,Completed,03/30/2024 15:00:13,03/30/2024 22:59:57,Unplanned,MiraFlex 1,MiraFlex 1,B,15:00:00,23:00:00,544,0,LDPE (400)
1971,2024-03-31T15:03:45.000Z,2024-03-31T15:05:45.000Z,120,525624,Completed,03/31/2024 15:00:05,03/31/2024 22:59:49,Unplanned,MiraFlex 1,MiraFlex 1,B,15:00:00,23:00:00,544,0,LDPE (400)
1972,2024-03-31T15:09:45.000Z,2024-03-31T15:24:05.000Z,860,525642,Completed,03/31/2024 15:00:05,03/31/2024 22:59:49,Unplanned,MiraFlex 1,MiraFlex 1,B,15:00:00,23:00:00,544,0,LDPE (400)
1973,2024-03-31T15:25:05.000Z,2024-03-31T15:31:45.000Z,400,525688,Completed,03/31/2024 15:00:05,03/31/2024 22:59:49,Unplanned,MiraFlex 1,MiraFlex 1,B,15:00:00,23:00:00,544,0,LDPE (400)
1974,2024-03-31T15:55:25.000Z,2024-03-31T16:07:45.000Z,740,525778,Completed,03/31/2024 15:00:05,03/31/2024 22:59:49,Unplanned,MiraFlex 1,MiraFlex 1,B,15:00:00,23:00:00,544,0,LDPE (400)
1975,2024-03-31T16:25:06.000Z,2024-03-31T16:32:06.000Z,420,525867,Completed,03/31/2024 15:00:05,03/31/2024 22:59:49,Unplanned,MiraFlex 1,MiraFlex 1,B,15:00:00,23:00:00,544,0,LDPE (400)
1976,2024-03-31T16:41:06.000Z,2024-03-31T16:42:26.000Z,80,525915,Completed,03/31/2024 15:00:05,03/31/2024 22:59:49,Unplanned,MiraFlex 1,MiraFlex 1,B,15:00:00,23:00:00,544,0,LDPE (400)
1977,2024-03-31T17:31:26.000Z,2024-03-31T18:35:07.000Z,3821,526066,Completed,03/31/2024 15:00:05,03/31/2024 22:59:49,Unplanned,MiraFlex 1,MiraFlex 1,B,15:00:00,23:00:00,544,0,LDPE (400)
1978,2024-03-31T18:41:47.000Z,2024-03-31T19:36:47.000Z,3300,526273,Completed,03/31/2024 15:00:05,03/31/2024 22:59:49,Unplanned,MiraFlex 1,MiraFlex 1,B,15:00:00,23:00:00,544,0,LDPE (400)
1979,2024-03-31T19:46:07.000Z,2024-03-31T19:54:47.000Z,520,526458,Completed,03/31/2024 15:00:05,03/31/2024 22:59:49,Unplanned,MiraFlex 1,MiraFlex 1,B,15:00:00,23:00:00,544,0,LDPE (400)
1980,2024-03-31T20:12:27.000Z,2024-03-31T21:19:08.000Z,4001,526533,Completed,03/31/2024 15:00:05,03/31/2024 22:59:49,Unplanned,MiraFlex 1,MiraFlex 1,B,15:00:00,23:00:00,544,0,LDPE (400)
1981,2024-03-31T21:30:08.000Z,2024-03-31T22:38:09.000Z,4081,526760,Completed,03/31/2024 15:00:05,03/31/2024 22:59:49,Unplanned,MiraFlex 1,MiraFlex 1,B,15:00:00,23:00:00,544,0,LDPE (400)
1982,2024-03-30T07:12:49.000Z,2024-03-30T07:51:09.000Z,2300,520071,Completed,03/30/2024 07:00:09,03/30/2024 14:59:53,Unplanned,MiraFlex 1,MiraFlex 1,A,07:00:00,15:00:00,544,0,LDPE (400)
1983,2024-03-30T07:56:49.000Z,2024-03-30T08:05:49.000Z,540,520202,Completed,03/30/2024 07:00:09,03/30/2024 14:59:53,Unplanned,MiraFlex 1,MiraFlex 1,A,07:00:00,15:00:00,544,0,LDPE (400)
1984,2024-03-30T08:16:49.000Z,2024-03-30T08:38:49.000Z,1320,520259,Completed,03/30/2024 07:00:09,03/30/2024 14:59:53,Unplanned,MiraFlex 1,MiraFlex 1,A,07:00:00,15:00:00,544,0,LDPE (400)
1985,2024-03-30T08:47:30.000Z,2024-03-30T08:50:10.000Z,160,520347,Completed,03/30/2024 07:00:09,03/30/2024 14:59:53,Unplanned,MiraFlex 1,MiraFlex 1,A,07:00:00,15:00:00,544,0,LDPE (400)
1986,2024-03-30T09:12:10.000Z,2024-03-30T09:48:10.000Z,2160,520419,Completed,03/30/2024 07:00:09,03/30/2024 14:59:53,Unplanned,MiraFlex 1,MiraFlex 1,A,07:00:00,15:00:00,544,0,LDPE (400)
1987,2024-03-30T10:05:10.000Z,2024-03-30T11:17:11.000Z,4321,520573,Completed,03/30/2024 07:00:09,03/30/2024 14:59:53,Unplanned,MiraFlex 1,MiraFlex 1,A,07:00:00,15:00:00,544,0,LDPE (400)
1988,2024-03-30T11:20:31.000Z,2024-03-30T11:34:11.000Z,820,520788,Completed,03/30/2024 07:00:09,03/30/2024 14:59:53,Unplanned,MiraFlex 1,MiraFlex 1,A,07:00:00,15:00:00,544,0,LDPE (400)
1989,2024-03-30T11:39:31.000Z,2024-03-30T11:46:11.000Z,400,520843,Completed,03/30/2024 07:00:09,03/30/2024 14:59:53,Unplanned,MiraFlex 1,MiraFlex 1,A,07:00:00,15:00:00,544,0,LDPE (400)
1990,2024-03-30T11:49:31.000Z,2024-03-30T12:25:11.000Z,2140,520873,Completed,03/30/2024 07:00:09,03/30/2024 14:59:53,Unplanned,MiraFlex 1,MiraFlex 1,A,07:00:00,15:00:00,544,0,LDPE (400)
1991,2024-03-30T12:26:11.000Z,2024-03-30T12:27:31.000Z,80,520970,Completed,03/30/2024 07:00:09,03/30/2024 14:59:53,Unplanned,MiraFlex 1,MiraFlex 1,A,07:00:00,15:00:00,544,0,LDPE (400)
1992,2024-03-30T12:32:51.000Z,2024-03-30T12:33:51.000Z,60,520990,Completed,03/30/2024 07:00:09,03/30/2024 14:59:53,Unplanned,MiraFlex 1,MiraFlex 1,A,07:00:00,15:00:00,544,0,LDPE (400)
1993,2024-03-30T13:29:52.000Z,2024-03-30T13:31:52.000Z,120,521161,Completed,03/30/2024 07:00:09,03/30/2024 14:59:53,Unplanned,MiraFlex 1,MiraFlex 1,A,07:00:00,15:00:00,544,0,LDPE (400)
1994,2024-03-30T14:06:52.000Z,2024-03-30T14:15:32.000Z,520,521272,Completed,03/30/2024 07:00:09,03/30/2024 14:59:53,Unplanned,MiraFlex 1,MiraFlex 1,A,07:00:00,15:00:00,544,0,LDPE (400)
1995,2024-03-30T14:25:12.000Z,2024-03-30T14:31:12.000Z,360,521326,Completed,03/30/2024 07:00:09,03/30/2024 14:59:53,Unplanned,MiraFlex 1,MiraFlex 1,A,07:00:00,15:00:00,544,0,LDPE (400)
1996,2024-03-30T14:43:13.000Z,2024-03-30T14:45:33.000Z,140,521380,Completed,03/30/2024 07:00:09,03/30/2024 14:59:53,Unplanned,MiraFlex 1,MiraFlex 1,A,07:00:00,15:00:00,544,0,LDPE (400)
1997,2024-03-29T00:00:13.000Z,2024-03-29T00:14:53.000Z,880,514588,Completed,03/29/2024 00:00:13,03/29/2024 23:59:45,Unplanned,MiraFlex 1,MiraFlex 1,C,23:00:00,07:00:00,544,0,LDPE (400)
1998,2024-03-29T00:15:13.000Z,2024-03-29T00:15:33.000Z,20,514633,Completed,03/29/2024 00:00:13,03/29/2024 23:59:45,Unplanned,MiraFlex 1,MiraFlex 1,C,23:00:00,07:00:00,544,0,LDPE (400)
1999,2024-03-29T00:22:33.000Z,2024-03-29T00:33:33.000Z,660,514655,Completed,03/29/2024 00:00:13,03/29/2024 23:59:45,Unplanned,MiraFlex 1,MiraFlex 1,C,23:00:00,07:00:00,544,0,LDPE (400)
2000,2024-03-29T00:36:53.000Z,2024-03-29T00:49:13.000Z,740,514698,Completed,03/29/2024 00:00:13,03/29/2024 23:59:45,Unplanned,MiraFlex 1,MiraFlex 1,C,23:00:00,07:00:00,544,0,LDPE (400)
2001,2024-03-29T01:02:53.000Z,2024-03-29T01:11:54.000Z,541,514776,Completed,03/29/2024 00:00:13,03/29/2024 23:59:45,Unplanned,MiraFlex 1,MiraFlex 1,C,23:00:00,07:00:00,544,0,LDPE (400)
2002,2024-03-29T01:25:54.000Z,2024-03-29T01:28:34.000Z,160,514844,Completed,03/29/2024 00:00:13,03/29/2024 23:59:45,Unplanned,MiraFlex 1,MiraFlex 1,C,23:00:00,07:00:00,544,0,LDPE (400)
2003,2024-03-29T01:31:54.000Z,2024-03-29T01:34:54.000Z,180,514862,Completed,03/29/2024 00:00:13,03/29/2024 23:59:45,Unplanned,MiraFlex 1,MiraFlex 1,C,23:00:00,07:00:00,544,0,LDPE (400)
2004,2024-03-29T01:50:14.000Z,2024-03-29T01:59:14.000Z,540,514915,Completed,03/29/2024 00:00:13,03/29/2024 23:59:45,Unplanned,MiraFlex 1,MiraFlex 1,C,23:00:00,07:00:00,544,0,LDPE (400)
2005,2024-03-29T02:00:14.000Z,2024-03-29T02:28:34.000Z,1700,514945,Completed,03/29/2024 00:00:13,03/29/2024 23:59:45,Unplanned,MiraFlex 1,MiraFlex 1,C,23:00:00,07:00:00,544,0,LDPE (400)
2006,2024-03-29T02:29:34.000Z,2024-03-29T02:38:34.000Z,540,515033,Completed,03/29/2024 00:00:13,03/29/2024 23:59:45,Unplanned,MiraFlex 1,MiraFlex 1,C,23:00:00,07:00:00,544,0,LDPE (400)
2007,2024-03-29T03:32:15.000Z,2024-03-29T03:41:35.000Z,560,515219,Completed,03/29/2024 00:00:13,03/29/2024 23:59:45,Unplanned,MiraFlex 1,MiraFlex 1,C,23:00:00,07:00:00,544,0,LDPE (400)
2008,2024-03-29T03:42:55.000Z,2024-03-29T03:51:15.000Z,500,515251,Completed,03/29/2024 00:00:13,03/29/2024 23:59:45,Unplanned,MiraFlex 1,MiraFlex 1,C,23:00:00,07:00:00,544,0,LDPE (400)
2009,2024-03-29T04:29:15.000Z,2024-03-29T05:06:36.000Z,2241,515388,Completed,03/29/2024 00:00:13,03/29/2024 23:59:45,Unplanned,MiraFlex 1,MiraFlex 1,C,23:00:00,07:00:00,544,0,LDPE (400)
2010,2024-03-29T05:07:16.000Z,2024-03-29T05:22:36.000Z,920,515502,Completed,03/29/2024 00:00:13,03/29/2024 23:59:45,Unplanned,MiraFlex 1,MiraFlex 1,C,23:00:00,07:00:00,544,0,LDPE (400)
2011,2024-03-29T05:34:36.000Z,2024-03-29T05:36:36.000Z,120,515584,Completed,03/29/2024 00:00:13,03/29/2024 23:59:45,Unplanned,MiraFlex 1,MiraFlex 1,C,23:00:00,07:00:00,544,0,LDPE (400)
2012,2024-03-29T05:52:56.000Z,2024-03-29T07:55:37.000Z,7361,515639,Completed,03/29/2024 00:00:13,03/29/2024 23:59:45,Unplanned,MiraFlex 1,MiraFlex 1,C,23:00:00,07:00:00,544,0,LDPE (400)
2013,2024-03-29T08:09:57.000Z,2024-03-29T08:10:57.000Z,60,516044,Completed,03/29/2024 00:00:13,03/29/2024 23:59:45,Unplanned,MiraFlex 1,MiraFlex 1,C,23:00:00,07:00:00,544,0,LDPE (400)
2014,2024-03-29T08:11:57.000Z,2024-03-29T08:46:37.000Z,2080,516050,Completed,03/29/2024 00:00:13,03/29/2024 23:59:45,Unplanned,MiraFlex 1,MiraFlex 1,C,23:00:00,07:00:00,544,0,LDPE (400)
2015,2024-03-29T08:50:37.000Z,2024-03-29T10:02:58.000Z,4341,516165,Completed,03/29/2024 00:00:13,03/29/2024 23:59:45,Unplanned,MiraFlex 1,MiraFlex 1,C,23:00:00,07:00:00,544,0,LDPE (400)
2016,2024-03-29T10:40:58.000Z,2024-03-29T10:51:18.000Z,620,516493,Completed,03/29/2024 00:00:13,03/29/2024 23:59:45,Unplanned,MiraFlex 1,MiraFlex 1,C,23:00:00,07:00:00,544,0,LDPE (400)
2017,2024-03-29T11:03:19.000Z,2024-03-29T11:11:39.000Z,500,516557,Completed,03/29/2024 00:00:13,03/29/2024 23:59:45,Unplanned,MiraFlex 1,MiraFlex 1,C,23:00:00,07:00:00,544,0,LDPE (400)
2018,2024-03-29T11:35:19.000Z,2024-03-29T12:15:39.000Z,2420,516653,Completed,03/29/2024 00:00:13,03/29/2024 23:59:45,Unplanned,MiraFlex 1,MiraFlex 1,C,23:00:00,07:00:00,544,0,LDPE (400)
2019,2024-03-29T12:42:59.000Z,2024-03-29T12:48:59.000Z,360,516850,Completed,03/29/2024 00:00:13,03/29/2024 23:59:45,Unplanned,MiraFlex 1,MiraFlex 1,C,23:00:00,07:00:00,544,0,LDPE (400)
2020,2024-03-29T12:50:59.000Z,2024-03-29T14:40:00.000Z,6541,516872,Completed,03/29/2024 00:00:13,03/29/2024 23:59:45,Unplanned,MiraFlex 1,MiraFlex 1,C,23:00:00,07:00:00,544,0,LDPE (400)
2021,2024-03-29T14:43:20.000Z,2024-03-29T14:45:40.000Z,140,517197,Completed,03/29/2024 00:00:13,03/29/2024 23:59:45,Unplanned,MiraFlex 1,MiraFlex 1,C,23:00:00,07:00:00,544,0,LDPE (400)
2022,2024-03-29T15:41:01.000Z,2024-03-29T15:48:41.000Z,460,517360,Completed,03/29/2024 00:00:13,03/29/2024 23:59:45,Unplanned,MiraFlex 1,MiraFlex 1,C,23:00:00,07:00:00,544,0,LDPE (400)
2023,2024-03-29T16:09:01.000Z,2024-03-29T16:22:01.000Z,780,517443,Completed,03/29/2024 00:00:13,03/29/2024 23:59:45,Unplanned,MiraFlex 1,MiraFlex 1,C,23:00:00,07:00:00,544,0,LDPE (400)
2024,2024-03-29T16:57:42.000Z,2024-03-29T17:04:22.000Z,400,517584,Completed,03/29/2024 00:00:13,03/29/2024 23:59:45,Unplanned,MiraFlex 1,MiraFlex 1,C,23:00:00,07:00:00,544,0,LDPE (400)
2025,2024-03-29T17:15:42.000Z,2024-03-29T17:32:42.000Z,1020,517637,Completed,03/29/2024 00:00:13,03/29/2024 23:59:45,Unplanned,MiraFlex 1,MiraFlex 1,C,23:00:00,07:00:00,544,0,LDPE (400)
2026,2024-03-29T17:41:42.000Z,2024-03-29T17:47:02.000Z,320,517714,Completed,03/29/2024 00:00:13,03/29/2024 23:59:45,Unplanned,MiraFlex 1,MiraFlex 1,C,23:00:00,07:00:00,544,0,LDPE (400)
2027,2024-03-29T18:24:42.000Z,2024-03-29T18:29:02.000Z,260,517835,Completed,03/29/2024 00:00:13,03/29/2024 23:59:45,Unplanned,MiraFlex 1,MiraFlex 1,C,23:00:00,07:00:00,544,0,LDPE (400)
2028,2024-03-29T18:31:02.000Z,2024-03-29T18:33:02.000Z,120,517851,Completed,03/29/2024 00:00:13,03/29/2024 23:59:45,Unplanned,MiraFlex 1,MiraFlex 1,C,23:00:00,07:00:00,544,0,LDPE (400)
2029,2024-03-29T18:44:02.000Z,2024-03-29T19:36:03.000Z,3121,517889,Completed,03/29/2024 00:00:13,03/29/2024 23:59:45,Unplanned,MiraFlex 1,MiraFlex 1,C,23:00:00,07:00:00,544,0,LDPE (400)
2030,2024-03-29T20:18:43.000Z,2024-03-29T20:21:43.000Z,180,518154,Completed,03/29/2024 00:00:13,03/29/2024 23:59:45,Unplanned,MiraFlex 1,MiraFlex 1,C,23:00:00,07:00:00,544,0,LDPE (400)
2031,2024-03-29T20:53:04.000Z,2024-03-29T21:13:24.000Z,1220,518251,Completed,03/29/2024 00:00:13,03/29/2024 23:59:45,Unplanned,MiraFlex 1,MiraFlex 1,C,23:00:00,07:00:00,544,0,LDPE (400)
2032,2024-03-29T21:13:44.000Z,2024-03-29T21:15:44.000Z,120,518310,Completed,03/29/2024 00:00:13,03/29/2024 23:59:45,Unplanned,MiraFlex 1,MiraFlex 1,C,23:00:00,07:00:00,544,0,LDPE (400)
2033,2024-03-29T21:44:24.000Z,2024-03-29T21:47:04.000Z,160,518401,Completed,03/29/2024 00:00:13,03/29/2024 23:59:45,Unplanned,MiraFlex 1,MiraFlex 1,C,23:00:00,07:00:00,544,0,LDPE (400)
2034,2024-03-29T22:22:24.000Z,2024-03-29T22:53:05.000Z,1841,518510,Completed,03/29/2024 00:00:13,03/29/2024 23:59:45,Unplanned,MiraFlex 1,MiraFlex 1,C,23:00:00,07:00:00,544,0,LDPE (400)
2035,2024-03-29T23:17:45.000Z,2024-03-29T23:24:25.000Z,400,518667,Completed,03/29/2024 00:00:13,03/29/2024 23:59:45,Unplanned,MiraFlex 1,MiraFlex 1,C,23:00:00,07:00:00,544,0,LDPE (400)
2036,2024-04-01T07:00:13.000Z,2024-04-01T07:55:13.000Z,3300,528446,Completed,04/01/2024 07:00:13,04/01/2024 14:59:57,Unplanned,MiraFlex 1,MiraFlex 1,A,07:00:00,15:00:00,544,0,LDPE (400)
2037,2024-04-01T08:06:34.000Z,2024-04-01T08:17:34.000Z,660,528644,Completed,04/01/2024 07:00:13,04/01/2024 14:59:57,Unplanned,MiraFlex 1,MiraFlex 1,A,07:00:00,15:00:00,544,0,LDPE (400)
2038,2024-04-01T09:12:34.000Z,2024-04-01T09:13:54.000Z,80,528838,Completed,04/01/2024 07:00:13,04/01/2024 14:59:57,Unplanned,MiraFlex 1,MiraFlex 1,A,07:00:00,15:00:00,544,0,LDPE (400)
2039,2024-04-01T09:18:34.000Z,2024-04-01T09:40:14.000Z,1300,528856,Completed,04/01/2024 07:00:13,04/01/2024 14:59:57,Unplanned,MiraFlex 1,MiraFlex 1,A,07:00:00,15:00:00,544,0,LDPE (400)
2040,2024-04-01T10:33:55.000Z,2024-04-01T11:23:15.000Z,2960,529082,Completed,04/01/2024 07:00:13,04/01/2024 14:59:57,Unplanned,MiraFlex 1,MiraFlex 1,A,07:00:00,15:00:00,544,0,LDPE (400)
2041,2024-04-01T11:27:15.000Z,2024-04-01T11:29:55.000Z,160,529239,Completed,04/01/2024 07:00:13,04/01/2024 14:59:57,Unplanned,MiraFlex 1,MiraFlex 1,A,07:00:00,15:00:00,544,0,LDPE (400)
2042,2024-04-01T12:23:36.000Z,2024-04-01T12:34:36.000Z,660,529405,Completed,04/01/2024 07:00:13,04/01/2024 14:59:57,Unplanned,MiraFlex 1,MiraFlex 1,A,07:00:00,15:00:00,544,0,LDPE (400)
2043,2024-04-01T13:29:36.000Z,2024-04-01T13:31:36.000Z,120,529599,Completed,04/01/2024 07:00:13,04/01/2024 14:59:57,Unplanned,MiraFlex 1,MiraFlex 1,A,07:00:00,15:00:00,544,0,LDPE (400)
2044,2024-04-01T13:52:56.000Z,2024-04-01T14:21:37.000Z,1721,529667,Completed,04/01/2024 07:00:13,04/01/2024 14:59:57,Unplanned,MiraFlex 1,MiraFlex 1,A,07:00:00,15:00:00,544,0,LDPE (400)
2045,2024-04-01T14:56:37.000Z,2024-04-01T14:58:57.000Z,140,529858,Completed,04/01/2024 07:00:13,04/01/2024 14:59:57,Unplanned,MiraFlex 1,MiraFlex 1,A,07:00:00,15:00:00,544,0,LDPE (400)
2046,2024-04-01T15:42:37.000Z,2024-04-01T16:02:18.000Z,1181,529994,Completed,04/01/2024 15:00:17,04/01/2024 22:59:41,Unplanned,MiraFlex 1,MiraFlex 1,B,15:00:00,23:00:00,544,0,LDPE (400)
2047,2024-04-01T16:17:18.000Z,2024-04-01T16:23:18.000Z,360,530098,Completed,04/01/2024 15:00:17,04/01/2024 22:59:41,Unplanned,MiraFlex 1,MiraFlex 1,B,15:00:00,23:00:00,544,0,LDPE (400)
2048,2024-04-01T17:15:38.000Z,2024-04-01T17:20:18.000Z,280,530265,Completed,04/01/2024 15:00:17,04/01/2024 22:59:41,Unplanned,MiraFlex 1,MiraFlex 1,B,15:00:00,23:00:00,544,0,LDPE (400)
2049,2024-04-01T17:40:58.000Z,2024-04-01T18:16:19.000Z,2121,530338,Completed,04/01/2024 15:00:17,04/01/2024 22:59:41,Unplanned,MiraFlex 1,MiraFlex 1,B,15:00:00,23:00:00,544,0,LDPE (400)
2050,2024-04-01T18:17:39.000Z,2024-04-01T18:27:19.000Z,580,530447,Completed,04/01/2024 15:00:17,04/01/2024 22:59:41,Unplanned,MiraFlex 1,MiraFlex 1,B,15:00:00,23:00:00,544,0,LDPE (400)
2051,2024-04-01T18:43:39.000Z,2024-04-01T19:40:39.000Z,3420,530525,Completed,04/01/2024 15:00:17,04/01/2024 22:59:41,Unplanned,MiraFlex 1,MiraFlex 1,B,15:00:00,23:00:00,544,0,LDPE (400)
2052,2024-04-01T20:02:00.000Z,2024-04-01T20:06:00.000Z,240,530759,Completed,04/01/2024 15:00:17,04/01/2024 22:59:41,Unplanned,MiraFlex 1,MiraFlex 1,B,15:00:00,23:00:00,544,0,LDPE (400)
2053,2024-04-01T20:53:00.000Z,2024-04-01T20:58:40.000Z,340,530908,Completed,04/01/2024 15:00:17,04/01/2024 22:59:41,Unplanned,MiraFlex 1,MiraFlex 1,B,15:00:00,23:00:00,544,0,LDPE (400)
2054,2024-04-01T21:08:40.000Z,2024-04-01T21:19:00.000Z,620,530955,Completed,04/01/2024 15:00:17,04/01/2024 22:59:41,Unplanned,MiraFlex 1,MiraFlex 1,B,15:00:00,23:00:00,544,0,LDPE (400)
2055,2024-04-01T22:16:01.000Z,2024-04-01T22:21:21.000Z,320,531157,Completed,04/01/2024 15:00:17,04/01/2024 22:59:41,Unplanned,MiraFlex 1,MiraFlex 1,B,15:00:00,23:00:00,544,0,LDPE (400)
2056,2024-04-02T07:00:05.000Z,2024-04-02T07:10:05.000Z,600,532714,Completed,04/02/2024 07:00:05,04/02/2024 14:59:49,Unplanned,MiraFlex 1,MiraFlex 1,A,07:00:00,15:00:00,544,0,LDPE (400)
2057,2024-04-02T07:27:45.000Z,2024-04-02T07:34:05.000Z,380,532795,Completed,04/02/2024 07:00:05,04/02/2024 14:59:49,Unplanned,MiraFlex 1,MiraFlex 1,A,07:00:00,15:00:00,544,0,LDPE (400)
2058,2024-04-02T08:33:06.000Z,2024-04-02T08:42:26.000Z,560,532989,Completed,04/02/2024 07:00:05,04/02/2024 14:59:49,Unplanned,MiraFlex 1,MiraFlex 1,A,07:00:00,15:00:00,544,0,LDPE (400)
2059,2024-04-02T09:31:46.000Z,2024-04-02T10:10:07.000Z,2301,533165,Completed,04/02/2024 07:00:05,04/02/2024 14:59:49,Unplanned,MiraFlex 1,MiraFlex 1,A,07:00:00,15:00:00,544,0,LDPE (400)
2060,2024-04-02T10:55:27.000Z,2024-04-02T11:03:27.000Z,480,533413,Completed,04/02/2024 07:00:05,04/02/2024 14:59:49,Unplanned,MiraFlex 1,MiraFlex 1,A,07:00:00,15:00:00,544,0,LDPE (400)
2061,2024-04-02T11:53:28.000Z,2024-04-02T11:55:28.000Z,120,533581,Completed,04/02/2024 07:00:05,04/02/2024 14:59:49,Unplanned,MiraFlex 1,MiraFlex 1,A,07:00:00,15:00:00,544,0,LDPE (400)
2062,2024-04-02T12:45:08.000Z,2024-04-02T12:50:28.000Z,320,533736,Completed,04/02/2024 07:00:05,04/02/2024 14:59:49,Unplanned,MiraFlex 1,MiraFlex 1,A,07:00:00,15:00:00,544,0,LDPE (400)
2063,2024-04-02T12:56:48.000Z,2024-04-02T13:11:48.000Z,900,533770,Completed,04/02/2024 07:00:05,04/02/2024 14:59:49,Unplanned,MiraFlex 1,MiraFlex 1,A,07:00:00,15:00:00,544,0,LDPE (400)
2064,2024-04-02T13:14:28.000Z,2024-04-02T13:26:08.000Z,700,533823,Completed,04/02/2024 07:00:05,04/02/2024 14:59:49,Unplanned,MiraFlex 1,MiraFlex 1,A,07:00:00,15:00:00,544,0,LDPE (400)
2065,2024-04-02T13:26:48.000Z,2024-04-02T13:31:08.000Z,260,533860,Completed,04/02/2024 07:00:05,04/02/2024 14:59:49,Unplanned,MiraFlex 1,MiraFlex 1,A,07:00:00,15:00:00,544,0,LDPE (400)
2066,2024-04-02T13:58:29.000Z,2024-04-02T14:13:29.000Z,900,533955,Completed,04/02/2024 07:00:05,04/02/2024 14:59:49,Unplanned,MiraFlex 1,MiraFlex 1,A,07:00:00,15:00:00,544,0,LDPE (400)
2067,2024-04-02T14:28:09.000Z,2024-04-02T14:34:29.000Z,380,534044,Completed,04/02/2024 07:00:05,04/02/2024 14:59:49,Unplanned,MiraFlex 1,MiraFlex 1,A,07:00:00,15:00:00,544,0,LDPE (400)
2068,2024-04-02T14:41:29.000Z,2024-04-02T14:52:29.000Z,660,534084,Completed,04/02/2024 07:00:05,04/02/2024 14:59:49,Unplanned,MiraFlex 1,MiraFlex 1,A,07:00:00,15:00:00,544,0,LDPE (400)
2069,2024-04-02T00:00:02.000Z,2024-04-02T00:05:02.000Z,300,531466,Completed,04/02/2024 00:00:02,04/02/2024 23:59:54,Unplanned,MiraFlex 1,MiraFlex 1,C,23:00:00,07:00:00,544,0,LDPE (400)
2070,2024-04-02T00:07:42.000Z,2024-04-02T00:33:02.000Z,1520,531489,Completed,04/02/2024 00:00:02,04/02/2024 23:59:54,Unplanned,MiraFlex 1,MiraFlex 1,C,23:00:00,07:00:00,544,0,LDPE (400)
2071,2024-04-02T00:40:02.000Z,2024-04-02T01:12:42.000Z,1960,531586,Completed,04/02/2024 00:00:02,04/02/2024 23:59:54,Unplanned,MiraFlex 1,MiraFlex 1,C,23:00:00,07:00:00,544,0,LDPE (400)
2072,2024-04-02T01:13:42.000Z,2024-04-02T01:26:42.000Z,780,531687,Completed,04/02/2024 00:00:02,04/02/2024 23:59:54,Unplanned,MiraFlex 1,MiraFlex 1,C,23:00:00,07:00:00,544,0,LDPE (400)
2073,2024-04-02T01:27:42.000Z,2024-04-02T01:34:02.000Z,380,531729,Completed,04/02/2024 00:00:02,04/02/2024 23:59:54,Unplanned,MiraFlex 1,MiraFlex 1,C,23:00:00,07:00:00,544,0,LDPE (400)
2074,2024-04-02T01:34:22.000Z,2024-04-02T01:41:42.000Z,440,531749,Completed,04/02/2024 00:00:02,04/02/2024 23:59:54,Unplanned,MiraFlex 1,MiraFlex 1,C,23:00:00,07:00:00,544,0,LDPE (400)
2075,2024-04-02T01:53:03.000Z,2024-04-02T01:54:23.000Z,80,531805,Completed,04/02/2024 00:00:02,04/02/2024 23:59:54,Unplanned,MiraFlex 1,MiraFlex 1,C,23:00:00,07:00:00,544,0,LDPE (400)
2076,2024-04-02T02:16:23.000Z,2024-04-02T02:20:03.000Z,220,531875,Completed,04/02/2024 00:00:02,04/02/2024 23:59:54,Unplanned,MiraFlex 1,MiraFlex 1,C,23:00:00,07:00:00,544,0,LDPE (400)
2077,2024-04-02T02:22:03.000Z,2024-04-02T02:25:43.000Z,220,531892,Completed,04/02/2024 00:00:02,04/02/2024 23:59:54,Unplanned,MiraFlex 1,MiraFlex 1,C,23:00:00,07:00:00,544,0,LDPE (400)
2078,2024-04-02T02:28:43.000Z,2024-04-02T02:32:43.000Z,240,531912,Completed,04/02/2024 00:00:02,04/02/2024 23:59:54,Unplanned,MiraFlex 1,MiraFlex 1,C,23:00:00,07:00:00,544,0,LDPE (400)
2079,2024-04-02T02:59:23.000Z,2024-04-02T03:10:43.000Z,680,532002,Completed,04/02/2024 00:00:02,04/02/2024 23:59:54,Unplanned,MiraFlex 1,MiraFlex 1,C,23:00:00,07:00:00,544,0,LDPE (400)
2080,2024-04-02T03:42:23.000Z,2024-04-02T03:46:23.000Z,240,532129,Completed,04/02/2024 00:00:02,04/02/2024 23:59:54,Unplanned,MiraFlex 1,MiraFlex 1,C,23:00:00,07:00:00,544,0,LDPE (400)
2081,2024-04-02T04:24:24.000Z,2024-04-02T05:21:04.000Z,3400,532253,Completed,04/02/2024 00:00:02,04/02/2024 23:59:54,Unplanned,MiraFlex 1,MiraFlex 1,C,23:00:00,07:00:00,544,0,LDPE (400)
2082,2024-04-02T05:27:04.000Z,2024-04-02T05:32:44.000Z,340,532439,Completed,04/02/2024 00:00:02,04/02/2024 23:59:54,Unplanned,MiraFlex 1,MiraFlex 1,C,23:00:00,07:00:00,544,0,LDPE (400)
2083,2024-04-02T05:48:05.000Z,2024-04-02T05:53:05.000Z,300,532500,Completed,04/02/2024 00:00:02,04/02/2024 23:59:54,Unplanned,MiraFlex 1,MiraFlex 1,C,23:00:00,07:00:00,544,0,LDPE (400)
2084,2024-04-02T06:33:45.000Z,2024-04-02T07:10:05.000Z,2180,532635,Completed,04/02/2024 00:00:02,04/02/2024 23:59:54,Unplanned,MiraFlex 1,MiraFlex 1,C,23:00:00,07:00:00,544,0,LDPE (400)
2085,2024-04-02T07:27:45.000Z,2024-04-02T07:34:05.000Z,380,532795,Completed,04/02/2024 00:00:02,04/02/2024 23:59:54,Unplanned,MiraFlex 1,MiraFlex 1,C,23:00:00,07:00:00,544,0,LDPE (400)
2086,2024-04-02T08:33:06.000Z,2024-04-02T08:42:26.000Z,560,532989,Completed,04/02/2024 00:00:02,04/02/2024 23:59:54,Unplanned,MiraFlex 1,MiraFlex 1,C,23:00:00,07:00:00,544,0,LDPE (400)
2087,2024-04-02T09:31:46.000Z,2024-04-02T10:10:07.000Z,2301,533165,Completed,04/02/2024 00:00:02,04/02/2024 23:59:54,Unplanned,MiraFlex 1,MiraFlex 1,C,23:00:00,07:00:00,544,0,LDPE (400)
2088,2024-04-02T10:55:27.000Z,2024-04-02T11:03:27.000Z,480,533413,Completed,04/02/2024 00:00:02,04/02/2024 23:59:54,Unplanned,MiraFlex 1,MiraFlex 1,C,23:00:00,07:00:00,544,0,LDPE (400)
2089,2024-04-02T11:53:28.000Z,2024-04-02T11:55:28.000Z,120,533581,Completed,04/02/2024 00:00:02,04/02/2024 23:59:54,Unplanned,MiraFlex 1,MiraFlex 1,C,23:00:00,07:00:00,544,0,LDPE (400)
2090,2024-04-02T12:45:08.000Z,2024-04-02T12:50:28.000Z,320,533736,Completed,04/02/2024 00:00:02,04/02/2024 23:59:54,Unplanned,MiraFlex 1,MiraFlex 1,C,23:00:00,07:00:00,544,0,LDPE (400)
2091,2024-04-02T12:56:48.000Z,2024-04-02T13:11:48.000Z,900,533770,Completed,04/02/2024 00:00:02,04/02/2024 23:59:54,Unplanned,MiraFlex 1,MiraFlex 1,C,23:00:00,07:00:00,544,0,LDPE (400)
2092,2024-04-02T13:14:28.000Z,2024-04-02T13:26:08.000Z,700,533823,Completed,04/02/2024 00:00:02,04/02/2024 23:59:54,Unplanned,MiraFlex 1,MiraFlex 1,C,23:00:00,07:00:00,544,0,LDPE (400)
2093,2024-04-02T13:26:48.000Z,2024-04-02T13:31:08.000Z,260,533860,Completed,04/02/2024 00:00:02,04/02/2024 23:59:54,Unplanned,MiraFlex 1,MiraFlex 1,C,23:00:00,07:00:00,544,0,LDPE (400)
2094,2024-04-02T13:58:29.000Z,2024-04-02T14:13:29.000Z,900,533955,Completed,04/02/2024 00:00:02,04/02/2024 23:59:54,Unplanned,MiraFlex 1,MiraFlex 1,C,23:00:00,07:00:00,544,0,LDPE (400)
2095,2024-04-02T14:28:09.000Z,2024-04-02T14:34:29.000Z,380,534044,Completed,04/02/2024 00:00:02,04/02/2024 23:59:54,Unplanned,MiraFlex 1,MiraFlex 1,C,23:00:00,07:00:00,544,0,LDPE (400)
2096,2024-04-02T14:41:29.000Z,2024-04-02T14:52:29.000Z,660,534084,Completed,04/02/2024 00:00:02,04/02/2024 23:59:54,Unplanned,MiraFlex 1,MiraFlex 1,C,23:00:00,07:00:00,544,0,LDPE (400)
2097,2024-04-02T15:25:49.000Z,2024-04-02T15:29:49.000Z,240,534213,Completed,04/02/2024 00:00:02,04/02/2024 23:59:54,Unplanned,MiraFlex 1,MiraFlex 1,C,23:00:00,07:00:00,544,0,LDPE (400)
2098,2024-04-02T15:39:10.000Z,2024-04-02T15:49:50.000Z,640,534251,Completed,04/02/2024 00:00:02,04/02/2024 23:59:54,Unplanned,MiraFlex 1,MiraFlex 1,C,23:00:00,07:00:00,544,0,LDPE (400)
2099,2024-04-02T16:38:10.000Z,2024-04-02T16:42:50.000Z,280,534426,Completed,04/02/2024 00:00:02,04/02/2024 23:59:54,Unplanned,MiraFlex 1,MiraFlex 1,C,23:00:00,07:00:00,544,0,LDPE (400)
2100,2024-04-02T17:32:30.000Z,2024-04-02T17:37:11.000Z,281,534585,Completed,04/02/2024 00:00:02,04/02/2024 23:59:54,Unplanned,MiraFlex 1,MiraFlex 1,C,23:00:00,07:00:00,544,0,LDPE (400)
2101,2024-04-02T17:37:51.000Z,2024-04-02T17:49:31.000Z,700,534601,Completed,04/02/2024 00:00:02,04/02/2024 23:59:54,Unplanned,MiraFlex 1,MiraFlex 1,C,23:00:00,07:00:00,544,0,LDPE (400)
2102,2024-04-02T17:50:11.000Z,2024-04-02T17:55:51.000Z,340,534638,Completed,04/02/2024 00:00:02,04/02/2024 23:59:54,Unplanned,MiraFlex 1,MiraFlex 1,C,23:00:00,07:00:00,544,0,LDPE (400)
2103,2024-04-02T17:56:11.000Z,2024-04-02T18:07:11.000Z,660,534656,Completed,04/02/2024 00:00:02,04/02/2024 23:59:54,Unplanned,MiraFlex 1,MiraFlex 1,C,23:00:00,07:00:00,544,0,LDPE (400)
2104,2024-04-02T18:07:51.000Z,2024-04-02T20:29:32.000Z,8501,534691,Completed,04/02/2024 00:00:02,04/02/2024 23:59:54,Unplanned,MiraFlex 1,MiraFlex 1,C,23:00:00,07:00:00,544,0,LDPE (400)
2105,2024-04-02T20:34:52.000Z,2024-04-02T20:37:12.000Z,140,535132,Completed,04/02/2024 00:00:02,04/02/2024 23:59:54,Unplanned,MiraFlex 1,MiraFlex 1,C,23:00:00,07:00:00,544,0,LDPE (400)
2106,2024-04-02T20:38:52.000Z,2024-04-02T20:54:52.000Z,960,535144,Completed,04/02/2024 00:00:02,04/02/2024 23:59:54,Unplanned,MiraFlex 1,MiraFlex 1,C,23:00:00,07:00:00,544,0,LDPE (400)
2107,2024-04-02T21:02:32.000Z,2024-04-02T21:20:52.000Z,1100,535215,Completed,04/02/2024 00:00:02,04/02/2024 23:59:54,Unplanned,MiraFlex 1,MiraFlex 1,C,23:00:00,07:00:00,544,0,LDPE (400)
2108,2024-04-02T21:40:53.000Z,2024-04-02T21:49:33.000Z,520,535330,Completed,04/02/2024 00:00:02,04/02/2024 23:59:54,Unplanned,MiraFlex 1,MiraFlex 1,C,23:00:00,07:00:00,544,0,LDPE (400)
2109,2024-04-02T21:52:53.000Z,2024-04-02T22:00:33.000Z,460,535366,Completed,04/02/2024 00:00:02,04/02/2024 23:59:54,Unplanned,MiraFlex 1,MiraFlex 1,C,23:00:00,07:00:00,544,0,LDPE (400)
2110,2024-04-02T22:24:53.000Z,2024-04-02T22:46:53.000Z,1320,535462,Completed,04/02/2024 00:00:02,04/02/2024 23:59:54,Unplanned,MiraFlex 1,MiraFlex 1,C,23:00:00,07:00:00,544,0,LDPE (400)
2111,2024-04-02T22:58:53.000Z,2024-04-02T23:29:33.000Z,1840,535564,Completed,04/02/2024 00:00:02,04/02/2024 23:59:54,Unplanned,MiraFlex 1,MiraFlex 1,C,23:00:00,07:00:00,544,0,LDPE (400)
2112,2024-04-02T23:36:54.000Z,2024-04-02T23:41:34.000Z,280,535676,Completed,04/02/2024 00:00:02,04/02/2024 23:59:54,Unplanned,MiraFlex 1,MiraFlex 1,C,23:00:00,07:00:00,544,0,LDPE (400)
2113,2024-03-31T00:00:17.000Z,2024-03-31T00:34:58.000Z,2081,522959,Completed,03/31/2024 00:00:17,03/31/2024 23:59:49,Unplanned,MiraFlex 1,MiraFlex 1,C,23:00:00,07:00:00,544,0,LDPE (400)
2114,2024-03-31T00:38:18.000Z,2024-03-31T00:49:38.000Z,680,523072,Completed,03/31/2024 00:00:17,03/31/2024 23:59:49,Unplanned,MiraFlex 1,MiraFlex 1,C,23:00:00,07:00:00,544,0,LDPE (400)
2115,2024-03-31T01:01:58.000Z,2024-03-31T01:04:58.000Z,180,523141,Completed,03/31/2024 00:00:17,03/31/2024 23:59:49,Unplanned,MiraFlex 1,MiraFlex 1,C,23:00:00,07:00:00,544,0,LDPE (400)
2116,2024-03-31T01:09:58.000Z,2024-03-31T01:12:38.000Z,160,523165,Completed,03/31/2024 00:00:17,03/31/2024 23:59:49,Unplanned,MiraFlex 1,MiraFlex 1,C,23:00:00,07:00:00,544,0,LDPE (400)
2117,2024-03-31T02:00:58.000Z,2024-03-31T02:05:38.000Z,280,523316,Completed,03/31/2024 00:00:17,03/31/2024 23:59:49,Unplanned,MiraFlex 1,MiraFlex 1,C,23:00:00,07:00:00,544,0,LDPE (400)
2118,2024-03-31T02:31:39.000Z,2024-03-31T02:39:59.000Z,500,523408,Completed,03/31/2024 00:00:17,03/31/2024 23:59:49,Unplanned,MiraFlex 1,MiraFlex 1,C,23:00:00,07:00:00,544,0,LDPE (400)
2119,2024-03-31T02:55:59.000Z,2024-03-31T02:58:19.000Z,140,523479,Completed,03/31/2024 00:00:17,03/31/2024 23:59:49,Unplanned,MiraFlex 1,MiraFlex 1,C,23:00:00,07:00:00,544,0,LDPE (400)
2120,2024-03-31T03:09:19.000Z,2024-03-31T03:29:59.000Z,1240,523517,Completed,03/31/2024 00:00:17,03/31/2024 23:59:49,Unplanned,MiraFlex 1,MiraFlex 1,C,23:00:00,07:00:00,544,0,LDPE (400)
2121,2024-03-31T04:11:59.000Z,2024-03-31T04:13:59.000Z,120,523701,Completed,03/31/2024 00:00:17,03/31/2024 23:59:49,Unplanned,MiraFlex 1,MiraFlex 1,C,23:00:00,07:00:00,544,0,LDPE (400)
2122,2024-03-31T04:16:59.000Z,2024-03-31T04:17:39.000Z,40,523716,Completed,03/31/2024 00:00:17,03/31/2024 23:59:49,Unplanned,MiraFlex 1,MiraFlex 1,C,23:00:00,07:00:00,544,0,LDPE (400)
2123,2024-03-31T04:32:00.000Z,2024-03-31T05:01:20.000Z,1760,523761,Completed,03/31/2024 00:00:17,03/31/2024 23:59:49,Unplanned,MiraFlex 1,MiraFlex 1,C,23:00:00,07:00:00,544,0,LDPE (400)
2124,2024-03-31T05:10:00.000Z,2024-03-31T05:13:00.000Z,180,523875,Completed,03/31/2024 00:00:17,03/31/2024 23:59:49,Unplanned,MiraFlex 1,MiraFlex 1,C,23:00:00,07:00:00,544,0,LDPE (400)
2125,2024-03-31T05:19:00.000Z,2024-03-31T05:24:20.000Z,320,523902,Completed,03/31/2024 00:00:17,03/31/2024 23:59:49,Unplanned,MiraFlex 1,MiraFlex 1,C,23:00:00,07:00:00,544,0,LDPE (400)
2126,2024-03-31T05:50:40.000Z,2024-03-31T06:08:00.000Z,1040,523994,Completed,03/31/2024 00:00:17,03/31/2024 23:59:49,Unplanned,MiraFlex 1,MiraFlex 1,C,23:00:00,07:00:00,544,0,LDPE (400)
2127,2024-03-31T06:12:20.000Z,2024-03-31T06:13:00.000Z,40,524059,Completed,03/31/2024 00:00:17,03/31/2024 23:59:49,Unplanned,MiraFlex 1,MiraFlex 1,C,23:00:00,07:00:00,544,0,LDPE (400)
2128,2024-03-31T06:17:20.000Z,2024-03-31T06:45:21.000Z,1681,524074,Completed,03/31/2024 00:00:17,03/31/2024 23:59:49,Unplanned,MiraFlex 1,MiraFlex 1,C,23:00:00,07:00:00,544,0,LDPE (400)
2129,2024-03-31T06:51:21.000Z,2024-03-31T13:11:44.000Z,22823,524176,Completed,03/31/2024 00:00:17,03/31/2024 23:59:49,Unplanned,MiraFlex 1,MiraFlex 1,C,23:00:00,07:00:00,544,0,LDPE (400)
2130,2024-03-31T13:12:44.000Z,2024-03-31T13:20:24.000Z,460,525302,Completed,03/31/2024 00:00:17,03/31/2024 23:59:49,Unplanned,MiraFlex 1,MiraFlex 1,C,23:00:00,07:00:00,544,0,LDPE (400)
2131,2024-03-31T13:30:04.000Z,2024-03-31T13:52:44.000Z,1360,525352,Completed,03/31/2024 00:00:17,03/31/2024 23:59:49,Unplanned,MiraFlex 1,MiraFlex 1,C,23:00:00,07:00:00,544,0,LDPE (400)
2132,2024-03-31T13:57:44.000Z,2024-03-31T14:06:24.000Z,520,525434,Completed,03/31/2024 00:00:17,03/31/2024 23:59:49,Unplanned,MiraFlex 1,MiraFlex 1,C,23:00:00,07:00:00,544,0,LDPE (400)
2133,2024-03-31T14:12:04.000Z,2024-03-31T14:15:04.000Z,180,525477,Completed,03/31/2024 00:00:17,03/31/2024 23:59:49,Unplanned,MiraFlex 1,MiraFlex 1,C,23:00:00,07:00:00,544,0,LDPE (400)
2134,2024-03-31T15:03:45.000Z,2024-03-31T15:05:45.000Z,120,525624,Completed,03/31/2024 00:00:17,03/31/2024 23:59:49,Unplanned,MiraFlex 1,MiraFlex 1,C,23:00:00,07:00:00,544,0,LDPE (400)
2135,2024-03-31T15:09:45.000Z,2024-03-31T15:24:05.000Z,860,525642,Completed,03/31/2024 00:00:17,03/31/2024 23:59:49,Unplanned,MiraFlex 1,MiraFlex 1,C,23:00:00,07:00:00,544,0,LDPE (400)
2136,2024-03-31T15:25:05.000Z,2024-03-31T15:31:45.000Z,400,525688,Completed,03/31/2024 00:00:17,03/31/2024 23:59:49,Unplanned,MiraFlex 1,MiraFlex 1,C,23:00:00,07:00:00,544,0,LDPE (400)
2137,2024-03-31T15:55:25.000Z,2024-03-31T16:07:45.000Z,740,525778,Completed,03/31/2024 00:00:17,03/31/2024 23:59:49,Unplanned,MiraFlex 1,MiraFlex 1,C,23:00:00,07:00:00,544,0,LDPE (400)
2138,2024-03-31T16:25:06.000Z,2024-03-31T16:32:06.000Z,420,525867,Completed,03/31/2024 00:00:17,03/31/2024 23:59:49,Unplanned,MiraFlex 1,MiraFlex 1,C,23:00:00,07:00:00,544,0,LDPE (400)
2139,2024-03-31T16:41:06.000Z,2024-03-31T16:42:26.000Z,80,525915,Completed,03/31/2024 00:00:17,03/31/2024 23:59:49,Unplanned,MiraFlex 1,MiraFlex 1,C,23:00:00,07:00:00,544,0,LDPE (400)
2140,2024-03-31T17:31:26.000Z,2024-03-31T18:35:07.000Z,3821,526066,Completed,03/31/2024 00:00:17,03/31/2024 23:59:49,Unplanned,MiraFlex 1,MiraFlex 1,C,23:00:00,07:00:00,544,0,LDPE (400)
2141,2024-03-31T18:41:47.000Z,2024-03-31T19:36:47.000Z,3300,526273,Completed,03/31/2024 00:00:17,03/31/2024 23:59:49,Unplanned,MiraFlex 1,MiraFlex 1,C,23:00:00,07:00:00,544,0,LDPE (400)
2142,2024-03-31T19:46:07.000Z,2024-03-31T19:54:47.000Z,520,526458,Completed,03/31/2024 00:00:17,03/31/2024 23:59:49,Unplanned,MiraFlex 1,MiraFlex 1,C,23:00:00,07:00:00,544,0,LDPE (400)
2143,2024-03-31T20:12:27.000Z,2024-03-31T21:19:08.000Z,4001,526533,Completed,03/31/2024 00:00:17,03/31/2024 23:59:49,Unplanned,MiraFlex 1,MiraFlex 1,C,23:00:00,07:00:00,544,0,LDPE (400)
2144,2024-03-31T21:30:08.000Z,2024-03-31T22:38:09.000Z,4081,526760,Completed,03/31/2024 00:00:17,03/31/2024 23:59:49,Unplanned,MiraFlex 1,MiraFlex 1,C,23:00:00,07:00:00,544,0,LDPE (400)
2145,2024-03-31T22:49:49.000Z,2024-03-31T23:11:49.000Z,1320,526991,Completed,03/31/2024 00:00:17,03/31/2024 23:59:49,Unplanned,MiraFlex 1,MiraFlex 1,C,23:00:00,07:00:00,544,0,LDPE (400)
2146,2024-03-31T23:15:29.000Z,2024-03-31T23:41:29.000Z,1560,527065,Completed,03/31/2024 00:00:17,03/31/2024 23:59:49,Unplanned,MiraFlex 1,MiraFlex 1,C,23:00:00,07:00:00,544,0,LDPE (400)
2147,2024-03-31T23:44:29.000Z,2024-03-31T23:51:09.000Z,400,527149,Completed,03/31/2024 00:00:17,03/31/2024 23:59:49,Unplanned,MiraFlex 1,MiraFlex 1,C,23:00:00,07:00:00,544,0,LDPE (400)
2148,2024-04-01T00:45:30.000Z,2024-04-01T00:48:10.000Z,160,527328,Completed,04/01/2024 00:00:09,04/01/2024 23:59:42,Unplanned,MiraFlex 1,MiraFlex 1,C,23:00:00,07:00:00,544,0,LDPE (400)
2149,2024-04-01T01:26:10.000Z,2024-04-01T02:05:10.000Z,2340,527448,Completed,04/01/2024 00:00:09,04/01/2024 23:59:42,Unplanned,MiraFlex 1,MiraFlex 1,C,23:00:00,07:00:00,544,0,LDPE (400)
2150,2024-04-01T02:09:31.000Z,2024-04-01T02:39:11.000Z,1780,527578,Completed,04/01/2024 00:00:09,04/01/2024 23:59:42,Unplanned,MiraFlex 1,MiraFlex 1,C,23:00:00,07:00:00,544,0,LDPE (400)
2151,2024-04-01T03:24:31.000Z,2024-04-01T03:31:51.000Z,440,527802,Completed,04/01/2024 00:00:09,04/01/2024 23:59:42,Unplanned,MiraFlex 1,MiraFlex 1,C,23:00:00,07:00:00,544,0,LDPE (400)
2152,2024-04-01T04:20:12.000Z,2024-04-01T05:50:32.000Z,5420,527967,Completed,04/01/2024 00:00:09,04/01/2024 23:59:42,Unplanned,MiraFlex 1,MiraFlex 1,C,23:00:00,07:00:00,544,0,LDPE (400)
2153,2024-04-01T06:27:13.000Z,2024-04-01T07:55:13.000Z,5280,528347,Completed,04/01/2024 00:00:09,04/01/2024 23:59:42,Unplanned,MiraFlex 1,MiraFlex 1,C,23:00:00,07:00:00,544,0,LDPE (400)
2154,2024-04-01T08:06:34.000Z,2024-04-01T08:17:34.000Z,660,528644,Completed,04/01/2024 00:00:09,04/01/2024 23:59:42,Unplanned,MiraFlex 1,MiraFlex 1,C,23:00:00,07:00:00,544,0,LDPE (400)
2155,2024-04-01T09:12:34.000Z,2024-04-01T09:13:54.000Z,80,528838,Completed,04/01/2024 00:00:09,04/01/2024 23:59:42,Unplanned,MiraFlex 1,MiraFlex 1,C,23:00:00,07:00:00,544,0,LDPE (400)
2156,2024-04-01T09:18:34.000Z,2024-04-01T09:40:14.000Z,1300,528856,Completed,04/01/2024 00:00:09,04/01/2024 23:59:42,Unplanned,MiraFlex 1,MiraFlex 1,C,23:00:00,07:00:00,544,0,LDPE (400)
2157,2024-04-01T10:33:55.000Z,2024-04-01T11:23:15.000Z,2960,529082,Completed,04/01/2024 00:00:09,04/01/2024 23:59:42,Unplanned,MiraFlex 1,MiraFlex 1,C,23:00:00,07:00:00,544,0,LDPE (400)
2158,2024-04-01T11:27:15.000Z,2024-04-01T11:29:55.000Z,160,529239,Completed,04/01/2024 00:00:09,04/01/2024 23:59:42,Unplanned,MiraFlex 1,MiraFlex 1,C,23:00:00,07:00:00,544,0,LDPE (400)
2159,2024-04-01T12:23:36.000Z,2024-04-01T12:34:36.000Z,660,529405,Completed,04/01/2024 00:00:09,04/01/2024 23:59:42,Unplanned,MiraFlex 1,MiraFlex 1,C,23:00:00,07:00:00,544,0,LDPE (400)
2160,2024-04-01T13:29:36.000Z,2024-04-01T13:31:36.000Z,120,529599,Completed,04/01/2024 00:00:09,04/01/2024 23:59:42,Unplanned,MiraFlex 1,MiraFlex 1,C,23:00:00,07:00:00,544,0,LDPE (400)
2161,2024-04-01T13:52:56.000Z,2024-04-01T14:21:37.000Z,1721,529667,Completed,04/01/2024 00:00:09,04/01/2024 23:59:42,Unplanned,MiraFlex 1,MiraFlex 1,C,23:00:00,07:00:00,544,0,LDPE (400)
2162,2024-04-01T14:56:37.000Z,2024-04-01T14:58:57.000Z,140,529858,Completed,04/01/2024 00:00:09,04/01/2024 23:59:42,Unplanned,MiraFlex 1,MiraFlex 1,C,23:00:00,07:00:00,544,0,LDPE (400)
2163,2024-04-01T15:42:37.000Z,2024-04-01T16:02:18.000Z,1181,529994,Completed,04/01/2024 00:00:09,04/01/2024 23:59:42,Unplanned,MiraFlex 1,MiraFlex 1,C,23:00:00,07:00:00,544,0,LDPE (400)
2164,2024-04-01T16:17:18.000Z,2024-04-01T16:23:18.000Z,360,530098,Completed,04/01/2024 00:00:09,04/01/2024 23:59:42,Unplanned,MiraFlex 1,MiraFlex 1,C,23:00:00,07:00:00,544,0,LDPE (400)
2165,2024-04-01T17:15:38.000Z,2024-04-01T17:20:18.000Z,280,530265,Completed,04/01/2024 00:00:09,04/01/2024 23:59:42,Unplanned,MiraFlex 1,MiraFlex 1,C,23:00:00,07:00:00,544,0,LDPE (400)
2166,2024-04-01T17:40:58.000Z,2024-04-01T18:16:19.000Z,2121,530338,Completed,04/01/2024 00:00:09,04/01/2024 23:59:42,Unplanned,MiraFlex 1,MiraFlex 1,C,23:00:00,07:00:00,544,0,LDPE (400)
2167,2024-04-01T18:17:39.000Z,2024-04-01T18:27:19.000Z,580,530447,Completed,04/01/2024 00:00:09,04/01/2024 23:59:42,Unplanned,MiraFlex 1,MiraFlex 1,C,23:00:00,07:00:00,544,0,LDPE (400)
2168,2024-04-01T18:43:39.000Z,2024-04-01T19:40:39.000Z,3420,530525,Completed,04/01/2024 00:00:09,04/01/2024 23:59:42,Unplanned,MiraFlex 1,MiraFlex 1,C,23:00:00,07:00:00,544,0,LDPE (400)
2169,2024-04-01T20:02:00.000Z,2024-04-01T20:06:00.000Z,240,530759,Completed,04/01/2024 00:00:09,04/01/2024 23:59:42,Unplanned,MiraFlex 1,MiraFlex 1,C,23:00:00,07:00:00,544,0,LDPE (400)
2170,2024-04-01T20:53:00.000Z,2024-04-01T20:58:40.000Z,340,530908,Completed,04/01/2024 00:00:09,04/01/2024 23:59:42,Unplanned,MiraFlex 1,MiraFlex 1,C,23:00:00,07:00:00,544,0,LDPE (400)
2171,2024-04-01T21:08:40.000Z,2024-04-01T21:19:00.000Z,620,530955,Completed,04/01/2024 00:00:09,04/01/2024 23:59:42,Unplanned,MiraFlex 1,MiraFlex 1,C,23:00:00,07:00:00,544,0,LDPE (400)
2172,2024-04-01T22:16:01.000Z,2024-04-01T22:21:21.000Z,320,531157,Completed,04/01/2024 00:00:09,04/01/2024 23:59:42,Unplanned,MiraFlex 1,MiraFlex 1,C,23:00:00,07:00:00,544,0,LDPE (400)
2173,2024-04-01T22:43:41.000Z,2024-04-01T23:03:41.000Z,1200,531240,Completed,04/01/2024 00:00:09,04/01/2024 23:59:42,Unplanned,MiraFlex 1,MiraFlex 1,C,23:00:00,07:00:00,544,0,LDPE (400)
2174,2024-04-01T23:04:21.000Z,2024-04-01T23:30:21.000Z,1560,531302,Completed,04/01/2024 00:00:09,04/01/2024 23:59:42,Unplanned,MiraFlex 1,MiraFlex 1,C,23:00:00,07:00:00,544,0,LDPE (400)
2175,2024-04-01T23:36:01.000Z,2024-04-01T23:37:21.000Z,80,531397,Completed,04/01/2024 00:00:09,04/01/2024 23:59:42,Unplanned,MiraFlex 1,MiraFlex 1,C,23:00:00,07:00:00,544,0,LDPE (400)
2176,2024-04-02T15:25:49.000Z,2024-04-02T15:29:49.000Z,240,534213,Completed,04/02/2024 15:00:09,04/02/2024 22:59:53,Unplanned,MiraFlex 1,MiraFlex 1,B,15:00:00,23:00:00,544,0,LDPE (400)
2177,2024-04-02T15:39:10.000Z,2024-04-02T15:49:50.000Z,640,534251,Completed,04/02/2024 15:00:09,04/02/2024 22:59:53,Unplanned,MiraFlex 1,MiraFlex 1,B,15:00:00,23:00:00,544,0,LDPE (400)
2178,2024-04-02T16:38:10.000Z,2024-04-02T16:42:50.000Z,280,534426,Completed,04/02/2024 15:00:09,04/02/2024 22:59:53,Unplanned,MiraFlex 1,MiraFlex 1,B,15:00:00,23:00:00,544,0,LDPE (400)
2179,2024-04-02T17:32:30.000Z,2024-04-02T17:37:11.000Z,281,534585,Completed,04/02/2024 15:00:09,04/02/2024 22:59:53,Unplanned,MiraFlex 1,MiraFlex 1,B,15:00:00,23:00:00,544,0,LDPE (400)
2180,2024-04-02T17:37:51.000Z,2024-04-02T17:49:31.000Z,700,534601,Completed,04/02/2024 15:00:09,04/02/2024 22:59:53,Unplanned,MiraFlex 1,MiraFlex 1,B,15:00:00,23:00:00,544,0,LDPE (400)
2181,2024-04-02T17:50:11.000Z,2024-04-02T17:55:51.000Z,340,534638,Completed,04/02/2024 15:00:09,04/02/2024 22:59:53,Unplanned,MiraFlex 1,MiraFlex 1,B,15:00:00,23:00:00,544,0,LDPE (400)
2182,2024-04-02T17:56:11.000Z,2024-04-02T18:07:11.000Z,660,534656,Completed,04/02/2024 15:00:09,04/02/2024 22:59:53,Unplanned,MiraFlex 1,MiraFlex 1,B,15:00:00,23:00:00,544,0,LDPE (400)
2183,2024-04-02T18:07:51.000Z,2024-04-02T20:29:32.000Z,8501,534691,Completed,04/02/2024 15:00:09,04/02/2024 22:59:53,Unplanned,MiraFlex 1,MiraFlex 1,B,15:00:00,23:00:00,544,0,LDPE (400)
2184,2024-04-02T20:34:52.000Z,2024-04-02T20:37:12.000Z,140,535132,Completed,04/02/2024 15:00:09,04/02/2024 22:59:53,Unplanned,MiraFlex 1,MiraFlex 1,B,15:00:00,23:00:00,544,0,LDPE (400)
2185,2024-04-02T20:38:52.000Z,2024-04-02T20:54:52.000Z,960,535144,Completed,04/02/2024 15:00:09,04/02/2024 22:59:53,Unplanned,MiraFlex 1,MiraFlex 1,B,15:00:00,23:00:00,544,0,LDPE (400)
2186,2024-04-02T21:02:32.000Z,2024-04-02T21:20:52.000Z,1100,535215,Completed,04/02/2024 15:00:09,04/02/2024 22:59:53,Unplanned,MiraFlex 1,MiraFlex 1,B,15:00:00,23:00:00,544,0,LDPE (400)
2187,2024-04-02T21:40:53.000Z,2024-04-02T21:49:33.000Z,520,535330,Completed,04/02/2024 15:00:09,04/02/2024 22:59:53,Unplanned,MiraFlex 1,MiraFlex 1,B,15:00:00,23:00:00,544,0,LDPE (400)
2188,2024-04-02T21:52:53.000Z,2024-04-02T22:00:33.000Z,460,535366,Completed,04/02/2024 15:00:09,04/02/2024 22:59:53,Unplanned,MiraFlex 1,MiraFlex 1,B,15:00:00,23:00:00,544,0,LDPE (400)
2189,2024-04-02T22:24:53.000Z,2024-04-02T22:46:53.000Z,1320,535462,Completed,04/02/2024 15:00:09,04/02/2024 22:59:53,Unplanned,MiraFlex 1,MiraFlex 1,B,15:00:00,23:00:00,544,0,LDPE (400)
2190,2024-04-03T07:36:38.000Z,2024-04-03T08:15:58.000Z,2360,537105,Completed,04/03/2024 07:00:17,04/03/2024 14:59:41,Unplanned,MiraFlex 1,MiraFlex 1,A,07:00:00,15:00:00,544,0,LDPE (400)
2191,2024-04-03T08:46:38.000Z,2024-04-03T10:42:19.000Z,6941,537313,Completed,04/03/2024 07:00:17,04/03/2024 14:59:41,Unplanned,MiraFlex 1,MiraFlex 1,A,07:00:00,15:00:00,544,0,LDPE (400)
2192,2024-04-03T10:49:39.000Z,2024-04-03T10:55:59.000Z,380,537679,Completed,04/03/2024 07:00:17,04/03/2024 14:59:41,Unplanned,MiraFlex 1,MiraFlex 1,A,07:00:00,15:00:00,544,0,LDPE (400)
2193,2024-04-03T10:57:19.000Z,2024-04-03T12:06:40.000Z,4161,537701,Completed,04/03/2024 07:00:17,04/03/2024 14:59:41,Unplanned,MiraFlex 1,MiraFlex 1,A,07:00:00,15:00:00,544,0,LDPE (400)
2194,2024-04-03T12:07:40.000Z,2024-04-03T12:15:00.000Z,440,537908,Completed,04/03/2024 07:00:17,04/03/2024 14:59:41,Unplanned,MiraFlex 1,MiraFlex 1,A,07:00:00,15:00:00,544,0,LDPE (400)
2195,2024-04-03T12:15:20.000Z,2024-04-03T12:24:40.000Z,560,537931,Completed,04/03/2024 07:00:17,04/03/2024 14:59:41,Unplanned,MiraFlex 1,MiraFlex 1,A,07:00:00,15:00:00,544,0,LDPE (400)
2196,2024-04-03T12:25:40.000Z,2024-04-03T12:36:20.000Z,640,537962,Completed,04/03/2024 07:00:17,04/03/2024 14:59:41,Unplanned,MiraFlex 1,MiraFlex 1,A,07:00:00,15:00:00,544,0,LDPE (400)
2197,2024-04-03T12:37:00.000Z,2024-04-03T12:42:20.000Z,320,537996,Completed,04/03/2024 07:00:17,04/03/2024 14:59:41,Unplanned,MiraFlex 1,MiraFlex 1,A,07:00:00,15:00:00,544,0,LDPE (400)
2198,2024-04-03T12:43:00.000Z,2024-04-03T12:51:00.000Z,480,538014,Completed,04/03/2024 07:00:17,04/03/2024 14:59:41,Unplanned,MiraFlex 1,MiraFlex 1,A,07:00:00,15:00:00,544,0,LDPE (400)
2199,2024-04-03T12:52:20.000Z,2024-04-03T13:55:41.000Z,3801,538042,Completed,04/03/2024 07:00:17,04/03/2024 14:59:41,Unplanned,MiraFlex 1,MiraFlex 1,A,07:00:00,15:00:00,544,0,LDPE (400)
2200,2024-04-03T14:03:01.000Z,2024-04-03T14:16:41.000Z,820,538254,Completed,04/03/2024 07:00:17,04/03/2024 14:59:41,Unplanned,MiraFlex 1,MiraFlex 1,A,07:00:00,15:00:00,544,0,LDPE (400)
2201,2024-04-03T15:00:01.000Z,2024-04-03T15:03:21.000Z,200,538425,Completed,04/03/2024 15:00:01,04/03/2024 22:59:45,Unplanned,MiraFlex 1,MiraFlex 1,B,15:00:00,23:00:00,544,0,LDPE (400)
2202,2024-04-03T16:17:02.000Z,2024-04-03T16:28:02.000Z,660,538650,Completed,04/03/2024 15:00:01,04/03/2024 22:59:45,Unplanned,MiraFlex 1,MiraFlex 1,B,15:00:00,23:00:00,544,0,LDPE (400)
2203,2024-04-03T17:09:42.000Z,2024-04-03T17:25:23.000Z,941,538806,Completed,04/03/2024 15:00:01,04/03/2024 22:59:45,Unplanned,MiraFlex 1,MiraFlex 1,B,15:00:00,23:00:00,544,0,LDPE (400)
2204,2024-04-03T18:18:23.000Z,2024-04-03T18:31:03.000Z,760,539010,Completed,04/03/2024 15:00:01,04/03/2024 22:59:45,Unplanned,MiraFlex 1,MiraFlex 1,B,15:00:00,23:00:00,544,0,LDPE (400)
2205,2024-04-03T18:40:43.000Z,2024-04-03T19:31:04.000Z,3021,539077,Completed,04/03/2024 15:00:01,04/03/2024 22:59:45,Unplanned,MiraFlex 1,MiraFlex 1,B,15:00:00,23:00:00,544,0,LDPE (400)
2206,2024-04-03T19:50:24.000Z,2024-04-03T20:01:04.000Z,640,539284,Completed,04/03/2024 15:00:01,04/03/2024 22:59:45,Unplanned,MiraFlex 1,MiraFlex 1,B,15:00:00,23:00:00,544,0,LDPE (400)
2207,2024-04-03T20:01:24.000Z,2024-04-03T20:02:24.000Z,60,539317,Completed,04/03/2024 15:00:01,04/03/2024 22:59:45,Unplanned,MiraFlex 1,MiraFlex 1,B,15:00:00,23:00:00,544,0,LDPE (400)
2208,2024-04-03T20:03:04.000Z,2024-04-03T20:14:24.000Z,680,539322,Completed,04/03/2024 15:00:01,04/03/2024 22:59:45,Unplanned,MiraFlex 1,MiraFlex 1,B,15:00:00,23:00:00,544,0,LDPE (400)
2209,2024-04-03T20:14:44.000Z,2024-04-03T20:16:04.000Z,80,539357,Completed,04/03/2024 15:00:01,04/03/2024 22:59:45,Unplanned,MiraFlex 1,MiraFlex 1,B,15:00:00,23:00:00,544,0,LDPE (400)
2210,2024-04-03T20:17:04.000Z,2024-04-03T20:24:04.000Z,420,539364,Completed,04/03/2024 15:00:01,04/03/2024 22:59:45,Unplanned,MiraFlex 1,MiraFlex 1,B,15:00:00,23:00:00,544,0,LDPE (400)
2211,2024-04-03T20:24:44.000Z,2024-04-03T20:28:44.000Z,240,539387,Completed,04/03/2024 15:00:01,04/03/2024 22:59:45,Unplanned,MiraFlex 1,MiraFlex 1,B,15:00:00,23:00:00,544,0,LDPE (400)
2212,2024-04-03T20:29:24.000Z,2024-04-03T21:07:04.000Z,2260,539401,Completed,04/03/2024 15:00:01,04/03/2024 22:59:45,Unplanned,MiraFlex 1,MiraFlex 1,B,15:00:00,23:00:00,544,0,LDPE (400)
2213,2024-04-03T21:11:24.000Z,2024-04-03T21:11:44.000Z,20,539527,Completed,04/03/2024 15:00:01,04/03/2024 22:59:45,Unplanned,MiraFlex 1,MiraFlex 1,B,15:00:00,23:00:00,544,0,LDPE (400)
2214,2024-04-03T21:16:05.000Z,2024-04-03T21:39:05.000Z,1380,539537,Completed,04/03/2024 15:00:01,04/03/2024 22:59:45,Unplanned,MiraFlex 1,MiraFlex 1,B,15:00:00,23:00:00,544,0,LDPE (400)
2215,2024-04-03T21:44:05.000Z,2024-04-03T21:55:05.000Z,660,539621,Completed,04/03/2024 15:00:01,04/03/2024 22:59:45,Unplanned,MiraFlex 1,MiraFlex 1,B,15:00:00,23:00:00,544,0,LDPE (400)
2216,2024-04-03T22:07:45.000Z,2024-04-03T22:11:45.000Z,240,539692,Completed,04/03/2024 15:00:01,04/03/2024 22:59:45,Unplanned,MiraFlex 1,MiraFlex 1,B,15:00:00,23:00:00,544,0,LDPE (400)
2217,2024-04-03T22:49:25.000Z,2024-04-03T22:52:45.000Z,200,539817,Completed,04/03/2024 15:00:01,04/03/2024 22:59:45,Unplanned,MiraFlex 1,MiraFlex 1,B,15:00:00,23:00:00,544,0,LDPE (400)
2218,2024-04-05T07:00:02.000Z,2024-04-05T10:00:43.000Z,10841,545135,Completed,04/05/2024 07:00:02,04/05/2024 14:59:46,Unplanned,MiraFlex 1,MiraFlex 1,A,07:00:00,15:00:00,544,0,LDPE (400)
2219,2024-04-05T10:08:43.000Z,2024-04-05T10:29:43.000Z,1260,545701,Completed,04/05/2024 07:00:02,04/05/2024 14:59:46,Unplanned,MiraFlex 1,MiraFlex 1,A,07:00:00,15:00:00,544,0,LDPE (400)
2220,2024-04-05T10:33:23.000Z,2024-04-05T10:38:23.000Z,300,545773,Completed,04/05/2024 07:00:02,04/05/2024 14:59:46,Unplanned,MiraFlex 1,MiraFlex 1,A,07:00:00,15:00:00,544,0,LDPE (400)
2221,2024-04-05T10:41:03.000Z,2024-04-05T12:05:04.000Z,5041,545796,Completed,04/05/2024 07:00:02,04/05/2024 14:59:46,Unplanned,MiraFlex 1,MiraFlex 1,A,07:00:00,15:00:00,544,0,LDPE (400)
2222,2024-04-05T12:05:44.000Z,2024-04-05T12:09:44.000Z,240,546050,Completed,04/05/2024 07:00:02,04/05/2024 14:59:46,Unplanned,MiraFlex 1,MiraFlex 1,A,07:00:00,15:00:00,544,0,LDPE (400)
2223,2024-04-05T12:14:04.000Z,2024-04-05T12:42:44.000Z,1720,546075,Completed,04/05/2024 07:00:02,04/05/2024 14:59:46,Unplanned,MiraFlex 1,MiraFlex 1,A,07:00:00,15:00:00,544,0,LDPE (400)
2224,2024-04-05T12:44:44.000Z,2024-04-05T13:51:45.000Z,4021,546167,Completed,04/05/2024 07:00:02,04/05/2024 14:59:46,Unplanned,MiraFlex 1,MiraFlex 1,A,07:00:00,15:00:00,544,0,LDPE (400)
2225,2024-04-05T13:52:05.000Z,2024-04-05T13:53:45.000Z,100,546369,Completed,04/05/2024 07:00:02,04/05/2024 14:59:46,Unplanned,MiraFlex 1,MiraFlex 1,A,07:00:00,15:00:00,544,0,LDPE (400)
2226,2024-04-05T13:59:05.000Z,2024-04-05T14:30:25.000Z,1880,546390,Completed,04/05/2024 07:00:02,04/05/2024 14:59:46,Unplanned,MiraFlex 1,MiraFlex 1,A,07:00:00,15:00:00,544,0,LDPE (400)
2227,2024-04-05T14:30:45.000Z,2024-04-05T14:32:45.000Z,120,546485,Completed,04/05/2024 07:00:02,04/05/2024 14:59:46,Unplanned,MiraFlex 1,MiraFlex 1,A,07:00:00,15:00:00,544,0,LDPE (400)
2228,2024-04-05T14:36:45.000Z,2024-04-05T14:44:25.000Z,460,546503,Completed,04/05/2024 07:00:02,04/05/2024 14:59:46,Unplanned,MiraFlex 1,MiraFlex 1,A,07:00:00,15:00:00,544,0,LDPE (400)
2229,2024-04-03T00:17:34.000Z,2024-04-03T00:19:14.000Z,100,535798,Completed,04/03/2024 00:00:14,04/04/2024 06:59:49,Unplanned,MiraFlex 1,MiraFlex 1,C,23:00:00,07:00:00,544,0,LDPE (400)
2230,2024-04-03T00:19:34.000Z,2024-04-03T00:20:14.000Z,40,535804,Completed,04/03/2024 00:00:14,04/04/2024 06:59:49,Unplanned,MiraFlex 1,MiraFlex 1,C,23:00:00,07:00:00,544,0,LDPE (400)
2231,2024-04-03T00:20:34.000Z,2024-04-03T00:25:54.000Z,320,535807,Completed,04/03/2024 00:00:14,04/04/2024 06:59:49,Unplanned,MiraFlex 1,MiraFlex 1,C,23:00:00,07:00:00,544,0,LDPE (400)
2232,2024-04-03T00:26:34.000Z,2024-04-03T00:43:14.000Z,1000,535825,Completed,04/03/2024 00:00:14,04/04/2024 06:59:49,Unplanned,MiraFlex 1,MiraFlex 1,C,23:00:00,07:00:00,544,0,LDPE (400)
2233,2024-04-03T00:43:34.000Z,2024-04-03T00:49:54.000Z,380,535876,Completed,04/03/2024 00:00:14,04/04/2024 06:59:49,Unplanned,MiraFlex 1,MiraFlex 1,C,23:00:00,07:00:00,544,0,LDPE (400)
2234,2024-04-03T00:50:14.000Z,2024-04-03T02:07:15.000Z,4621,535896,Completed,04/03/2024 00:00:14,04/04/2024 06:59:49,Unplanned,MiraFlex 1,MiraFlex 1,C,23:00:00,07:00:00,544,0,LDPE (400)
2235,2024-04-03T02:40:55.000Z,2024-04-03T02:48:35.000Z,460,536228,Completed,04/03/2024 00:00:14,04/04/2024 06:59:49,Unplanned,MiraFlex 1,MiraFlex 1,C,23:00:00,07:00:00,544,0,LDPE (400)
2236,2024-04-03T04:30:16.000Z,2024-04-03T05:37:17.000Z,4021,536548,Completed,04/03/2024 00:00:14,04/04/2024 06:59:49,Unplanned,MiraFlex 1,MiraFlex 1,C,23:00:00,07:00:00,544,0,LDPE (400)
2237,2024-04-03T07:36:38.000Z,2024-04-03T08:15:58.000Z,2360,537105,Completed,04/03/2024 00:00:14,04/04/2024 06:59:49,Unplanned,MiraFlex 1,MiraFlex 1,C,23:00:00,07:00:00,544,0,LDPE (400)
2238,2024-04-03T08:46:38.000Z,2024-04-03T10:42:19.000Z,6941,537313,Completed,04/03/2024 00:00:14,04/04/2024 06:59:49,Unplanned,MiraFlex 1,MiraFlex 1,C,23:00:00,07:00:00,544,0,LDPE (400)
2239,2024-04-03T10:49:39.000Z,2024-04-03T10:55:59.000Z,380,537679,Completed,04/03/2024 00:00:14,04/04/2024 06:59:49,Unplanned,MiraFlex 1,MiraFlex 1,C,23:00:00,07:00:00,544,0,LDPE (400)
2240,2024-04-03T10:57:19.000Z,2024-04-03T12:06:40.000Z,4161,537701,Completed,04/03/2024 00:00:14,04/04/2024 06:59:49,Unplanned,MiraFlex 1,MiraFlex 1,C,23:00:00,07:00:00,544,0,LDPE (400)
2241,2024-04-03T12:07:40.000Z,2024-04-03T12:15:00.000Z,440,537908,Completed,04/03/2024 00:00:14,04/04/2024 06:59:49,Unplanned,MiraFlex 1,MiraFlex 1,C,23:00:00,07:00:00,544,0,LDPE (400)
2242,2024-04-03T12:15:20.000Z,2024-04-03T12:24:40.000Z,560,537931,Completed,04/03/2024 00:00:14,04/04/2024 06:59:49,Unplanned,MiraFlex 1,MiraFlex 1,C,23:00:00,07:00:00,544,0,LDPE (400)
2243,2024-04-03T12:25:40.000Z,2024-04-03T12:36:20.000Z,640,537962,Completed,04/03/2024 00:00:14,04/04/2024 06:59:49,Unplanned,MiraFlex 1,MiraFlex 1,C,23:00:00,07:00:00,544,0,LDPE (400)
2244,2024-04-03T12:37:00.000Z,2024-04-03T12:42:20.000Z,320,537996,Completed,04/03/2024 00:00:14,04/04/2024 06:59:49,Unplanned,MiraFlex 1,MiraFlex 1,C,23:00:00,07:00:00,544,0,LDPE (400)
2245,2024-04-03T12:43:00.000Z,2024-04-03T12:51:00.000Z,480,538014,Completed,04/03/2024 00:00:14,04/04/2024 06:59:49,Unplanned,MiraFlex 1,MiraFlex 1,C,23:00:00,07:00:00,544,0,LDPE (400)
2246,2024-04-03T12:52:20.000Z,2024-04-03T13:55:41.000Z,3801,538042,Completed,04/03/2024 00:00:14,04/04/2024 06:59:49,Unplanned,MiraFlex 1,MiraFlex 1,C,23:00:00,07:00:00,544,0,LDPE (400)
2247,2024-04-03T14:03:01.000Z,2024-04-03T14:16:41.000Z,820,538254,Completed,04/03/2024 00:00:14,04/04/2024 06:59:49,Unplanned,MiraFlex 1,MiraFlex 1,C,23:00:00,07:00:00,544,0,LDPE (400)
2248,2024-04-03T14:27:41.000Z,2024-04-03T15:03:21.000Z,2140,538328,Completed,04/03/2024 00:00:14,04/04/2024 06:59:49,Unplanned,MiraFlex 1,MiraFlex 1,C,23:00:00,07:00:00,544,0,LDPE (400)
2249,2024-04-03T16:17:02.000Z,2024-04-03T16:28:02.000Z,660,538650,Completed,04/03/2024 00:00:14,04/04/2024 06:59:49,Unplanned,MiraFlex 1,MiraFlex 1,C,23:00:00,07:00:00,544,0,LDPE (400)
2250,2024-04-03T17:09:42.000Z,2024-04-03T17:25:23.000Z,941,538806,Completed,04/03/2024 00:00:14,04/04/2024 06:59:49,Unplanned,MiraFlex 1,MiraFlex 1,C,23:00:00,07:00:00,544,0,LDPE (400)
2251,2024-04-03T18:18:23.000Z,2024-04-03T18:31:03.000Z,760,539010,Completed,04/03/2024 00:00:14,04/04/2024 06:59:49,Unplanned,MiraFlex 1,MiraFlex 1,C,23:00:00,07:00:00,544,0,LDPE (400)
2252,2024-04-03T18:40:43.000Z,2024-04-03T19:31:04.000Z,3021,539077,Completed,04/03/2024 00:00:14,04/04/2024 06:59:49,Unplanned,MiraFlex 1,MiraFlex 1,C,23:00:00,07:00:00,544,0,LDPE (400)
2253,2024-04-03T19:50:24.000Z,2024-04-03T20:01:04.000Z,640,539284,Completed,04/03/2024 00:00:14,04/04/2024 06:59:49,Unplanned,MiraFlex 1,MiraFlex 1,C,23:00:00,07:00:00,544,0,LDPE (400)
2254,2024-04-03T20:01:24.000Z,2024-04-03T20:02:24.000Z,60,539317,Completed,04/03/2024 00:00:14,04/04/2024 06:59:49,Unplanned,MiraFlex 1,MiraFlex 1,C,23:00:00,07:00:00,544,0,LDPE (400)
2255,2024-04-03T20:03:04.000Z,2024-04-03T20:14:24.000Z,680,539322,Completed,04/03/2024 00:00:14,04/04/2024 06:59:49,Unplanned,MiraFlex 1,MiraFlex 1,C,23:00:00,07:00:00,544,0,LDPE (400)
2256,2024-04-03T20:14:44.000Z,2024-04-03T20:16:04.000Z,80,539357,Completed,04/03/2024 00:00:14,04/04/2024 06:59:49,Unplanned,MiraFlex 1,MiraFlex 1,C,23:00:00,07:00:00,544,0,LDPE (400)
2257,2024-04-03T20:17:04.000Z,2024-04-03T20:24:04.000Z,420,539364,Completed,04/03/2024 00:00:14,04/04/2024 06:59:49,Unplanned,MiraFlex 1,MiraFlex 1,C,23:00:00,07:00:00,544,0,LDPE (400)
2258,2024-04-03T20:24:44.000Z,2024-04-03T20:28:44.000Z,240,539387,Completed,04/03/2024 00:00:14,04/04/2024 06:59:49,Unplanned,MiraFlex 1,MiraFlex 1,C,23:00:00,07:00:00,544,0,LDPE (400)
2259,2024-04-03T20:29:24.000Z,2024-04-03T21:07:04.000Z,2260,539401,Completed,04/03/2024 00:00:14,04/04/2024 06:59:49,Unplanned,MiraFlex 1,MiraFlex 1,C,23:00:00,07:00:00,544,0,LDPE (400)
2260,2024-04-03T21:11:24.000Z,2024-04-03T21:11:44.000Z,20,539527,Completed,04/03/2024 00:00:14,04/04/2024 06:59:49,Unplanned,MiraFlex 1,MiraFlex 1,C,23:00:00,07:00:00,544,0,LDPE (400)
2261,2024-04-03T21:16:05.000Z,2024-04-03T21:39:05.000Z,1380,539537,Completed,04/03/2024 00:00:14,04/04/2024 06:59:49,Unplanned,MiraFlex 1,MiraFlex 1,C,23:00:00,07:00:00,544,0,LDPE (400)
2262,2024-04-03T21:44:05.000Z,2024-04-03T21:55:05.000Z,660,539621,Completed,04/03/2024 00:00:14,04/04/2024 06:59:49,Unplanned,MiraFlex 1,MiraFlex 1,C,23:00:00,07:00:00,544,0,LDPE (400)
2263,2024-04-03T22:07:45.000Z,2024-04-03T22:11:45.000Z,240,539692,Completed,04/03/2024 00:00:14,04/04/2024 06:59:49,Unplanned,MiraFlex 1,MiraFlex 1,C,23:00:00,07:00:00,544,0,LDPE (400)
2264,2024-04-03T22:49:25.000Z,2024-04-03T22:52:45.000Z,200,539817,Completed,04/03/2024 00:00:14,04/04/2024 06:59:49,Unplanned,MiraFlex 1,MiraFlex 1,C,23:00:00,07:00:00,544,0,LDPE (400)
2265,2024-04-05T15:00:06.000Z,2024-04-05T15:30:06.000Z,1800,546573,Completed,04/05/2024 15:00:06,04/05/2024 22:59:30,Unplanned,MiraFlex 1,MiraFlex 1,B,15:00:00,23:00:00,544,0,LDPE (400)
2266,2024-04-05T15:30:26.000Z,2024-04-05T15:31:46.000Z,80,546664,Completed,04/05/2024 15:00:06,04/05/2024 22:59:30,Unplanned,MiraFlex 1,MiraFlex 1,B,15:00:00,23:00:00,544,0,LDPE (400)
2267,2024-04-05T15:41:46.000Z,2024-04-05T15:55:26.000Z,820,546698,Completed,04/05/2024 15:00:06,04/05/2024 22:59:30,Unplanned,MiraFlex 1,MiraFlex 1,B,15:00:00,23:00:00,544,0,LDPE (400)
2268,2024-04-05T16:17:46.000Z,2024-04-05T16:28:46.000Z,660,546804,Completed,04/05/2024 15:00:06,04/05/2024 22:59:30,Unplanned,MiraFlex 1,MiraFlex 1,B,15:00:00,23:00:00,544,0,LDPE (400)
2269,2024-04-05T16:34:46.000Z,2024-04-05T16:40:06.000Z,320,546855,Completed,04/05/2024 15:00:06,04/05/2024 22:59:30,Unplanned,MiraFlex 1,MiraFlex 1,B,15:00:00,23:00:00,544,0,LDPE (400)
2270,2024-04-05T16:48:07.000Z,2024-04-05T17:06:47.000Z,1120,546895,Completed,04/05/2024 15:00:06,04/05/2024 22:59:30,Unplanned,MiraFlex 1,MiraFlex 1,B,15:00:00,23:00:00,544,0,LDPE (400)
2271,2024-04-05T17:25:27.000Z,2024-04-05T17:27:07.000Z,100,547007,Completed,04/05/2024 15:00:06,04/05/2024 22:59:30,Unplanned,MiraFlex 1,MiraFlex 1,B,15:00:00,23:00:00,544,0,LDPE (400)
2272,2024-04-05T17:28:47.000Z,2024-04-05T17:31:47.000Z,180,547017,Completed,04/05/2024 15:00:06,04/05/2024 22:59:30,Unplanned,MiraFlex 1,MiraFlex 1,B,15:00:00,23:00:00,544,0,LDPE (400)
2273,2024-04-05T17:49:47.000Z,2024-04-05T17:56:47.000Z,420,547080,Completed,04/05/2024 15:00:06,04/05/2024 22:59:30,Unplanned,MiraFlex 1,MiraFlex 1,B,15:00:00,23:00:00,544,0,LDPE (400)
2274,2024-04-05T18:39:07.000Z,2024-04-05T19:27:08.000Z,2881,547222,Completed,04/05/2024 15:00:06,04/05/2024 22:59:30,Unplanned,MiraFlex 1,MiraFlex 1,B,15:00:00,23:00:00,544,0,LDPE (400)
2275,2024-04-05T19:46:48.000Z,2024-04-05T19:52:48.000Z,360,547423,Completed,04/05/2024 15:00:06,04/05/2024 22:59:30,Unplanned,MiraFlex 1,MiraFlex 1,B,15:00:00,23:00:00,544,0,LDPE (400)
2276,2024-04-05T20:22:08.000Z,2024-04-05T20:57:29.000Z,2121,547529,Completed,04/05/2024 15:00:06,04/05/2024 22:59:30,Unplanned,MiraFlex 1,MiraFlex 1,B,15:00:00,23:00:00,544,0,LDPE (400)
2277,2024-04-05T21:05:09.000Z,2024-04-05T21:06:49.000Z,100,547658,Completed,04/05/2024 15:00:06,04/05/2024 22:59:30,Unplanned,MiraFlex 1,MiraFlex 1,B,15:00:00,23:00:00,544,0,LDPE (400)
2278,2024-04-05T21:08:09.000Z,2024-04-05T21:14:29.000Z,380,547667,Completed,04/05/2024 15:00:06,04/05/2024 22:59:30,Unplanned,MiraFlex 1,MiraFlex 1,B,15:00:00,23:00:00,544,0,LDPE (400)
2279,2024-04-05T21:15:29.000Z,2024-04-05T21:25:09.000Z,580,547689,Completed,04/05/2024 15:00:06,04/05/2024 22:59:30,Unplanned,MiraFlex 1,MiraFlex 1,B,15:00:00,23:00:00,544,0,LDPE (400)
2280,2024-04-05T21:26:09.000Z,2024-04-05T21:27:29.000Z,80,547721,Completed,04/05/2024 15:00:06,04/05/2024 22:59:30,Unplanned,MiraFlex 1,MiraFlex 1,B,15:00:00,23:00:00,544,0,LDPE (400)
2281,2024-04-05T21:33:49.000Z,2024-04-05T21:51:29.000Z,1060,547744,Completed,04/05/2024 15:00:06,04/05/2024 22:59:30,Unplanned,MiraFlex 1,MiraFlex 1,B,15:00:00,23:00:00,544,0,LDPE (400)
2282,2024-04-05T21:59:49.000Z,2024-04-05T22:10:49.000Z,660,547810,Completed,04/05/2024 15:00:06,04/05/2024 22:59:30,Unplanned,MiraFlex 1,MiraFlex 1,B,15:00:00,23:00:00,544,0,LDPE (400)
2283,2024-04-05T22:11:29.000Z,2024-04-05T22:13:09.000Z,100,547841,Completed,04/05/2024 15:00:06,04/05/2024 22:59:30,Unplanned,MiraFlex 1,MiraFlex 1,B,15:00:00,23:00:00,544,0,LDPE (400)
2284,2024-04-05T22:27:49.000Z,2024-04-05T22:33:49.000Z,360,547882,Completed,04/05/2024 15:00:06,04/05/2024 22:59:30,Unplanned,MiraFlex 1,MiraFlex 1,B,15:00:00,23:00:00,544,0,LDPE (400)
2285,2024-04-05T22:41:49.000Z,2024-04-05T22:44:10.000Z,141,547920,Completed,04/05/2024 15:00:06,04/05/2024 22:59:30,Unplanned,MiraFlex 1,MiraFlex 1,B,15:00:00,23:00:00,544,0,LDPE (400)
2286,2024-04-05T23:00:10.000Z,2024-04-05T23:26:30.000Z,1580,547969,Completed,04/05/2024 23:00:10,04/06/2024 06:59:54,Unplanned,MiraFlex 1,MiraFlex 1,C,23:00:00,07:00:00,544,0,LDPE (400)
2287,2024-04-05T23:32:30.000Z,2024-04-05T23:48:10.000Z,940,548050,Completed,04/05/2024 23:00:10,04/06/2024 06:59:54,Unplanned,MiraFlex 1,MiraFlex 1,C,23:00:00,07:00:00,544,0,LDPE (400)
2288,2024-04-06T00:00:30.000Z,2024-04-06T00:16:30.000Z,960,548124,Completed,04/05/2024 23:00:10,04/06/2024 06:59:54,Unplanned,MiraFlex 1,MiraFlex 1,C,23:00:00,07:00:00,544,0,LDPE (400)
2289,2024-04-06T00:17:10.000Z,2024-04-06T00:21:50.000Z,280,548173,Completed,04/05/2024 23:00:10,04/06/2024 06:59:54,Unplanned,MiraFlex 1,MiraFlex 1,C,23:00:00,07:00:00,544,0,LDPE (400)
2290,2024-04-06T00:37:30.000Z,2024-04-06T00:51:31.000Z,841,548234,Completed,04/05/2024 23:00:10,04/06/2024 06:59:54,Unplanned,MiraFlex 1,MiraFlex 1,C,23:00:00,07:00:00,544,0,LDPE (400)
2291,2024-04-06T00:58:31.000Z,2024-04-06T00:59:11.000Z,40,548297,Completed,04/05/2024 23:00:10,04/06/2024 06:59:54,Unplanned,MiraFlex 1,MiraFlex 1,C,23:00:00,07:00:00,544,0,LDPE (400)
2292,2024-04-06T00:59:51.000Z,2024-04-06T01:11:51.000Z,720,548301,Completed,04/05/2024 23:00:10,04/06/2024 06:59:54,Unplanned,MiraFlex 1,MiraFlex 1,C,23:00:00,07:00:00,544,0,LDPE (400)
2293,2024-04-06T01:13:51.000Z,2024-04-06T01:20:31.000Z,400,548343,Completed,04/05/2024 23:00:10,04/06/2024 06:59:54,Unplanned,MiraFlex 1,MiraFlex 1,C,23:00:00,07:00:00,544,0,LDPE (400)
2294,2024-04-06T01:37:11.000Z,2024-04-06T01:43:31.000Z,380,548413,Completed,04/05/2024 23:00:10,04/06/2024 06:59:54,Unplanned,MiraFlex 1,MiraFlex 1,C,23:00:00,07:00:00,544,0,LDPE (400)
2295,2024-04-06T02:00:31.000Z,2024-04-06T02:01:11.000Z,40,548479,Completed,04/05/2024 23:00:10,04/06/2024 06:59:54,Unplanned,MiraFlex 1,MiraFlex 1,C,23:00:00,07:00:00,544,0,LDPE (400)
2296,2024-04-06T02:11:51.000Z,2024-04-06T02:18:11.000Z,380,548513,Completed,04/05/2024 23:00:10,04/06/2024 06:59:54,Unplanned,MiraFlex 1,MiraFlex 1,C,23:00:00,07:00:00,544,0,LDPE (400)
2297,2024-04-06T02:18:31.000Z,2024-04-06T02:19:31.000Z,60,548533,Completed,04/05/2024 23:00:10,04/06/2024 06:59:54,Unplanned,MiraFlex 1,MiraFlex 1,C,23:00:00,07:00:00,544,0,LDPE (400)
2298,2024-04-06T02:28:31.000Z,2024-04-06T02:29:11.000Z,40,548563,Completed,04/05/2024 23:00:10,04/06/2024 06:59:54,Unplanned,MiraFlex 1,MiraFlex 1,C,23:00:00,07:00:00,544,0,LDPE (400)
2299,2024-04-06T02:29:51.000Z,2024-04-06T02:34:31.000Z,280,548567,Completed,04/05/2024 23:00:10,04/06/2024 06:59:54,Unplanned,MiraFlex 1,MiraFlex 1,C,23:00:00,07:00:00,544,0,LDPE (400)
2300,2024-04-06T02:41:32.000Z,2024-04-06T02:48:12.000Z,400,548602,Completed,04/05/2024 23:00:10,04/06/2024 06:59:54,Unplanned,MiraFlex 1,MiraFlex 1,C,23:00:00,07:00:00,544,0,LDPE (400)
2301,2024-04-06T03:06:12.000Z,2024-04-06T03:15:12.000Z,540,548676,Completed,04/05/2024 23:00:10,04/06/2024 06:59:54,Unplanned,MiraFlex 1,MiraFlex 1,C,23:00:00,07:00:00,544,0,LDPE (400)
2302,2024-04-06T03:19:32.000Z,2024-04-06T03:23:52.000Z,260,548716,Completed,04/05/2024 23:00:10,04/06/2024 06:59:54,Unplanned,MiraFlex 1,MiraFlex 1,C,23:00:00,07:00:00,544,0,LDPE (400)
2303,2024-04-06T03:56:52.000Z,2024-04-06T04:06:52.000Z,600,548796,Completed,04/05/2024 23:00:10,04/06/2024 06:59:54,Unplanned,MiraFlex 1,MiraFlex 1,C,23:00:00,07:00:00,544,0,LDPE (400)
2304,2024-04-06T04:09:52.000Z,2024-04-06T04:13:52.000Z,240,548835,Completed,04/05/2024 23:00:10,04/06/2024 06:59:54,Unplanned,MiraFlex 1,MiraFlex 1,C,23:00:00,07:00:00,544,0,LDPE (400)
2305,2024-04-06T04:33:52.000Z,2024-04-06T05:39:33.000Z,3941,548907,Completed,04/05/2024 23:00:10,04/06/2024 06:59:54,Unplanned,MiraFlex 1,MiraFlex 1,C,23:00:00,07:00:00,544,0,LDPE (400)
2306,2024-04-06T06:00:53.000Z,2024-04-06T06:30:33.000Z,1780,549168,Completed,04/05/2024 23:00:10,04/06/2024 06:59:54,Unplanned,MiraFlex 1,MiraFlex 1,C,23:00:00,07:00:00,544,0,LDPE (400)
2307,2024-04-06T06:37:54.000Z,2024-04-06T06:44:34.000Z,400,549279,Completed,04/05/2024 23:00:10,04/06/2024 06:59:54,Unplanned,MiraFlex 1,MiraFlex 1,C,23:00:00,07:00:00,544,0,LDPE (400)
2308,2024-04-06T06:45:14.000Z,2024-04-06T06:52:54.000Z,460,549301,Completed,04/05/2024 23:00:10,04/06/2024 06:59:54,Unplanned,MiraFlex 1,MiraFlex 1,C,23:00:00,07:00:00,544,0,LDPE (400)
2309,2024-04-06T07:04:14.000Z,2024-04-06T07:40:14.000Z,2160,549356,Completed,04/06/2024 07:00:14,04/06/2024 14:59:58,Unplanned,MiraFlex 1,MiraFlex 1,A,07:00:00,15:00:00,544,0,LDPE (400)
2310,2024-04-06T07:40:54.000Z,2024-04-06T07:42:54.000Z,120,549466,Completed,04/06/2024 07:00:14,04/06/2024 14:59:58,Unplanned,MiraFlex 1,MiraFlex 1,A,07:00:00,15:00:00,544,0,LDPE (400)
2311,2024-04-06T08:50:35.000Z,2024-04-06T09:49:35.000Z,3540,549671,Completed,04/06/2024 07:00:14,04/06/2024 14:59:58,Unplanned,MiraFlex 1,MiraFlex 1,A,07:00:00,15:00:00,544,0,LDPE (400)
2312,2024-04-06T09:58:55.000Z,2024-04-06T10:15:35.000Z,1000,549876,Completed,04/06/2024 07:00:14,04/06/2024 14:59:58,Unplanned,MiraFlex 1,MiraFlex 1,A,07:00:00,15:00:00,544,0,LDPE (400)
2313,2024-04-06T10:17:35.000Z,2024-04-06T11:06:56.000Z,2961,549932,Completed,04/06/2024 07:00:14,04/06/2024 14:59:58,Unplanned,MiraFlex 1,MiraFlex 1,A,07:00:00,15:00:00,544,0,LDPE (400)
2314,2024-04-06T11:07:36.000Z,2024-04-06T11:11:56.000Z,260,550082,Completed,04/06/2024 07:00:14,04/06/2024 14:59:58,Unplanned,MiraFlex 1,MiraFlex 1,A,07:00:00,15:00:00,544,0,LDPE (400)
2315,2024-04-06T11:13:16.000Z,2024-04-06T11:26:36.000Z,800,550099,Completed,04/06/2024 07:00:14,04/06/2024 14:59:58,Unplanned,MiraFlex 1,MiraFlex 1,A,07:00:00,15:00:00,544,0,LDPE (400)
2316,2024-04-06T11:27:36.000Z,2024-04-06T11:44:36.000Z,1020,550142,Completed,04/06/2024 07:00:14,04/06/2024 14:59:58,Unplanned,MiraFlex 1,MiraFlex 1,A,07:00:00,15:00:00,544,0,LDPE (400)
2317,2024-04-06T11:47:36.000Z,2024-04-06T11:55:16.000Z,460,550202,Completed,04/06/2024 07:00:14,04/06/2024 14:59:58,Unplanned,MiraFlex 1,MiraFlex 1,A,07:00:00,15:00:00,544,0,LDPE (400)
2318,2024-04-06T12:27:56.000Z,2024-04-06T12:43:57.000Z,961,550321,Completed,04/06/2024 07:00:14,04/06/2024 14:59:58,Unplanned,MiraFlex 1,MiraFlex 1,A,07:00:00,15:00:00,544,0,LDPE (400)
2319,2024-04-06T13:37:37.000Z,2024-04-06T14:01:57.000Z,1460,550528,Completed,04/06/2024 07:00:14,04/06/2024 14:59:58,Unplanned,MiraFlex 1,MiraFlex 1,A,07:00:00,15:00:00,544,0,LDPE (400)
2320,2024-04-06T14:02:37.000Z,2024-04-06T14:10:57.000Z,500,550603,Completed,04/06/2024 07:00:14,04/06/2024 14:59:58,Unplanned,MiraFlex 1,MiraFlex 1,A,07:00:00,15:00:00,544,0,LDPE (400)
2321,2024-04-06T14:27:37.000Z,2024-04-06T14:29:18.000Z,101,550678,Completed,04/06/2024 07:00:14,04/06/2024 14:59:58,Unplanned,MiraFlex 1,MiraFlex 1,A,07:00:00,15:00:00,544,0,LDPE (400)
2322,2024-04-06T14:29:38.000Z,2024-04-06T14:35:58.000Z,380,550684,Completed,04/06/2024 07:00:14,04/06/2024 14:59:58,Unplanned,MiraFlex 1,MiraFlex 1,A,07:00:00,15:00:00,544,0,LDPE (400)
2323,2024-04-06T14:36:58.000Z,2024-04-06T14:44:58.000Z,480,550706,Completed,04/06/2024 07:00:14,04/06/2024 14:59:58,Unplanned,MiraFlex 1,MiraFlex 1,A,07:00:00,15:00:00,544,0,LDPE (400)
2324,2024-04-06T14:45:58.000Z,2024-04-06T14:50:18.000Z,260,550733,Completed,04/06/2024 07:00:14,04/06/2024 14:59:58,Unplanned,MiraFlex 1,MiraFlex 1,A,07:00:00,15:00:00,544,0,LDPE (400)
2325,2024-04-08T07:33:35.000Z,2024-04-08T08:56:36.000Z,4981,553729,Completed,04/08/2024 07:33:35,04/08/2024 14:59:59,Unplanned,MiraFlex 1,MiraFlex 1,A,07:00:00,15:00:00,544,0,LDPE (400)
2326,2024-04-08T08:58:16.000Z,2024-04-08T08:59:16.000Z,60,553983,Completed,04/08/2024 07:33:35,04/08/2024 14:59:59,Unplanned,MiraFlex 1,MiraFlex 1,A,07:00:00,15:00:00,544,0,LDPE (400)
2327,2024-04-08T09:13:56.000Z,2024-04-08T09:24:16.000Z,620,554009,Completed,04/08/2024 07:33:35,04/08/2024 14:59:59,Unplanned,MiraFlex 1,MiraFlex 1,A,07:00:00,15:00:00,544,0,LDPE (400)
2328,2024-04-08T09:43:16.000Z,2024-04-08T09:47:16.000Z,240,554097,Completed,04/08/2024 07:33:35,04/08/2024 14:59:59,Unplanned,MiraFlex 1,MiraFlex 1,A,07:00:00,15:00:00,544,0,LDPE (400)
2329,2024-04-08T10:07:36.000Z,2024-04-08T10:11:36.000Z,240,554168,Completed,04/08/2024 07:33:35,04/08/2024 14:59:59,Unplanned,MiraFlex 1,MiraFlex 1,A,07:00:00,15:00:00,544,0,LDPE (400)
2330,2024-04-08T10:46:37.000Z,2024-04-08T10:51:37.000Z,300,554283,Completed,04/08/2024 07:33:35,04/08/2024 14:59:59,Unplanned,MiraFlex 1,MiraFlex 1,A,07:00:00,15:00:00,544,0,LDPE (400)
2331,2024-04-08T10:52:17.000Z,2024-04-08T10:58:17.000Z,360,554300,Completed,04/08/2024 07:33:35,04/08/2024 14:59:59,Unplanned,MiraFlex 1,MiraFlex 1,A,07:00:00,15:00:00,544,0,LDPE (400)
2332,2024-04-08T10:59:37.000Z,2024-04-08T11:03:37.000Z,240,554322,Completed,04/08/2024 07:33:35,04/08/2024 14:59:59,Unplanned,MiraFlex 1,MiraFlex 1,A,07:00:00,15:00:00,544,0,LDPE (400)
2333,2024-04-08T11:14:17.000Z,2024-04-08T11:18:17.000Z,240,554366,Completed,04/08/2024 07:33:35,04/08/2024 14:59:59,Unplanned,MiraFlex 1,MiraFlex 1,A,07:00:00,15:00:00,544,0,LDPE (400)
2334,2024-04-08T11:57:37.000Z,2024-04-08T13:31:18.000Z,5621,554494,Completed,04/08/2024 07:33:35,04/08/2024 14:59:59,Unplanned,MiraFlex 1,MiraFlex 1,A,07:00:00,15:00:00,544,0,LDPE (400)
2335,2024-04-08T13:38:38.000Z,2024-04-08T13:47:58.000Z,560,554796,Completed,04/08/2024 07:33:35,04/08/2024 14:59:59,Unplanned,MiraFlex 1,MiraFlex 1,A,07:00:00,15:00:00,544,0,LDPE (400)
2336,2024-04-08T13:48:58.000Z,2024-04-08T13:55:18.000Z,380,554827,Completed,04/08/2024 07:33:35,04/08/2024 14:59:59,Unplanned,MiraFlex 1,MiraFlex 1,A,07:00:00,15:00:00,544,0,LDPE (400)
2337,2024-04-08T13:58:38.000Z,2024-04-08T14:04:38.000Z,360,554856,Completed,04/08/2024 07:33:35,04/08/2024 14:59:59,Unplanned,MiraFlex 1,MiraFlex 1,A,07:00:00,15:00:00,544,0,LDPE (400)
2338,2024-04-08T14:17:39.000Z,2024-04-08T14:23:59.000Z,380,554913,Completed,04/08/2024 07:33:35,04/08/2024 14:59:59,Unplanned,MiraFlex 1,MiraFlex 1,A,07:00:00,15:00:00,544,0,LDPE (400)
2339,2024-04-08T14:24:19.000Z,2024-04-08T14:25:59.000Z,100,554933,Completed,04/08/2024 07:33:35,04/08/2024 14:59:59,Unplanned,MiraFlex 1,MiraFlex 1,A,07:00:00,15:00:00,544,0,LDPE (400)
2340,2024-04-08T14:38:19.000Z,2024-04-08T14:45:19.000Z,420,554975,Completed,04/08/2024 07:33:35,04/08/2024 14:59:59,Unplanned,MiraFlex 1,MiraFlex 1,A,07:00:00,15:00:00,544,0,LDPE (400)
2341,2024-04-06T15:00:18.000Z,2024-04-06T15:57:38.000Z,3440,550776,Completed,04/06/2024 15:00:18,04/06/2024 22:59:42,Unplanned,MiraFlex 1,MiraFlex 1,B,15:00:00,23:00:00,544,0,LDPE (400)
2342,2024-04-06T16:22:38.000Z,2024-04-06T17:14:59.000Z,3141,550985,Completed,04/06/2024 15:00:18,04/06/2024 22:59:42,Unplanned,MiraFlex 1,MiraFlex 1,B,15:00:00,23:00:00,544,0,LDPE (400)
2343,2024-04-06T17:16:39.000Z,2024-04-06T17:28:39.000Z,720,551147,Completed,04/06/2024 15:00:18,04/06/2024 22:59:42,Unplanned,MiraFlex 1,MiraFlex 1,B,15:00:00,23:00:00,544,0,LDPE (400)
2344,2024-04-06T17:42:59.000Z,2024-04-06T18:11:39.000Z,1720,551226,Completed,04/06/2024 15:00:18,04/06/2024 22:59:42,Unplanned,MiraFlex 1,MiraFlex 1,B,15:00:00,23:00:00,544,0,LDPE (400)
2345,2024-04-06T18:13:19.000Z,2024-04-06T18:21:19.000Z,480,551317,Completed,04/06/2024 15:00:18,04/06/2024 22:59:42,Unplanned,MiraFlex 1,MiraFlex 1,B,15:00:00,23:00:00,544,0,LDPE (400)
2346,2024-04-06T18:39:40.000Z,2024-04-06T19:49:40.000Z,4200,551396,Completed,04/06/2024 15:00:18,04/06/2024 22:59:42,Unplanned,MiraFlex 1,MiraFlex 1,B,15:00:00,23:00:00,544,0,LDPE (400)
2347,2024-04-06T19:52:00.000Z,2024-04-06T19:55:00.000Z,180,551613,Completed,04/06/2024 15:00:18,04/06/2024 22:59:42,Unplanned,MiraFlex 1,MiraFlex 1,B,15:00:00,23:00:00,544,0,LDPE (400)
2348,2024-04-06T20:40:01.000Z,2024-04-06T21:19:21.000Z,2360,551755,Completed,04/06/2024 15:00:18,04/06/2024 22:59:42,Unplanned,MiraFlex 1,MiraFlex 1,B,15:00:00,23:00:00,544,0,LDPE (400)
2349,2024-04-06T21:23:21.000Z,2024-04-06T21:44:21.000Z,1260,551885,Completed,04/06/2024 15:00:18,04/06/2024 22:59:42,Unplanned,MiraFlex 1,MiraFlex 1,B,15:00:00,23:00:00,544,0,LDPE (400)
2350,2024-04-06T21:45:21.000Z,2024-04-06T21:54:21.000Z,540,551951,Completed,04/06/2024 15:00:18,04/06/2024 22:59:42,Unplanned,MiraFlex 1,MiraFlex 1,B,15:00:00,23:00:00,544,0,LDPE (400)
2351,2024-04-06T22:09:21.000Z,2024-04-06T22:15:01.000Z,340,552023,Completed,04/06/2024 15:00:18,04/06/2024 22:59:42,Unplanned,MiraFlex 1,MiraFlex 1,B,15:00:00,23:00:00,544,0,LDPE (400)
2352,2024-04-06T22:48:42.000Z,2024-04-06T22:53:22.000Z,280,552139,Completed,04/06/2024 15:00:18,04/06/2024 22:59:42,Unplanned,MiraFlex 1,MiraFlex 1,B,15:00:00,23:00:00,544,0,LDPE (400)
2353,2024-04-06T23:45:02.000Z,2024-04-06T23:57:22.000Z,740,552304,Completed,04/06/2024 23:00:02,04/07/2024 06:59:46,Unplanned,MiraFlex 1,MiraFlex 1,C,23:00:00,07:00:00,544,0,LDPE (400)
2354,2024-04-07T00:02:02.000Z,2024-04-07T00:15:02.000Z,780,552353,Completed,04/06/2024 23:00:02,04/07/2024 06:59:46,Unplanned,MiraFlex 1,MiraFlex 1,C,23:00:00,07:00:00,544,0,LDPE (400)
2355,2024-04-07T00:31:03.000Z,2024-04-07T00:36:03.000Z,300,552440,Completed,04/06/2024 23:00:02,04/07/2024 06:59:46,Unplanned,MiraFlex 1,MiraFlex 1,C,23:00:00,07:00:00,544,0,LDPE (400)
2356,2024-04-07T00:59:23.000Z,2024-04-07T01:03:43.000Z,260,552523,Completed,04/06/2024 23:00:02,04/07/2024 06:59:46,Unplanned,MiraFlex 1,MiraFlex 1,C,23:00:00,07:00:00,544,0,LDPE (400)
2357,2024-04-07T01:04:43.000Z,2024-04-07T01:12:03.000Z,440,552539,Completed,04/06/2024 23:00:02,04/07/2024 06:59:46,Unplanned,MiraFlex 1,MiraFlex 1,C,23:00:00,07:00:00,544,0,LDPE (400)
2358,2024-04-07T01:18:23.000Z,2024-04-07T01:22:43.000Z,260,552580,Completed,04/06/2024 23:00:02,04/07/2024 06:59:46,Unplanned,MiraFlex 1,MiraFlex 1,C,23:00:00,07:00:00,544,0,LDPE (400)
2359,2024-04-07T02:00:23.000Z,2024-04-07T02:09:03.000Z,520,552702,Completed,04/06/2024 23:00:02,04/07/2024 06:59:46,Unplanned,MiraFlex 1,MiraFlex 1,C,23:00:00,07:00:00,544,0,LDPE (400)
2360,2024-04-07T02:13:03.000Z,2024-04-07T02:28:24.000Z,921,552740,Completed,04/06/2024 23:00:02,04/07/2024 06:59:46,Unplanned,MiraFlex 1,MiraFlex 1,C,23:00:00,07:00:00,544,0,LDPE (400)
2361,2024-04-07T02:29:24.000Z,2024-04-07T02:37:04.000Z,460,552789,Completed,04/06/2024 23:00:02,04/07/2024 06:59:46,Unplanned,MiraFlex 1,MiraFlex 1,C,23:00:00,07:00:00,544,0,LDPE (400)
2362,2024-04-07T02:50:04.000Z,2024-04-07T02:57:24.000Z,440,552847,Completed,04/06/2024 23:00:02,04/07/2024 06:59:46,Unplanned,MiraFlex 1,MiraFlex 1,C,23:00:00,07:00:00,544,0,LDPE (400)
2363,2024-04-07T03:30:24.000Z,2024-04-07T03:40:44.000Z,620,552968,Completed,04/06/2024 23:00:02,04/07/2024 06:59:46,Unplanned,MiraFlex 1,MiraFlex 1,C,23:00:00,07:00:00,544,0,LDPE (400)
2364,2024-04-07T03:41:24.000Z,2024-04-07T03:42:04.000Z,40,553001,Completed,04/06/2024 23:00:02,04/07/2024 06:59:46,Unplanned,MiraFlex 1,MiraFlex 1,C,23:00:00,07:00:00,544,0,LDPE (400)
2365,2024-04-07T04:18:45.000Z,2024-04-07T05:13:05.000Z,3260,553113,Completed,04/06/2024 23:00:02,04/07/2024 06:59:46,Unplanned,MiraFlex 1,MiraFlex 1,C,23:00:00,07:00:00,544,0,LDPE (400)
2366,2024-04-07T05:25:05.000Z,2024-04-07T05:46:25.000Z,1280,553312,Completed,04/06/2024 23:00:02,04/07/2024 06:59:46,Unplanned,MiraFlex 1,MiraFlex 1,C,23:00:00,07:00:00,544,0,LDPE (400)
2367,2024-04-07T05:47:25.000Z,2024-04-07T05:50:05.000Z,160,553379,Completed,04/06/2024 23:00:02,04/07/2024 06:59:46,Unplanned,MiraFlex 1,MiraFlex 1,C,23:00:00,07:00:00,544,0,LDPE (400)
2368,2024-04-07T05:59:45.000Z,2024-04-07T06:17:26.000Z,1061,553416,Completed,04/06/2024 23:00:02,04/07/2024 06:59:46,Unplanned,MiraFlex 1,MiraFlex 1,C,23:00:00,07:00:00,544,0,LDPE (400)
2369,2024-04-09T07:00:07.000Z,2024-04-09T07:06:47.000Z,400,557889,Completed,04/09/2024 07:00:07,04/09/2024 14:46:31,Unplanned,MiraFlex 1,MiraFlex 1,A,07:00:00,15:00:00,544,0,LDPE (400)
2370,2024-04-09T07:13:07.000Z,2024-04-09T07:23:07.000Z,600,557926,Completed,04/09/2024 07:00:07,04/09/2024 14:46:31,Unplanned,MiraFlex 1,MiraFlex 1,A,07:00:00,15:00:00,544,0,LDPE (400)
2371,2024-04-09T07:25:27.000Z,2024-04-09T07:31:07.000Z,340,557963,Completed,04/09/2024 07:00:07,04/09/2024 14:46:31,Unplanned,MiraFlex 1,MiraFlex 1,A,07:00:00,15:00:00,544,0,LDPE (400)
2372,2024-04-09T07:49:47.000Z,2024-04-09T08:09:08.000Z,1161,558036,Completed,04/09/2024 07:00:07,04/09/2024 14:46:31,Unplanned,MiraFlex 1,MiraFlex 1,A,07:00:00,15:00:00,544,0,LDPE (400)
2373,2024-04-09T08:23:48.000Z,2024-04-09T08:51:48.000Z,1680,558136,Completed,04/09/2024 07:00:07,04/09/2024 14:46:31,Unplanned,MiraFlex 1,MiraFlex 1,A,07:00:00,15:00:00,544,0,LDPE (400)
2374,2024-04-09T08:53:08.000Z,2024-04-09T08:55:08.000Z,120,558224,Completed,04/09/2024 07:00:07,04/09/2024 14:46:31,Unplanned,MiraFlex 1,MiraFlex 1,A,07:00:00,15:00:00,544,0,LDPE (400)
2375,2024-04-09T08:56:08.000Z,2024-04-09T08:59:48.000Z,220,558233,Completed,04/09/2024 07:00:07,04/09/2024 14:46:31,Unplanned,MiraFlex 1,MiraFlex 1,A,07:00:00,15:00:00,544,0,LDPE (400)
2376,2024-04-09T09:00:08.000Z,2024-04-09T09:05:48.000Z,340,558245,Completed,04/09/2024 07:00:07,04/09/2024 14:46:31,Unplanned,MiraFlex 1,MiraFlex 1,A,07:00:00,15:00:00,544,0,LDPE (400)
2377,2024-04-09T09:12:28.000Z,2024-04-09T09:14:48.000Z,140,558279,Completed,04/09/2024 07:00:07,04/09/2024 14:46:31,Unplanned,MiraFlex 1,MiraFlex 1,A,07:00:00,15:00:00,544,0,LDPE (400)
2378,2024-04-09T09:33:08.000Z,2024-04-09T09:35:08.000Z,120,558341,Completed,04/09/2024 07:00:07,04/09/2024 14:46:31,Unplanned,MiraFlex 1,MiraFlex 1,A,07:00:00,15:00:00,544,0,LDPE (400)
2379,2024-04-09T09:41:48.000Z,2024-04-09T09:43:28.000Z,100,558365,Completed,04/09/2024 07:00:07,04/09/2024 14:46:31,Unplanned,MiraFlex 1,MiraFlex 1,A,07:00:00,15:00:00,544,0,LDPE (400)
2380,2024-04-09T09:45:48.000Z,2024-04-09T09:53:08.000Z,440,558377,Completed,04/09/2024 07:00:07,04/09/2024 14:46:31,Unplanned,MiraFlex 1,MiraFlex 1,A,07:00:00,15:00:00,544,0,LDPE (400)
2381,2024-04-09T10:02:09.000Z,2024-04-09T10:32:29.000Z,1820,558426,Completed,04/09/2024 07:00:07,04/09/2024 14:46:31,Unplanned,MiraFlex 1,MiraFlex 1,A,07:00:00,15:00:00,544,0,LDPE (400)
2382,2024-04-09T10:38:09.000Z,2024-04-09T10:56:49.000Z,1120,558534,Completed,04/09/2024 07:00:07,04/09/2024 14:46:31,Unplanned,MiraFlex 1,MiraFlex 1,A,07:00:00,15:00:00,544,0,LDPE (400)
2383,2024-04-09T10:57:29.000Z,2024-04-09T11:14:49.000Z,1040,558592,Completed,04/09/2024 07:00:07,04/09/2024 14:46:31,Unplanned,MiraFlex 1,MiraFlex 1,A,07:00:00,15:00:00,544,0,LDPE (400)
2384,2024-04-09T11:18:09.000Z,2024-04-09T11:25:29.000Z,440,558654,Completed,04/09/2024 07:00:07,04/09/2024 14:46:31,Unplanned,MiraFlex 1,MiraFlex 1,A,07:00:00,15:00:00,544,0,LDPE (400)
2385,2024-04-09T11:26:09.000Z,2024-04-09T11:48:29.000Z,1340,558678,Completed,04/09/2024 07:00:07,04/09/2024 14:46:31,Unplanned,MiraFlex 1,MiraFlex 1,A,07:00:00,15:00:00,544,0,LDPE (400)
2386,2024-04-08T23:00:03.000Z,2024-04-08T23:01:03.000Z,60,556463,Completed,04/08/2024 23:00:03,04/09/2024 06:59:47,Unplanned,MiraFlex 1,MiraFlex 1,C,23:00:00,07:00:00,544,0,LDPE (400)
2387,2024-04-08T23:10:03.000Z,2024-04-08T23:11:43.000Z,100,556489,Completed,04/08/2024 23:00:03,04/09/2024 06:59:47,Unplanned,MiraFlex 1,MiraFlex 1,C,23:00:00,07:00:00,544,0,LDPE (400)
2388,2024-04-08T23:25:43.000Z,2024-04-08T23:40:23.000Z,880,556536,Completed,04/08/2024 23:00:03,04/09/2024 06:59:47,Unplanned,MiraFlex 1,MiraFlex 1,C,23:00:00,07:00:00,544,0,LDPE (400)
2389,2024-04-08T23:52:23.000Z,2024-04-09T00:13:04.000Z,1241,556616,Completed,04/08/2024 23:00:03,04/09/2024 06:59:47,Unplanned,MiraFlex 1,MiraFlex 1,C,23:00:00,07:00:00,544,0,LDPE (400)
2390,2024-04-09T00:43:44.000Z,2024-04-09T00:50:44.000Z,420,556768,Completed,04/08/2024 23:00:03,04/09/2024 06:59:47,Unplanned,MiraFlex 1,MiraFlex 1,C,23:00:00,07:00:00,544,0,LDPE (400)
2391,2024-04-09T01:11:04.000Z,2024-04-09T01:29:44.000Z,1120,556850,Completed,04/08/2024 23:00:03,04/09/2024 06:59:47,Unplanned,MiraFlex 1,MiraFlex 1,C,23:00:00,07:00:00,544,0,LDPE (400)
2392,2024-04-09T01:36:04.000Z,2024-04-09T01:39:44.000Z,220,556923,Completed,04/08/2024 23:00:03,04/09/2024 06:59:47,Unplanned,MiraFlex 1,MiraFlex 1,C,23:00:00,07:00:00,544,0,LDPE (400)
2393,2024-04-09T01:40:04.000Z,2024-04-09T01:51:24.000Z,680,556935,Completed,04/08/2024 23:00:03,04/09/2024 06:59:47,Unplanned,MiraFlex 1,MiraFlex 1,C,23:00:00,07:00:00,544,0,LDPE (400)
2394,2024-04-09T01:54:04.000Z,2024-04-09T02:13:25.000Z,1161,556977,Completed,04/08/2024 23:00:03,04/09/2024 06:59:47,Unplanned,MiraFlex 1,MiraFlex 1,C,23:00:00,07:00:00,544,0,LDPE (400)
2395,2024-04-09T02:50:45.000Z,2024-04-09T02:57:05.000Z,380,557145,Completed,04/08/2024 23:00:03,04/09/2024 06:59:47,Unplanned,MiraFlex 1,MiraFlex 1,C,23:00:00,07:00:00,544,0,LDPE (400)
2396,2024-04-09T03:10:25.000Z,2024-04-09T03:22:45.000Z,740,557202,Completed,04/08/2024 23:00:03,04/09/2024 06:59:47,Unplanned,MiraFlex 1,MiraFlex 1,C,23:00:00,07:00:00,544,0,LDPE (400)
2397,2024-04-09T03:45:45.000Z,2024-04-09T04:02:06.000Z,981,557308,Completed,04/08/2024 23:00:03,04/09/2024 06:59:47,Unplanned,MiraFlex 1,MiraFlex 1,C,23:00:00,07:00:00,544,0,LDPE (400)
2398,2024-04-09T04:19:26.000Z,2024-04-09T04:52:46.000Z,2000,557409,Completed,04/08/2024 23:00:03,04/09/2024 06:59:47,Unplanned,MiraFlex 1,MiraFlex 1,C,23:00:00,07:00:00,544,0,LDPE (400)
2399,2024-04-09T05:06:06.000Z,2024-04-09T05:09:26.000Z,200,557547,Completed,04/08/2024 23:00:03,04/09/2024 06:59:47,Unplanned,MiraFlex 1,MiraFlex 1,C,23:00:00,07:00:00,544,0,LDPE (400)
2400,2024-04-09T05:43:26.000Z,2024-04-09T05:53:06.000Z,580,557659,Completed,04/08/2024 23:00:03,04/09/2024 06:59:47,Unplanned,MiraFlex 1,MiraFlex 1,C,23:00:00,07:00:00,544,0,LDPE (400)
2401,2024-04-09T06:03:07.000Z,2024-04-09T06:06:07.000Z,180,557718,Completed,04/08/2024 23:00:03,04/09/2024 06:59:47,Unplanned,MiraFlex 1,MiraFlex 1,C,23:00:00,07:00:00,544,0,LDPE (400)
2402,2024-04-08T15:00:39.000Z,2024-04-08T15:03:39.000Z,180,555042,Completed,04/08/2024 15:00:19,04/08/2024 22:59:43,Unplanned,MiraFlex 1,MiraFlex 1,B,15:00:00,23:00:00,544,0,LDPE (400)
2403,2024-04-08T15:12:39.000Z,2024-04-08T15:30:19.000Z,1060,555078,Completed,04/08/2024 15:00:19,04/08/2024 22:59:43,Unplanned,MiraFlex 1,MiraFlex 1,B,15:00:00,23:00:00,544,0,LDPE (400)
2404,2024-04-08T15:42:59.000Z,2024-04-08T15:44:59.000Z,120,555167,Completed,04/08/2024 15:00:19,04/08/2024 22:59:43,Unplanned,MiraFlex 1,MiraFlex 1,B,15:00:00,23:00:00,544,0,LDPE (400)
2405,2024-04-08T16:01:39.000Z,2024-04-08T16:08:39.000Z,420,555223,Completed,04/08/2024 15:00:19,04/08/2024 22:59:43,Unplanned,MiraFlex 1,MiraFlex 1,B,15:00:00,23:00:00,544,0,LDPE (400)
2406,2024-04-08T16:09:20.000Z,2024-04-08T16:10:40.000Z,80,555246,Completed,04/08/2024 15:00:19,04/08/2024 22:59:43,Unplanned,MiraFlex 1,MiraFlex 1,B,15:00:00,23:00:00,544,0,LDPE (400)
2407,2024-04-08T16:22:00.000Z,2024-04-08T16:25:00.000Z,180,555284,Completed,04/08/2024 15:00:19,04/08/2024 22:59:43,Unplanned,MiraFlex 1,MiraFlex 1,B,15:00:00,23:00:00,544,0,LDPE (400)
2408,2024-04-08T16:46:20.000Z,2024-04-08T17:04:20.000Z,1080,555355,Completed,04/08/2024 15:00:19,04/08/2024 22:59:43,Unplanned,MiraFlex 1,MiraFlex 1,B,15:00:00,23:00:00,544,0,LDPE (400)
2409,2024-04-08T17:31:40.000Z,2024-04-08T18:01:40.000Z,1800,555490,Completed,04/08/2024 15:00:19,04/08/2024 22:59:43,Unplanned,MiraFlex 1,MiraFlex 1,B,15:00:00,23:00:00,544,0,LDPE (400)
2410,2024-04-08T18:23:21.000Z,2024-04-08T18:26:41.000Z,200,555643,Completed,04/08/2024 15:00:19,04/08/2024 22:59:43,Unplanned,MiraFlex 1,MiraFlex 1,B,15:00:00,23:00:00,544,0,LDPE (400)
2411,2024-04-08T18:43:21.000Z,2024-04-08T19:53:41.000Z,4220,555701,Completed,04/08/2024 15:00:19,04/08/2024 22:59:43,Unplanned,MiraFlex 1,MiraFlex 1,B,15:00:00,23:00:00,544,0,LDPE (400)
2412,2024-04-08T20:53:02.000Z,2024-04-08T20:56:42.000Z,220,556088,Completed,04/08/2024 15:00:19,04/08/2024 22:59:43,Unplanned,MiraFlex 1,MiraFlex 1,B,15:00:00,23:00:00,544,0,LDPE (400)
2413,2024-04-08T21:03:42.000Z,2024-04-08T21:23:02.000Z,1160,556120,Completed,04/08/2024 15:00:19,04/08/2024 22:59:43,Unplanned,MiraFlex 1,MiraFlex 1,B,15:00:00,23:00:00,544,0,LDPE (400)
2414,2024-04-08T22:00:02.000Z,2024-04-08T22:13:23.000Z,801,556287,Completed,04/08/2024 15:00:19,04/08/2024 22:59:43,Unplanned,MiraFlex 1,MiraFlex 1,B,15:00:00,23:00:00,544,0,LDPE (400)
